--------- beginning of main
10-07 20:16:05.056 I/NpuProbe(23405): nativeLibraryDir=/data/app/~~Ux_z1Fh0oPUMwpxkP6lJqw==/br.gov.sp.pcsp.npuprobe-9fL43dp9lycG7dszNDMd3g==/lib/arm64
10-07 20:16:05.056 I/NpuProbe(23405): libdir=/data/app/~~Ux_z1Fh0oPUMwpxkP6lJqw==/br.gov.sp.pcsp.npuprobe-9fL43dp9lycG7dszNDMd3g==/lib/arm64
10-07 20:16:05.056 I/NpuProbe(23405): build=llama.cpp-upstream-pkg (v11-libs) + probe R4
10-07 20:16:05.056 I/NpuProbe(23405): controle-sistema (liblog.so)=OK
10-07 20:16:05.056 I/NpuProbe(23405): negativo-fake (libnaoexiste_xyz.so)=FALHOU err=dlopen failed: library "libnaoexiste_xyz.so" not found
10-07 20:16:05.059 I/NpuProbe(23405): cdsprpc-nome (libcdsprpc.so)=OK
10-07 20:16:05.059 I/NpuProbe(23405): cdsprpc-abs (/vendor/lib64/libcdsprpc.so)=OK
10-07 20:16:05.060 I/NpuProbe(23405): ADSP_LIBRARY_PATH=libdir (setenv)
10-07 20:16:05.062 I/NpuProbe(23405): [ggml] ggml_vulkan: Found 1 Vulkan devices:
10-07 20:16:05.062 I/NpuProbe(23405): [ggml] ggml_vulkan: 0 = Adreno (TM) 840 (Qualcomm Technologies Inc. Adreno Vulkan Driver) | uma: 1 | fp16: 1 | bf16: 0 | fp4: 0 | warp size: 64 | shared memory: 32768 | int dot: 0 | matrix cores: none
10-07 20:16:05.076 I/NpuProbe(23405): [ggml] ggml_opencl: selected platform: 'QUALCOMM Snapdragon(TM)'
10-07 20:16:05.076 I/NpuProbe(23405): [ggml] 
10-07 20:16:05.076 I/NpuProbe(23405): ggml_opencl: device: 'QUALCOMM Adreno(TM) 840 (OpenCL 3.0 Adreno(TM) 840)'
10-07 20:16:05.076 I/NpuProbe(23405): [ggml] ggml_opencl: default device: 'QUALCOMM Adreno(TM) 840 (OpenCL 3.0 Adreno(TM) 840)'
10-07 20:16:05.077 I/NpuProbe(23405): [ggml] ggml-hex: Loading driver libcdsprpc.so
10-07 20:16:05.079 I/NpuProbe(23405): [ggml] ggml-hex: Hexagon backend (experimental) : allocating new registry : ndev 1
10-07 20:16:05.079 I/NpuProbe(23405): [ggml] ggml-hex: Hexagon Arch version v81
10-07 20:16:05.079 I/NpuProbe(23405): [ggml] ggml-hex: HTP0 allocating new session
10-07 20:16:05.115 I/NpuProbe(23405): [ggml] ggml-hex: HTP0 hwinfo: threads 8, hvx 8, hmx 1, vtcm 8 MB
10-07 20:16:05.116 I/NpuProbe(23405): [ggml] ggml-hex: HTP0 new session : session-id 0 domain-id 3 uri file:///libggml-htp-v81.so?htp_iface_skel_handle_invoke&_modver=1.0&_dom=cdsp&_session=0 handle 0xb4000077c5fc8680
10-07 20:16:05.119 I/NpuProbe(23405): [ggml] ggml-hex: HTP0 op batching: n-bufs 16 n-tensors 7168 n-ops 1024 vmem 3355443200
10-07 20:16:05.125 I/NpuProbe(23405): load_all_from_path=66ms
10-07 20:16:05.126 I/NpuProbe(23405): [ggml] load_backend: failed to find ggml_backend_init in /data/app/~~Ux_z1Fh0oPUMwpxkP6lJqw==/br.gov.sp.pcsp.npuprobe-9fL43dp9lycG7dszNDMd3g==/lib/arm64/libggml-hexagon.so
10-07 20:16:05.126 I/NpuProbe(23405): load(hexagon direto)=FALHOU em 0ms
10-07 20:16:05.126 I/NpuProbe(23405): devices=4
10-07 20:16:05.126 I/NpuProbe(23405):   dev[0] Vulkan0 (Adreno (TM) 840)
10-07 20:16:05.126 I/NpuProbe(23405):   dev[1] GPUOpenCL (QUALCOMM Adreno(TM) 840)
10-07 20:16:05.126 I/NpuProbe(23405):   dev[2] HTP0 (Hexagon)
10-07 20:16:05.126 I/NpuProbe(23405):   dev[3] CPU (CPU)
10-07 20:16:05.126 I/NpuProbe(23405): dev_init(HTP0)=0ms -> SESSAO ABERTA
10-07 20:16:05.127 I/NpuProbe(23405): graph_compute(MUL_MAT 64x64)=0.6ms status=0
10-07 20:16:05.127 I/NpuProbe(23405): c[0]=128.000000 (esperado 128.0)
10-07 20:16:05.127 I/NpuProbe(23405): RESULTADO: APP-UID OK: sessao HTP + op executado com resultado correto
10-07 20:16:05.127 I/NpuProbe(23405): REPORT:
10-07 20:16:05.127 I/NpuProbe(23405): libdir=/data/app/~~Ux_z1Fh0oPUMwpxkP6lJqw==/br.gov.sp.pcsp.npuprobe-9fL43dp9lycG7dszNDMd3g==/lib/arm64
10-07 20:16:05.127 I/NpuProbe(23405): build=llama.cpp-upstream-pkg (v11-libs) + probe R4
10-07 20:16:05.127 I/NpuProbe(23405): controle-sistema (liblog.so)=OK
10-07 20:16:05.127 I/NpuProbe(23405): negativo-fake (libnaoexiste_xyz.so)=FALHOU err=dlopen failed: library "libnaoexiste_xyz.so" not found
10-07 20:16:05.127 I/NpuProbe(23405): cdsprpc-nome (libcdsprpc.so)=OK
10-07 20:16:05.127 I/NpuProbe(23405): cdsprpc-abs (/vendor/lib64/libcdsprpc.so)=OK
10-07 20:16:05.127 I/NpuProbe(23405): ADSP_LIBRARY_PATH=libdir (setenv)
10-07 20:16:05.127 I/NpuProbe(23405): load_all_from_path=66ms
10-07 20:16:05.127 I/NpuProbe(23405): load(hexagon direto)=FALHOU em 0ms
10-07 20:16:05.127 I/NpuProbe(23405): devices=4
10-07 20:16:05.127 I/NpuProbe(23405):   dev[0] Vulkan0 (Adreno (TM) 840)
10-07 20:16:05.127 I/NpuProbe(23405):   dev[1] GPUOpenCL (QUALCOMM Adreno(TM) 840)
10-07 20:16:05.127 I/NpuProbe(23405):   dev[2] HTP0 (Hexagon)
10-07 20:16:05.127 I/NpuProbe(23405):   dev[3] CPU (CPU)
10-07 20:16:05.127 I/NpuProbe(23405): dev_init(HTP0)=0ms -> SESSAO ABERTA
10-07 20:16:05.127 I/NpuProbe(23405): graph_compute(MUL_MAT 64x64)=0.6ms status=0
10-07 20:16:05.127 I/NpuProbe(23405): c[0]=128.000000 (esperado 128.0)
10-07 20:16:05.127 I/NpuProbe(23405): RESULTADO: APP-UID OK: sessao HTP + op executado com resultado correto
10-07 20:16:05.128 I/NpuProbe(23405): AUTO-GATILHO='smart:sessao'
10-07 20:16:05.128 I/NpuProbe(23405): SMART iniciando rota=sessao com /data/local/tmp/hymt2_app.gguf
10-07 20:16:05.128 I/NpuProbe(23405): SMARTv2 rota='sessao' mutante=(none)
10-07 20:16:05.130 I/NpuProbe(23405): SESSAO(686dfa3): 4 requests na mesma sessao (roles separados; JSON nativo em files/r6-sess.jsonl)
10-07 20:16:07.676 I/NpuProbe(23405): SESS[0] puro:htp puro: ok=1 pieces=8 prefill=832.10ms gen=1052.76ms pp1=0.37ms wall=1885.1ms
10-07 20:16:07.676 I/NpuProbe(23405): SESS[0] puro:htp puro texto_len=26 (integral no JSON)
10-07 20:16:07.676 I/NpuProbe(23405): SESS[0] puro:htp lifecycle: load=658ms reset=1.81ms wall=1885.1ms
10-07 20:16:07.676 I/NpuProbe(23405): SESS[0] puro:htp RESULTADO: PURO-EXECUTADO
10-07 20:16:10.542 I/NpuProbe(23405): SESS[1] puro:htp puro: ok=1 pieces=8 prefill=1171.05ms gen=1691.32ms pp1=0.10ms wall=2863.1ms
10-07 20:16:10.542 I/NpuProbe(23405): SESS[1] puro:htp puro texto_len=26 (integral no JSON)
10-07 20:16:10.542 I/NpuProbe(23405): SESS[1] puro:htp lifecycle: load=0ms reset=2.57ms wall=2863.1ms
10-07 20:16:10.542 I/NpuProbe(23405): SESS[1] puro:htp RESULTADO: PURO-EXECUTADO
10-07 20:16:13.142 I/NpuProbe(23405): SESS[2] puro:htp puro: ok=1 pieces=8 prefill=1111.72ms gen=1485.25ms pp1=0.18ms wall=2597.4ms
10-07 20:16:13.142 I/NpuProbe(23405): SESS[2] puro:htp puro texto_len=26 (integral no JSON)
10-07 20:16:13.142 I/NpuProbe(23405): SESS[2] puro:htp lifecycle: load=0ms reset=2.22ms wall=2597.4ms
10-07 20:16:13.142 I/NpuProbe(23405): SESS[2] puro:htp RESULTADO: PURO-EXECUTADO
10-07 20:16:16.049 I/NpuProbe(23405): SESS[3] puro:htp puro: ok=1 pieces=8 prefill=1335.74ms gen=1568.29ms pp1=0.24ms wall=2904.7ms
10-07 20:16:16.050 I/NpuProbe(23405): SESS[3] puro:htp puro texto_len=26 (integral no JSON)
10-07 20:16:16.050 I/NpuProbe(23405): SESS[3] puro:htp lifecycle: load=0ms reset=2.37ms wall=2904.7ms
10-07 20:16:16.050 I/NpuProbe(23405): SESS[3] puro:htp RESULTADO: PURO-EXECUTADO
10-07 20:16:16.161 I/NpuProbe(23405): SESSAO(686dfa3): fim (4 requests)
10-07 20:16:16.161 I/NpuProbe(23405): SMART REPORT:
10-07 20:16:16.161 I/NpuProbe(23405): SMART (sessao)
10-07 20:16:16.161 I/NpuProbe(23405): 
10-07 20:16:16.161 I/NpuProbe(23405): SMARTv2 rota='sessao' mutante=(none)
10-07 20:16:16.161 I/NpuProbe(23405): SESSAO(686dfa3): 4 requests na mesma sessao (roles separados; JSON nativo em files/r6-sess.jsonl)
10-07 20:16:16.161 I/NpuProbe(23405): SESS[0] puro:htp puro: ok=1 pieces=8 prefill=832.10ms gen=1052.76ms pp1=0.37ms wall=1885.1ms
10-07 20:16:16.161 I/NpuProbe(23405): SESS[0] puro:htp puro texto_len=26 (integral no JSON)
10-07 20:16:16.161 I/NpuProbe(23405): SESS[0] puro:htp lifecycle: load=658ms reset=1.81ms wall=1885.1ms
10-07 20:16:16.161 I/NpuProbe(23405): SESS[0] puro:htp RESULTADO: PURO-EXECUTADO
10-07 20:16:16.161 I/NpuProbe(23405): SESS[1] puro:htp puro: ok=1 pieces=8 prefill=1171.05ms gen=1691.32ms pp1=0.10ms wall=2863.1ms
10-07 20:16:16.161 I/NpuProbe(23405): SESS[1] puro:htp puro texto_len=26 (integral no JSON)
10-07 20:16:16.161 I/NpuProbe(23405): SESS[1] puro:htp lifecycle: load=0ms reset=2.57ms wall=2863.1ms
10-07 20:16:16.161 I/NpuProbe(23405): SESS[1] puro:htp RESULTADO: PURO-EXECUTADO
10-07 20:16:16.161 I/NpuProbe(23405): SESS[2] puro:htp puro: ok=1 pieces=8 prefill=1111.72ms gen=1485.25ms pp1=0.18ms wall=2597.4ms
10-07 20:16:16.161 I/NpuProbe(23405): SESS[2] puro:htp puro texto_len=26 (integral no JSON)
10-07 20:16:16.161 I/NpuProbe(23405): SESS[2] puro:htp lifecycle: load=0ms reset=2.22ms wall=2597.4ms
10-07 20:16:16.161 I/NpuProbe(23405): SESS[2] puro:htp RESULTADO: PURO-EXECUTADO
10-07 20:16:16.161 I/NpuProbe(23405): SESS[3] puro:htp puro: ok=1 pieces=8 prefill=1335.74ms gen=1568.29ms pp1=0.24ms wall=2904.7ms
10-07 20:16:16.161 I/NpuProbe(23405): SESS[3] puro:htp puro texto_len=26 (integral no JSON)
10-07 20:16:16.161 I/NpuProbe(23405): SESS[3] puro:htp lifecycle: load=0ms reset=2.37ms wall=2904.7ms
10-07 20:16:16.161 I/NpuProbe(23405): SESS[3] puro:htp RESULTADO: PURO-EXECUTADO
10-07 20:16:16.161 I/NpuProbe(23405): SESSAO(686dfa3): fim (4 requests)
--------- beginning of main
10-07 20:16:16.049 I/NpuProbe(23405): SESS[3] puro:htp puro: ok=1 pieces=8 prefill=1335.74ms gen=1568.29ms pp1=0.24ms wall=2904.7ms
10-07 20:16:16.050 I/NpuProbe(23405): SESS[3] puro:htp puro texto_len=26 (integral no JSON)
10-07 20:16:16.050 I/NpuProbe(23405): SESS[3] puro:htp lifecycle: load=0ms reset=2.37ms wall=2904.7ms
10-07 20:16:16.050 I/NpuProbe(23405): SESS[3] puro:htp RESULTADO: PURO-EXECUTADO
10-07 20:16:16.161 I/NpuProbe(23405): SESSAO(686dfa3): fim (4 requests)
10-07 20:16:16.161 I/NpuProbe(23405): SMART REPORT:
10-07 20:16:16.161 I/NpuProbe(23405): SMART (sessao)
10-07 20:16:16.161 I/NpuProbe(23405): 
10-07 20:16:16.161 I/NpuProbe(23405): SMARTv2 rota='sessao' mutante=(none)
10-07 20:16:16.161 I/NpuProbe(23405): SESSAO(686dfa3): 4 requests na mesma sessao (roles separados; JSON nativo em files/r6-sess.jsonl)
10-07 20:16:16.161 I/NpuProbe(23405): SESS[0] puro:htp puro: ok=1 pieces=8 prefill=832.10ms gen=1052.76ms pp1=0.37ms wall=1885.1ms
10-07 20:16:16.161 I/NpuProbe(23405): SESS[0] puro:htp puro texto_len=26 (integral no JSON)
10-07 20:16:16.161 I/NpuProbe(23405): SESS[0] puro:htp lifecycle: load=658ms reset=1.81ms wall=1885.1ms
10-07 20:16:16.161 I/NpuProbe(23405): SESS[0] puro:htp RESULTADO: PURO-EXECUTADO
10-07 20:16:16.161 I/NpuProbe(23405): SESS[1] puro:htp puro: ok=1 pieces=8 prefill=1171.05ms gen=1691.32ms pp1=0.10ms wall=2863.1ms
10-07 20:16:16.161 I/NpuProbe(23405): SESS[1] puro:htp puro texto_len=26 (integral no JSON)
10-07 20:16:16.161 I/NpuProbe(23405): SESS[1] puro:htp lifecycle: load=0ms reset=2.57ms wall=2863.1ms
10-07 20:16:16.161 I/NpuProbe(23405): SESS[1] puro:htp RESULTADO: PURO-EXECUTADO
10-07 20:16:16.161 I/NpuProbe(23405): SESS[2] puro:htp puro: ok=1 pieces=8 prefill=1111.72ms gen=1485.25ms pp1=0.18ms wall=2597.4ms
10-07 20:16:16.161 I/NpuProbe(23405): SESS[2] puro:htp puro texto_len=26 (integral no JSON)
10-07 20:16:16.161 I/NpuProbe(23405): SESS[2] puro:htp lifecycle: load=0ms reset=2.22ms wall=2597.4ms
10-07 20:16:16.161 I/NpuProbe(23405): SESS[2] puro:htp RESULTADO: PURO-EXECUTADO
10-07 20:16:16.161 I/NpuProbe(23405): SESS[3] puro:htp puro: ok=1 pieces=8 prefill=1335.74ms gen=1568.29ms pp1=0.24ms wall=2904.7ms
10-07 20:16:16.161 I/NpuProbe(23405): SESS[3] puro:htp puro texto_len=26 (integral no JSON)
10-07 20:16:16.161 I/NpuProbe(23405): SESS[3] puro:htp lifecycle: load=0ms reset=2.37ms wall=2904.7ms
10-07 20:16:16.161 I/NpuProbe(23405): SESS[3] puro:htp RESULTADO: PURO-EXECUTADO
10-07 20:16:16.161 I/NpuProbe(23405): SESSAO(686dfa3): fim (4 requests)
--------- beginning of main
10-07 20:17:16.814 I/NpuProbe(26624): nativeLibraryDir=/data/app/~~Ux_z1Fh0oPUMwpxkP6lJqw==/br.gov.sp.pcsp.npuprobe-9fL43dp9lycG7dszNDMd3g==/lib/arm64
10-07 20:17:16.814 I/NpuProbe(26624): libdir=/data/app/~~Ux_z1Fh0oPUMwpxkP6lJqw==/br.gov.sp.pcsp.npuprobe-9fL43dp9lycG7dszNDMd3g==/lib/arm64
10-07 20:17:16.814 I/NpuProbe(26624): build=llama.cpp-upstream-pkg (v11-libs) + probe R4
10-07 20:17:16.814 I/NpuProbe(26624): controle-sistema (liblog.so)=OK
10-07 20:17:16.814 I/NpuProbe(26624): negativo-fake (libnaoexiste_xyz.so)=FALHOU err=dlopen failed: library "libnaoexiste_xyz.so" not found
10-07 20:17:16.816 I/NpuProbe(26624): cdsprpc-nome (libcdsprpc.so)=OK
10-07 20:17:16.817 I/NpuProbe(26624): cdsprpc-abs (/vendor/lib64/libcdsprpc.so)=OK
10-07 20:17:16.817 I/NpuProbe(26624): ADSP_LIBRARY_PATH=libdir (setenv)
10-07 20:17:16.819 I/NpuProbe(26624): [ggml] ggml_vulkan: Found 1 Vulkan devices:
10-07 20:17:16.819 I/NpuProbe(26624): [ggml] ggml_vulkan: 0 = Adreno (TM) 840 (Qualcomm Technologies Inc. Adreno Vulkan Driver) | uma: 1 | fp16: 1 | bf16: 0 | fp4: 0 | warp size: 64 | shared memory: 32768 | int dot: 0 | matrix cores: none
10-07 20:17:16.834 I/NpuProbe(26624): [ggml] ggml_opencl: selected platform: 'QUALCOMM Snapdragon(TM)'
10-07 20:17:16.835 I/NpuProbe(26624): [ggml] 
10-07 20:17:16.835 I/NpuProbe(26624): ggml_opencl: device: 'QUALCOMM Adreno(TM) 840 (OpenCL 3.0 Adreno(TM) 840)'
10-07 20:17:16.835 I/NpuProbe(26624): [ggml] ggml_opencl: default device: 'QUALCOMM Adreno(TM) 840 (OpenCL 3.0 Adreno(TM) 840)'
10-07 20:17:16.835 I/NpuProbe(26624): [ggml] ggml-hex: Loading driver libcdsprpc.so
10-07 20:17:16.838 I/NpuProbe(26624): [ggml] ggml-hex: Hexagon backend (experimental) : allocating new registry : ndev 1
10-07 20:17:16.838 I/NpuProbe(26624): [ggml] ggml-hex: Hexagon Arch version v81
10-07 20:17:16.838 I/NpuProbe(26624): [ggml] ggml-hex: HTP0 allocating new session
10-07 20:17:16.872 I/NpuProbe(26624): [ggml] ggml-hex: HTP0 hwinfo: threads 8, hvx 8, hmx 1, vtcm 8 MB
10-07 20:17:16.872 I/NpuProbe(26624): [ggml] ggml-hex: HTP0 new session : session-id 0 domain-id 3 uri file:///libggml-htp-v81.so?htp_iface_skel_handle_invoke&_modver=1.0&_dom=cdsp&_session=0 handle 0xb4000077d52cfa00
10-07 20:17:16.876 I/NpuProbe(26624): [ggml] ggml-hex: HTP0 op batching: n-bufs 16 n-tensors 7168 n-ops 1024 vmem 3355443200
10-07 20:17:16.881 I/NpuProbe(26624): load_all_from_path=64ms
10-07 20:17:16.882 I/NpuProbe(26624): [ggml] load_backend: failed to find ggml_backend_init in /data/app/~~Ux_z1Fh0oPUMwpxkP6lJqw==/br.gov.sp.pcsp.npuprobe-9fL43dp9lycG7dszNDMd3g==/lib/arm64/libggml-hexagon.so
10-07 20:17:16.882 I/NpuProbe(26624): load(hexagon direto)=FALHOU em 0ms
10-07 20:17:16.882 I/NpuProbe(26624): devices=4
10-07 20:17:16.882 I/NpuProbe(26624):   dev[0] Vulkan0 (Adreno (TM) 840)
10-07 20:17:16.882 I/NpuProbe(26624):   dev[1] GPUOpenCL (QUALCOMM Adreno(TM) 840)
10-07 20:17:16.882 I/NpuProbe(26624):   dev[2] HTP0 (Hexagon)
10-07 20:17:16.882 I/NpuProbe(26624):   dev[3] CPU (CPU)
10-07 20:17:16.882 I/NpuProbe(26624): dev_init(HTP0)=0ms -> SESSAO ABERTA
10-07 20:17:16.886 I/NpuProbe(26624): graph_compute(MUL_MAT 64x64)=0.6ms status=0
10-07 20:17:16.886 I/NpuProbe(26624): c[0]=128.000000 (esperado 128.0)
10-07 20:17:16.886 I/NpuProbe(26624): RESULTADO: APP-UID OK: sessao HTP + op executado com resultado correto
10-07 20:17:16.887 I/NpuProbe(26624): REPORT:
10-07 20:17:16.887 I/NpuProbe(26624): libdir=/data/app/~~Ux_z1Fh0oPUMwpxkP6lJqw==/br.gov.sp.pcsp.npuprobe-9fL43dp9lycG7dszNDMd3g==/lib/arm64
10-07 20:17:16.887 I/NpuProbe(26624): build=llama.cpp-upstream-pkg (v11-libs) + probe R4
10-07 20:17:16.887 I/NpuProbe(26624): controle-sistema (liblog.so)=OK
10-07 20:17:16.887 I/NpuProbe(26624): negativo-fake (libnaoexiste_xyz.so)=FALHOU err=dlopen failed: library "libnaoexiste_xyz.so" not found
10-07 20:17:16.887 I/NpuProbe(26624): cdsprpc-nome (libcdsprpc.so)=OK
10-07 20:17:16.887 I/NpuProbe(26624): cdsprpc-abs (/vendor/lib64/libcdsprpc.so)=OK
10-07 20:17:16.887 I/NpuProbe(26624): ADSP_LIBRARY_PATH=libdir (setenv)
10-07 20:17:16.887 I/NpuProbe(26624): load_all_from_path=64ms
10-07 20:17:16.887 I/NpuProbe(26624): load(hexagon direto)=FALHOU em 0ms
10-07 20:17:16.887 I/NpuProbe(26624): devices=4
10-07 20:17:16.887 I/NpuProbe(26624):   dev[0] Vulkan0 (Adreno (TM) 840)
10-07 20:17:16.887 I/NpuProbe(26624):   dev[1] GPUOpenCL (QUALCOMM Adreno(TM) 840)
10-07 20:17:16.887 I/NpuProbe(26624):   dev[2] HTP0 (Hexagon)
10-07 20:17:16.887 I/NpuProbe(26624):   dev[3] CPU (CPU)
10-07 20:17:16.887 I/NpuProbe(26624): dev_init(HTP0)=0ms -> SESSAO ABERTA
10-07 20:17:16.887 I/NpuProbe(26624): graph_compute(MUL_MAT 64x64)=0.6ms status=0
10-07 20:17:16.887 I/NpuProbe(26624): c[0]=128.000000 (esperado 128.0)
10-07 20:17:16.887 I/NpuProbe(26624): RESULTADO: APP-UID OK: sessao HTP + op executado com resultado correto
10-07 20:17:16.887 I/NpuProbe(26624): AUTO-GATILHO='smart:sessao'
10-07 20:17:16.887 I/NpuProbe(26624): SMART iniciando rota=sessao com /data/local/tmp/hymt2_app.gguf
10-07 20:17:16.887 I/NpuProbe(26624): SMARTv2 rota='sessao' mutante=(none)
10-07 20:17:16.891 I/NpuProbe(26624): SESSAO(687f7f2): 4 requests na mesma sessao (roles separados; JSON nativo em files/r6-sess.jsonl)
10-07 20:17:18.644 I/NpuProbe(26624): SESS[0] puro:htp puro: ok=1 pieces=8 prefill=810.85ms gen=692.15ms pp1=0.33ms wall=1503.3ms
10-07 20:17:18.645 I/NpuProbe(26624): SESS[0] puro:htp puro texto_len=26 (integral no JSON)
10-07 20:17:18.645 I/NpuProbe(26624): SESS[0] puro:htp lifecycle: load=248ms reset=1.99ms wall=1503.3ms
10-07 20:17:18.645 I/NpuProbe(26624): SESS[0] puro:htp RESULTADO: PURO-EXECUTADO
10-07 20:17:20.691 I/NpuProbe(26624): SESS[1] puro:htp puro: ok=1 pieces=8 prefill=1216.55ms gen=826.92ms pp1=0.15ms wall=2043.9ms
10-07 20:17:20.691 I/NpuProbe(26624): SESS[1] puro:htp puro texto_len=26 (integral no JSON)
10-07 20:17:20.691 I/NpuProbe(26624): SESS[1] puro:htp lifecycle: load=0ms reset=2.09ms wall=2043.9ms
10-07 20:17:20.691 I/NpuProbe(26624): SESS[1] puro:htp RESULTADO: PURO-EXECUTADO
10-07 20:17:22.954 I/NpuProbe(26624): SESS[2] puro:htp puro: ok=1 pieces=8 prefill=1320.28ms gen=940.38ms pp1=0.15ms wall=2261.1ms
10-07 20:17:22.954 I/NpuProbe(26624): SESS[2] puro:htp puro texto_len=26 (integral no JSON)
10-07 20:17:22.954 I/NpuProbe(26624): SESS[2] puro:htp lifecycle: load=0ms reset=2.08ms wall=2261.1ms
10-07 20:17:22.954 I/NpuProbe(26624): SESS[2] puro:htp RESULTADO: PURO-EXECUTADO
10-07 20:17:25.187 I/NpuProbe(26624): SESS[3] puro:htp puro: ok=1 pieces=8 prefill=1418.56ms gen=811.68ms pp1=0.21ms wall=2230.7ms
10-07 20:17:25.187 I/NpuProbe(26624): SESS[3] puro:htp puro texto_len=26 (integral no JSON)
10-07 20:17:25.187 I/NpuProbe(26624): SESS[3] puro:htp lifecycle: load=0ms reset=2.08ms wall=2230.7ms
10-07 20:17:25.187 I/NpuProbe(26624): SESS[3] puro:htp RESULTADO: PURO-EXECUTADO
10-07 20:17:25.265 I/NpuProbe(26624): SESSAO(687f7f2): fim (4 requests)
10-07 20:17:25.266 I/NpuProbe(26624): SMART REPORT:
10-07 20:17:25.266 I/NpuProbe(26624): SMART (sessao)
10-07 20:17:25.266 I/NpuProbe(26624): 
10-07 20:17:25.266 I/NpuProbe(26624): SMARTv2 rota='sessao' mutante=(none)
10-07 20:17:25.266 I/NpuProbe(26624): SESSAO(687f7f2): 4 requests na mesma sessao (roles separados; JSON nativo em files/r6-sess.jsonl)
10-07 20:17:25.266 I/NpuProbe(26624): SESS[0] puro:htp puro: ok=1 pieces=8 prefill=810.85ms gen=692.15ms pp1=0.33ms wall=1503.3ms
10-07 20:17:25.266 I/NpuProbe(26624): SESS[0] puro:htp puro texto_len=26 (integral no JSON)
10-07 20:17:25.266 I/NpuProbe(26624): SESS[0] puro:htp lifecycle: load=248ms reset=1.99ms wall=1503.3ms
10-07 20:17:25.266 I/NpuProbe(26624): SESS[0] puro:htp RESULTADO: PURO-EXECUTADO
10-07 20:17:25.266 I/NpuProbe(26624): SESS[1] puro:htp puro: ok=1 pieces=8 prefill=1216.55ms gen=826.92ms pp1=0.15ms wall=2043.9ms
10-07 20:17:25.266 I/NpuProbe(26624): SESS[1] puro:htp puro texto_len=26 (integral no JSON)
10-07 20:17:25.266 I/NpuProbe(26624): SESS[1] puro:htp lifecycle: load=0ms reset=2.09ms wall=2043.9ms
10-07 20:17:25.266 I/NpuProbe(26624): SESS[1] puro:htp RESULTADO: PURO-EXECUTADO
10-07 20:17:25.266 I/NpuProbe(26624): SESS[2] puro:htp puro: ok=1 pieces=8 prefill=1320.28ms gen=940.38ms pp1=0.15ms wall=2261.1ms
10-07 20:17:25.266 I/NpuProbe(26624): SESS[2] puro:htp puro texto_len=26 (integral no JSON)
10-07 20:17:25.266 I/NpuProbe(26624): SESS[2] puro:htp lifecycle: load=0ms reset=2.08ms wall=2261.1ms
10-07 20:17:25.266 I/NpuProbe(26624): SESS[2] puro:htp RESULTADO: PURO-EXECUTADO
10-07 20:17:25.266 I/NpuProbe(26624): SESS[3] puro:htp puro: ok=1 pieces=8 prefill=1418.56ms gen=811.68ms pp1=0.21ms wall=2230.7ms
10-07 20:17:25.266 I/NpuProbe(26624): SESS[3] puro:htp puro texto_len=26 (integral no JSON)
10-07 20:17:25.266 I/NpuProbe(26624): SESS[3] puro:htp lifecycle: load=0ms reset=2.08ms wall=2230.7ms
10-07 20:17:25.266 I/NpuProbe(26624): SESS[3] puro:htp RESULTADO: PURO-EXECUTADO
10-07 20:17:25.266 I/NpuProbe(26624): SESSAO(687f7f2): fim (4 requests)
--------- beginning of main
10-07 20:17:16.814 I/NpuProbe(26624): nativeLibraryDir=/data/app/~~Ux_z1Fh0oPUMwpxkP6lJqw==/br.gov.sp.pcsp.npuprobe-9fL43dp9lycG7dszNDMd3g==/lib/arm64
10-07 20:17:16.814 I/NpuProbe(26624): libdir=/data/app/~~Ux_z1Fh0oPUMwpxkP6lJqw==/br.gov.sp.pcsp.npuprobe-9fL43dp9lycG7dszNDMd3g==/lib/arm64
10-07 20:17:16.814 I/NpuProbe(26624): build=llama.cpp-upstream-pkg (v11-libs) + probe R4
10-07 20:17:16.814 I/NpuProbe(26624): controle-sistema (liblog.so)=OK
10-07 20:17:16.814 I/NpuProbe(26624): negativo-fake (libnaoexiste_xyz.so)=FALHOU err=dlopen failed: library "libnaoexiste_xyz.so" not found
10-07 20:17:16.816 I/NpuProbe(26624): cdsprpc-nome (libcdsprpc.so)=OK
10-07 20:17:16.817 I/NpuProbe(26624): cdsprpc-abs (/vendor/lib64/libcdsprpc.so)=OK
10-07 20:17:16.817 I/NpuProbe(26624): ADSP_LIBRARY_PATH=libdir (setenv)
10-07 20:17:16.819 I/NpuProbe(26624): [ggml] ggml_vulkan: Found 1 Vulkan devices:
10-07 20:17:16.819 I/NpuProbe(26624): [ggml] ggml_vulkan: 0 = Adreno (TM) 840 (Qualcomm Technologies Inc. Adreno Vulkan Driver) | uma: 1 | fp16: 1 | bf16: 0 | fp4: 0 | warp size: 64 | shared memory: 32768 | int dot: 0 | matrix cores: none
10-07 20:17:16.834 I/NpuProbe(26624): [ggml] ggml_opencl: selected platform: 'QUALCOMM Snapdragon(TM)'
10-07 20:17:16.835 I/NpuProbe(26624): [ggml] 
10-07 20:17:16.835 I/NpuProbe(26624): ggml_opencl: device: 'QUALCOMM Adreno(TM) 840 (OpenCL 3.0 Adreno(TM) 840)'
10-07 20:17:16.835 I/NpuProbe(26624): [ggml] ggml_opencl: default device: 'QUALCOMM Adreno(TM) 840 (OpenCL 3.0 Adreno(TM) 840)'
10-07 20:17:16.835 I/NpuProbe(26624): [ggml] ggml-hex: Loading driver libcdsprpc.so
10-07 20:17:16.838 I/NpuProbe(26624): [ggml] ggml-hex: Hexagon backend (experimental) : allocating new registry : ndev 1
10-07 20:17:16.838 I/NpuProbe(26624): [ggml] ggml-hex: Hexagon Arch version v81
10-07 20:17:16.838 I/NpuProbe(26624): [ggml] ggml-hex: HTP0 allocating new session
10-07 20:17:16.872 I/NpuProbe(26624): [ggml] ggml-hex: HTP0 hwinfo: threads 8, hvx 8, hmx 1, vtcm 8 MB
10-07 20:17:16.872 I/NpuProbe(26624): [ggml] ggml-hex: HTP0 new session : session-id 0 domain-id 3 uri file:///libggml-htp-v81.so?htp_iface_skel_handle_invoke&_modver=1.0&_dom=cdsp&_session=0 handle 0xb4000077d52cfa00
10-07 20:17:16.876 I/NpuProbe(26624): [ggml] ggml-hex: HTP0 op batching: n-bufs 16 n-tensors 7168 n-ops 1024 vmem 3355443200
10-07 20:17:16.881 I/NpuProbe(26624): load_all_from_path=64ms
10-07 20:17:16.882 I/NpuProbe(26624): [ggml] load_backend: failed to find ggml_backend_init in /data/app/~~Ux_z1Fh0oPUMwpxkP6lJqw==/br.gov.sp.pcsp.npuprobe-9fL43dp9lycG7dszNDMd3g==/lib/arm64/libggml-hexagon.so
10-07 20:17:16.882 I/NpuProbe(26624): load(hexagon direto)=FALHOU em 0ms
10-07 20:17:16.882 I/NpuProbe(26624): devices=4
10-07 20:17:16.882 I/NpuProbe(26624):   dev[0] Vulkan0 (Adreno (TM) 840)
10-07 20:17:16.882 I/NpuProbe(26624):   dev[1] GPUOpenCL (QUALCOMM Adreno(TM) 840)
10-07 20:17:16.882 I/NpuProbe(26624):   dev[2] HTP0 (Hexagon)
10-07 20:17:16.882 I/NpuProbe(26624):   dev[3] CPU (CPU)
10-07 20:17:16.882 I/NpuProbe(26624): dev_init(HTP0)=0ms -> SESSAO ABERTA
10-07 20:17:16.886 I/NpuProbe(26624): graph_compute(MUL_MAT 64x64)=0.6ms status=0
10-07 20:17:16.886 I/NpuProbe(26624): c[0]=128.000000 (esperado 128.0)
10-07 20:17:16.886 I/NpuProbe(26624): RESULTADO: APP-UID OK: sessao HTP + op executado com resultado correto
10-07 20:17:16.887 I/NpuProbe(26624): REPORT:
10-07 20:17:16.887 I/NpuProbe(26624): libdir=/data/app/~~Ux_z1Fh0oPUMwpxkP6lJqw==/br.gov.sp.pcsp.npuprobe-9fL43dp9lycG7dszNDMd3g==/lib/arm64
10-07 20:17:16.887 I/NpuProbe(26624): build=llama.cpp-upstream-pkg (v11-libs) + probe R4
10-07 20:17:16.887 I/NpuProbe(26624): controle-sistema (liblog.so)=OK
10-07 20:17:16.887 I/NpuProbe(26624): negativo-fake (libnaoexiste_xyz.so)=FALHOU err=dlopen failed: library "libnaoexiste_xyz.so" not found
10-07 20:17:16.887 I/NpuProbe(26624): cdsprpc-nome (libcdsprpc.so)=OK
10-07 20:17:16.887 I/NpuProbe(26624): cdsprpc-abs (/vendor/lib64/libcdsprpc.so)=OK
10-07 20:17:16.887 I/NpuProbe(26624): ADSP_LIBRARY_PATH=libdir (setenv)
10-07 20:17:16.887 I/NpuProbe(26624): load_all_from_path=64ms
10-07 20:17:16.887 I/NpuProbe(26624): load(hexagon direto)=FALHOU em 0ms
10-07 20:17:16.887 I/NpuProbe(26624): devices=4
10-07 20:17:16.887 I/NpuProbe(26624):   dev[0] Vulkan0 (Adreno (TM) 840)
10-07 20:17:16.887 I/NpuProbe(26624):   dev[1] GPUOpenCL (QUALCOMM Adreno(TM) 840)
10-07 20:17:16.887 I/NpuProbe(26624):   dev[2] HTP0 (Hexagon)
10-07 20:17:16.887 I/NpuProbe(26624):   dev[3] CPU (CPU)
10-07 20:17:16.887 I/NpuProbe(26624): dev_init(HTP0)=0ms -> SESSAO ABERTA
10-07 20:17:16.887 I/NpuProbe(26624): graph_compute(MUL_MAT 64x64)=0.6ms status=0
10-07 20:17:16.887 I/NpuProbe(26624): c[0]=128.000000 (esperado 128.0)
10-07 20:17:16.887 I/NpuProbe(26624): RESULTADO: APP-UID OK: sessao HTP + op executado com resultado correto
10-07 20:17:16.887 I/NpuProbe(26624): AUTO-GATILHO='smart:sessao'
10-07 20:17:16.887 I/NpuProbe(26624): SMART iniciando rota=sessao com /data/local/tmp/hymt2_app.gguf
10-07 20:17:16.887 I/NpuProbe(26624): SMARTv2 rota='sessao' mutante=(none)
10-07 20:17:16.891 I/NpuProbe(26624): SESSAO(687f7f2): 4 requests na mesma sessao (roles separados; JSON nativo em files/r6-sess.jsonl)
10-07 20:17:18.644 I/NpuProbe(26624): SESS[0] puro:htp puro: ok=1 pieces=8 prefill=810.85ms gen=692.15ms pp1=0.33ms wall=1503.3ms
10-07 20:17:18.645 I/NpuProbe(26624): SESS[0] puro:htp puro texto_len=26 (integral no JSON)
10-07 20:17:18.645 I/NpuProbe(26624): SESS[0] puro:htp lifecycle: load=248ms reset=1.99ms wall=1503.3ms
10-07 20:17:18.645 I/NpuProbe(26624): SESS[0] puro:htp RESULTADO: PURO-EXECUTADO
10-07 20:17:20.691 I/NpuProbe(26624): SESS[1] puro:htp puro: ok=1 pieces=8 prefill=1216.55ms gen=826.92ms pp1=0.15ms wall=2043.9ms
10-07 20:17:20.691 I/NpuProbe(26624): SESS[1] puro:htp puro texto_len=26 (integral no JSON)
10-07 20:17:20.691 I/NpuProbe(26624): SESS[1] puro:htp lifecycle: load=0ms reset=2.09ms wall=2043.9ms
10-07 20:17:20.691 I/NpuProbe(26624): SESS[1] puro:htp RESULTADO: PURO-EXECUTADO
10-07 20:17:22.954 I/NpuProbe(26624): SESS[2] puro:htp puro: ok=1 pieces=8 prefill=1320.28ms gen=940.38ms pp1=0.15ms wall=2261.1ms
10-07 20:17:22.954 I/NpuProbe(26624): SESS[2] puro:htp puro texto_len=26 (integral no JSON)
10-07 20:17:22.954 I/NpuProbe(26624): SESS[2] puro:htp lifecycle: load=0ms reset=2.08ms wall=2261.1ms
10-07 20:17:22.954 I/NpuProbe(26624): SESS[2] puro:htp RESULTADO: PURO-EXECUTADO
10-07 20:17:25.187 I/NpuProbe(26624): SESS[3] puro:htp puro: ok=1 pieces=8 prefill=1418.56ms gen=811.68ms pp1=0.21ms wall=2230.7ms
10-07 20:17:25.187 I/NpuProbe(26624): SESS[3] puro:htp puro texto_len=26 (integral no JSON)
10-07 20:17:25.187 I/NpuProbe(26624): SESS[3] puro:htp lifecycle: load=0ms reset=2.08ms wall=2230.7ms
10-07 20:17:25.187 I/NpuProbe(26624): SESS[3] puro:htp RESULTADO: PURO-EXECUTADO
10-07 20:17:25.265 I/NpuProbe(26624): SESSAO(687f7f2): fim (4 requests)
10-07 20:17:25.266 I/NpuProbe(26624): SMART REPORT:
10-07 20:17:25.266 I/NpuProbe(26624): SMART (sessao)
10-07 20:17:25.266 I/NpuProbe(26624): 
10-07 20:17:25.266 I/NpuProbe(26624): SMARTv2 rota='sessao' mutante=(none)
10-07 20:17:25.266 I/NpuProbe(26624): SESSAO(687f7f2): 4 requests na mesma sessao (roles separados; JSON nativo em files/r6-sess.jsonl)
10-07 20:17:25.266 I/NpuProbe(26624): SESS[0] puro:htp puro: ok=1 pieces=8 prefill=810.85ms gen=692.15ms pp1=0.33ms wall=1503.3ms
10-07 20:17:25.266 I/NpuProbe(26624): SESS[0] puro:htp puro texto_len=26 (integral no JSON)
10-07 20:17:25.266 I/NpuProbe(26624): SESS[0] puro:htp lifecycle: load=248ms reset=1.99ms wall=1503.3ms
10-07 20:17:25.266 I/NpuProbe(26624): SESS[0] puro:htp RESULTADO: PURO-EXECUTADO
10-07 20:17:25.266 I/NpuProbe(26624): SESS[1] puro:htp puro: ok=1 pieces=8 prefill=1216.55ms gen=826.92ms pp1=0.15ms wall=2043.9ms
10-07 20:17:25.266 I/NpuProbe(26624): SESS[1] puro:htp puro texto_len=26 (integral no JSON)
10-07 20:17:25.266 I/NpuProbe(26624): SESS[1] puro:htp lifecycle: load=0ms reset=2.09ms wall=2043.9ms
10-07 20:17:25.266 I/NpuProbe(26624): SESS[1] puro:htp RESULTADO: PURO-EXECUTADO
10-07 20:17:25.266 I/NpuProbe(26624): SESS[2] puro:htp puro: ok=1 pieces=8 prefill=1320.28ms gen=940.38ms pp1=0.15ms wall=2261.1ms
10-07 20:17:25.266 I/NpuProbe(26624): SESS[2] puro:htp puro texto_len=26 (integral no JSON)
10-07 20:17:25.266 I/NpuProbe(26624): SESS[2] puro:htp lifecycle: load=0ms reset=2.08ms wall=2261.1ms
10-07 20:17:25.266 I/NpuProbe(26624): SESS[2] puro:htp RESULTADO: PURO-EXECUTADO
10-07 20:17:25.266 I/NpuProbe(26624): SESS[3] puro:htp puro: ok=1 pieces=8 prefill=1418.56ms gen=811.68ms pp1=0.21ms wall=2230.7ms
10-07 20:17:25.266 I/NpuProbe(26624): SESS[3] puro:htp puro texto_len=26 (integral no JSON)
10-07 20:17:25.266 I/NpuProbe(26624): SESS[3] puro:htp lifecycle: load=0ms reset=2.08ms wall=2230.7ms
10-07 20:17:25.266 I/NpuProbe(26624): SESS[3] puro:htp RESULTADO: PURO-EXECUTADO
10-07 20:17:25.266 I/NpuProbe(26624): SESSAO(687f7f2): fim (4 requests)
--------- beginning of main
10-07 20:17:16.872 I/NpuProbe(26624): [ggml] ggml-hex: HTP0 hwinfo: threads 8, hvx 8, hmx 1, vtcm 8 MB
10-07 20:17:16.872 I/NpuProbe(26624): [ggml] ggml-hex: HTP0 new session : session-id 0 domain-id 3 uri file:///libggml-htp-v81.so?htp_iface_skel_handle_invoke&_modver=1.0&_dom=cdsp&_session=0 handle 0xb4000077d52cfa00
10-07 20:17:16.876 I/NpuProbe(26624): [ggml] ggml-hex: HTP0 op batching: n-bufs 16 n-tensors 7168 n-ops 1024 vmem 3355443200
10-07 20:17:16.881 I/NpuProbe(26624): load_all_from_path=64ms
10-07 20:17:16.882 I/NpuProbe(26624): [ggml] load_backend: failed to find ggml_backend_init in /data/app/~~Ux_z1Fh0oPUMwpxkP6lJqw==/br.gov.sp.pcsp.npuprobe-9fL43dp9lycG7dszNDMd3g==/lib/arm64/libggml-hexagon.so
10-07 20:17:16.882 I/NpuProbe(26624): load(hexagon direto)=FALHOU em 0ms
10-07 20:17:16.882 I/NpuProbe(26624): devices=4
10-07 20:17:16.882 I/NpuProbe(26624):   dev[0] Vulkan0 (Adreno (TM) 840)
10-07 20:17:16.882 I/NpuProbe(26624):   dev[1] GPUOpenCL (QUALCOMM Adreno(TM) 840)
10-07 20:17:16.882 I/NpuProbe(26624):   dev[2] HTP0 (Hexagon)
10-07 20:17:16.882 I/NpuProbe(26624):   dev[3] CPU (CPU)
10-07 20:17:16.882 I/NpuProbe(26624): dev_init(HTP0)=0ms -> SESSAO ABERTA
10-07 20:17:16.886 I/NpuProbe(26624): graph_compute(MUL_MAT 64x64)=0.6ms status=0
10-07 20:17:16.886 I/NpuProbe(26624): c[0]=128.000000 (esperado 128.0)
10-07 20:17:16.886 I/NpuProbe(26624): RESULTADO: APP-UID OK: sessao HTP + op executado com resultado correto
10-07 20:17:16.887 I/NpuProbe(26624): REPORT:
10-07 20:17:16.887 I/NpuProbe(26624): libdir=/data/app/~~Ux_z1Fh0oPUMwpxkP6lJqw==/br.gov.sp.pcsp.npuprobe-9fL43dp9lycG7dszNDMd3g==/lib/arm64
10-07 20:17:16.887 I/NpuProbe(26624): build=llama.cpp-upstream-pkg (v11-libs) + probe R4
10-07 20:17:16.887 I/NpuProbe(26624): controle-sistema (liblog.so)=OK
10-07 20:17:16.887 I/NpuProbe(26624): negativo-fake (libnaoexiste_xyz.so)=FALHOU err=dlopen failed: library "libnaoexiste_xyz.so" not found
10-07 20:17:16.887 I/NpuProbe(26624): cdsprpc-nome (libcdsprpc.so)=OK
10-07 20:17:16.887 I/NpuProbe(26624): cdsprpc-abs (/vendor/lib64/libcdsprpc.so)=OK
10-07 20:17:16.887 I/NpuProbe(26624): ADSP_LIBRARY_PATH=libdir (setenv)
10-07 20:17:16.887 I/NpuProbe(26624): load_all_from_path=64ms
10-07 20:17:16.887 I/NpuProbe(26624): load(hexagon direto)=FALHOU em 0ms
10-07 20:17:16.887 I/NpuProbe(26624): devices=4
10-07 20:17:16.887 I/NpuProbe(26624):   dev[0] Vulkan0 (Adreno (TM) 840)
10-07 20:17:16.887 I/NpuProbe(26624):   dev[1] GPUOpenCL (QUALCOMM Adreno(TM) 840)
10-07 20:17:16.887 I/NpuProbe(26624):   dev[2] HTP0 (Hexagon)
10-07 20:17:16.887 I/NpuProbe(26624):   dev[3] CPU (CPU)
10-07 20:17:16.887 I/NpuProbe(26624): dev_init(HTP0)=0ms -> SESSAO ABERTA
10-07 20:17:16.887 I/NpuProbe(26624): graph_compute(MUL_MAT 64x64)=0.6ms status=0
10-07 20:17:16.887 I/NpuProbe(26624): c[0]=128.000000 (esperado 128.0)
10-07 20:17:16.887 I/NpuProbe(26624): RESULTADO: APP-UID OK: sessao HTP + op executado com resultado correto
10-07 20:17:16.887 I/NpuProbe(26624): AUTO-GATILHO='smart:sessao'
10-07 20:17:16.887 I/NpuProbe(26624): SMART iniciando rota=sessao com /data/local/tmp/hymt2_app.gguf
10-07 20:17:16.887 I/NpuProbe(26624): SMARTv2 rota='sessao' mutante=(none)
10-07 20:17:16.891 I/NpuProbe(26624): SESSAO(687f7f2): 4 requests na mesma sessao (roles separados; JSON nativo em files/r6-sess.jsonl)
10-07 20:17:18.644 I/NpuProbe(26624): SESS[0] puro:htp puro: ok=1 pieces=8 prefill=810.85ms gen=692.15ms pp1=0.33ms wall=1503.3ms
10-07 20:17:18.645 I/NpuProbe(26624): SESS[0] puro:htp puro texto_len=26 (integral no JSON)
10-07 20:17:18.645 I/NpuProbe(26624): SESS[0] puro:htp lifecycle: load=248ms reset=1.99ms wall=1503.3ms
10-07 20:17:18.645 I/NpuProbe(26624): SESS[0] puro:htp RESULTADO: PURO-EXECUTADO
10-07 20:17:20.691 I/NpuProbe(26624): SESS[1] puro:htp puro: ok=1 pieces=8 prefill=1216.55ms gen=826.92ms pp1=0.15ms wall=2043.9ms
10-07 20:17:20.691 I/NpuProbe(26624): SESS[1] puro:htp puro texto_len=26 (integral no JSON)
10-07 20:17:20.691 I/NpuProbe(26624): SESS[1] puro:htp lifecycle: load=0ms reset=2.09ms wall=2043.9ms
10-07 20:17:20.691 I/NpuProbe(26624): SESS[1] puro:htp RESULTADO: PURO-EXECUTADO
10-07 20:17:22.954 I/NpuProbe(26624): SESS[2] puro:htp puro: ok=1 pieces=8 prefill=1320.28ms gen=940.38ms pp1=0.15ms wall=2261.1ms
10-07 20:17:22.954 I/NpuProbe(26624): SESS[2] puro:htp puro texto_len=26 (integral no JSON)
10-07 20:17:22.954 I/NpuProbe(26624): SESS[2] puro:htp lifecycle: load=0ms reset=2.08ms wall=2261.1ms
10-07 20:17:22.954 I/NpuProbe(26624): SESS[2] puro:htp RESULTADO: PURO-EXECUTADO
10-07 20:17:25.187 I/NpuProbe(26624): SESS[3] puro:htp puro: ok=1 pieces=8 prefill=1418.56ms gen=811.68ms pp1=0.21ms wall=2230.7ms
10-07 20:17:25.187 I/NpuProbe(26624): SESS[3] puro:htp puro texto_len=26 (integral no JSON)
10-07 20:17:25.187 I/NpuProbe(26624): SESS[3] puro:htp lifecycle: load=0ms reset=2.08ms wall=2230.7ms
10-07 20:17:25.187 I/NpuProbe(26624): SESS[3] puro:htp RESULTADO: PURO-EXECUTADO
10-07 20:17:25.265 I/NpuProbe(26624): SESSAO(687f7f2): fim (4 requests)
10-07 20:17:25.266 I/NpuProbe(26624): SMART REPORT:
10-07 20:17:25.266 I/NpuProbe(26624): SMART (sessao)
10-07 20:17:25.266 I/NpuProbe(26624): 
10-07 20:17:25.266 I/NpuProbe(26624): SMARTv2 rota='sessao' mutante=(none)
10-07 20:17:25.266 I/NpuProbe(26624): SESSAO(687f7f2): 4 requests na mesma sessao (roles separados; JSON nativo em files/r6-sess.jsonl)
10-07 20:17:25.266 I/NpuProbe(26624): SESS[0] puro:htp puro: ok=1 pieces=8 prefill=810.85ms gen=692.15ms pp1=0.33ms wall=1503.3ms
10-07 20:17:25.266 I/NpuProbe(26624): SESS[0] puro:htp puro texto_len=26 (integral no JSON)
10-07 20:17:25.266 I/NpuProbe(26624): SESS[0] puro:htp lifecycle: load=248ms reset=1.99ms wall=1503.3ms
10-07 20:17:25.266 I/NpuProbe(26624): SESS[0] puro:htp RESULTADO: PURO-EXECUTADO
10-07 20:17:25.266 I/NpuProbe(26624): SESS[1] puro:htp puro: ok=1 pieces=8 prefill=1216.55ms gen=826.92ms pp1=0.15ms wall=2043.9ms
10-07 20:17:25.266 I/NpuProbe(26624): SESS[1] puro:htp puro texto_len=26 (integral no JSON)
10-07 20:17:25.266 I/NpuProbe(26624): SESS[1] puro:htp lifecycle: load=0ms reset=2.09ms wall=2043.9ms
10-07 20:17:25.266 I/NpuProbe(26624): SESS[1] puro:htp RESULTADO: PURO-EXECUTADO
10-07 20:17:25.266 I/NpuProbe(26624): SESS[2] puro:htp puro: ok=1 pieces=8 prefill=1320.28ms gen=940.38ms pp1=0.15ms wall=2261.1ms
10-07 20:17:25.266 I/NpuProbe(26624): SESS[2] puro:htp puro texto_len=26 (integral no JSON)
10-07 20:17:25.266 I/NpuProbe(26624): SESS[2] puro:htp lifecycle: load=0ms reset=2.08ms wall=2261.1ms
10-07 20:17:25.266 I/NpuProbe(26624): SESS[2] puro:htp RESULTADO: PURO-EXECUTADO
10-07 20:17:25.266 I/NpuProbe(26624): SESS[3] puro:htp puro: ok=1 pieces=8 prefill=1418.56ms gen=811.68ms pp1=0.21ms wall=2230.7ms
10-07 20:17:25.266 I/NpuProbe(26624): SESS[3] puro:htp puro texto_len=26 (integral no JSON)
10-07 20:17:25.266 I/NpuProbe(26624): SESS[3] puro:htp lifecycle: load=0ms reset=2.08ms wall=2230.7ms
10-07 20:17:25.266 I/NpuProbe(26624): SESS[3] puro:htp RESULTADO: PURO-EXECUTADO
10-07 20:17:25.266 I/NpuProbe(26624): SESSAO(687f7f2): fim (4 requests)
--------- beginning of main
10-07 20:18:26.585 I/NpuProbe(27644): nativeLibraryDir=/data/app/~~Ux_z1Fh0oPUMwpxkP6lJqw==/br.gov.sp.pcsp.npuprobe-9fL43dp9lycG7dszNDMd3g==/lib/arm64
10-07 20:18:26.586 I/NpuProbe(27644): libdir=/data/app/~~Ux_z1Fh0oPUMwpxkP6lJqw==/br.gov.sp.pcsp.npuprobe-9fL43dp9lycG7dszNDMd3g==/lib/arm64
10-07 20:18:26.586 I/NpuProbe(27644): build=llama.cpp-upstream-pkg (v11-libs) + probe R4
10-07 20:18:26.586 I/NpuProbe(27644): controle-sistema (liblog.so)=OK
10-07 20:18:26.586 I/NpuProbe(27644): negativo-fake (libnaoexiste_xyz.so)=FALHOU err=dlopen failed: library "libnaoexiste_xyz.so" not found
10-07 20:18:26.589 I/NpuProbe(27644): cdsprpc-nome (libcdsprpc.so)=OK
10-07 20:18:26.590 I/NpuProbe(27644): cdsprpc-abs (/vendor/lib64/libcdsprpc.so)=OK
10-07 20:18:26.590 I/NpuProbe(27644): ADSP_LIBRARY_PATH=libdir (setenv)
10-07 20:18:26.591 I/NpuProbe(27644): [ggml] ggml_vulkan: Found 1 Vulkan devices:
10-07 20:18:26.591 I/NpuProbe(27644): [ggml] ggml_vulkan: 0 = Adreno (TM) 840 (Qualcomm Technologies Inc. Adreno Vulkan Driver) | uma: 1 | fp16: 1 | bf16: 0 | fp4: 0 | warp size: 64 | shared memory: 32768 | int dot: 0 | matrix cores: none
10-07 20:18:26.597 I/NpuProbe(27644): [ggml] ggml_opencl: selected platform: 'QUALCOMM Snapdragon(TM)'
10-07 20:18:26.598 I/NpuProbe(27644): [ggml] 
10-07 20:18:26.598 I/NpuProbe(27644): ggml_opencl: device: 'QUALCOMM Adreno(TM) 840 (OpenCL 3.0 Adreno(TM) 840)'
10-07 20:18:26.598 I/NpuProbe(27644): [ggml] ggml_opencl: default device: 'QUALCOMM Adreno(TM) 840 (OpenCL 3.0 Adreno(TM) 840)'
10-07 20:18:26.598 I/NpuProbe(27644): [ggml] ggml-hex: Loading driver libcdsprpc.so
10-07 20:18:26.600 I/NpuProbe(27644): [ggml] ggml-hex: Hexagon backend (experimental) : allocating new registry : ndev 1
10-07 20:18:26.600 I/NpuProbe(27644): [ggml] ggml-hex: Hexagon Arch version v81
10-07 20:18:26.600 I/NpuProbe(27644): [ggml] ggml-hex: HTP0 allocating new session
10-07 20:18:26.632 I/NpuProbe(27644): [ggml] ggml-hex: HTP0 hwinfo: threads 8, hvx 8, hmx 1, vtcm 8 MB
10-07 20:18:26.632 I/NpuProbe(27644): [ggml] ggml-hex: HTP0 new session : session-id 0 domain-id 3 uri file:///libggml-htp-v81.so?htp_iface_skel_handle_invoke&_modver=1.0&_dom=cdsp&_session=0 handle 0xb4000077c5f9cb00
10-07 20:18:26.635 I/NpuProbe(27644): [ggml] ggml-hex: HTP0 op batching: n-bufs 16 n-tensors 7168 n-ops 1024 vmem 3355443200
10-07 20:18:26.641 I/NpuProbe(27644): load_all_from_path=51ms
10-07 20:18:26.641 I/NpuProbe(27644): [ggml] load_backend: failed to find ggml_backend_init in /data/app/~~Ux_z1Fh0oPUMwpxkP6lJqw==/br.gov.sp.pcsp.npuprobe-9fL43dp9lycG7dszNDMd3g==/lib/arm64/libggml-hexagon.so
10-07 20:18:26.641 I/NpuProbe(27644): load(hexagon direto)=FALHOU em 0ms
10-07 20:18:26.641 I/NpuProbe(27644): devices=4
10-07 20:18:26.641 I/NpuProbe(27644):   dev[0] Vulkan0 (Adreno (TM) 840)
10-07 20:18:26.641 I/NpuProbe(27644):   dev[1] GPUOpenCL (QUALCOMM Adreno(TM) 840)
10-07 20:18:26.641 I/NpuProbe(27644):   dev[2] HTP0 (Hexagon)
10-07 20:18:26.641 I/NpuProbe(27644):   dev[3] CPU (CPU)
10-07 20:18:26.641 I/NpuProbe(27644): dev_init(HTP0)=0ms -> SESSAO ABERTA
10-07 20:18:26.642 I/NpuProbe(27644): graph_compute(MUL_MAT 64x64)=0.5ms status=0
10-07 20:18:26.642 I/NpuProbe(27644): c[0]=128.000000 (esperado 128.0)
10-07 20:18:26.642 I/NpuProbe(27644): RESULTADO: APP-UID OK: sessao HTP + op executado com resultado correto
10-07 20:18:26.643 I/NpuProbe(27644): REPORT:
10-07 20:18:26.643 I/NpuProbe(27644): libdir=/data/app/~~Ux_z1Fh0oPUMwpxkP6lJqw==/br.gov.sp.pcsp.npuprobe-9fL43dp9lycG7dszNDMd3g==/lib/arm64
10-07 20:18:26.643 I/NpuProbe(27644): build=llama.cpp-upstream-pkg (v11-libs) + probe R4
10-07 20:18:26.643 I/NpuProbe(27644): controle-sistema (liblog.so)=OK
10-07 20:18:26.643 I/NpuProbe(27644): negativo-fake (libnaoexiste_xyz.so)=FALHOU err=dlopen failed: library "libnaoexiste_xyz.so" not found
10-07 20:18:26.643 I/NpuProbe(27644): cdsprpc-nome (libcdsprpc.so)=OK
10-07 20:18:26.643 I/NpuProbe(27644): cdsprpc-abs (/vendor/lib64/libcdsprpc.so)=OK
10-07 20:18:26.643 I/NpuProbe(27644): ADSP_LIBRARY_PATH=libdir (setenv)
10-07 20:18:26.643 I/NpuProbe(27644): load_all_from_path=51ms
10-07 20:18:26.643 I/NpuProbe(27644): load(hexagon direto)=FALHOU em 0ms
10-07 20:18:26.643 I/NpuProbe(27644): devices=4
10-07 20:18:26.643 I/NpuProbe(27644):   dev[0] Vulkan0 (Adreno (TM) 840)
10-07 20:18:26.643 I/NpuProbe(27644):   dev[1] GPUOpenCL (QUALCOMM Adreno(TM) 840)
10-07 20:18:26.643 I/NpuProbe(27644):   dev[2] HTP0 (Hexagon)
10-07 20:18:26.643 I/NpuProbe(27644):   dev[3] CPU (CPU)
10-07 20:18:26.643 I/NpuProbe(27644): dev_init(HTP0)=0ms -> SESSAO ABERTA
10-07 20:18:26.643 I/NpuProbe(27644): graph_compute(MUL_MAT 64x64)=0.5ms status=0
10-07 20:18:26.643 I/NpuProbe(27644): c[0]=128.000000 (esperado 128.0)
10-07 20:18:26.643 I/NpuProbe(27644): RESULTADO: APP-UID OK: sessao HTP + op executado com resultado correto
10-07 20:18:26.643 I/NpuProbe(27644): AUTO-GATILHO='smart:sessao'
10-07 20:18:26.643 I/NpuProbe(27644): SMART iniciando rota=sessao com /data/local/tmp/hymt2_app.gguf
10-07 20:18:26.643 I/NpuProbe(27644): SMARTv2 rota='sessao' mutante=(none)
10-07 20:18:26.644 I/NpuProbe(27644): SESSAO(689086e): 4 requests na mesma sessao (roles separados; JSON nativo em files/r6-sess.jsonl)
10-07 20:18:28.459 I/NpuProbe(27644): SESS[0] puro:htp puro: ok=1 pieces=8 prefill=799.70ms gen=702.08ms pp1=0.32ms wall=1502.1ms
10-07 20:18:28.459 I/NpuProbe(27644): SESS[0] puro:htp puro texto_len=26 (integral no JSON)
10-07 20:18:28.459 I/NpuProbe(27644): SESS[0] puro:htp lifecycle: load=309ms reset=3.10ms wall=1502.1ms
10-07 20:18:28.459 I/NpuProbe(27644): SESS[0] puro:htp RESULTADO: PURO-EXECUTADO
10-07 20:18:30.582 I/NpuProbe(27644): SESS[1] puro:htp puro: ok=1 pieces=8 prefill=1262.67ms gen=857.59ms pp1=0.16ms wall=2120.7ms
10-07 20:18:30.582 I/NpuProbe(27644): SESS[1] puro:htp puro texto_len=26 (integral no JSON)
10-07 20:18:30.582 I/NpuProbe(27644): SESS[1] puro:htp lifecycle: load=0ms reset=2.40ms wall=2120.7ms
10-07 20:18:30.582 I/NpuProbe(27644): SESS[1] puro:htp RESULTADO: PURO-EXECUTADO
10-07 20:18:32.766 I/NpuProbe(27644): SESS[2] puro:htp puro: ok=1 pieces=8 prefill=1364.56ms gen=816.40ms pp1=0.21ms wall=2181.4ms
10-07 20:18:32.766 I/NpuProbe(27644): SESS[2] puro:htp puro texto_len=26 (integral no JSON)
10-07 20:18:32.766 I/NpuProbe(27644): SESS[2] puro:htp lifecycle: load=0ms reset=2.05ms wall=2181.4ms
10-07 20:18:32.766 I/NpuProbe(27644): SESS[2] puro:htp RESULTADO: PURO-EXECUTADO
10-07 20:18:35.000 I/NpuProbe(27644): SESS[3] puro:htp puro: ok=1 pieces=8 prefill=1385.46ms gen=846.46ms pp1=0.15ms wall=2232.4ms
10-07 20:18:35.000 I/NpuProbe(27644): SESS[3] puro:htp puro texto_len=26 (integral no JSON)
10-07 20:18:35.000 I/NpuProbe(27644): SESS[3] puro:htp lifecycle: load=0ms reset=2.15ms wall=2232.4ms
10-07 20:18:35.000 I/NpuProbe(27644): SESS[3] puro:htp RESULTADO: PURO-EXECUTADO
10-07 20:18:35.081 I/NpuProbe(27644): SESSAO(689086e): fim (4 requests)
10-07 20:18:35.081 I/NpuProbe(27644): SMART REPORT:
10-07 20:18:35.081 I/NpuProbe(27644): SMART (sessao)
10-07 20:18:35.081 I/NpuProbe(27644): 
10-07 20:18:35.081 I/NpuProbe(27644): SMARTv2 rota='sessao' mutante=(none)
10-07 20:18:35.081 I/NpuProbe(27644): SESSAO(689086e): 4 requests na mesma sessao (roles separados; JSON nativo em files/r6-sess.jsonl)
10-07 20:18:35.081 I/NpuProbe(27644): SESS[0] puro:htp puro: ok=1 pieces=8 prefill=799.70ms gen=702.08ms pp1=0.32ms wall=1502.1ms
10-07 20:18:35.081 I/NpuProbe(27644): SESS[0] puro:htp puro texto_len=26 (integral no JSON)
10-07 20:18:35.081 I/NpuProbe(27644): SESS[0] puro:htp lifecycle: load=309ms reset=3.10ms wall=1502.1ms
10-07 20:18:35.081 I/NpuProbe(27644): SESS[0] puro:htp RESULTADO: PURO-EXECUTADO
10-07 20:18:35.081 I/NpuProbe(27644): SESS[1] puro:htp puro: ok=1 pieces=8 prefill=1262.67ms gen=857.59ms pp1=0.16ms wall=2120.7ms
10-07 20:18:35.081 I/NpuProbe(27644): SESS[1] puro:htp puro texto_len=26 (integral no JSON)
10-07 20:18:35.081 I/NpuProbe(27644): SESS[1] puro:htp lifecycle: load=0ms reset=2.40ms wall=2120.7ms
10-07 20:18:35.081 I/NpuProbe(27644): SESS[1] puro:htp RESULTADO: PURO-EXECUTADO
10-07 20:18:35.081 I/NpuProbe(27644): SESS[2] puro:htp puro: ok=1 pieces=8 prefill=1364.56ms gen=816.40ms pp1=0.21ms wall=2181.4ms
10-07 20:18:35.081 I/NpuProbe(27644): SESS[2] puro:htp puro texto_len=26 (integral no JSON)
10-07 20:18:35.081 I/NpuProbe(27644): SESS[2] puro:htp lifecycle: load=0ms reset=2.05ms wall=2181.4ms
10-07 20:18:35.081 I/NpuProbe(27644): SESS[2] puro:htp RESULTADO: PURO-EXECUTADO
10-07 20:18:35.081 I/NpuProbe(27644): SESS[3] puro:htp puro: ok=1 pieces=8 prefill=1385.46ms gen=846.46ms pp1=0.15ms wall=2232.4ms
10-07 20:18:35.081 I/NpuProbe(27644): SESS[3] puro:htp puro texto_len=26 (integral no JSON)
10-07 20:18:35.081 I/NpuProbe(27644): SESS[3] puro:htp lifecycle: load=0ms reset=2.15ms wall=2232.4ms
10-07 20:18:35.081 I/NpuProbe(27644): SESS[3] puro:htp RESULTADO: PURO-EXECUTADO
10-07 20:18:35.081 I/NpuProbe(27644): SESSAO(689086e): fim (4 requests)
--------- beginning of main
10-07 20:18:26.585 I/NpuProbe(27644): nativeLibraryDir=/data/app/~~Ux_z1Fh0oPUMwpxkP6lJqw==/br.gov.sp.pcsp.npuprobe-9fL43dp9lycG7dszNDMd3g==/lib/arm64
10-07 20:18:26.586 I/NpuProbe(27644): libdir=/data/app/~~Ux_z1Fh0oPUMwpxkP6lJqw==/br.gov.sp.pcsp.npuprobe-9fL43dp9lycG7dszNDMd3g==/lib/arm64
10-07 20:18:26.586 I/NpuProbe(27644): build=llama.cpp-upstream-pkg (v11-libs) + probe R4
10-07 20:18:26.586 I/NpuProbe(27644): controle-sistema (liblog.so)=OK
10-07 20:18:26.586 I/NpuProbe(27644): negativo-fake (libnaoexiste_xyz.so)=FALHOU err=dlopen failed: library "libnaoexiste_xyz.so" not found
10-07 20:18:26.589 I/NpuProbe(27644): cdsprpc-nome (libcdsprpc.so)=OK
10-07 20:18:26.590 I/NpuProbe(27644): cdsprpc-abs (/vendor/lib64/libcdsprpc.so)=OK
10-07 20:18:26.590 I/NpuProbe(27644): ADSP_LIBRARY_PATH=libdir (setenv)
10-07 20:18:26.591 I/NpuProbe(27644): [ggml] ggml_vulkan: Found 1 Vulkan devices:
10-07 20:18:26.591 I/NpuProbe(27644): [ggml] ggml_vulkan: 0 = Adreno (TM) 840 (Qualcomm Technologies Inc. Adreno Vulkan Driver) | uma: 1 | fp16: 1 | bf16: 0 | fp4: 0 | warp size: 64 | shared memory: 32768 | int dot: 0 | matrix cores: none
10-07 20:18:26.597 I/NpuProbe(27644): [ggml] ggml_opencl: selected platform: 'QUALCOMM Snapdragon(TM)'
10-07 20:18:26.598 I/NpuProbe(27644): [ggml] 
10-07 20:18:26.598 I/NpuProbe(27644): ggml_opencl: device: 'QUALCOMM Adreno(TM) 840 (OpenCL 3.0 Adreno(TM) 840)'
10-07 20:18:26.598 I/NpuProbe(27644): [ggml] ggml_opencl: default device: 'QUALCOMM Adreno(TM) 840 (OpenCL 3.0 Adreno(TM) 840)'
10-07 20:18:26.598 I/NpuProbe(27644): [ggml] ggml-hex: Loading driver libcdsprpc.so
10-07 20:18:26.600 I/NpuProbe(27644): [ggml] ggml-hex: Hexagon backend (experimental) : allocating new registry : ndev 1
10-07 20:18:26.600 I/NpuProbe(27644): [ggml] ggml-hex: Hexagon Arch version v81
10-07 20:18:26.600 I/NpuProbe(27644): [ggml] ggml-hex: HTP0 allocating new session
10-07 20:18:26.632 I/NpuProbe(27644): [ggml] ggml-hex: HTP0 hwinfo: threads 8, hvx 8, hmx 1, vtcm 8 MB
10-07 20:18:26.632 I/NpuProbe(27644): [ggml] ggml-hex: HTP0 new session : session-id 0 domain-id 3 uri file:///libggml-htp-v81.so?htp_iface_skel_handle_invoke&_modver=1.0&_dom=cdsp&_session=0 handle 0xb4000077c5f9cb00
10-07 20:18:26.635 I/NpuProbe(27644): [ggml] ggml-hex: HTP0 op batching: n-bufs 16 n-tensors 7168 n-ops 1024 vmem 3355443200
10-07 20:18:26.641 I/NpuProbe(27644): load_all_from_path=51ms
10-07 20:18:26.641 I/NpuProbe(27644): [ggml] load_backend: failed to find ggml_backend_init in /data/app/~~Ux_z1Fh0oPUMwpxkP6lJqw==/br.gov.sp.pcsp.npuprobe-9fL43dp9lycG7dszNDMd3g==/lib/arm64/libggml-hexagon.so
10-07 20:18:26.641 I/NpuProbe(27644): load(hexagon direto)=FALHOU em 0ms
10-07 20:18:26.641 I/NpuProbe(27644): devices=4
10-07 20:18:26.641 I/NpuProbe(27644):   dev[0] Vulkan0 (Adreno (TM) 840)
10-07 20:18:26.641 I/NpuProbe(27644):   dev[1] GPUOpenCL (QUALCOMM Adreno(TM) 840)
10-07 20:18:26.641 I/NpuProbe(27644):   dev[2] HTP0 (Hexagon)
10-07 20:18:26.641 I/NpuProbe(27644):   dev[3] CPU (CPU)
10-07 20:18:26.641 I/NpuProbe(27644): dev_init(HTP0)=0ms -> SESSAO ABERTA
10-07 20:18:26.642 I/NpuProbe(27644): graph_compute(MUL_MAT 64x64)=0.5ms status=0
10-07 20:18:26.642 I/NpuProbe(27644): c[0]=128.000000 (esperado 128.0)
10-07 20:18:26.642 I/NpuProbe(27644): RESULTADO: APP-UID OK: sessao HTP + op executado com resultado correto
10-07 20:18:26.643 I/NpuProbe(27644): REPORT:
10-07 20:18:26.643 I/NpuProbe(27644): libdir=/data/app/~~Ux_z1Fh0oPUMwpxkP6lJqw==/br.gov.sp.pcsp.npuprobe-9fL43dp9lycG7dszNDMd3g==/lib/arm64
10-07 20:18:26.643 I/NpuProbe(27644): build=llama.cpp-upstream-pkg (v11-libs) + probe R4
10-07 20:18:26.643 I/NpuProbe(27644): controle-sistema (liblog.so)=OK
10-07 20:18:26.643 I/NpuProbe(27644): negativo-fake (libnaoexiste_xyz.so)=FALHOU err=dlopen failed: library "libnaoexiste_xyz.so" not found
10-07 20:18:26.643 I/NpuProbe(27644): cdsprpc-nome (libcdsprpc.so)=OK
10-07 20:18:26.643 I/NpuProbe(27644): cdsprpc-abs (/vendor/lib64/libcdsprpc.so)=OK
10-07 20:18:26.643 I/NpuProbe(27644): ADSP_LIBRARY_PATH=libdir (setenv)
10-07 20:18:26.643 I/NpuProbe(27644): load_all_from_path=51ms
10-07 20:18:26.643 I/NpuProbe(27644): load(hexagon direto)=FALHOU em 0ms
10-07 20:18:26.643 I/NpuProbe(27644): devices=4
10-07 20:18:26.643 I/NpuProbe(27644):   dev[0] Vulkan0 (Adreno (TM) 840)
10-07 20:18:26.643 I/NpuProbe(27644):   dev[1] GPUOpenCL (QUALCOMM Adreno(TM) 840)
10-07 20:18:26.643 I/NpuProbe(27644):   dev[2] HTP0 (Hexagon)
10-07 20:18:26.643 I/NpuProbe(27644):   dev[3] CPU (CPU)
10-07 20:18:26.643 I/NpuProbe(27644): dev_init(HTP0)=0ms -> SESSAO ABERTA
10-07 20:18:26.643 I/NpuProbe(27644): graph_compute(MUL_MAT 64x64)=0.5ms status=0
10-07 20:18:26.643 I/NpuProbe(27644): c[0]=128.000000 (esperado 128.0)
10-07 20:18:26.643 I/NpuProbe(27644): RESULTADO: APP-UID OK: sessao HTP + op executado com resultado correto
10-07 20:18:26.643 I/NpuProbe(27644): AUTO-GATILHO='smart:sessao'
10-07 20:18:26.643 I/NpuProbe(27644): SMART iniciando rota=sessao com /data/local/tmp/hymt2_app.gguf
10-07 20:18:26.643 I/NpuProbe(27644): SMARTv2 rota='sessao' mutante=(none)
10-07 20:18:26.644 I/NpuProbe(27644): SESSAO(689086e): 4 requests na mesma sessao (roles separados; JSON nativo em files/r6-sess.jsonl)
10-07 20:18:28.459 I/NpuProbe(27644): SESS[0] puro:htp puro: ok=1 pieces=8 prefill=799.70ms gen=702.08ms pp1=0.32ms wall=1502.1ms
10-07 20:18:28.459 I/NpuProbe(27644): SESS[0] puro:htp puro texto_len=26 (integral no JSON)
10-07 20:18:28.459 I/NpuProbe(27644): SESS[0] puro:htp lifecycle: load=309ms reset=3.10ms wall=1502.1ms
10-07 20:18:28.459 I/NpuProbe(27644): SESS[0] puro:htp RESULTADO: PURO-EXECUTADO
10-07 20:18:30.582 I/NpuProbe(27644): SESS[1] puro:htp puro: ok=1 pieces=8 prefill=1262.67ms gen=857.59ms pp1=0.16ms wall=2120.7ms
10-07 20:18:30.582 I/NpuProbe(27644): SESS[1] puro:htp puro texto_len=26 (integral no JSON)
10-07 20:18:30.582 I/NpuProbe(27644): SESS[1] puro:htp lifecycle: load=0ms reset=2.40ms wall=2120.7ms
10-07 20:18:30.582 I/NpuProbe(27644): SESS[1] puro:htp RESULTADO: PURO-EXECUTADO
10-07 20:18:32.766 I/NpuProbe(27644): SESS[2] puro:htp puro: ok=1 pieces=8 prefill=1364.56ms gen=816.40ms pp1=0.21ms wall=2181.4ms
10-07 20:18:32.766 I/NpuProbe(27644): SESS[2] puro:htp puro texto_len=26 (integral no JSON)
10-07 20:18:32.766 I/NpuProbe(27644): SESS[2] puro:htp lifecycle: load=0ms reset=2.05ms wall=2181.4ms
10-07 20:18:32.766 I/NpuProbe(27644): SESS[2] puro:htp RESULTADO: PURO-EXECUTADO
10-07 20:18:35.000 I/NpuProbe(27644): SESS[3] puro:htp puro: ok=1 pieces=8 prefill=1385.46ms gen=846.46ms pp1=0.15ms wall=2232.4ms
10-07 20:18:35.000 I/NpuProbe(27644): SESS[3] puro:htp puro texto_len=26 (integral no JSON)
10-07 20:18:35.000 I/NpuProbe(27644): SESS[3] puro:htp lifecycle: load=0ms reset=2.15ms wall=2232.4ms
10-07 20:18:35.000 I/NpuProbe(27644): SESS[3] puro:htp RESULTADO: PURO-EXECUTADO
10-07 20:18:35.081 I/NpuProbe(27644): SESSAO(689086e): fim (4 requests)
10-07 20:18:35.081 I/NpuProbe(27644): SMART REPORT:
10-07 20:18:35.081 I/NpuProbe(27644): SMART (sessao)
10-07 20:18:35.081 I/NpuProbe(27644): 
10-07 20:18:35.081 I/NpuProbe(27644): SMARTv2 rota='sessao' mutante=(none)
10-07 20:18:35.081 I/NpuProbe(27644): SESSAO(689086e): 4 requests na mesma sessao (roles separados; JSON nativo em files/r6-sess.jsonl)
10-07 20:18:35.081 I/NpuProbe(27644): SESS[0] puro:htp puro: ok=1 pieces=8 prefill=799.70ms gen=702.08ms pp1=0.32ms wall=1502.1ms
10-07 20:18:35.081 I/NpuProbe(27644): SESS[0] puro:htp puro texto_len=26 (integral no JSON)
10-07 20:18:35.081 I/NpuProbe(27644): SESS[0] puro:htp lifecycle: load=309ms reset=3.10ms wall=1502.1ms
10-07 20:18:35.081 I/NpuProbe(27644): SESS[0] puro:htp RESULTADO: PURO-EXECUTADO
10-07 20:18:35.081 I/NpuProbe(27644): SESS[1] puro:htp puro: ok=1 pieces=8 prefill=1262.67ms gen=857.59ms pp1=0.16ms wall=2120.7ms
10-07 20:18:35.081 I/NpuProbe(27644): SESS[1] puro:htp puro texto_len=26 (integral no JSON)
10-07 20:18:35.081 I/NpuProbe(27644): SESS[1] puro:htp lifecycle: load=0ms reset=2.40ms wall=2120.7ms
10-07 20:18:35.081 I/NpuProbe(27644): SESS[1] puro:htp RESULTADO: PURO-EXECUTADO
10-07 20:18:35.081 I/NpuProbe(27644): SESS[2] puro:htp puro: ok=1 pieces=8 prefill=1364.56ms gen=816.40ms pp1=0.21ms wall=2181.4ms
10-07 20:18:35.081 I/NpuProbe(27644): SESS[2] puro:htp puro texto_len=26 (integral no JSON)
10-07 20:18:35.081 I/NpuProbe(27644): SESS[2] puro:htp lifecycle: load=0ms reset=2.05ms wall=2181.4ms
10-07 20:18:35.081 I/NpuProbe(27644): SESS[2] puro:htp RESULTADO: PURO-EXECUTADO
10-07 20:18:35.081 I/NpuProbe(27644): SESS[3] puro:htp puro: ok=1 pieces=8 prefill=1385.46ms gen=846.46ms pp1=0.15ms wall=2232.4ms
10-07 20:18:35.081 I/NpuProbe(27644): SESS[3] puro:htp puro texto_len=26 (integral no JSON)
10-07 20:18:35.081 I/NpuProbe(27644): SESS[3] puro:htp lifecycle: load=0ms reset=2.15ms wall=2232.4ms
10-07 20:18:35.081 I/NpuProbe(27644): SESS[3] puro:htp RESULTADO: PURO-EXECUTADO
10-07 20:18:35.081 I/NpuProbe(27644): SESSAO(689086e): fim (4 requests)
--------- beginning of main
10-07 20:18:26.585 I/NpuProbe(27644): nativeLibraryDir=/data/app/~~Ux_z1Fh0oPUMwpxkP6lJqw==/br.gov.sp.pcsp.npuprobe-9fL43dp9lycG7dszNDMd3g==/lib/arm64
10-07 20:18:26.586 I/NpuProbe(27644): libdir=/data/app/~~Ux_z1Fh0oPUMwpxkP6lJqw==/br.gov.sp.pcsp.npuprobe-9fL43dp9lycG7dszNDMd3g==/lib/arm64
10-07 20:18:26.586 I/NpuProbe(27644): build=llama.cpp-upstream-pkg (v11-libs) + probe R4
10-07 20:18:26.586 I/NpuProbe(27644): controle-sistema (liblog.so)=OK
10-07 20:18:26.586 I/NpuProbe(27644): negativo-fake (libnaoexiste_xyz.so)=FALHOU err=dlopen failed: library "libnaoexiste_xyz.so" not found
10-07 20:18:26.589 I/NpuProbe(27644): cdsprpc-nome (libcdsprpc.so)=OK
10-07 20:18:26.590 I/NpuProbe(27644): cdsprpc-abs (/vendor/lib64/libcdsprpc.so)=OK
10-07 20:18:26.590 I/NpuProbe(27644): ADSP_LIBRARY_PATH=libdir (setenv)
10-07 20:18:26.591 I/NpuProbe(27644): [ggml] ggml_vulkan: Found 1 Vulkan devices:
10-07 20:18:26.591 I/NpuProbe(27644): [ggml] ggml_vulkan: 0 = Adreno (TM) 840 (Qualcomm Technologies Inc. Adreno Vulkan Driver) | uma: 1 | fp16: 1 | bf16: 0 | fp4: 0 | warp size: 64 | shared memory: 32768 | int dot: 0 | matrix cores: none
10-07 20:18:26.597 I/NpuProbe(27644): [ggml] ggml_opencl: selected platform: 'QUALCOMM Snapdragon(TM)'
10-07 20:18:26.598 I/NpuProbe(27644): [ggml] 
10-07 20:18:26.598 I/NpuProbe(27644): ggml_opencl: device: 'QUALCOMM Adreno(TM) 840 (OpenCL 3.0 Adreno(TM) 840)'
10-07 20:18:26.598 I/NpuProbe(27644): [ggml] ggml_opencl: default device: 'QUALCOMM Adreno(TM) 840 (OpenCL 3.0 Adreno(TM) 840)'
10-07 20:18:26.598 I/NpuProbe(27644): [ggml] ggml-hex: Loading driver libcdsprpc.so
10-07 20:18:26.600 I/NpuProbe(27644): [ggml] ggml-hex: Hexagon backend (experimental) : allocating new registry : ndev 1
10-07 20:18:26.600 I/NpuProbe(27644): [ggml] ggml-hex: Hexagon Arch version v81
10-07 20:18:26.600 I/NpuProbe(27644): [ggml] ggml-hex: HTP0 allocating new session
10-07 20:18:26.632 I/NpuProbe(27644): [ggml] ggml-hex: HTP0 hwinfo: threads 8, hvx 8, hmx 1, vtcm 8 MB
10-07 20:18:26.632 I/NpuProbe(27644): [ggml] ggml-hex: HTP0 new session : session-id 0 domain-id 3 uri file:///libggml-htp-v81.so?htp_iface_skel_handle_invoke&_modver=1.0&_dom=cdsp&_session=0 handle 0xb4000077c5f9cb00
10-07 20:18:26.635 I/NpuProbe(27644): [ggml] ggml-hex: HTP0 op batching: n-bufs 16 n-tensors 7168 n-ops 1024 vmem 3355443200
10-07 20:18:26.641 I/NpuProbe(27644): load_all_from_path=51ms
10-07 20:18:26.641 I/NpuProbe(27644): [ggml] load_backend: failed to find ggml_backend_init in /data/app/~~Ux_z1Fh0oPUMwpxkP6lJqw==/br.gov.sp.pcsp.npuprobe-9fL43dp9lycG7dszNDMd3g==/lib/arm64/libggml-hexagon.so
10-07 20:18:26.641 I/NpuProbe(27644): load(hexagon direto)=FALHOU em 0ms
10-07 20:18:26.641 I/NpuProbe(27644): devices=4
10-07 20:18:26.641 I/NpuProbe(27644):   dev[0] Vulkan0 (Adreno (TM) 840)
10-07 20:18:26.641 I/NpuProbe(27644):   dev[1] GPUOpenCL (QUALCOMM Adreno(TM) 840)
10-07 20:18:26.641 I/NpuProbe(27644):   dev[2] HTP0 (Hexagon)
10-07 20:18:26.641 I/NpuProbe(27644):   dev[3] CPU (CPU)
10-07 20:18:26.641 I/NpuProbe(27644): dev_init(HTP0)=0ms -> SESSAO ABERTA
10-07 20:18:26.642 I/NpuProbe(27644): graph_compute(MUL_MAT 64x64)=0.5ms status=0
10-07 20:18:26.642 I/NpuProbe(27644): c[0]=128.000000 (esperado 128.0)
10-07 20:18:26.642 I/NpuProbe(27644): RESULTADO: APP-UID OK: sessao HTP + op executado com resultado correto
10-07 20:18:26.643 I/NpuProbe(27644): REPORT:
10-07 20:18:26.643 I/NpuProbe(27644): libdir=/data/app/~~Ux_z1Fh0oPUMwpxkP6lJqw==/br.gov.sp.pcsp.npuprobe-9fL43dp9lycG7dszNDMd3g==/lib/arm64
10-07 20:18:26.643 I/NpuProbe(27644): build=llama.cpp-upstream-pkg (v11-libs) + probe R4
10-07 20:18:26.643 I/NpuProbe(27644): controle-sistema (liblog.so)=OK
10-07 20:18:26.643 I/NpuProbe(27644): negativo-fake (libnaoexiste_xyz.so)=FALHOU err=dlopen failed: library "libnaoexiste_xyz.so" not found
10-07 20:18:26.643 I/NpuProbe(27644): cdsprpc-nome (libcdsprpc.so)=OK
10-07 20:18:26.643 I/NpuProbe(27644): cdsprpc-abs (/vendor/lib64/libcdsprpc.so)=OK
10-07 20:18:26.643 I/NpuProbe(27644): ADSP_LIBRARY_PATH=libdir (setenv)
10-07 20:18:26.643 I/NpuProbe(27644): load_all_from_path=51ms
10-07 20:18:26.643 I/NpuProbe(27644): load(hexagon direto)=FALHOU em 0ms
10-07 20:18:26.643 I/NpuProbe(27644): devices=4
10-07 20:18:26.643 I/NpuProbe(27644):   dev[0] Vulkan0 (Adreno (TM) 840)
10-07 20:18:26.643 I/NpuProbe(27644):   dev[1] GPUOpenCL (QUALCOMM Adreno(TM) 840)
10-07 20:18:26.643 I/NpuProbe(27644):   dev[2] HTP0 (Hexagon)
10-07 20:18:26.643 I/NpuProbe(27644):   dev[3] CPU (CPU)
10-07 20:18:26.643 I/NpuProbe(27644): dev_init(HTP0)=0ms -> SESSAO ABERTA
10-07 20:18:26.643 I/NpuProbe(27644): graph_compute(MUL_MAT 64x64)=0.5ms status=0
10-07 20:18:26.643 I/NpuProbe(27644): c[0]=128.000000 (esperado 128.0)
10-07 20:18:26.643 I/NpuProbe(27644): RESULTADO: APP-UID OK: sessao HTP + op executado com resultado correto
10-07 20:18:26.643 I/NpuProbe(27644): AUTO-GATILHO='smart:sessao'
10-07 20:18:26.643 I/NpuProbe(27644): SMART iniciando rota=sessao com /data/local/tmp/hymt2_app.gguf
10-07 20:18:26.643 I/NpuProbe(27644): SMARTv2 rota='sessao' mutante=(none)
10-07 20:18:26.644 I/NpuProbe(27644): SESSAO(689086e): 4 requests na mesma sessao (roles separados; JSON nativo em files/r6-sess.jsonl)
10-07 20:18:28.459 I/NpuProbe(27644): SESS[0] puro:htp puro: ok=1 pieces=8 prefill=799.70ms gen=702.08ms pp1=0.32ms wall=1502.1ms
10-07 20:18:28.459 I/NpuProbe(27644): SESS[0] puro:htp puro texto_len=26 (integral no JSON)
10-07 20:18:28.459 I/NpuProbe(27644): SESS[0] puro:htp lifecycle: load=309ms reset=3.10ms wall=1502.1ms
10-07 20:18:28.459 I/NpuProbe(27644): SESS[0] puro:htp RESULTADO: PURO-EXECUTADO
10-07 20:18:30.582 I/NpuProbe(27644): SESS[1] puro:htp puro: ok=1 pieces=8 prefill=1262.67ms gen=857.59ms pp1=0.16ms wall=2120.7ms
10-07 20:18:30.582 I/NpuProbe(27644): SESS[1] puro:htp puro texto_len=26 (integral no JSON)
10-07 20:18:30.582 I/NpuProbe(27644): SESS[1] puro:htp lifecycle: load=0ms reset=2.40ms wall=2120.7ms
10-07 20:18:30.582 I/NpuProbe(27644): SESS[1] puro:htp RESULTADO: PURO-EXECUTADO
10-07 20:18:32.766 I/NpuProbe(27644): SESS[2] puro:htp puro: ok=1 pieces=8 prefill=1364.56ms gen=816.40ms pp1=0.21ms wall=2181.4ms
10-07 20:18:32.766 I/NpuProbe(27644): SESS[2] puro:htp puro texto_len=26 (integral no JSON)
10-07 20:18:32.766 I/NpuProbe(27644): SESS[2] puro:htp lifecycle: load=0ms reset=2.05ms wall=2181.4ms
10-07 20:18:32.766 I/NpuProbe(27644): SESS[2] puro:htp RESULTADO: PURO-EXECUTADO
10-07 20:18:35.000 I/NpuProbe(27644): SESS[3] puro:htp puro: ok=1 pieces=8 prefill=1385.46ms gen=846.46ms pp1=0.15ms wall=2232.4ms
10-07 20:18:35.000 I/NpuProbe(27644): SESS[3] puro:htp puro texto_len=26 (integral no JSON)
10-07 20:18:35.000 I/NpuProbe(27644): SESS[3] puro:htp lifecycle: load=0ms reset=2.15ms wall=2232.4ms
10-07 20:18:35.000 I/NpuProbe(27644): SESS[3] puro:htp RESULTADO: PURO-EXECUTADO
10-07 20:18:35.081 I/NpuProbe(27644): SESSAO(689086e): fim (4 requests)
10-07 20:18:35.081 I/NpuProbe(27644): SMART REPORT:
10-07 20:18:35.081 I/NpuProbe(27644): SMART (sessao)
10-07 20:18:35.081 I/NpuProbe(27644): 
10-07 20:18:35.081 I/NpuProbe(27644): SMARTv2 rota='sessao' mutante=(none)
10-07 20:18:35.081 I/NpuProbe(27644): SESSAO(689086e): 4 requests na mesma sessao (roles separados; JSON nativo em files/r6-sess.jsonl)
10-07 20:18:35.081 I/NpuProbe(27644): SESS[0] puro:htp puro: ok=1 pieces=8 prefill=799.70ms gen=702.08ms pp1=0.32ms wall=1502.1ms
10-07 20:18:35.081 I/NpuProbe(27644): SESS[0] puro:htp puro texto_len=26 (integral no JSON)
10-07 20:18:35.081 I/NpuProbe(27644): SESS[0] puro:htp lifecycle: load=309ms reset=3.10ms wall=1502.1ms
10-07 20:18:35.081 I/NpuProbe(27644): SESS[0] puro:htp RESULTADO: PURO-EXECUTADO
10-07 20:18:35.081 I/NpuProbe(27644): SESS[1] puro:htp puro: ok=1 pieces=8 prefill=1262.67ms gen=857.59ms pp1=0.16ms wall=2120.7ms
10-07 20:18:35.081 I/NpuProbe(27644): SESS[1] puro:htp puro texto_len=26 (integral no JSON)
10-07 20:18:35.081 I/NpuProbe(27644): SESS[1] puro:htp lifecycle: load=0ms reset=2.40ms wall=2120.7ms
10-07 20:18:35.081 I/NpuProbe(27644): SESS[1] puro:htp RESULTADO: PURO-EXECUTADO
10-07 20:18:35.081 I/NpuProbe(27644): SESS[2] puro:htp puro: ok=1 pieces=8 prefill=1364.56ms gen=816.40ms pp1=0.21ms wall=2181.4ms
10-07 20:18:35.081 I/NpuProbe(27644): SESS[2] puro:htp puro texto_len=26 (integral no JSON)
10-07 20:18:35.081 I/NpuProbe(27644): SESS[2] puro:htp lifecycle: load=0ms reset=2.05ms wall=2181.4ms
10-07 20:18:35.081 I/NpuProbe(27644): SESS[2] puro:htp RESULTADO: PURO-EXECUTADO
10-07 20:18:35.081 I/NpuProbe(27644): SESS[3] puro:htp puro: ok=1 pieces=8 prefill=1385.46ms gen=846.46ms pp1=0.15ms wall=2232.4ms
10-07 20:18:35.081 I/NpuProbe(27644): SESS[3] puro:htp puro texto_len=26 (integral no JSON)
10-07 20:18:35.081 I/NpuProbe(27644): SESS[3] puro:htp lifecycle: load=0ms reset=2.15ms wall=2232.4ms
10-07 20:18:35.081 I/NpuProbe(27644): SESS[3] puro:htp RESULTADO: PURO-EXECUTADO
10-07 20:18:35.081 I/NpuProbe(27644): SESSAO(689086e): fim (4 requests)
--------- beginning of main
10-07 20:19:52.144 I/NpuProbe( 4776): nativeLibraryDir=/data/app/~~_SGkOc6q6Yi9oqCHaSo8cg==/br.gov.sp.pcsp.npuprobe-Q9zK8dNnWTAjUaaSddjQnw==/lib/arm64
10-07 20:19:52.145 I/NpuProbe( 4776): libdir=/data/app/~~_SGkOc6q6Yi9oqCHaSo8cg==/br.gov.sp.pcsp.npuprobe-Q9zK8dNnWTAjUaaSddjQnw==/lib/arm64
10-07 20:19:52.145 I/NpuProbe( 4776): build=llama.cpp-upstream-pkg (v11-libs) + probe R4
10-07 20:19:52.145 I/NpuProbe( 4776): controle-sistema (liblog.so)=OK
10-07 20:19:52.145 I/NpuProbe( 4776): negativo-fake (libnaoexiste_xyz.so)=FALHOU err=dlopen failed: library "libnaoexiste_xyz.so" not found
10-07 20:19:52.145 I/NpuProbe( 4776): cdsprpc-nome (libcdsprpc.so)=OK
10-07 20:19:52.146 I/NpuProbe( 4776): cdsprpc-abs (/vendor/lib64/libcdsprpc.so)=OK
10-07 20:19:52.146 I/NpuProbe( 4776): ADSP_LIBRARY_PATH=libdir (setenv)
10-07 20:19:52.149 I/NpuProbe( 4776): [ggml] ggml_vulkan: Found 1 Vulkan devices:
10-07 20:19:52.149 I/NpuProbe( 4776): [ggml] ggml_vulkan: 0 = Adreno (TM) 840 (Qualcomm Technologies Inc. Adreno Vulkan Driver) | uma: 1 | fp16: 1 | bf16: 0 | fp4: 0 | warp size: 64 | shared memory: 32768 | int dot: 0 | matrix cores: none
10-07 20:19:52.155 I/NpuProbe( 4776): [ggml] ggml_opencl: selected platform: 'QUALCOMM Snapdragon(TM)'
10-07 20:19:52.156 I/NpuProbe( 4776): [ggml] 
10-07 20:19:52.156 I/NpuProbe( 4776): ggml_opencl: device: 'QUALCOMM Adreno(TM) 840 (OpenCL 3.0 Adreno(TM) 840)'
10-07 20:19:52.156 I/NpuProbe( 4776): [ggml] ggml_opencl: default device: 'QUALCOMM Adreno(TM) 840 (OpenCL 3.0 Adreno(TM) 840)'
10-07 20:19:52.156 I/NpuProbe( 4776): [ggml] ggml-hex: Loading driver libcdsprpc.so
10-07 20:19:52.157 I/NpuProbe( 4776): [ggml] ggml-hex: Hexagon backend (experimental) : allocating new registry : ndev 1
10-07 20:19:52.157 I/NpuProbe( 4776): [ggml] ggml-hex: Hexagon Arch version v81
10-07 20:19:52.157 I/NpuProbe( 4776): [ggml] ggml-hex: HTP0 allocating new session
10-07 20:19:52.188 I/NpuProbe( 4776): [ggml] ggml-hex: HTP0 hwinfo: threads 8, hvx 8, hmx 1, vtcm 8 MB
10-07 20:19:52.189 I/NpuProbe( 4776): [ggml] ggml-hex: HTP0 new session : session-id 0 domain-id 3 uri file:///libggml-htp-v81.so?htp_iface_skel_handle_invoke&_modver=1.0&_dom=cdsp&_session=0 handle 0xb4000077c5fdb600
10-07 20:19:52.193 I/NpuProbe( 4776): [ggml] ggml-hex: HTP0 op batching: n-bufs 16 n-tensors 7168 n-ops 1024 vmem 3355443200
10-07 20:19:52.198 I/NpuProbe( 4776): load_all_from_path=52ms
10-07 20:19:52.198 I/NpuProbe( 4776): [ggml] load_backend: failed to find ggml_backend_init in /data/app/~~_SGkOc6q6Yi9oqCHaSo8cg==/br.gov.sp.pcsp.npuprobe-Q9zK8dNnWTAjUaaSddjQnw==/lib/arm64/libggml-hexagon.so
10-07 20:19:52.198 I/NpuProbe( 4776): load(hexagon direto)=FALHOU em 0ms
10-07 20:19:52.198 I/NpuProbe( 4776): devices=4
10-07 20:19:52.198 I/NpuProbe( 4776):   dev[0] Vulkan0 (Adreno (TM) 840)
10-07 20:19:52.198 I/NpuProbe( 4776):   dev[1] GPUOpenCL (QUALCOMM Adreno(TM) 840)
10-07 20:19:52.198 I/NpuProbe( 4776):   dev[2] HTP0 (Hexagon)
10-07 20:19:52.198 I/NpuProbe( 4776):   dev[3] CPU (CPU)
10-07 20:19:52.198 I/NpuProbe( 4776): dev_init(HTP0)=0ms -> SESSAO ABERTA
10-07 20:19:52.199 I/NpuProbe( 4776): graph_compute(MUL_MAT 64x64)=0.5ms status=0
10-07 20:19:52.199 I/NpuProbe( 4776): c[0]=128.000000 (esperado 128.0)
10-07 20:19:52.199 I/NpuProbe( 4776): RESULTADO: APP-UID OK: sessao HTP + op executado com resultado correto
10-07 20:19:52.200 I/NpuProbe( 4776): REPORT:
10-07 20:19:52.200 I/NpuProbe( 4776): libdir=/data/app/~~_SGkOc6q6Yi9oqCHaSo8cg==/br.gov.sp.pcsp.npuprobe-Q9zK8dNnWTAjUaaSddjQnw==/lib/arm64
10-07 20:19:52.200 I/NpuProbe( 4776): build=llama.cpp-upstream-pkg (v11-libs) + probe R4
10-07 20:19:52.200 I/NpuProbe( 4776): controle-sistema (liblog.so)=OK
10-07 20:19:52.200 I/NpuProbe( 4776): negativo-fake (libnaoexiste_xyz.so)=FALHOU err=dlopen failed: library "libnaoexiste_xyz.so" not found
10-07 20:19:52.200 I/NpuProbe( 4776): cdsprpc-nome (libcdsprpc.so)=OK
10-07 20:19:52.200 I/NpuProbe( 4776): cdsprpc-abs (/vendor/lib64/libcdsprpc.so)=OK
10-07 20:19:52.200 I/NpuProbe( 4776): ADSP_LIBRARY_PATH=libdir (setenv)
10-07 20:19:52.200 I/NpuProbe( 4776): load_all_from_path=52ms
10-07 20:19:52.200 I/NpuProbe( 4776): load(hexagon direto)=FALHOU em 0ms
10-07 20:19:52.200 I/NpuProbe( 4776): devices=4
10-07 20:19:52.200 I/NpuProbe( 4776):   dev[0] Vulkan0 (Adreno (TM) 840)
10-07 20:19:52.200 I/NpuProbe( 4776):   dev[1] GPUOpenCL (QUALCOMM Adreno(TM) 840)
10-07 20:19:52.200 I/NpuProbe( 4776):   dev[2] HTP0 (Hexagon)
10-07 20:19:52.200 I/NpuProbe( 4776):   dev[3] CPU (CPU)
10-07 20:19:52.200 I/NpuProbe( 4776): dev_init(HTP0)=0ms -> SESSAO ABERTA
10-07 20:19:52.200 I/NpuProbe( 4776): graph_compute(MUL_MAT 64x64)=0.5ms status=0
10-07 20:19:52.200 I/NpuProbe( 4776): c[0]=128.000000 (esperado 128.0)
10-07 20:19:52.200 I/NpuProbe( 4776): RESULTADO: APP-UID OK: sessao HTP + op executado com resultado correto
10-07 20:19:52.200 I/NpuProbe( 4776): AUTO-GATILHO='smart:sessao'
10-07 20:19:52.201 I/NpuProbe( 4776): SMART iniciando rota=sessao com /data/local/tmp/hymt2_app.gguf
10-07 20:19:52.201 I/NpuProbe( 4776): SMARTv2 rota='sessao' mutante=(none)
10-07 20:19:52.201 I/NpuProbe( 4776): TUNE: GGML_HEXAGON_MM_SELECT=2
10-07 20:19:52.202 I/NpuProbe( 4776): SESSAO(68a56a3): 4 requests na mesma sessao (roles separados; JSON nativo em files/r6-sess.jsonl)
10-07 20:19:53.942 I/NpuProbe( 4776): SESS[0] puro:htp puro: ok=1 pieces=8 prefill=812.12ms gen=701.86ms pp1=0.32ms wall=1514.3ms
10-07 20:19:53.942 I/NpuProbe( 4776): SESS[0] puro:htp puro texto_len=26 (integral no JSON)
10-07 20:19:53.942 I/NpuProbe( 4776): SESS[0] puro:htp lifecycle: load=224ms reset=1.83ms wall=1514.3ms
10-07 20:19:53.942 I/NpuProbe( 4776): SESS[0] puro:htp RESULTADO: PURO-EXECUTADO
10-07 20:19:55.980 I/NpuProbe( 4776): SESS[1] puro:htp puro: ok=1 pieces=8 prefill=1176.39ms gen=859.20ms pp1=0.15ms wall=2036.0ms
10-07 20:19:55.980 I/NpuProbe( 4776): SESS[1] puro:htp puro texto_len=26 (integral no JSON)
10-07 20:19:55.980 I/NpuProbe( 4776): SESS[1] puro:htp lifecycle: load=0ms reset=2.07ms wall=2036.0ms
10-07 20:19:55.980 I/NpuProbe( 4776): SESS[1] puro:htp RESULTADO: PURO-EXECUTADO
10-07 20:19:58.165 I/NpuProbe( 4776): SESS[2] puro:htp puro: ok=1 pieces=8 prefill=1365.24ms gen=816.39ms pp1=0.21ms wall=2182.1ms
10-07 20:19:58.165 I/NpuProbe( 4776): SESS[2] puro:htp puro texto_len=26 (integral no JSON)
10-07 20:19:58.165 I/NpuProbe( 4776): SESS[2] puro:htp lifecycle: load=0ms reset=2.12ms wall=2182.1ms
10-07 20:19:58.165 I/NpuProbe( 4776): SESS[2] puro:htp RESULTADO: PURO-EXECUTADO
10-07 20:20:00.425 I/NpuProbe( 4776): SESS[3] puro:htp puro: ok=1 pieces=8 prefill=1420.00ms gen=837.85ms pp1=0.21ms wall=2258.3ms
10-07 20:20:00.425 I/NpuProbe( 4776): SESS[3] puro:htp puro texto_len=26 (integral no JSON)
10-07 20:20:00.425 I/NpuProbe( 4776): SESS[3] puro:htp lifecycle: load=0ms reset=2.11ms wall=2258.3ms
10-07 20:20:00.425 I/NpuProbe( 4776): SESS[3] puro:htp RESULTADO: PURO-EXECUTADO
10-07 20:20:00.506 I/NpuProbe( 4776): SESSAO(68a56a3): fim (4 requests)
10-07 20:20:00.506 I/NpuProbe( 4776): SMART REPORT:
10-07 20:20:00.506 I/NpuProbe( 4776): SMART (sessao)
10-07 20:20:00.506 I/NpuProbe( 4776): 
10-07 20:20:00.506 I/NpuProbe( 4776): SMARTv2 rota='sessao' mutante=(none)
10-07 20:20:00.506 I/NpuProbe( 4776): TUNE: GGML_HEXAGON_MM_SELECT=2
10-07 20:20:00.506 I/NpuProbe( 4776): SESSAO(68a56a3): 4 requests na mesma sessao (roles separados; JSON nativo em files/r6-sess.jsonl)
10-07 20:20:00.506 I/NpuProbe( 4776): SESS[0] puro:htp puro: ok=1 pieces=8 prefill=812.12ms gen=701.86ms pp1=0.32ms wall=1514.3ms
10-07 20:20:00.506 I/NpuProbe( 4776): SESS[0] puro:htp puro texto_len=26 (integral no JSON)
10-07 20:20:00.506 I/NpuProbe( 4776): SESS[0] puro:htp lifecycle: load=224ms reset=1.83ms wall=1514.3ms
10-07 20:20:00.506 I/NpuProbe( 4776): SESS[0] puro:htp RESULTADO: PURO-EXECUTADO
10-07 20:20:00.506 I/NpuProbe( 4776): SESS[1] puro:htp puro: ok=1 pieces=8 prefill=1176.39ms gen=859.20ms pp1=0.15ms wall=2036.0ms
10-07 20:20:00.506 I/NpuProbe( 4776): SESS[1] puro:htp puro texto_len=26 (integral no JSON)
10-07 20:20:00.506 I/NpuProbe( 4776): SESS[1] puro:htp lifecycle: load=0ms reset=2.07ms wall=2036.0ms
10-07 20:20:00.506 I/NpuProbe( 4776): SESS[1] puro:htp RESULTADO: PURO-EXECUTADO
10-07 20:20:00.506 I/NpuProbe( 4776): SESS[2] puro:htp puro: ok=1 pieces=8 prefill=1365.24ms gen=816.39ms pp1=0.21ms wall=2182.1ms
10-07 20:20:00.506 I/NpuProbe( 4776): SESS[2] puro:htp puro texto_len=26 (integral no JSON)
10-07 20:20:00.506 I/NpuProbe( 4776): SESS[2] puro:htp lifecycle: load=0ms reset=2.12ms wall=2182.1ms
10-07 20:20:00.506 I/NpuProbe( 4776): SESS[2] puro:htp RESULTADO: PURO-EXECUTADO
10-07 20:20:00.506 I/NpuProbe( 4776): SESS[3] puro:htp puro: ok=1 pieces=8 prefill=1420.00ms gen=837.85ms pp1=0.21ms wall=2258.3ms
10-07 20:20:00.506 I/NpuProbe( 4776): SESS[3] puro:htp puro texto_len=26 (integral no JSON)
10-07 20:20:00.506 I/NpuProbe( 4776): SESS[3] puro:htp lifecycle: load=0ms reset=2.11ms wall=2258.3ms
10-07 20:20:00.506 I/NpuProbe( 4776): SESS[3] puro:htp RESULTADO: PURO-EXECUTADO
10-07 20:20:00.506 I/NpuProbe( 4776): SESSAO(68a56a3): fim (4 requests)
--------- beginning of main
10-07 20:19:52.144 I/NpuProbe( 4776): nativeLibraryDir=/data/app/~~_SGkOc6q6Yi9oqCHaSo8cg==/br.gov.sp.pcsp.npuprobe-Q9zK8dNnWTAjUaaSddjQnw==/lib/arm64
10-07 20:19:52.145 I/NpuProbe( 4776): libdir=/data/app/~~_SGkOc6q6Yi9oqCHaSo8cg==/br.gov.sp.pcsp.npuprobe-Q9zK8dNnWTAjUaaSddjQnw==/lib/arm64
10-07 20:19:52.145 I/NpuProbe( 4776): build=llama.cpp-upstream-pkg (v11-libs) + probe R4
10-07 20:19:52.145 I/NpuProbe( 4776): controle-sistema (liblog.so)=OK
10-07 20:19:52.145 I/NpuProbe( 4776): negativo-fake (libnaoexiste_xyz.so)=FALHOU err=dlopen failed: library "libnaoexiste_xyz.so" not found
10-07 20:19:52.145 I/NpuProbe( 4776): cdsprpc-nome (libcdsprpc.so)=OK
10-07 20:19:52.146 I/NpuProbe( 4776): cdsprpc-abs (/vendor/lib64/libcdsprpc.so)=OK
10-07 20:19:52.146 I/NpuProbe( 4776): ADSP_LIBRARY_PATH=libdir (setenv)
10-07 20:19:52.149 I/NpuProbe( 4776): [ggml] ggml_vulkan: Found 1 Vulkan devices:
10-07 20:19:52.149 I/NpuProbe( 4776): [ggml] ggml_vulkan: 0 = Adreno (TM) 840 (Qualcomm Technologies Inc. Adreno Vulkan Driver) | uma: 1 | fp16: 1 | bf16: 0 | fp4: 0 | warp size: 64 | shared memory: 32768 | int dot: 0 | matrix cores: none
10-07 20:19:52.155 I/NpuProbe( 4776): [ggml] ggml_opencl: selected platform: 'QUALCOMM Snapdragon(TM)'
10-07 20:19:52.156 I/NpuProbe( 4776): [ggml] 
10-07 20:19:52.156 I/NpuProbe( 4776): ggml_opencl: device: 'QUALCOMM Adreno(TM) 840 (OpenCL 3.0 Adreno(TM) 840)'
10-07 20:19:52.156 I/NpuProbe( 4776): [ggml] ggml_opencl: default device: 'QUALCOMM Adreno(TM) 840 (OpenCL 3.0 Adreno(TM) 840)'
10-07 20:19:52.156 I/NpuProbe( 4776): [ggml] ggml-hex: Loading driver libcdsprpc.so
10-07 20:19:52.157 I/NpuProbe( 4776): [ggml] ggml-hex: Hexagon backend (experimental) : allocating new registry : ndev 1
10-07 20:19:52.157 I/NpuProbe( 4776): [ggml] ggml-hex: Hexagon Arch version v81
10-07 20:19:52.157 I/NpuProbe( 4776): [ggml] ggml-hex: HTP0 allocating new session
10-07 20:19:52.188 I/NpuProbe( 4776): [ggml] ggml-hex: HTP0 hwinfo: threads 8, hvx 8, hmx 1, vtcm 8 MB
10-07 20:19:52.189 I/NpuProbe( 4776): [ggml] ggml-hex: HTP0 new session : session-id 0 domain-id 3 uri file:///libggml-htp-v81.so?htp_iface_skel_handle_invoke&_modver=1.0&_dom=cdsp&_session=0 handle 0xb4000077c5fdb600
10-07 20:19:52.193 I/NpuProbe( 4776): [ggml] ggml-hex: HTP0 op batching: n-bufs 16 n-tensors 7168 n-ops 1024 vmem 3355443200
10-07 20:19:52.198 I/NpuProbe( 4776): load_all_from_path=52ms
10-07 20:19:52.198 I/NpuProbe( 4776): [ggml] load_backend: failed to find ggml_backend_init in /data/app/~~_SGkOc6q6Yi9oqCHaSo8cg==/br.gov.sp.pcsp.npuprobe-Q9zK8dNnWTAjUaaSddjQnw==/lib/arm64/libggml-hexagon.so
10-07 20:19:52.198 I/NpuProbe( 4776): load(hexagon direto)=FALHOU em 0ms
10-07 20:19:52.198 I/NpuProbe( 4776): devices=4
10-07 20:19:52.198 I/NpuProbe( 4776):   dev[0] Vulkan0 (Adreno (TM) 840)
10-07 20:19:52.198 I/NpuProbe( 4776):   dev[1] GPUOpenCL (QUALCOMM Adreno(TM) 840)
10-07 20:19:52.198 I/NpuProbe( 4776):   dev[2] HTP0 (Hexagon)
10-07 20:19:52.198 I/NpuProbe( 4776):   dev[3] CPU (CPU)
10-07 20:19:52.198 I/NpuProbe( 4776): dev_init(HTP0)=0ms -> SESSAO ABERTA
10-07 20:19:52.199 I/NpuProbe( 4776): graph_compute(MUL_MAT 64x64)=0.5ms status=0
10-07 20:19:52.199 I/NpuProbe( 4776): c[0]=128.000000 (esperado 128.0)
10-07 20:19:52.199 I/NpuProbe( 4776): RESULTADO: APP-UID OK: sessao HTP + op executado com resultado correto
10-07 20:19:52.200 I/NpuProbe( 4776): REPORT:
10-07 20:19:52.200 I/NpuProbe( 4776): libdir=/data/app/~~_SGkOc6q6Yi9oqCHaSo8cg==/br.gov.sp.pcsp.npuprobe-Q9zK8dNnWTAjUaaSddjQnw==/lib/arm64
10-07 20:19:52.200 I/NpuProbe( 4776): build=llama.cpp-upstream-pkg (v11-libs) + probe R4
10-07 20:19:52.200 I/NpuProbe( 4776): controle-sistema (liblog.so)=OK
10-07 20:19:52.200 I/NpuProbe( 4776): negativo-fake (libnaoexiste_xyz.so)=FALHOU err=dlopen failed: library "libnaoexiste_xyz.so" not found
10-07 20:19:52.200 I/NpuProbe( 4776): cdsprpc-nome (libcdsprpc.so)=OK
10-07 20:19:52.200 I/NpuProbe( 4776): cdsprpc-abs (/vendor/lib64/libcdsprpc.so)=OK
10-07 20:19:52.200 I/NpuProbe( 4776): ADSP_LIBRARY_PATH=libdir (setenv)
10-07 20:19:52.200 I/NpuProbe( 4776): load_all_from_path=52ms
10-07 20:19:52.200 I/NpuProbe( 4776): load(hexagon direto)=FALHOU em 0ms
10-07 20:19:52.200 I/NpuProbe( 4776): devices=4
10-07 20:19:52.200 I/NpuProbe( 4776):   dev[0] Vulkan0 (Adreno (TM) 840)
10-07 20:19:52.200 I/NpuProbe( 4776):   dev[1] GPUOpenCL (QUALCOMM Adreno(TM) 840)
10-07 20:19:52.200 I/NpuProbe( 4776):   dev[2] HTP0 (Hexagon)
10-07 20:19:52.200 I/NpuProbe( 4776):   dev[3] CPU (CPU)
10-07 20:19:52.200 I/NpuProbe( 4776): dev_init(HTP0)=0ms -> SESSAO ABERTA
10-07 20:19:52.200 I/NpuProbe( 4776): graph_compute(MUL_MAT 64x64)=0.5ms status=0
10-07 20:19:52.200 I/NpuProbe( 4776): c[0]=128.000000 (esperado 128.0)
10-07 20:19:52.200 I/NpuProbe( 4776): RESULTADO: APP-UID OK: sessao HTP + op executado com resultado correto
10-07 20:19:52.200 I/NpuProbe( 4776): AUTO-GATILHO='smart:sessao'
10-07 20:19:52.201 I/NpuProbe( 4776): SMART iniciando rota=sessao com /data/local/tmp/hymt2_app.gguf
10-07 20:19:52.201 I/NpuProbe( 4776): SMARTv2 rota='sessao' mutante=(none)
10-07 20:19:52.201 I/NpuProbe( 4776): TUNE: GGML_HEXAGON_MM_SELECT=2
10-07 20:19:52.202 I/NpuProbe( 4776): SESSAO(68a56a3): 4 requests na mesma sessao (roles separados; JSON nativo em files/r6-sess.jsonl)
10-07 20:19:53.942 I/NpuProbe( 4776): SESS[0] puro:htp puro: ok=1 pieces=8 prefill=812.12ms gen=701.86ms pp1=0.32ms wall=1514.3ms
10-07 20:19:53.942 I/NpuProbe( 4776): SESS[0] puro:htp puro texto_len=26 (integral no JSON)
10-07 20:19:53.942 I/NpuProbe( 4776): SESS[0] puro:htp lifecycle: load=224ms reset=1.83ms wall=1514.3ms
10-07 20:19:53.942 I/NpuProbe( 4776): SESS[0] puro:htp RESULTADO: PURO-EXECUTADO
10-07 20:19:55.980 I/NpuProbe( 4776): SESS[1] puro:htp puro: ok=1 pieces=8 prefill=1176.39ms gen=859.20ms pp1=0.15ms wall=2036.0ms
10-07 20:19:55.980 I/NpuProbe( 4776): SESS[1] puro:htp puro texto_len=26 (integral no JSON)
10-07 20:19:55.980 I/NpuProbe( 4776): SESS[1] puro:htp lifecycle: load=0ms reset=2.07ms wall=2036.0ms
10-07 20:19:55.980 I/NpuProbe( 4776): SESS[1] puro:htp RESULTADO: PURO-EXECUTADO
10-07 20:19:58.165 I/NpuProbe( 4776): SESS[2] puro:htp puro: ok=1 pieces=8 prefill=1365.24ms gen=816.39ms pp1=0.21ms wall=2182.1ms
10-07 20:19:58.165 I/NpuProbe( 4776): SESS[2] puro:htp puro texto_len=26 (integral no JSON)
10-07 20:19:58.165 I/NpuProbe( 4776): SESS[2] puro:htp lifecycle: load=0ms reset=2.12ms wall=2182.1ms
10-07 20:19:58.165 I/NpuProbe( 4776): SESS[2] puro:htp RESULTADO: PURO-EXECUTADO
10-07 20:20:00.425 I/NpuProbe( 4776): SESS[3] puro:htp puro: ok=1 pieces=8 prefill=1420.00ms gen=837.85ms pp1=0.21ms wall=2258.3ms
10-07 20:20:00.425 I/NpuProbe( 4776): SESS[3] puro:htp puro texto_len=26 (integral no JSON)
10-07 20:20:00.425 I/NpuProbe( 4776): SESS[3] puro:htp lifecycle: load=0ms reset=2.11ms wall=2258.3ms
10-07 20:20:00.425 I/NpuProbe( 4776): SESS[3] puro:htp RESULTADO: PURO-EXECUTADO
10-07 20:20:00.506 I/NpuProbe( 4776): SESSAO(68a56a3): fim (4 requests)
10-07 20:20:00.506 I/NpuProbe( 4776): SMART REPORT:
10-07 20:20:00.506 I/NpuProbe( 4776): SMART (sessao)
10-07 20:20:00.506 I/NpuProbe( 4776): 
10-07 20:20:00.506 I/NpuProbe( 4776): SMARTv2 rota='sessao' mutante=(none)
10-07 20:20:00.506 I/NpuProbe( 4776): TUNE: GGML_HEXAGON_MM_SELECT=2
10-07 20:20:00.506 I/NpuProbe( 4776): SESSAO(68a56a3): 4 requests na mesma sessao (roles separados; JSON nativo em files/r6-sess.jsonl)
10-07 20:20:00.506 I/NpuProbe( 4776): SESS[0] puro:htp puro: ok=1 pieces=8 prefill=812.12ms gen=701.86ms pp1=0.32ms wall=1514.3ms
10-07 20:20:00.506 I/NpuProbe( 4776): SESS[0] puro:htp puro texto_len=26 (integral no JSON)
10-07 20:20:00.506 I/NpuProbe( 4776): SESS[0] puro:htp lifecycle: load=224ms reset=1.83ms wall=1514.3ms
10-07 20:20:00.506 I/NpuProbe( 4776): SESS[0] puro:htp RESULTADO: PURO-EXECUTADO
10-07 20:20:00.506 I/NpuProbe( 4776): SESS[1] puro:htp puro: ok=1 pieces=8 prefill=1176.39ms gen=859.20ms pp1=0.15ms wall=2036.0ms
10-07 20:20:00.506 I/NpuProbe( 4776): SESS[1] puro:htp puro texto_len=26 (integral no JSON)
10-07 20:20:00.506 I/NpuProbe( 4776): SESS[1] puro:htp lifecycle: load=0ms reset=2.07ms wall=2036.0ms
10-07 20:20:00.506 I/NpuProbe( 4776): SESS[1] puro:htp RESULTADO: PURO-EXECUTADO
10-07 20:20:00.506 I/NpuProbe( 4776): SESS[2] puro:htp puro: ok=1 pieces=8 prefill=1365.24ms gen=816.39ms pp1=0.21ms wall=2182.1ms
10-07 20:20:00.506 I/NpuProbe( 4776): SESS[2] puro:htp puro texto_len=26 (integral no JSON)
10-07 20:20:00.506 I/NpuProbe( 4776): SESS[2] puro:htp lifecycle: load=0ms reset=2.12ms wall=2182.1ms
10-07 20:20:00.506 I/NpuProbe( 4776): SESS[2] puro:htp RESULTADO: PURO-EXECUTADO
10-07 20:20:00.506 I/NpuProbe( 4776): SESS[3] puro:htp puro: ok=1 pieces=8 prefill=1420.00ms gen=837.85ms pp1=0.21ms wall=2258.3ms
10-07 20:20:00.506 I/NpuProbe( 4776): SESS[3] puro:htp puro texto_len=26 (integral no JSON)
10-07 20:20:00.506 I/NpuProbe( 4776): SESS[3] puro:htp lifecycle: load=0ms reset=2.11ms wall=2258.3ms
10-07 20:20:00.506 I/NpuProbe( 4776): SESS[3] puro:htp RESULTADO: PURO-EXECUTADO
10-07 20:20:00.506 I/NpuProbe( 4776): SESSAO(68a56a3): fim (4 requests)
--------- beginning of main
10-07 20:19:52.144 I/NpuProbe( 4776): nativeLibraryDir=/data/app/~~_SGkOc6q6Yi9oqCHaSo8cg==/br.gov.sp.pcsp.npuprobe-Q9zK8dNnWTAjUaaSddjQnw==/lib/arm64
10-07 20:19:52.145 I/NpuProbe( 4776): libdir=/data/app/~~_SGkOc6q6Yi9oqCHaSo8cg==/br.gov.sp.pcsp.npuprobe-Q9zK8dNnWTAjUaaSddjQnw==/lib/arm64
10-07 20:19:52.145 I/NpuProbe( 4776): build=llama.cpp-upstream-pkg (v11-libs) + probe R4
10-07 20:19:52.145 I/NpuProbe( 4776): controle-sistema (liblog.so)=OK
10-07 20:19:52.145 I/NpuProbe( 4776): negativo-fake (libnaoexiste_xyz.so)=FALHOU err=dlopen failed: library "libnaoexiste_xyz.so" not found
10-07 20:19:52.145 I/NpuProbe( 4776): cdsprpc-nome (libcdsprpc.so)=OK
10-07 20:19:52.146 I/NpuProbe( 4776): cdsprpc-abs (/vendor/lib64/libcdsprpc.so)=OK
10-07 20:19:52.146 I/NpuProbe( 4776): ADSP_LIBRARY_PATH=libdir (setenv)
10-07 20:19:52.149 I/NpuProbe( 4776): [ggml] ggml_vulkan: Found 1 Vulkan devices:
10-07 20:19:52.149 I/NpuProbe( 4776): [ggml] ggml_vulkan: 0 = Adreno (TM) 840 (Qualcomm Technologies Inc. Adreno Vulkan Driver) | uma: 1 | fp16: 1 | bf16: 0 | fp4: 0 | warp size: 64 | shared memory: 32768 | int dot: 0 | matrix cores: none
10-07 20:19:52.155 I/NpuProbe( 4776): [ggml] ggml_opencl: selected platform: 'QUALCOMM Snapdragon(TM)'
10-07 20:19:52.156 I/NpuProbe( 4776): [ggml] 
10-07 20:19:52.156 I/NpuProbe( 4776): ggml_opencl: device: 'QUALCOMM Adreno(TM) 840 (OpenCL 3.0 Adreno(TM) 840)'
10-07 20:19:52.156 I/NpuProbe( 4776): [ggml] ggml_opencl: default device: 'QUALCOMM Adreno(TM) 840 (OpenCL 3.0 Adreno(TM) 840)'
10-07 20:19:52.156 I/NpuProbe( 4776): [ggml] ggml-hex: Loading driver libcdsprpc.so
10-07 20:19:52.157 I/NpuProbe( 4776): [ggml] ggml-hex: Hexagon backend (experimental) : allocating new registry : ndev 1
10-07 20:19:52.157 I/NpuProbe( 4776): [ggml] ggml-hex: Hexagon Arch version v81
10-07 20:19:52.157 I/NpuProbe( 4776): [ggml] ggml-hex: HTP0 allocating new session
10-07 20:19:52.188 I/NpuProbe( 4776): [ggml] ggml-hex: HTP0 hwinfo: threads 8, hvx 8, hmx 1, vtcm 8 MB
10-07 20:19:52.189 I/NpuProbe( 4776): [ggml] ggml-hex: HTP0 new session : session-id 0 domain-id 3 uri file:///libggml-htp-v81.so?htp_iface_skel_handle_invoke&_modver=1.0&_dom=cdsp&_session=0 handle 0xb4000077c5fdb600
10-07 20:19:52.193 I/NpuProbe( 4776): [ggml] ggml-hex: HTP0 op batching: n-bufs 16 n-tensors 7168 n-ops 1024 vmem 3355443200
10-07 20:19:52.198 I/NpuProbe( 4776): load_all_from_path=52ms
10-07 20:19:52.198 I/NpuProbe( 4776): [ggml] load_backend: failed to find ggml_backend_init in /data/app/~~_SGkOc6q6Yi9oqCHaSo8cg==/br.gov.sp.pcsp.npuprobe-Q9zK8dNnWTAjUaaSddjQnw==/lib/arm64/libggml-hexagon.so
10-07 20:19:52.198 I/NpuProbe( 4776): load(hexagon direto)=FALHOU em 0ms
10-07 20:19:52.198 I/NpuProbe( 4776): devices=4
10-07 20:19:52.198 I/NpuProbe( 4776):   dev[0] Vulkan0 (Adreno (TM) 840)
10-07 20:19:52.198 I/NpuProbe( 4776):   dev[1] GPUOpenCL (QUALCOMM Adreno(TM) 840)
10-07 20:19:52.198 I/NpuProbe( 4776):   dev[2] HTP0 (Hexagon)
10-07 20:19:52.198 I/NpuProbe( 4776):   dev[3] CPU (CPU)
10-07 20:19:52.198 I/NpuProbe( 4776): dev_init(HTP0)=0ms -> SESSAO ABERTA
10-07 20:19:52.199 I/NpuProbe( 4776): graph_compute(MUL_MAT 64x64)=0.5ms status=0
10-07 20:19:52.199 I/NpuProbe( 4776): c[0]=128.000000 (esperado 128.0)
10-07 20:19:52.199 I/NpuProbe( 4776): RESULTADO: APP-UID OK: sessao HTP + op executado com resultado correto
10-07 20:19:52.200 I/NpuProbe( 4776): REPORT:
10-07 20:19:52.200 I/NpuProbe( 4776): libdir=/data/app/~~_SGkOc6q6Yi9oqCHaSo8cg==/br.gov.sp.pcsp.npuprobe-Q9zK8dNnWTAjUaaSddjQnw==/lib/arm64
10-07 20:19:52.200 I/NpuProbe( 4776): build=llama.cpp-upstream-pkg (v11-libs) + probe R4
10-07 20:19:52.200 I/NpuProbe( 4776): controle-sistema (liblog.so)=OK
10-07 20:19:52.200 I/NpuProbe( 4776): negativo-fake (libnaoexiste_xyz.so)=FALHOU err=dlopen failed: library "libnaoexiste_xyz.so" not found
10-07 20:19:52.200 I/NpuProbe( 4776): cdsprpc-nome (libcdsprpc.so)=OK
10-07 20:19:52.200 I/NpuProbe( 4776): cdsprpc-abs (/vendor/lib64/libcdsprpc.so)=OK
10-07 20:19:52.200 I/NpuProbe( 4776): ADSP_LIBRARY_PATH=libdir (setenv)
10-07 20:19:52.200 I/NpuProbe( 4776): load_all_from_path=52ms
10-07 20:19:52.200 I/NpuProbe( 4776): load(hexagon direto)=FALHOU em 0ms
10-07 20:19:52.200 I/NpuProbe( 4776): devices=4
10-07 20:19:52.200 I/NpuProbe( 4776):   dev[0] Vulkan0 (Adreno (TM) 840)
10-07 20:19:52.200 I/NpuProbe( 4776):   dev[1] GPUOpenCL (QUALCOMM Adreno(TM) 840)
10-07 20:19:52.200 I/NpuProbe( 4776):   dev[2] HTP0 (Hexagon)
10-07 20:19:52.200 I/NpuProbe( 4776):   dev[3] CPU (CPU)
10-07 20:19:52.200 I/NpuProbe( 4776): dev_init(HTP0)=0ms -> SESSAO ABERTA
10-07 20:19:52.200 I/NpuProbe( 4776): graph_compute(MUL_MAT 64x64)=0.5ms status=0
10-07 20:19:52.200 I/NpuProbe( 4776): c[0]=128.000000 (esperado 128.0)
10-07 20:19:52.200 I/NpuProbe( 4776): RESULTADO: APP-UID OK: sessao HTP + op executado com resultado correto
10-07 20:19:52.200 I/NpuProbe( 4776): AUTO-GATILHO='smart:sessao'
10-07 20:19:52.201 I/NpuProbe( 4776): SMART iniciando rota=sessao com /data/local/tmp/hymt2_app.gguf
10-07 20:19:52.201 I/NpuProbe( 4776): SMARTv2 rota='sessao' mutante=(none)
10-07 20:19:52.201 I/NpuProbe( 4776): TUNE: GGML_HEXAGON_MM_SELECT=2
10-07 20:19:52.202 I/NpuProbe( 4776): SESSAO(68a56a3): 4 requests na mesma sessao (roles separados; JSON nativo em files/r6-sess.jsonl)
10-07 20:19:53.942 I/NpuProbe( 4776): SESS[0] puro:htp puro: ok=1 pieces=8 prefill=812.12ms gen=701.86ms pp1=0.32ms wall=1514.3ms
10-07 20:19:53.942 I/NpuProbe( 4776): SESS[0] puro:htp puro texto_len=26 (integral no JSON)
10-07 20:19:53.942 I/NpuProbe( 4776): SESS[0] puro:htp lifecycle: load=224ms reset=1.83ms wall=1514.3ms
10-07 20:19:53.942 I/NpuProbe( 4776): SESS[0] puro:htp RESULTADO: PURO-EXECUTADO
10-07 20:19:55.980 I/NpuProbe( 4776): SESS[1] puro:htp puro: ok=1 pieces=8 prefill=1176.39ms gen=859.20ms pp1=0.15ms wall=2036.0ms
10-07 20:19:55.980 I/NpuProbe( 4776): SESS[1] puro:htp puro texto_len=26 (integral no JSON)
10-07 20:19:55.980 I/NpuProbe( 4776): SESS[1] puro:htp lifecycle: load=0ms reset=2.07ms wall=2036.0ms
10-07 20:19:55.980 I/NpuProbe( 4776): SESS[1] puro:htp RESULTADO: PURO-EXECUTADO
10-07 20:19:58.165 I/NpuProbe( 4776): SESS[2] puro:htp puro: ok=1 pieces=8 prefill=1365.24ms gen=816.39ms pp1=0.21ms wall=2182.1ms
10-07 20:19:58.165 I/NpuProbe( 4776): SESS[2] puro:htp puro texto_len=26 (integral no JSON)
10-07 20:19:58.165 I/NpuProbe( 4776): SESS[2] puro:htp lifecycle: load=0ms reset=2.12ms wall=2182.1ms
10-07 20:19:58.165 I/NpuProbe( 4776): SESS[2] puro:htp RESULTADO: PURO-EXECUTADO
10-07 20:20:00.425 I/NpuProbe( 4776): SESS[3] puro:htp puro: ok=1 pieces=8 prefill=1420.00ms gen=837.85ms pp1=0.21ms wall=2258.3ms
10-07 20:20:00.425 I/NpuProbe( 4776): SESS[3] puro:htp puro texto_len=26 (integral no JSON)
10-07 20:20:00.425 I/NpuProbe( 4776): SESS[3] puro:htp lifecycle: load=0ms reset=2.11ms wall=2258.3ms
10-07 20:20:00.425 I/NpuProbe( 4776): SESS[3] puro:htp RESULTADO: PURO-EXECUTADO
10-07 20:20:00.506 I/NpuProbe( 4776): SESSAO(68a56a3): fim (4 requests)
10-07 20:20:00.506 I/NpuProbe( 4776): SMART REPORT:
10-07 20:20:00.506 I/NpuProbe( 4776): SMART (sessao)
10-07 20:20:00.506 I/NpuProbe( 4776): 
10-07 20:20:00.506 I/NpuProbe( 4776): SMARTv2 rota='sessao' mutante=(none)
10-07 20:20:00.506 I/NpuProbe( 4776): TUNE: GGML_HEXAGON_MM_SELECT=2
10-07 20:20:00.506 I/NpuProbe( 4776): SESSAO(68a56a3): 4 requests na mesma sessao (roles separados; JSON nativo em files/r6-sess.jsonl)
10-07 20:20:00.506 I/NpuProbe( 4776): SESS[0] puro:htp puro: ok=1 pieces=8 prefill=812.12ms gen=701.86ms pp1=0.32ms wall=1514.3ms
10-07 20:20:00.506 I/NpuProbe( 4776): SESS[0] puro:htp puro texto_len=26 (integral no JSON)
10-07 20:20:00.506 I/NpuProbe( 4776): SESS[0] puro:htp lifecycle: load=224ms reset=1.83ms wall=1514.3ms
10-07 20:20:00.506 I/NpuProbe( 4776): SESS[0] puro:htp RESULTADO: PURO-EXECUTADO
10-07 20:20:00.506 I/NpuProbe( 4776): SESS[1] puro:htp puro: ok=1 pieces=8 prefill=1176.39ms gen=859.20ms pp1=0.15ms wall=2036.0ms
10-07 20:20:00.506 I/NpuProbe( 4776): SESS[1] puro:htp puro texto_len=26 (integral no JSON)
10-07 20:20:00.506 I/NpuProbe( 4776): SESS[1] puro:htp lifecycle: load=0ms reset=2.07ms wall=2036.0ms
10-07 20:20:00.506 I/NpuProbe( 4776): SESS[1] puro:htp RESULTADO: PURO-EXECUTADO
10-07 20:20:00.506 I/NpuProbe( 4776): SESS[2] puro:htp puro: ok=1 pieces=8 prefill=1365.24ms gen=816.39ms pp1=0.21ms wall=2182.1ms
10-07 20:20:00.506 I/NpuProbe( 4776): SESS[2] puro:htp puro texto_len=26 (integral no JSON)
10-07 20:20:00.506 I/NpuProbe( 4776): SESS[2] puro:htp lifecycle: load=0ms reset=2.12ms wall=2182.1ms
10-07 20:20:00.506 I/NpuProbe( 4776): SESS[2] puro:htp RESULTADO: PURO-EXECUTADO
10-07 20:20:00.506 I/NpuProbe( 4776): SESS[3] puro:htp puro: ok=1 pieces=8 prefill=1420.00ms gen=837.85ms pp1=0.21ms wall=2258.3ms
10-07 20:20:00.506 I/NpuProbe( 4776): SESS[3] puro:htp puro texto_len=26 (integral no JSON)
10-07 20:20:00.506 I/NpuProbe( 4776): SESS[3] puro:htp lifecycle: load=0ms reset=2.11ms wall=2258.3ms
10-07 20:20:00.506 I/NpuProbe( 4776): SESS[3] puro:htp RESULTADO: PURO-EXECUTADO
10-07 20:20:00.506 I/NpuProbe( 4776): SESSAO(68a56a3): fim (4 requests)
10-07 20:21:03.960 I/NpuProbe(27086): nativeLibraryDir=/data/app/~~_SGkOc6q6Yi9oqCHaSo8cg==/br.gov.sp.pcsp.npuprobe-Q9zK8dNnWTAjUaaSddjQnw==/lib/arm64
10-07 20:21:03.961 I/NpuProbe(27086): libdir=/data/app/~~_SGkOc6q6Yi9oqCHaSo8cg==/br.gov.sp.pcsp.npuprobe-Q9zK8dNnWTAjUaaSddjQnw==/lib/arm64
10-07 20:21:03.961 I/NpuProbe(27086): build=llama.cpp-upstream-pkg (v11-libs) + probe R4
10-07 20:21:03.961 I/NpuProbe(27086): controle-sistema (liblog.so)=OK
10-07 20:21:03.961 I/NpuProbe(27086): negativo-fake (libnaoexiste_xyz.so)=FALHOU err=dlopen failed: library "libnaoexiste_xyz.so" not found
10-07 20:21:03.961 I/NpuProbe(27086): cdsprpc-nome (libcdsprpc.so)=OK
10-07 20:21:03.962 I/NpuProbe(27086): cdsprpc-abs (/vendor/lib64/libcdsprpc.so)=OK
10-07 20:21:03.962 I/NpuProbe(27086): ADSP_LIBRARY_PATH=libdir (setenv)
10-07 20:21:03.963 I/NpuProbe(27086): [ggml] ggml_vulkan: Found 1 Vulkan devices:
10-07 20:21:03.963 I/NpuProbe(27086): [ggml] ggml_vulkan: 0 = Adreno (TM) 840 (Qualcomm Technologies Inc. Adreno Vulkan Driver) | uma: 1 | fp16: 1 | bf16: 0 | fp4: 0 | warp size: 64 | shared memory: 32768 | int dot: 0 | matrix cores: none
10-07 20:21:03.969 I/NpuProbe(27086): [ggml] ggml_opencl: selected platform: 'QUALCOMM Snapdragon(TM)'
10-07 20:21:03.969 I/NpuProbe(27086): [ggml] 
10-07 20:21:03.969 I/NpuProbe(27086): ggml_opencl: device: 'QUALCOMM Adreno(TM) 840 (OpenCL 3.0 Adreno(TM) 840)'
10-07 20:21:03.969 I/NpuProbe(27086): [ggml] ggml_opencl: default device: 'QUALCOMM Adreno(TM) 840 (OpenCL 3.0 Adreno(TM) 840)'
10-07 20:21:03.970 I/NpuProbe(27086): [ggml] ggml-hex: Loading driver libcdsprpc.so
10-07 20:21:03.972 I/NpuProbe(27086): [ggml] ggml-hex: Hexagon backend (experimental) : allocating new registry : ndev 1
10-07 20:21:03.972 I/NpuProbe(27086): [ggml] ggml-hex: Hexagon Arch version v81
10-07 20:21:03.972 I/NpuProbe(27086): [ggml] ggml-hex: HTP0 allocating new session
10-07 20:21:04.006 I/NpuProbe(27086): [ggml] ggml-hex: HTP0 hwinfo: threads 8, hvx 8, hmx 1, vtcm 8 MB
10-07 20:21:04.006 I/NpuProbe(27086): [ggml] ggml-hex: HTP0 new session : session-id 0 domain-id 3 uri file:///libggml-htp-v81.so?htp_iface_skel_handle_invoke&_modver=1.0&_dom=cdsp&_session=0 handle 0xb4000077d52a0900
10-07 20:21:04.009 I/NpuProbe(27086): [ggml] ggml-hex: HTP0 op batching: n-bufs 16 n-tensors 7168 n-ops 1024 vmem 3355443200
10-07 20:21:04.013 I/NpuProbe(27086): load_all_from_path=51ms
10-07 20:21:04.013 I/NpuProbe(27086): [ggml] load_backend: failed to find ggml_backend_init in /data/app/~~_SGkOc6q6Yi9oqCHaSo8cg==/br.gov.sp.pcsp.npuprobe-Q9zK8dNnWTAjUaaSddjQnw==/lib/arm64/libggml-hexagon.so
10-07 20:21:04.013 I/NpuProbe(27086): load(hexagon direto)=FALHOU em 0ms
10-07 20:21:04.013 I/NpuProbe(27086): devices=4
10-07 20:21:04.013 I/NpuProbe(27086):   dev[0] Vulkan0 (Adreno (TM) 840)
10-07 20:21:04.013 I/NpuProbe(27086):   dev[1] GPUOpenCL (QUALCOMM Adreno(TM) 840)
10-07 20:21:04.013 I/NpuProbe(27086):   dev[2] HTP0 (Hexagon)
10-07 20:21:04.013 I/NpuProbe(27086):   dev[3] CPU (CPU)
10-07 20:21:04.013 I/NpuProbe(27086): dev_init(HTP0)=0ms -> SESSAO ABERTA
10-07 20:21:04.014 I/NpuProbe(27086): graph_compute(MUL_MAT 64x64)=0.5ms status=0
10-07 20:21:04.014 I/NpuProbe(27086): c[0]=128.000000 (esperado 128.0)
10-07 20:21:04.014 I/NpuProbe(27086): RESULTADO: APP-UID OK: sessao HTP + op executado com resultado correto
10-07 20:21:04.014 I/NpuProbe(27086): REPORT:
10-07 20:21:04.014 I/NpuProbe(27086): libdir=/data/app/~~_SGkOc6q6Yi9oqCHaSo8cg==/br.gov.sp.pcsp.npuprobe-Q9zK8dNnWTAjUaaSddjQnw==/lib/arm64
10-07 20:21:04.014 I/NpuProbe(27086): build=llama.cpp-upstream-pkg (v11-libs) + probe R4
10-07 20:21:04.014 I/NpuProbe(27086): controle-sistema (liblog.so)=OK
10-07 20:21:04.014 I/NpuProbe(27086): negativo-fake (libnaoexiste_xyz.so)=FALHOU err=dlopen failed: library "libnaoexiste_xyz.so" not found
10-07 20:21:04.014 I/NpuProbe(27086): cdsprpc-nome (libcdsprpc.so)=OK
10-07 20:21:04.014 I/NpuProbe(27086): cdsprpc-abs (/vendor/lib64/libcdsprpc.so)=OK
10-07 20:21:04.014 I/NpuProbe(27086): ADSP_LIBRARY_PATH=libdir (setenv)
10-07 20:21:04.014 I/NpuProbe(27086): load_all_from_path=51ms
10-07 20:21:04.014 I/NpuProbe(27086): load(hexagon direto)=FALHOU em 0ms
10-07 20:21:04.014 I/NpuProbe(27086): devices=4
10-07 20:21:04.014 I/NpuProbe(27086):   dev[0] Vulkan0 (Adreno (TM) 840)
10-07 20:21:04.014 I/NpuProbe(27086):   dev[1] GPUOpenCL (QUALCOMM Adreno(TM) 840)
10-07 20:21:04.014 I/NpuProbe(27086):   dev[2] HTP0 (Hexagon)
10-07 20:21:04.014 I/NpuProbe(27086):   dev[3] CPU (CPU)
10-07 20:21:04.014 I/NpuProbe(27086): dev_init(HTP0)=0ms -> SESSAO ABERTA
10-07 20:21:04.014 I/NpuProbe(27086): graph_compute(MUL_MAT 64x64)=0.5ms status=0
10-07 20:21:04.014 I/NpuProbe(27086): c[0]=128.000000 (esperado 128.0)
10-07 20:21:04.014 I/NpuProbe(27086): RESULTADO: APP-UID OK: sessao HTP + op executado com resultado correto
10-07 20:21:04.015 I/NpuProbe(27086): AUTO-GATILHO='smart:sessao'
10-07 20:21:04.015 I/NpuProbe(27086): SMART iniciando rota=sessao com /data/local/tmp/hymt2_app.gguf
10-07 20:21:04.015 I/NpuProbe(27086): SMARTv2 rota='sessao' mutante=(none)
10-07 20:21:04.016 I/NpuProbe(27086): SESSAO(68b6f29): 4 requests na mesma sessao (roles separados; JSON nativo em files/r6-sess.jsonl)
10-07 20:21:05.737 I/NpuProbe(27086): SESS[0] puro:htp puro: ok=1 pieces=8 prefill=822.52ms gen=673.15ms pp1=0.34ms wall=1495.9ms
10-07 20:21:05.737 I/NpuProbe(27086): SESS[0] puro:htp puro texto_len=26 (integral no JSON)
10-07 20:21:05.737 I/NpuProbe(27086): SESS[0] puro:htp lifecycle: load=224ms reset=1.93ms wall=1495.9ms
10-07 20:21:05.738 I/NpuProbe(27086): SESS[0] puro:htp RESULTADO: PURO-EXECUTADO
--------- beginning of main
10-07 20:21:03.960 I/NpuProbe(27086): nativeLibraryDir=/data/app/~~_SGkOc6q6Yi9oqCHaSo8cg==/br.gov.sp.pcsp.npuprobe-Q9zK8dNnWTAjUaaSddjQnw==/lib/arm64
10-07 20:21:03.961 I/NpuProbe(27086): libdir=/data/app/~~_SGkOc6q6Yi9oqCHaSo8cg==/br.gov.sp.pcsp.npuprobe-Q9zK8dNnWTAjUaaSddjQnw==/lib/arm64
10-07 20:21:03.961 I/NpuProbe(27086): build=llama.cpp-upstream-pkg (v11-libs) + probe R4
10-07 20:21:03.961 I/NpuProbe(27086): controle-sistema (liblog.so)=OK
10-07 20:21:03.961 I/NpuProbe(27086): negativo-fake (libnaoexiste_xyz.so)=FALHOU err=dlopen failed: library "libnaoexiste_xyz.so" not found
10-07 20:21:03.961 I/NpuProbe(27086): cdsprpc-nome (libcdsprpc.so)=OK
10-07 20:21:03.962 I/NpuProbe(27086): cdsprpc-abs (/vendor/lib64/libcdsprpc.so)=OK
10-07 20:21:03.962 I/NpuProbe(27086): ADSP_LIBRARY_PATH=libdir (setenv)
10-07 20:21:03.963 I/NpuProbe(27086): [ggml] ggml_vulkan: Found 1 Vulkan devices:
10-07 20:21:03.963 I/NpuProbe(27086): [ggml] ggml_vulkan: 0 = Adreno (TM) 840 (Qualcomm Technologies Inc. Adreno Vulkan Driver) | uma: 1 | fp16: 1 | bf16: 0 | fp4: 0 | warp size: 64 | shared memory: 32768 | int dot: 0 | matrix cores: none
10-07 20:21:03.969 I/NpuProbe(27086): [ggml] ggml_opencl: selected platform: 'QUALCOMM Snapdragon(TM)'
10-07 20:21:03.969 I/NpuProbe(27086): [ggml] 
10-07 20:21:03.969 I/NpuProbe(27086): ggml_opencl: device: 'QUALCOMM Adreno(TM) 840 (OpenCL 3.0 Adreno(TM) 840)'
10-07 20:21:03.969 I/NpuProbe(27086): [ggml] ggml_opencl: default device: 'QUALCOMM Adreno(TM) 840 (OpenCL 3.0 Adreno(TM) 840)'
10-07 20:21:03.970 I/NpuProbe(27086): [ggml] ggml-hex: Loading driver libcdsprpc.so
10-07 20:21:03.972 I/NpuProbe(27086): [ggml] ggml-hex: Hexagon backend (experimental) : allocating new registry : ndev 1
10-07 20:21:03.972 I/NpuProbe(27086): [ggml] ggml-hex: Hexagon Arch version v81
10-07 20:21:03.972 I/NpuProbe(27086): [ggml] ggml-hex: HTP0 allocating new session
10-07 20:21:04.006 I/NpuProbe(27086): [ggml] ggml-hex: HTP0 hwinfo: threads 8, hvx 8, hmx 1, vtcm 8 MB
10-07 20:21:04.006 I/NpuProbe(27086): [ggml] ggml-hex: HTP0 new session : session-id 0 domain-id 3 uri file:///libggml-htp-v81.so?htp_iface_skel_handle_invoke&_modver=1.0&_dom=cdsp&_session=0 handle 0xb4000077d52a0900
10-07 20:21:04.009 I/NpuProbe(27086): [ggml] ggml-hex: HTP0 op batching: n-bufs 16 n-tensors 7168 n-ops 1024 vmem 3355443200
10-07 20:21:04.013 I/NpuProbe(27086): load_all_from_path=51ms
10-07 20:21:04.013 I/NpuProbe(27086): [ggml] load_backend: failed to find ggml_backend_init in /data/app/~~_SGkOc6q6Yi9oqCHaSo8cg==/br.gov.sp.pcsp.npuprobe-Q9zK8dNnWTAjUaaSddjQnw==/lib/arm64/libggml-hexagon.so
10-07 20:21:04.013 I/NpuProbe(27086): load(hexagon direto)=FALHOU em 0ms
10-07 20:21:04.013 I/NpuProbe(27086): devices=4
10-07 20:21:04.013 I/NpuProbe(27086):   dev[0] Vulkan0 (Adreno (TM) 840)
10-07 20:21:04.013 I/NpuProbe(27086):   dev[1] GPUOpenCL (QUALCOMM Adreno(TM) 840)
10-07 20:21:04.013 I/NpuProbe(27086):   dev[2] HTP0 (Hexagon)
10-07 20:21:04.013 I/NpuProbe(27086):   dev[3] CPU (CPU)
10-07 20:21:04.013 I/NpuProbe(27086): dev_init(HTP0)=0ms -> SESSAO ABERTA
10-07 20:21:04.014 I/NpuProbe(27086): graph_compute(MUL_MAT 64x64)=0.5ms status=0
10-07 20:21:04.014 I/NpuProbe(27086): c[0]=128.000000 (esperado 128.0)
10-07 20:21:04.014 I/NpuProbe(27086): RESULTADO: APP-UID OK: sessao HTP + op executado com resultado correto
10-07 20:21:04.014 I/NpuProbe(27086): REPORT:
10-07 20:21:04.014 I/NpuProbe(27086): libdir=/data/app/~~_SGkOc6q6Yi9oqCHaSo8cg==/br.gov.sp.pcsp.npuprobe-Q9zK8dNnWTAjUaaSddjQnw==/lib/arm64
10-07 20:21:04.014 I/NpuProbe(27086): build=llama.cpp-upstream-pkg (v11-libs) + probe R4
10-07 20:21:04.014 I/NpuProbe(27086): controle-sistema (liblog.so)=OK
10-07 20:21:04.014 I/NpuProbe(27086): negativo-fake (libnaoexiste_xyz.so)=FALHOU err=dlopen failed: library "libnaoexiste_xyz.so" not found
10-07 20:21:04.014 I/NpuProbe(27086): cdsprpc-nome (libcdsprpc.so)=OK
10-07 20:21:04.014 I/NpuProbe(27086): cdsprpc-abs (/vendor/lib64/libcdsprpc.so)=OK
10-07 20:21:04.014 I/NpuProbe(27086): ADSP_LIBRARY_PATH=libdir (setenv)
10-07 20:21:04.014 I/NpuProbe(27086): load_all_from_path=51ms
10-07 20:21:04.014 I/NpuProbe(27086): load(hexagon direto)=FALHOU em 0ms
10-07 20:21:04.014 I/NpuProbe(27086): devices=4
10-07 20:21:04.014 I/NpuProbe(27086):   dev[0] Vulkan0 (Adreno (TM) 840)
10-07 20:21:04.014 I/NpuProbe(27086):   dev[1] GPUOpenCL (QUALCOMM Adreno(TM) 840)
10-07 20:21:04.014 I/NpuProbe(27086):   dev[2] HTP0 (Hexagon)
10-07 20:21:04.014 I/NpuProbe(27086):   dev[3] CPU (CPU)
10-07 20:21:04.014 I/NpuProbe(27086): dev_init(HTP0)=0ms -> SESSAO ABERTA
10-07 20:21:04.014 I/NpuProbe(27086): graph_compute(MUL_MAT 64x64)=0.5ms status=0
10-07 20:21:04.014 I/NpuProbe(27086): c[0]=128.000000 (esperado 128.0)
10-07 20:21:04.014 I/NpuProbe(27086): RESULTADO: APP-UID OK: sessao HTP + op executado com resultado correto
10-07 20:21:04.015 I/NpuProbe(27086): AUTO-GATILHO='smart:sessao'
10-07 20:21:04.015 I/NpuProbe(27086): SMART iniciando rota=sessao com /data/local/tmp/hymt2_app.gguf
10-07 20:21:04.015 I/NpuProbe(27086): SMARTv2 rota='sessao' mutante=(none)
10-07 20:21:04.016 I/NpuProbe(27086): SESSAO(68b6f29): 4 requests na mesma sessao (roles separados; JSON nativo em files/r6-sess.jsonl)
10-07 20:21:05.737 I/NpuProbe(27086): SESS[0] puro:htp puro: ok=1 pieces=8 prefill=822.52ms gen=673.15ms pp1=0.34ms wall=1495.9ms
10-07 20:21:05.737 I/NpuProbe(27086): SESS[0] puro:htp puro texto_len=26 (integral no JSON)
10-07 20:21:05.737 I/NpuProbe(27086): SESS[0] puro:htp lifecycle: load=224ms reset=1.93ms wall=1495.9ms
10-07 20:21:05.738 I/NpuProbe(27086): SESS[0] puro:htp RESULTADO: PURO-EXECUTADO
10-07 20:21:07.777 I/NpuProbe(27086): SESS[1] puro:htp puro: ok=1 pieces=8 prefill=1173.81ms gen=863.70ms pp1=0.67ms wall=2037.9ms
10-07 20:21:07.778 I/NpuProbe(27086): SESS[1] puro:htp puro texto_len=26 (integral no JSON)
10-07 20:21:07.778 I/NpuProbe(27086): SESS[1] puro:htp lifecycle: load=0ms reset=2.04ms wall=2037.9ms
10-07 20:21:07.778 I/NpuProbe(27086): SESS[1] puro:htp RESULTADO: PURO-EXECUTADO
10-07 20:21:09.896 I/NpuProbe(27086): SESS[2] puro:htp puro: ok=1 pieces=8 prefill=1339.59ms gen=775.46ms pp1=0.20ms wall=2115.5ms
10-07 20:21:09.896 I/NpuProbe(27086): SESS[2] puro:htp puro texto_len=26 (integral no JSON)
10-07 20:21:09.896 I/NpuProbe(27086): SESS[2] puro:htp lifecycle: load=0ms reset=3.23ms wall=2115.5ms
10-07 20:21:09.896 I/NpuProbe(27086): SESS[2] puro:htp RESULTADO: PURO-EXECUTADO
10-07 20:21:12.009 I/NpuProbe(27086): SESS[3] puro:htp puro: ok=1 pieces=8 prefill=1339.33ms gen=770.20ms pp1=0.20ms wall=2110.0ms
10-07 20:21:12.009 I/NpuProbe(27086): SESS[3] puro:htp puro texto_len=26 (integral no JSON)
10-07 20:21:12.009 I/NpuProbe(27086): SESS[3] puro:htp lifecycle: load=0ms reset=2.12ms wall=2110.0ms
10-07 20:21:12.009 I/NpuProbe(27086): SESS[3] puro:htp RESULTADO: PURO-EXECUTADO
10-07 20:21:12.084 I/NpuProbe(27086): SESSAO(68b6f29): fim (4 requests)
10-07 20:21:12.084 I/NpuProbe(27086): SMART REPORT:
10-07 20:21:12.084 I/NpuProbe(27086): SMART (sessao)
10-07 20:21:12.084 I/NpuProbe(27086): 
10-07 20:21:12.084 I/NpuProbe(27086): SMARTv2 rota='sessao' mutante=(none)
10-07 20:21:12.084 I/NpuProbe(27086): SESSAO(68b6f29): 4 requests na mesma sessao (roles separados; JSON nativo em files/r6-sess.jsonl)
10-07 20:21:12.084 I/NpuProbe(27086): SESS[0] puro:htp puro: ok=1 pieces=8 prefill=822.52ms gen=673.15ms pp1=0.34ms wall=1495.9ms
10-07 20:21:12.084 I/NpuProbe(27086): SESS[0] puro:htp puro texto_len=26 (integral no JSON)
10-07 20:21:12.084 I/NpuProbe(27086): SESS[0] puro:htp lifecycle: load=224ms reset=1.93ms wall=1495.9ms
10-07 20:21:12.084 I/NpuProbe(27086): SESS[0] puro:htp RESULTADO: PURO-EXECUTADO
10-07 20:21:12.084 I/NpuProbe(27086): SESS[1] puro:htp puro: ok=1 pieces=8 prefill=1173.81ms gen=863.70ms pp1=0.67ms wall=2037.9ms
10-07 20:21:12.084 I/NpuProbe(27086): SESS[1] puro:htp puro texto_len=26 (integral no JSON)
10-07 20:21:12.084 I/NpuProbe(27086): SESS[1] puro:htp lifecycle: load=0ms reset=2.04ms wall=2037.9ms
10-07 20:21:12.084 I/NpuProbe(27086): SESS[1] puro:htp RESULTADO: PURO-EXECUTADO
10-07 20:21:12.084 I/NpuProbe(27086): SESS[2] puro:htp puro: ok=1 pieces=8 prefill=1339.59ms gen=775.46ms pp1=0.20ms wall=2115.5ms
10-07 20:21:12.084 I/NpuProbe(27086): SESS[2] puro:htp puro texto_len=26 (integral no JSON)
10-07 20:21:12.084 I/NpuProbe(27086): SESS[2] puro:htp lifecycle: load=0ms reset=3.23ms wall=2115.5ms
10-07 20:21:12.084 I/NpuProbe(27086): SESS[2] puro:htp RESULTADO: PURO-EXECUTADO
10-07 20:21:12.084 I/NpuProbe(27086): SESS[3] puro:htp puro: ok=1 pieces=8 prefill=1339.33ms gen=770.20ms pp1=0.20ms wall=2110.0ms
10-07 20:21:12.084 I/NpuProbe(27086): SESS[3] puro:htp puro texto_len=26 (integral no JSON)
10-07 20:21:12.084 I/NpuProbe(27086): SESS[3] puro:htp lifecycle: load=0ms reset=2.12ms wall=2110.0ms
10-07 20:21:12.084 I/NpuProbe(27086): SESS[3] puro:htp RESULTADO: PURO-EXECUTADO
10-07 20:21:12.084 I/NpuProbe(27086): SESSAO(68b6f29): fim (4 requests)
--------- beginning of main
10-07 20:21:03.960 I/NpuProbe(27086): nativeLibraryDir=/data/app/~~_SGkOc6q6Yi9oqCHaSo8cg==/br.gov.sp.pcsp.npuprobe-Q9zK8dNnWTAjUaaSddjQnw==/lib/arm64
10-07 20:21:03.961 I/NpuProbe(27086): libdir=/data/app/~~_SGkOc6q6Yi9oqCHaSo8cg==/br.gov.sp.pcsp.npuprobe-Q9zK8dNnWTAjUaaSddjQnw==/lib/arm64
10-07 20:21:03.961 I/NpuProbe(27086): build=llama.cpp-upstream-pkg (v11-libs) + probe R4
10-07 20:21:03.961 I/NpuProbe(27086): controle-sistema (liblog.so)=OK
10-07 20:21:03.961 I/NpuProbe(27086): negativo-fake (libnaoexiste_xyz.so)=FALHOU err=dlopen failed: library "libnaoexiste_xyz.so" not found
10-07 20:21:03.961 I/NpuProbe(27086): cdsprpc-nome (libcdsprpc.so)=OK
10-07 20:21:03.962 I/NpuProbe(27086): cdsprpc-abs (/vendor/lib64/libcdsprpc.so)=OK
10-07 20:21:03.962 I/NpuProbe(27086): ADSP_LIBRARY_PATH=libdir (setenv)
10-07 20:21:03.963 I/NpuProbe(27086): [ggml] ggml_vulkan: Found 1 Vulkan devices:
10-07 20:21:03.963 I/NpuProbe(27086): [ggml] ggml_vulkan: 0 = Adreno (TM) 840 (Qualcomm Technologies Inc. Adreno Vulkan Driver) | uma: 1 | fp16: 1 | bf16: 0 | fp4: 0 | warp size: 64 | shared memory: 32768 | int dot: 0 | matrix cores: none
10-07 20:21:03.969 I/NpuProbe(27086): [ggml] ggml_opencl: selected platform: 'QUALCOMM Snapdragon(TM)'
10-07 20:21:03.969 I/NpuProbe(27086): [ggml] 
10-07 20:21:03.969 I/NpuProbe(27086): ggml_opencl: device: 'QUALCOMM Adreno(TM) 840 (OpenCL 3.0 Adreno(TM) 840)'
10-07 20:21:03.969 I/NpuProbe(27086): [ggml] ggml_opencl: default device: 'QUALCOMM Adreno(TM) 840 (OpenCL 3.0 Adreno(TM) 840)'
10-07 20:21:03.970 I/NpuProbe(27086): [ggml] ggml-hex: Loading driver libcdsprpc.so
10-07 20:21:03.972 I/NpuProbe(27086): [ggml] ggml-hex: Hexagon backend (experimental) : allocating new registry : ndev 1
10-07 20:21:03.972 I/NpuProbe(27086): [ggml] ggml-hex: Hexagon Arch version v81
10-07 20:21:03.972 I/NpuProbe(27086): [ggml] ggml-hex: HTP0 allocating new session
10-07 20:21:04.006 I/NpuProbe(27086): [ggml] ggml-hex: HTP0 hwinfo: threads 8, hvx 8, hmx 1, vtcm 8 MB
10-07 20:21:04.006 I/NpuProbe(27086): [ggml] ggml-hex: HTP0 new session : session-id 0 domain-id 3 uri file:///libggml-htp-v81.so?htp_iface_skel_handle_invoke&_modver=1.0&_dom=cdsp&_session=0 handle 0xb4000077d52a0900
10-07 20:21:04.009 I/NpuProbe(27086): [ggml] ggml-hex: HTP0 op batching: n-bufs 16 n-tensors 7168 n-ops 1024 vmem 3355443200
10-07 20:21:04.013 I/NpuProbe(27086): load_all_from_path=51ms
10-07 20:21:04.013 I/NpuProbe(27086): [ggml] load_backend: failed to find ggml_backend_init in /data/app/~~_SGkOc6q6Yi9oqCHaSo8cg==/br.gov.sp.pcsp.npuprobe-Q9zK8dNnWTAjUaaSddjQnw==/lib/arm64/libggml-hexagon.so
10-07 20:21:04.013 I/NpuProbe(27086): load(hexagon direto)=FALHOU em 0ms
10-07 20:21:04.013 I/NpuProbe(27086): devices=4
10-07 20:21:04.013 I/NpuProbe(27086):   dev[0] Vulkan0 (Adreno (TM) 840)
10-07 20:21:04.013 I/NpuProbe(27086):   dev[1] GPUOpenCL (QUALCOMM Adreno(TM) 840)
10-07 20:21:04.013 I/NpuProbe(27086):   dev[2] HTP0 (Hexagon)
10-07 20:21:04.013 I/NpuProbe(27086):   dev[3] CPU (CPU)
10-07 20:21:04.013 I/NpuProbe(27086): dev_init(HTP0)=0ms -> SESSAO ABERTA
10-07 20:21:04.014 I/NpuProbe(27086): graph_compute(MUL_MAT 64x64)=0.5ms status=0
10-07 20:21:04.014 I/NpuProbe(27086): c[0]=128.000000 (esperado 128.0)
10-07 20:21:04.014 I/NpuProbe(27086): RESULTADO: APP-UID OK: sessao HTP + op executado com resultado correto
10-07 20:21:04.014 I/NpuProbe(27086): REPORT:
10-07 20:21:04.014 I/NpuProbe(27086): libdir=/data/app/~~_SGkOc6q6Yi9oqCHaSo8cg==/br.gov.sp.pcsp.npuprobe-Q9zK8dNnWTAjUaaSddjQnw==/lib/arm64
10-07 20:21:04.014 I/NpuProbe(27086): build=llama.cpp-upstream-pkg (v11-libs) + probe R4
10-07 20:21:04.014 I/NpuProbe(27086): controle-sistema (liblog.so)=OK
10-07 20:21:04.014 I/NpuProbe(27086): negativo-fake (libnaoexiste_xyz.so)=FALHOU err=dlopen failed: library "libnaoexiste_xyz.so" not found
10-07 20:21:04.014 I/NpuProbe(27086): cdsprpc-nome (libcdsprpc.so)=OK
10-07 20:21:04.014 I/NpuProbe(27086): cdsprpc-abs (/vendor/lib64/libcdsprpc.so)=OK
10-07 20:21:04.014 I/NpuProbe(27086): ADSP_LIBRARY_PATH=libdir (setenv)
10-07 20:21:04.014 I/NpuProbe(27086): load_all_from_path=51ms
10-07 20:21:04.014 I/NpuProbe(27086): load(hexagon direto)=FALHOU em 0ms
10-07 20:21:04.014 I/NpuProbe(27086): devices=4
10-07 20:21:04.014 I/NpuProbe(27086):   dev[0] Vulkan0 (Adreno (TM) 840)
10-07 20:21:04.014 I/NpuProbe(27086):   dev[1] GPUOpenCL (QUALCOMM Adreno(TM) 840)
10-07 20:21:04.014 I/NpuProbe(27086):   dev[2] HTP0 (Hexagon)
10-07 20:21:04.014 I/NpuProbe(27086):   dev[3] CPU (CPU)
10-07 20:21:04.014 I/NpuProbe(27086): dev_init(HTP0)=0ms -> SESSAO ABERTA
10-07 20:21:04.014 I/NpuProbe(27086): graph_compute(MUL_MAT 64x64)=0.5ms status=0
10-07 20:21:04.014 I/NpuProbe(27086): c[0]=128.000000 (esperado 128.0)
10-07 20:21:04.014 I/NpuProbe(27086): RESULTADO: APP-UID OK: sessao HTP + op executado com resultado correto
10-07 20:21:04.015 I/NpuProbe(27086): AUTO-GATILHO='smart:sessao'
10-07 20:21:04.015 I/NpuProbe(27086): SMART iniciando rota=sessao com /data/local/tmp/hymt2_app.gguf
10-07 20:21:04.015 I/NpuProbe(27086): SMARTv2 rota='sessao' mutante=(none)
10-07 20:21:04.016 I/NpuProbe(27086): SESSAO(68b6f29): 4 requests na mesma sessao (roles separados; JSON nativo em files/r6-sess.jsonl)
10-07 20:21:05.737 I/NpuProbe(27086): SESS[0] puro:htp puro: ok=1 pieces=8 prefill=822.52ms gen=673.15ms pp1=0.34ms wall=1495.9ms
10-07 20:21:05.737 I/NpuProbe(27086): SESS[0] puro:htp puro texto_len=26 (integral no JSON)
10-07 20:21:05.737 I/NpuProbe(27086): SESS[0] puro:htp lifecycle: load=224ms reset=1.93ms wall=1495.9ms
10-07 20:21:05.738 I/NpuProbe(27086): SESS[0] puro:htp RESULTADO: PURO-EXECUTADO
10-07 20:21:07.777 I/NpuProbe(27086): SESS[1] puro:htp puro: ok=1 pieces=8 prefill=1173.81ms gen=863.70ms pp1=0.67ms wall=2037.9ms
10-07 20:21:07.778 I/NpuProbe(27086): SESS[1] puro:htp puro texto_len=26 (integral no JSON)
10-07 20:21:07.778 I/NpuProbe(27086): SESS[1] puro:htp lifecycle: load=0ms reset=2.04ms wall=2037.9ms
10-07 20:21:07.778 I/NpuProbe(27086): SESS[1] puro:htp RESULTADO: PURO-EXECUTADO
10-07 20:21:09.896 I/NpuProbe(27086): SESS[2] puro:htp puro: ok=1 pieces=8 prefill=1339.59ms gen=775.46ms pp1=0.20ms wall=2115.5ms
10-07 20:21:09.896 I/NpuProbe(27086): SESS[2] puro:htp puro texto_len=26 (integral no JSON)
10-07 20:21:09.896 I/NpuProbe(27086): SESS[2] puro:htp lifecycle: load=0ms reset=3.23ms wall=2115.5ms
10-07 20:21:09.896 I/NpuProbe(27086): SESS[2] puro:htp RESULTADO: PURO-EXECUTADO
10-07 20:21:12.009 I/NpuProbe(27086): SESS[3] puro:htp puro: ok=1 pieces=8 prefill=1339.33ms gen=770.20ms pp1=0.20ms wall=2110.0ms
10-07 20:21:12.009 I/NpuProbe(27086): SESS[3] puro:htp puro texto_len=26 (integral no JSON)
10-07 20:21:12.009 I/NpuProbe(27086): SESS[3] puro:htp lifecycle: load=0ms reset=2.12ms wall=2110.0ms
10-07 20:21:12.009 I/NpuProbe(27086): SESS[3] puro:htp RESULTADO: PURO-EXECUTADO
10-07 20:21:12.084 I/NpuProbe(27086): SESSAO(68b6f29): fim (4 requests)
10-07 20:21:12.084 I/NpuProbe(27086): SMART REPORT:
10-07 20:21:12.084 I/NpuProbe(27086): SMART (sessao)
10-07 20:21:12.084 I/NpuProbe(27086): 
10-07 20:21:12.084 I/NpuProbe(27086): SMARTv2 rota='sessao' mutante=(none)
10-07 20:21:12.084 I/NpuProbe(27086): SESSAO(68b6f29): 4 requests na mesma sessao (roles separados; JSON nativo em files/r6-sess.jsonl)
10-07 20:21:12.084 I/NpuProbe(27086): SESS[0] puro:htp puro: ok=1 pieces=8 prefill=822.52ms gen=673.15ms pp1=0.34ms wall=1495.9ms
10-07 20:21:12.084 I/NpuProbe(27086): SESS[0] puro:htp puro texto_len=26 (integral no JSON)
10-07 20:21:12.084 I/NpuProbe(27086): SESS[0] puro:htp lifecycle: load=224ms reset=1.93ms wall=1495.9ms
10-07 20:21:12.084 I/NpuProbe(27086): SESS[0] puro:htp RESULTADO: PURO-EXECUTADO
10-07 20:21:12.084 I/NpuProbe(27086): SESS[1] puro:htp puro: ok=1 pieces=8 prefill=1173.81ms gen=863.70ms pp1=0.67ms wall=2037.9ms
10-07 20:21:12.084 I/NpuProbe(27086): SESS[1] puro:htp puro texto_len=26 (integral no JSON)
10-07 20:21:12.084 I/NpuProbe(27086): SESS[1] puro:htp lifecycle: load=0ms reset=2.04ms wall=2037.9ms
10-07 20:21:12.084 I/NpuProbe(27086): SESS[1] puro:htp RESULTADO: PURO-EXECUTADO
10-07 20:21:12.084 I/NpuProbe(27086): SESS[2] puro:htp puro: ok=1 pieces=8 prefill=1339.59ms gen=775.46ms pp1=0.20ms wall=2115.5ms
10-07 20:21:12.084 I/NpuProbe(27086): SESS[2] puro:htp puro texto_len=26 (integral no JSON)
10-07 20:21:12.084 I/NpuProbe(27086): SESS[2] puro:htp lifecycle: load=0ms reset=3.23ms wall=2115.5ms
10-07 20:21:12.084 I/NpuProbe(27086): SESS[2] puro:htp RESULTADO: PURO-EXECUTADO
10-07 20:21:12.084 I/NpuProbe(27086): SESS[3] puro:htp puro: ok=1 pieces=8 prefill=1339.33ms gen=770.20ms pp1=0.20ms wall=2110.0ms
10-07 20:21:12.084 I/NpuProbe(27086): SESS[3] puro:htp puro texto_len=26 (integral no JSON)
10-07 20:21:12.084 I/NpuProbe(27086): SESS[3] puro:htp lifecycle: load=0ms reset=2.12ms wall=2110.0ms
10-07 20:21:12.084 I/NpuProbe(27086): SESS[3] puro:htp RESULTADO: PURO-EXECUTADO
10-07 20:21:12.084 I/NpuProbe(27086): SESSAO(68b6f29): fim (4 requests)
--------- beginning of main
10-07 20:21:03.960 I/NpuProbe(27086): nativeLibraryDir=/data/app/~~_SGkOc6q6Yi9oqCHaSo8cg==/br.gov.sp.pcsp.npuprobe-Q9zK8dNnWTAjUaaSddjQnw==/lib/arm64
10-07 20:21:03.961 I/NpuProbe(27086): libdir=/data/app/~~_SGkOc6q6Yi9oqCHaSo8cg==/br.gov.sp.pcsp.npuprobe-Q9zK8dNnWTAjUaaSddjQnw==/lib/arm64
10-07 20:21:03.961 I/NpuProbe(27086): build=llama.cpp-upstream-pkg (v11-libs) + probe R4
10-07 20:21:03.961 I/NpuProbe(27086): controle-sistema (liblog.so)=OK
10-07 20:21:03.961 I/NpuProbe(27086): negativo-fake (libnaoexiste_xyz.so)=FALHOU err=dlopen failed: library "libnaoexiste_xyz.so" not found
10-07 20:21:03.961 I/NpuProbe(27086): cdsprpc-nome (libcdsprpc.so)=OK
10-07 20:21:03.962 I/NpuProbe(27086): cdsprpc-abs (/vendor/lib64/libcdsprpc.so)=OK
10-07 20:21:03.962 I/NpuProbe(27086): ADSP_LIBRARY_PATH=libdir (setenv)
10-07 20:21:03.963 I/NpuProbe(27086): [ggml] ggml_vulkan: Found 1 Vulkan devices:
10-07 20:21:03.963 I/NpuProbe(27086): [ggml] ggml_vulkan: 0 = Adreno (TM) 840 (Qualcomm Technologies Inc. Adreno Vulkan Driver) | uma: 1 | fp16: 1 | bf16: 0 | fp4: 0 | warp size: 64 | shared memory: 32768 | int dot: 0 | matrix cores: none
10-07 20:21:03.969 I/NpuProbe(27086): [ggml] ggml_opencl: selected platform: 'QUALCOMM Snapdragon(TM)'
10-07 20:21:03.969 I/NpuProbe(27086): [ggml] 
10-07 20:21:03.969 I/NpuProbe(27086): ggml_opencl: device: 'QUALCOMM Adreno(TM) 840 (OpenCL 3.0 Adreno(TM) 840)'
10-07 20:21:03.969 I/NpuProbe(27086): [ggml] ggml_opencl: default device: 'QUALCOMM Adreno(TM) 840 (OpenCL 3.0 Adreno(TM) 840)'
10-07 20:21:03.970 I/NpuProbe(27086): [ggml] ggml-hex: Loading driver libcdsprpc.so
10-07 20:21:03.972 I/NpuProbe(27086): [ggml] ggml-hex: Hexagon backend (experimental) : allocating new registry : ndev 1
10-07 20:21:03.972 I/NpuProbe(27086): [ggml] ggml-hex: Hexagon Arch version v81
10-07 20:21:03.972 I/NpuProbe(27086): [ggml] ggml-hex: HTP0 allocating new session
10-07 20:21:04.006 I/NpuProbe(27086): [ggml] ggml-hex: HTP0 hwinfo: threads 8, hvx 8, hmx 1, vtcm 8 MB
10-07 20:21:04.006 I/NpuProbe(27086): [ggml] ggml-hex: HTP0 new session : session-id 0 domain-id 3 uri file:///libggml-htp-v81.so?htp_iface_skel_handle_invoke&_modver=1.0&_dom=cdsp&_session=0 handle 0xb4000077d52a0900
10-07 20:21:04.009 I/NpuProbe(27086): [ggml] ggml-hex: HTP0 op batching: n-bufs 16 n-tensors 7168 n-ops 1024 vmem 3355443200
10-07 20:21:04.013 I/NpuProbe(27086): load_all_from_path=51ms
10-07 20:21:04.013 I/NpuProbe(27086): [ggml] load_backend: failed to find ggml_backend_init in /data/app/~~_SGkOc6q6Yi9oqCHaSo8cg==/br.gov.sp.pcsp.npuprobe-Q9zK8dNnWTAjUaaSddjQnw==/lib/arm64/libggml-hexagon.so
10-07 20:21:04.013 I/NpuProbe(27086): load(hexagon direto)=FALHOU em 0ms
10-07 20:21:04.013 I/NpuProbe(27086): devices=4
10-07 20:21:04.013 I/NpuProbe(27086):   dev[0] Vulkan0 (Adreno (TM) 840)
10-07 20:21:04.013 I/NpuProbe(27086):   dev[1] GPUOpenCL (QUALCOMM Adreno(TM) 840)
10-07 20:21:04.013 I/NpuProbe(27086):   dev[2] HTP0 (Hexagon)
10-07 20:21:04.013 I/NpuProbe(27086):   dev[3] CPU (CPU)
10-07 20:21:04.013 I/NpuProbe(27086): dev_init(HTP0)=0ms -> SESSAO ABERTA
10-07 20:21:04.014 I/NpuProbe(27086): graph_compute(MUL_MAT 64x64)=0.5ms status=0
10-07 20:21:04.014 I/NpuProbe(27086): c[0]=128.000000 (esperado 128.0)
10-07 20:21:04.014 I/NpuProbe(27086): RESULTADO: APP-UID OK: sessao HTP + op executado com resultado correto
10-07 20:21:04.014 I/NpuProbe(27086): REPORT:
10-07 20:21:04.014 I/NpuProbe(27086): libdir=/data/app/~~_SGkOc6q6Yi9oqCHaSo8cg==/br.gov.sp.pcsp.npuprobe-Q9zK8dNnWTAjUaaSddjQnw==/lib/arm64
10-07 20:21:04.014 I/NpuProbe(27086): build=llama.cpp-upstream-pkg (v11-libs) + probe R4
10-07 20:21:04.014 I/NpuProbe(27086): controle-sistema (liblog.so)=OK
10-07 20:21:04.014 I/NpuProbe(27086): negativo-fake (libnaoexiste_xyz.so)=FALHOU err=dlopen failed: library "libnaoexiste_xyz.so" not found
10-07 20:21:04.014 I/NpuProbe(27086): cdsprpc-nome (libcdsprpc.so)=OK
10-07 20:21:04.014 I/NpuProbe(27086): cdsprpc-abs (/vendor/lib64/libcdsprpc.so)=OK
10-07 20:21:04.014 I/NpuProbe(27086): ADSP_LIBRARY_PATH=libdir (setenv)
10-07 20:21:04.014 I/NpuProbe(27086): load_all_from_path=51ms
10-07 20:21:04.014 I/NpuProbe(27086): load(hexagon direto)=FALHOU em 0ms
10-07 20:21:04.014 I/NpuProbe(27086): devices=4
10-07 20:21:04.014 I/NpuProbe(27086):   dev[0] Vulkan0 (Adreno (TM) 840)
10-07 20:21:04.014 I/NpuProbe(27086):   dev[1] GPUOpenCL (QUALCOMM Adreno(TM) 840)
10-07 20:21:04.014 I/NpuProbe(27086):   dev[2] HTP0 (Hexagon)
10-07 20:21:04.014 I/NpuProbe(27086):   dev[3] CPU (CPU)
10-07 20:21:04.014 I/NpuProbe(27086): dev_init(HTP0)=0ms -> SESSAO ABERTA
10-07 20:21:04.014 I/NpuProbe(27086): graph_compute(MUL_MAT 64x64)=0.5ms status=0
10-07 20:21:04.014 I/NpuProbe(27086): c[0]=128.000000 (esperado 128.0)
10-07 20:21:04.014 I/NpuProbe(27086): RESULTADO: APP-UID OK: sessao HTP + op executado com resultado correto
10-07 20:21:04.015 I/NpuProbe(27086): AUTO-GATILHO='smart:sessao'
10-07 20:21:04.015 I/NpuProbe(27086): SMART iniciando rota=sessao com /data/local/tmp/hymt2_app.gguf
10-07 20:21:04.015 I/NpuProbe(27086): SMARTv2 rota='sessao' mutante=(none)
10-07 20:21:04.016 I/NpuProbe(27086): SESSAO(68b6f29): 4 requests na mesma sessao (roles separados; JSON nativo em files/r6-sess.jsonl)
10-07 20:21:05.737 I/NpuProbe(27086): SESS[0] puro:htp puro: ok=1 pieces=8 prefill=822.52ms gen=673.15ms pp1=0.34ms wall=1495.9ms
10-07 20:21:05.737 I/NpuProbe(27086): SESS[0] puro:htp puro texto_len=26 (integral no JSON)
10-07 20:21:05.737 I/NpuProbe(27086): SESS[0] puro:htp lifecycle: load=224ms reset=1.93ms wall=1495.9ms
10-07 20:21:05.738 I/NpuProbe(27086): SESS[0] puro:htp RESULTADO: PURO-EXECUTADO
10-07 20:21:07.777 I/NpuProbe(27086): SESS[1] puro:htp puro: ok=1 pieces=8 prefill=1173.81ms gen=863.70ms pp1=0.67ms wall=2037.9ms
10-07 20:21:07.778 I/NpuProbe(27086): SESS[1] puro:htp puro texto_len=26 (integral no JSON)
10-07 20:21:07.778 I/NpuProbe(27086): SESS[1] puro:htp lifecycle: load=0ms reset=2.04ms wall=2037.9ms
10-07 20:21:07.778 I/NpuProbe(27086): SESS[1] puro:htp RESULTADO: PURO-EXECUTADO
10-07 20:21:09.896 I/NpuProbe(27086): SESS[2] puro:htp puro: ok=1 pieces=8 prefill=1339.59ms gen=775.46ms pp1=0.20ms wall=2115.5ms
10-07 20:21:09.896 I/NpuProbe(27086): SESS[2] puro:htp puro texto_len=26 (integral no JSON)
10-07 20:21:09.896 I/NpuProbe(27086): SESS[2] puro:htp lifecycle: load=0ms reset=3.23ms wall=2115.5ms
10-07 20:21:09.896 I/NpuProbe(27086): SESS[2] puro:htp RESULTADO: PURO-EXECUTADO
10-07 20:21:12.009 I/NpuProbe(27086): SESS[3] puro:htp puro: ok=1 pieces=8 prefill=1339.33ms gen=770.20ms pp1=0.20ms wall=2110.0ms
10-07 20:21:12.009 I/NpuProbe(27086): SESS[3] puro:htp puro texto_len=26 (integral no JSON)
10-07 20:21:12.009 I/NpuProbe(27086): SESS[3] puro:htp lifecycle: load=0ms reset=2.12ms wall=2110.0ms
10-07 20:21:12.009 I/NpuProbe(27086): SESS[3] puro:htp RESULTADO: PURO-EXECUTADO
10-07 20:21:12.084 I/NpuProbe(27086): SESSAO(68b6f29): fim (4 requests)
10-07 20:21:12.084 I/NpuProbe(27086): SMART REPORT:
10-07 20:21:12.084 I/NpuProbe(27086): SMART (sessao)
10-07 20:21:12.084 I/NpuProbe(27086): 
10-07 20:21:12.084 I/NpuProbe(27086): SMARTv2 rota='sessao' mutante=(none)
10-07 20:21:12.084 I/NpuProbe(27086): SESSAO(68b6f29): 4 requests na mesma sessao (roles separados; JSON nativo em files/r6-sess.jsonl)
10-07 20:21:12.084 I/NpuProbe(27086): SESS[0] puro:htp puro: ok=1 pieces=8 prefill=822.52ms gen=673.15ms pp1=0.34ms wall=1495.9ms
10-07 20:21:12.084 I/NpuProbe(27086): SESS[0] puro:htp puro texto_len=26 (integral no JSON)
10-07 20:21:12.084 I/NpuProbe(27086): SESS[0] puro:htp lifecycle: load=224ms reset=1.93ms wall=1495.9ms
10-07 20:21:12.084 I/NpuProbe(27086): SESS[0] puro:htp RESULTADO: PURO-EXECUTADO
10-07 20:21:12.084 I/NpuProbe(27086): SESS[1] puro:htp puro: ok=1 pieces=8 prefill=1173.81ms gen=863.70ms pp1=0.67ms wall=2037.9ms
10-07 20:21:12.084 I/NpuProbe(27086): SESS[1] puro:htp puro texto_len=26 (integral no JSON)
10-07 20:21:12.084 I/NpuProbe(27086): SESS[1] puro:htp lifecycle: load=0ms reset=2.04ms wall=2037.9ms
10-07 20:21:12.084 I/NpuProbe(27086): SESS[1] puro:htp RESULTADO: PURO-EXECUTADO
10-07 20:21:12.084 I/NpuProbe(27086): SESS[2] puro:htp puro: ok=1 pieces=8 prefill=1339.59ms gen=775.46ms pp1=0.20ms wall=2115.5ms
10-07 20:21:12.084 I/NpuProbe(27086): SESS[2] puro:htp puro texto_len=26 (integral no JSON)
10-07 20:21:12.084 I/NpuProbe(27086): SESS[2] puro:htp lifecycle: load=0ms reset=3.23ms wall=2115.5ms
10-07 20:21:12.084 I/NpuProbe(27086): SESS[2] puro:htp RESULTADO: PURO-EXECUTADO
10-07 20:21:12.084 I/NpuProbe(27086): SESS[3] puro:htp puro: ok=1 pieces=8 prefill=1339.33ms gen=770.20ms pp1=0.20ms wall=2110.0ms
10-07 20:21:12.084 I/NpuProbe(27086): SESS[3] puro:htp puro texto_len=26 (integral no JSON)
10-07 20:21:12.084 I/NpuProbe(27086): SESS[3] puro:htp lifecycle: load=0ms reset=2.12ms wall=2110.0ms
10-07 20:21:12.084 I/NpuProbe(27086): SESS[3] puro:htp RESULTADO: PURO-EXECUTADO
10-07 20:21:12.084 I/NpuProbe(27086): SESSAO(68b6f29): fim (4 requests)
10-07 20:22:13.735 I/NpuProbe(28079): nativeLibraryDir=/data/app/~~_SGkOc6q6Yi9oqCHaSo8cg==/br.gov.sp.pcsp.npuprobe-Q9zK8dNnWTAjUaaSddjQnw==/lib/arm64
10-07 20:22:13.735 I/NpuProbe(28079): libdir=/data/app/~~_SGkOc6q6Yi9oqCHaSo8cg==/br.gov.sp.pcsp.npuprobe-Q9zK8dNnWTAjUaaSddjQnw==/lib/arm64
10-07 20:22:13.735 I/NpuProbe(28079): build=llama.cpp-upstream-pkg (v11-libs) + probe R4
10-07 20:22:13.735 I/NpuProbe(28079): controle-sistema (liblog.so)=OK
10-07 20:22:13.735 I/NpuProbe(28079): negativo-fake (libnaoexiste_xyz.so)=FALHOU err=dlopen failed: library "libnaoexiste_xyz.so" not found
10-07 20:22:13.736 I/NpuProbe(28079): cdsprpc-nome (libcdsprpc.so)=OK
10-07 20:22:13.736 I/NpuProbe(28079): cdsprpc-abs (/vendor/lib64/libcdsprpc.so)=OK
10-07 20:22:13.736 I/NpuProbe(28079): ADSP_LIBRARY_PATH=libdir (setenv)
10-07 20:22:13.737 I/NpuProbe(28079): [ggml] ggml_vulkan: Found 1 Vulkan devices:
10-07 20:22:13.738 I/NpuProbe(28079): [ggml] ggml_vulkan: 0 = Adreno (TM) 840 (Qualcomm Technologies Inc. Adreno Vulkan Driver) | uma: 1 | fp16: 1 | bf16: 0 | fp4: 0 | warp size: 64 | shared memory: 32768 | int dot: 0 | matrix cores: none
10-07 20:22:13.743 I/NpuProbe(28079): [ggml] ggml_opencl: selected platform: 'QUALCOMM Snapdragon(TM)'
10-07 20:22:13.744 I/NpuProbe(28079): [ggml] 
10-07 20:22:13.744 I/NpuProbe(28079): ggml_opencl: device: 'QUALCOMM Adreno(TM) 840 (OpenCL 3.0 Adreno(TM) 840)'
10-07 20:22:13.744 I/NpuProbe(28079): [ggml] ggml_opencl: default device: 'QUALCOMM Adreno(TM) 840 (OpenCL 3.0 Adreno(TM) 840)'
10-07 20:22:13.744 I/NpuProbe(28079): [ggml] ggml-hex: Loading driver libcdsprpc.so
10-07 20:22:13.745 I/NpuProbe(28079): [ggml] ggml-hex: Hexagon backend (experimental) : allocating new registry : ndev 1
10-07 20:22:13.745 I/NpuProbe(28079): [ggml] ggml-hex: Hexagon Arch version v81
10-07 20:22:13.745 I/NpuProbe(28079): [ggml] ggml-hex: HTP0 allocating new session
10-07 20:22:13.778 I/NpuProbe(28079): [ggml] ggml-hex: HTP0 hwinfo: threads 8, hvx 8, hmx 1, vtcm 8 MB
10-07 20:22:13.778 I/NpuProbe(28079): [ggml] ggml-hex: HTP0 new session : session-id 0 domain-id 3 uri file:///libggml-htp-v81.so?htp_iface_skel_handle_invoke&_modver=1.0&_dom=cdsp&_session=0 handle 0xb4000077c5fbca80
10-07 20:22:13.782 I/NpuProbe(28079): [ggml] ggml-hex: HTP0 op batching: n-bufs 16 n-tensors 7168 n-ops 1024 vmem 3355443200
10-07 20:22:13.787 I/NpuProbe(28079): load_all_from_path=51ms
10-07 20:22:13.788 I/NpuProbe(28079): [ggml] load_backend: failed to find ggml_backend_init in /data/app/~~_SGkOc6q6Yi9oqCHaSo8cg==/br.gov.sp.pcsp.npuprobe-Q9zK8dNnWTAjUaaSddjQnw==/lib/arm64/libggml-hexagon.so
10-07 20:22:13.788 I/NpuProbe(28079): load(hexagon direto)=FALHOU em 0ms
10-07 20:22:13.788 I/NpuProbe(28079): devices=4
10-07 20:22:13.788 I/NpuProbe(28079):   dev[0] Vulkan0 (Adreno (TM) 840)
10-07 20:22:13.788 I/NpuProbe(28079):   dev[1] GPUOpenCL (QUALCOMM Adreno(TM) 840)
10-07 20:22:13.788 I/NpuProbe(28079):   dev[2] HTP0 (Hexagon)
10-07 20:22:13.788 I/NpuProbe(28079):   dev[3] CPU (CPU)
10-07 20:22:13.788 I/NpuProbe(28079): dev_init(HTP0)=0ms -> SESSAO ABERTA
10-07 20:22:13.789 I/NpuProbe(28079): graph_compute(MUL_MAT 64x64)=0.5ms status=0
10-07 20:22:13.789 I/NpuProbe(28079): c[0]=128.000000 (esperado 128.0)
10-07 20:22:13.789 I/NpuProbe(28079): RESULTADO: APP-UID OK: sessao HTP + op executado com resultado correto
10-07 20:22:13.789 I/NpuProbe(28079): REPORT:
10-07 20:22:13.789 I/NpuProbe(28079): libdir=/data/app/~~_SGkOc6q6Yi9oqCHaSo8cg==/br.gov.sp.pcsp.npuprobe-Q9zK8dNnWTAjUaaSddjQnw==/lib/arm64
10-07 20:22:13.789 I/NpuProbe(28079): build=llama.cpp-upstream-pkg (v11-libs) + probe R4
10-07 20:22:13.789 I/NpuProbe(28079): controle-sistema (liblog.so)=OK
10-07 20:22:13.789 I/NpuProbe(28079): negativo-fake (libnaoexiste_xyz.so)=FALHOU err=dlopen failed: library "libnaoexiste_xyz.so" not found
10-07 20:22:13.789 I/NpuProbe(28079): cdsprpc-nome (libcdsprpc.so)=OK
10-07 20:22:13.789 I/NpuProbe(28079): cdsprpc-abs (/vendor/lib64/libcdsprpc.so)=OK
10-07 20:22:13.789 I/NpuProbe(28079): ADSP_LIBRARY_PATH=libdir (setenv)
10-07 20:22:13.789 I/NpuProbe(28079): load_all_from_path=51ms
10-07 20:22:13.789 I/NpuProbe(28079): load(hexagon direto)=FALHOU em 0ms
10-07 20:22:13.789 I/NpuProbe(28079): devices=4
10-07 20:22:13.789 I/NpuProbe(28079):   dev[0] Vulkan0 (Adreno (TM) 840)
10-07 20:22:13.789 I/NpuProbe(28079):   dev[1] GPUOpenCL (QUALCOMM Adreno(TM) 840)
10-07 20:22:13.789 I/NpuProbe(28079):   dev[2] HTP0 (Hexagon)
10-07 20:22:13.789 I/NpuProbe(28079):   dev[3] CPU (CPU)
10-07 20:22:13.789 I/NpuProbe(28079): dev_init(HTP0)=0ms -> SESSAO ABERTA
10-07 20:22:13.789 I/NpuProbe(28079): graph_compute(MUL_MAT 64x64)=0.5ms status=0
10-07 20:22:13.789 I/NpuProbe(28079): c[0]=128.000000 (esperado 128.0)
10-07 20:22:13.789 I/NpuProbe(28079): RESULTADO: APP-UID OK: sessao HTP + op executado com resultado correto
10-07 20:22:13.790 I/NpuProbe(28079): AUTO-GATILHO='smart:sessao'
10-07 20:22:13.790 I/NpuProbe(28079): SMART iniciando rota=sessao com /data/local/tmp/hymt2_app.gguf
10-07 20:22:13.790 I/NpuProbe(28079): SMARTv2 rota='sessao' mutante=(none)
10-07 20:22:13.790 I/NpuProbe(28079): TUNE: GGML_HEXAGON_MM_SELECT=2
10-07 20:22:13.791 I/NpuProbe(28079): SESSAO(68c7fb9): 4 requests na mesma sessao (roles separados; JSON nativo em files/r6-sess.jsonl)
10-07 20:22:15.537 I/NpuProbe(28079): SESS[0] puro:htp puro: ok=1 pieces=8 prefill=807.58ms gen=723.92ms pp1=0.33ms wall=1531.8ms
10-07 20:22:15.537 I/NpuProbe(28079): SESS[0] puro:htp puro texto_len=26 (integral no JSON)
10-07 20:22:15.537 I/NpuProbe(28079): SESS[0] puro:htp lifecycle: load=212ms reset=2.04ms wall=1531.8ms
10-07 20:22:15.537 I/NpuProbe(28079): SESS[0] puro:htp RESULTADO: PURO-EXECUTADO
10-07 20:22:17.594 I/NpuProbe(28079): SESS[1] puro:htp puro: ok=1 pieces=8 prefill=1194.09ms gen=859.97ms pp1=0.15ms wall=2054.4ms
10-07 20:22:17.594 I/NpuProbe(28079): SESS[1] puro:htp puro texto_len=26 (integral no JSON)
10-07 20:22:17.594 I/NpuProbe(28079): SESS[1] puro:htp lifecycle: load=0ms reset=2.14ms wall=2054.4ms
10-07 20:22:17.594 I/NpuProbe(28079): SESS[1] puro:htp RESULTADO: PURO-EXECUTADO
10-07 20:22:19.722 I/NpuProbe(28079): SESS[2] puro:htp puro: ok=1 pieces=8 prefill=1300.95ms gen=824.95ms pp1=0.20ms wall=2126.3ms
10-07 20:22:19.722 I/NpuProbe(28079): SESS[2] puro:htp puro texto_len=26 (integral no JSON)
10-07 20:22:19.722 I/NpuProbe(28079): SESS[2] puro:htp lifecycle: load=0ms reset=2.08ms wall=2126.3ms
10-07 20:22:19.722 I/NpuProbe(28079): SESS[2] puro:htp RESULTADO: PURO-EXECUTADO
10-07 20:22:21.819 I/NpuProbe(28079): SESS[3] puro:htp puro: ok=1 pieces=8 prefill=1242.05ms gen=851.97ms pp1=0.15ms wall=2094.5ms
10-07 20:22:21.819 I/NpuProbe(28079): SESS[3] puro:htp puro texto_len=26 (integral no JSON)
10-07 20:22:21.819 I/NpuProbe(28079): SESS[3] puro:htp lifecycle: load=0ms reset=1.92ms wall=2094.5ms
10-07 20:22:21.819 I/NpuProbe(28079): SESS[3] puro:htp RESULTADO: PURO-EXECUTADO
10-07 20:22:21.894 I/NpuProbe(28079): SESSAO(68c7fb9): fim (4 requests)
10-07 20:22:21.894 I/NpuProbe(28079): SMART REPORT:
10-07 20:22:21.894 I/NpuProbe(28079): SMART (sessao)
10-07 20:22:21.894 I/NpuProbe(28079): 
10-07 20:22:21.894 I/NpuProbe(28079): SMARTv2 rota='sessao' mutante=(none)
10-07 20:22:21.894 I/NpuProbe(28079): TUNE: GGML_HEXAGON_MM_SELECT=2
10-07 20:22:21.894 I/NpuProbe(28079): SESSAO(68c7fb9): 4 requests na mesma sessao (roles separados; JSON nativo em files/r6-sess.jsonl)
10-07 20:22:21.894 I/NpuProbe(28079): SESS[0] puro:htp puro: ok=1 pieces=8 prefill=807.58ms gen=723.92ms pp1=0.33ms wall=1531.8ms
10-07 20:22:21.894 I/NpuProbe(28079): SESS[0] puro:htp puro texto_len=26 (integral no JSON)
10-07 20:22:21.894 I/NpuProbe(28079): SESS[0] puro:htp lifecycle: load=212ms reset=2.04ms wall=1531.8ms
10-07 20:22:21.894 I/NpuProbe(28079): SESS[0] puro:htp RESULTADO: PURO-EXECUTADO
10-07 20:22:21.894 I/NpuProbe(28079): SESS[1] puro:htp puro: ok=1 pieces=8 prefill=1194.09ms gen=859.97ms pp1=0.15ms wall=2054.4ms
10-07 20:22:21.894 I/NpuProbe(28079): SESS[1] puro:htp puro texto_len=26 (integral no JSON)
10-07 20:22:21.894 I/NpuProbe(28079): SESS[1] puro:htp lifecycle: load=0ms reset=2.14ms wall=2054.4ms
10-07 20:22:21.894 I/NpuProbe(28079): SESS[1] puro:htp RESULTADO: PURO-EXECUTADO
10-07 20:22:21.894 I/NpuProbe(28079): SESS[2] puro:htp puro: ok=1 pieces=8 prefill=1300.95ms gen=824.95ms pp1=0.20ms wall=2126.3ms
10-07 20:22:21.894 I/NpuProbe(28079): SESS[2] puro:htp puro texto_len=26 (integral no JSON)
10-07 20:22:21.894 I/NpuProbe(28079): SESS[2] puro:htp lifecycle: load=0ms reset=2.08ms wall=2126.3ms
10-07 20:22:21.894 I/NpuProbe(28079): SESS[2] puro:htp RESULTADO: PURO-EXECUTADO
10-07 20:22:21.894 I/NpuProbe(28079): SESS[3] puro:htp puro: ok=1 pieces=8 prefill=1242.05ms gen=851.97ms pp1=0.15ms wall=2094.5ms
10-07 20:22:21.894 I/NpuProbe(28079): SESS[3] puro:htp puro texto_len=26 (integral no JSON)
10-07 20:22:21.894 I/NpuProbe(28079): SESS[3] puro:htp lifecycle: load=0ms reset=1.92ms wall=2094.5ms
10-07 20:22:21.894 I/NpuProbe(28079): SESS[3] puro:htp RESULTADO: PURO-EXECUTADO
10-07 20:22:21.894 I/NpuProbe(28079): SESSAO(68c7fb9): fim (4 requests)
--------- beginning of main
10-07 20:21:12.009 I/NpuProbe(27086): SESS[3] puro:htp puro: ok=1 pieces=8 prefill=1339.33ms gen=770.20ms pp1=0.20ms wall=2110.0ms
10-07 20:21:12.009 I/NpuProbe(27086): SESS[3] puro:htp puro texto_len=26 (integral no JSON)
10-07 20:21:12.009 I/NpuProbe(27086): SESS[3] puro:htp lifecycle: load=0ms reset=2.12ms wall=2110.0ms
10-07 20:21:12.009 I/NpuProbe(27086): SESS[3] puro:htp RESULTADO: PURO-EXECUTADO
10-07 20:21:12.084 I/NpuProbe(27086): SESSAO(68b6f29): fim (4 requests)
10-07 20:21:12.084 I/NpuProbe(27086): SMART REPORT:
10-07 20:21:12.084 I/NpuProbe(27086): SMART (sessao)
10-07 20:21:12.084 I/NpuProbe(27086): 
10-07 20:21:12.084 I/NpuProbe(27086): SMARTv2 rota='sessao' mutante=(none)
10-07 20:21:12.084 I/NpuProbe(27086): SESSAO(68b6f29): 4 requests na mesma sessao (roles separados; JSON nativo em files/r6-sess.jsonl)
10-07 20:21:12.084 I/NpuProbe(27086): SESS[0] puro:htp puro: ok=1 pieces=8 prefill=822.52ms gen=673.15ms pp1=0.34ms wall=1495.9ms
10-07 20:21:12.084 I/NpuProbe(27086): SESS[0] puro:htp puro texto_len=26 (integral no JSON)
10-07 20:21:12.084 I/NpuProbe(27086): SESS[0] puro:htp lifecycle: load=224ms reset=1.93ms wall=1495.9ms
10-07 20:21:12.084 I/NpuProbe(27086): SESS[0] puro:htp RESULTADO: PURO-EXECUTADO
10-07 20:21:12.084 I/NpuProbe(27086): SESS[1] puro:htp puro: ok=1 pieces=8 prefill=1173.81ms gen=863.70ms pp1=0.67ms wall=2037.9ms
10-07 20:21:12.084 I/NpuProbe(27086): SESS[1] puro:htp puro texto_len=26 (integral no JSON)
10-07 20:21:12.084 I/NpuProbe(27086): SESS[1] puro:htp lifecycle: load=0ms reset=2.04ms wall=2037.9ms
10-07 20:21:12.084 I/NpuProbe(27086): SESS[1] puro:htp RESULTADO: PURO-EXECUTADO
10-07 20:21:12.084 I/NpuProbe(27086): SESS[2] puro:htp puro: ok=1 pieces=8 prefill=1339.59ms gen=775.46ms pp1=0.20ms wall=2115.5ms
10-07 20:21:12.084 I/NpuProbe(27086): SESS[2] puro:htp puro texto_len=26 (integral no JSON)
10-07 20:21:12.084 I/NpuProbe(27086): SESS[2] puro:htp lifecycle: load=0ms reset=3.23ms wall=2115.5ms
10-07 20:21:12.084 I/NpuProbe(27086): SESS[2] puro:htp RESULTADO: PURO-EXECUTADO
10-07 20:21:12.084 I/NpuProbe(27086): SESS[3] puro:htp puro: ok=1 pieces=8 prefill=1339.33ms gen=770.20ms pp1=0.20ms wall=2110.0ms
10-07 20:21:12.084 I/NpuProbe(27086): SESS[3] puro:htp puro texto_len=26 (integral no JSON)
10-07 20:21:12.084 I/NpuProbe(27086): SESS[3] puro:htp lifecycle: load=0ms reset=2.12ms wall=2110.0ms
10-07 20:21:12.084 I/NpuProbe(27086): SESS[3] puro:htp RESULTADO: PURO-EXECUTADO
10-07 20:21:12.084 I/NpuProbe(27086): SESSAO(68b6f29): fim (4 requests)
10-07 20:22:13.735 I/NpuProbe(28079): nativeLibraryDir=/data/app/~~_SGkOc6q6Yi9oqCHaSo8cg==/br.gov.sp.pcsp.npuprobe-Q9zK8dNnWTAjUaaSddjQnw==/lib/arm64
10-07 20:22:13.735 I/NpuProbe(28079): libdir=/data/app/~~_SGkOc6q6Yi9oqCHaSo8cg==/br.gov.sp.pcsp.npuprobe-Q9zK8dNnWTAjUaaSddjQnw==/lib/arm64
10-07 20:22:13.735 I/NpuProbe(28079): build=llama.cpp-upstream-pkg (v11-libs) + probe R4
10-07 20:22:13.735 I/NpuProbe(28079): controle-sistema (liblog.so)=OK
10-07 20:22:13.735 I/NpuProbe(28079): negativo-fake (libnaoexiste_xyz.so)=FALHOU err=dlopen failed: library "libnaoexiste_xyz.so" not found
10-07 20:22:13.736 I/NpuProbe(28079): cdsprpc-nome (libcdsprpc.so)=OK
10-07 20:22:13.736 I/NpuProbe(28079): cdsprpc-abs (/vendor/lib64/libcdsprpc.so)=OK
10-07 20:22:13.736 I/NpuProbe(28079): ADSP_LIBRARY_PATH=libdir (setenv)
10-07 20:22:13.737 I/NpuProbe(28079): [ggml] ggml_vulkan: Found 1 Vulkan devices:
10-07 20:22:13.738 I/NpuProbe(28079): [ggml] ggml_vulkan: 0 = Adreno (TM) 840 (Qualcomm Technologies Inc. Adreno Vulkan Driver) | uma: 1 | fp16: 1 | bf16: 0 | fp4: 0 | warp size: 64 | shared memory: 32768 | int dot: 0 | matrix cores: none
10-07 20:22:13.743 I/NpuProbe(28079): [ggml] ggml_opencl: selected platform: 'QUALCOMM Snapdragon(TM)'
10-07 20:22:13.744 I/NpuProbe(28079): [ggml] 
10-07 20:22:13.744 I/NpuProbe(28079): ggml_opencl: device: 'QUALCOMM Adreno(TM) 840 (OpenCL 3.0 Adreno(TM) 840)'
10-07 20:22:13.744 I/NpuProbe(28079): [ggml] ggml_opencl: default device: 'QUALCOMM Adreno(TM) 840 (OpenCL 3.0 Adreno(TM) 840)'
10-07 20:22:13.744 I/NpuProbe(28079): [ggml] ggml-hex: Loading driver libcdsprpc.so
10-07 20:22:13.745 I/NpuProbe(28079): [ggml] ggml-hex: Hexagon backend (experimental) : allocating new registry : ndev 1
10-07 20:22:13.745 I/NpuProbe(28079): [ggml] ggml-hex: Hexagon Arch version v81
10-07 20:22:13.745 I/NpuProbe(28079): [ggml] ggml-hex: HTP0 allocating new session
10-07 20:22:13.778 I/NpuProbe(28079): [ggml] ggml-hex: HTP0 hwinfo: threads 8, hvx 8, hmx 1, vtcm 8 MB
10-07 20:22:13.778 I/NpuProbe(28079): [ggml] ggml-hex: HTP0 new session : session-id 0 domain-id 3 uri file:///libggml-htp-v81.so?htp_iface_skel_handle_invoke&_modver=1.0&_dom=cdsp&_session=0 handle 0xb4000077c5fbca80
10-07 20:22:13.782 I/NpuProbe(28079): [ggml] ggml-hex: HTP0 op batching: n-bufs 16 n-tensors 7168 n-ops 1024 vmem 3355443200
10-07 20:22:13.787 I/NpuProbe(28079): load_all_from_path=51ms
10-07 20:22:13.788 I/NpuProbe(28079): [ggml] load_backend: failed to find ggml_backend_init in /data/app/~~_SGkOc6q6Yi9oqCHaSo8cg==/br.gov.sp.pcsp.npuprobe-Q9zK8dNnWTAjUaaSddjQnw==/lib/arm64/libggml-hexagon.so
10-07 20:22:13.788 I/NpuProbe(28079): load(hexagon direto)=FALHOU em 0ms
10-07 20:22:13.788 I/NpuProbe(28079): devices=4
10-07 20:22:13.788 I/NpuProbe(28079):   dev[0] Vulkan0 (Adreno (TM) 840)
10-07 20:22:13.788 I/NpuProbe(28079):   dev[1] GPUOpenCL (QUALCOMM Adreno(TM) 840)
10-07 20:22:13.788 I/NpuProbe(28079):   dev[2] HTP0 (Hexagon)
10-07 20:22:13.788 I/NpuProbe(28079):   dev[3] CPU (CPU)
10-07 20:22:13.788 I/NpuProbe(28079): dev_init(HTP0)=0ms -> SESSAO ABERTA
10-07 20:22:13.789 I/NpuProbe(28079): graph_compute(MUL_MAT 64x64)=0.5ms status=0
10-07 20:22:13.789 I/NpuProbe(28079): c[0]=128.000000 (esperado 128.0)
10-07 20:22:13.789 I/NpuProbe(28079): RESULTADO: APP-UID OK: sessao HTP + op executado com resultado correto
10-07 20:22:13.789 I/NpuProbe(28079): REPORT:
10-07 20:22:13.789 I/NpuProbe(28079): libdir=/data/app/~~_SGkOc6q6Yi9oqCHaSo8cg==/br.gov.sp.pcsp.npuprobe-Q9zK8dNnWTAjUaaSddjQnw==/lib/arm64
10-07 20:22:13.789 I/NpuProbe(28079): build=llama.cpp-upstream-pkg (v11-libs) + probe R4
10-07 20:22:13.789 I/NpuProbe(28079): controle-sistema (liblog.so)=OK
10-07 20:22:13.789 I/NpuProbe(28079): negativo-fake (libnaoexiste_xyz.so)=FALHOU err=dlopen failed: library "libnaoexiste_xyz.so" not found
10-07 20:22:13.789 I/NpuProbe(28079): cdsprpc-nome (libcdsprpc.so)=OK
10-07 20:22:13.789 I/NpuProbe(28079): cdsprpc-abs (/vendor/lib64/libcdsprpc.so)=OK
10-07 20:22:13.789 I/NpuProbe(28079): ADSP_LIBRARY_PATH=libdir (setenv)
10-07 20:22:13.789 I/NpuProbe(28079): load_all_from_path=51ms
10-07 20:22:13.789 I/NpuProbe(28079): load(hexagon direto)=FALHOU em 0ms
10-07 20:22:13.789 I/NpuProbe(28079): devices=4
10-07 20:22:13.789 I/NpuProbe(28079):   dev[0] Vulkan0 (Adreno (TM) 840)
10-07 20:22:13.789 I/NpuProbe(28079):   dev[1] GPUOpenCL (QUALCOMM Adreno(TM) 840)
10-07 20:22:13.789 I/NpuProbe(28079):   dev[2] HTP0 (Hexagon)
10-07 20:22:13.789 I/NpuProbe(28079):   dev[3] CPU (CPU)
10-07 20:22:13.789 I/NpuProbe(28079): dev_init(HTP0)=0ms -> SESSAO ABERTA
10-07 20:22:13.789 I/NpuProbe(28079): graph_compute(MUL_MAT 64x64)=0.5ms status=0
10-07 20:22:13.789 I/NpuProbe(28079): c[0]=128.000000 (esperado 128.0)
10-07 20:22:13.789 I/NpuProbe(28079): RESULTADO: APP-UID OK: sessao HTP + op executado com resultado correto
10-07 20:22:13.790 I/NpuProbe(28079): AUTO-GATILHO='smart:sessao'
10-07 20:22:13.790 I/NpuProbe(28079): SMART iniciando rota=sessao com /data/local/tmp/hymt2_app.gguf
10-07 20:22:13.790 I/NpuProbe(28079): SMARTv2 rota='sessao' mutante=(none)
10-07 20:22:13.790 I/NpuProbe(28079): TUNE: GGML_HEXAGON_MM_SELECT=2
10-07 20:22:13.791 I/NpuProbe(28079): SESSAO(68c7fb9): 4 requests na mesma sessao (roles separados; JSON nativo em files/r6-sess.jsonl)
10-07 20:22:15.537 I/NpuProbe(28079): SESS[0] puro:htp puro: ok=1 pieces=8 prefill=807.58ms gen=723.92ms pp1=0.33ms wall=1531.8ms
10-07 20:22:15.537 I/NpuProbe(28079): SESS[0] puro:htp puro texto_len=26 (integral no JSON)
10-07 20:22:15.537 I/NpuProbe(28079): SESS[0] puro:htp lifecycle: load=212ms reset=2.04ms wall=1531.8ms
10-07 20:22:15.537 I/NpuProbe(28079): SESS[0] puro:htp RESULTADO: PURO-EXECUTADO
10-07 20:22:17.594 I/NpuProbe(28079): SESS[1] puro:htp puro: ok=1 pieces=8 prefill=1194.09ms gen=859.97ms pp1=0.15ms wall=2054.4ms
10-07 20:22:17.594 I/NpuProbe(28079): SESS[1] puro:htp puro texto_len=26 (integral no JSON)
10-07 20:22:17.594 I/NpuProbe(28079): SESS[1] puro:htp lifecycle: load=0ms reset=2.14ms wall=2054.4ms
10-07 20:22:17.594 I/NpuProbe(28079): SESS[1] puro:htp RESULTADO: PURO-EXECUTADO
10-07 20:22:19.722 I/NpuProbe(28079): SESS[2] puro:htp puro: ok=1 pieces=8 prefill=1300.95ms gen=824.95ms pp1=0.20ms wall=2126.3ms
10-07 20:22:19.722 I/NpuProbe(28079): SESS[2] puro:htp puro texto_len=26 (integral no JSON)
10-07 20:22:19.722 I/NpuProbe(28079): SESS[2] puro:htp lifecycle: load=0ms reset=2.08ms wall=2126.3ms
10-07 20:22:19.722 I/NpuProbe(28079): SESS[2] puro:htp RESULTADO: PURO-EXECUTADO
10-07 20:22:21.819 I/NpuProbe(28079): SESS[3] puro:htp puro: ok=1 pieces=8 prefill=1242.05ms gen=851.97ms pp1=0.15ms wall=2094.5ms
10-07 20:22:21.819 I/NpuProbe(28079): SESS[3] puro:htp puro texto_len=26 (integral no JSON)
10-07 20:22:21.819 I/NpuProbe(28079): SESS[3] puro:htp lifecycle: load=0ms reset=1.92ms wall=2094.5ms
10-07 20:22:21.819 I/NpuProbe(28079): SESS[3] puro:htp RESULTADO: PURO-EXECUTADO
10-07 20:22:21.894 I/NpuProbe(28079): SESSAO(68c7fb9): fim (4 requests)
10-07 20:22:21.894 I/NpuProbe(28079): SMART REPORT:
10-07 20:22:21.894 I/NpuProbe(28079): SMART (sessao)
10-07 20:22:21.894 I/NpuProbe(28079): 
10-07 20:22:21.894 I/NpuProbe(28079): SMARTv2 rota='sessao' mutante=(none)
10-07 20:22:21.894 I/NpuProbe(28079): TUNE: GGML_HEXAGON_MM_SELECT=2
10-07 20:22:21.894 I/NpuProbe(28079): SESSAO(68c7fb9): 4 requests na mesma sessao (roles separados; JSON nativo em files/r6-sess.jsonl)
10-07 20:22:21.894 I/NpuProbe(28079): SESS[0] puro:htp puro: ok=1 pieces=8 prefill=807.58ms gen=723.92ms pp1=0.33ms wall=1531.8ms
10-07 20:22:21.894 I/NpuProbe(28079): SESS[0] puro:htp puro texto_len=26 (integral no JSON)
10-07 20:22:21.894 I/NpuProbe(28079): SESS[0] puro:htp lifecycle: load=212ms reset=2.04ms wall=1531.8ms
10-07 20:22:21.894 I/NpuProbe(28079): SESS[0] puro:htp RESULTADO: PURO-EXECUTADO
10-07 20:22:21.894 I/NpuProbe(28079): SESS[1] puro:htp puro: ok=1 pieces=8 prefill=1194.09ms gen=859.97ms pp1=0.15ms wall=2054.4ms
10-07 20:22:21.894 I/NpuProbe(28079): SESS[1] puro:htp puro texto_len=26 (integral no JSON)
10-07 20:22:21.894 I/NpuProbe(28079): SESS[1] puro:htp lifecycle: load=0ms reset=2.14ms wall=2054.4ms
10-07 20:22:21.894 I/NpuProbe(28079): SESS[1] puro:htp RESULTADO: PURO-EXECUTADO
10-07 20:22:21.894 I/NpuProbe(28079): SESS[2] puro:htp puro: ok=1 pieces=8 prefill=1300.95ms gen=824.95ms pp1=0.20ms wall=2126.3ms
10-07 20:22:21.894 I/NpuProbe(28079): SESS[2] puro:htp puro texto_len=26 (integral no JSON)
10-07 20:22:21.894 I/NpuProbe(28079): SESS[2] puro:htp lifecycle: load=0ms reset=2.08ms wall=2126.3ms
10-07 20:22:21.894 I/NpuProbe(28079): SESS[2] puro:htp RESULTADO: PURO-EXECUTADO
10-07 20:22:21.894 I/NpuProbe(28079): SESS[3] puro:htp puro: ok=1 pieces=8 prefill=1242.05ms gen=851.97ms pp1=0.15ms wall=2094.5ms
10-07 20:22:21.894 I/NpuProbe(28079): SESS[3] puro:htp puro texto_len=26 (integral no JSON)
10-07 20:22:21.894 I/NpuProbe(28079): SESS[3] puro:htp lifecycle: load=0ms reset=1.92ms wall=2094.5ms
10-07 20:22:21.894 I/NpuProbe(28079): SESS[3] puro:htp RESULTADO: PURO-EXECUTADO
10-07 20:22:21.894 I/NpuProbe(28079): SESSAO(68c7fb9): fim (4 requests)
--------- beginning of main
10-07 20:22:13.735 I/NpuProbe(28079): nativeLibraryDir=/data/app/~~_SGkOc6q6Yi9oqCHaSo8cg==/br.gov.sp.pcsp.npuprobe-Q9zK8dNnWTAjUaaSddjQnw==/lib/arm64
10-07 20:22:13.735 I/NpuProbe(28079): libdir=/data/app/~~_SGkOc6q6Yi9oqCHaSo8cg==/br.gov.sp.pcsp.npuprobe-Q9zK8dNnWTAjUaaSddjQnw==/lib/arm64
10-07 20:22:13.735 I/NpuProbe(28079): build=llama.cpp-upstream-pkg (v11-libs) + probe R4
10-07 20:22:13.735 I/NpuProbe(28079): controle-sistema (liblog.so)=OK
10-07 20:22:13.735 I/NpuProbe(28079): negativo-fake (libnaoexiste_xyz.so)=FALHOU err=dlopen failed: library "libnaoexiste_xyz.so" not found
10-07 20:22:13.736 I/NpuProbe(28079): cdsprpc-nome (libcdsprpc.so)=OK
10-07 20:22:13.736 I/NpuProbe(28079): cdsprpc-abs (/vendor/lib64/libcdsprpc.so)=OK
10-07 20:22:13.736 I/NpuProbe(28079): ADSP_LIBRARY_PATH=libdir (setenv)
10-07 20:22:13.737 I/NpuProbe(28079): [ggml] ggml_vulkan: Found 1 Vulkan devices:
10-07 20:22:13.738 I/NpuProbe(28079): [ggml] ggml_vulkan: 0 = Adreno (TM) 840 (Qualcomm Technologies Inc. Adreno Vulkan Driver) | uma: 1 | fp16: 1 | bf16: 0 | fp4: 0 | warp size: 64 | shared memory: 32768 | int dot: 0 | matrix cores: none
10-07 20:22:13.743 I/NpuProbe(28079): [ggml] ggml_opencl: selected platform: 'QUALCOMM Snapdragon(TM)'
10-07 20:22:13.744 I/NpuProbe(28079): [ggml] 
10-07 20:22:13.744 I/NpuProbe(28079): ggml_opencl: device: 'QUALCOMM Adreno(TM) 840 (OpenCL 3.0 Adreno(TM) 840)'
10-07 20:22:13.744 I/NpuProbe(28079): [ggml] ggml_opencl: default device: 'QUALCOMM Adreno(TM) 840 (OpenCL 3.0 Adreno(TM) 840)'
10-07 20:22:13.744 I/NpuProbe(28079): [ggml] ggml-hex: Loading driver libcdsprpc.so
10-07 20:22:13.745 I/NpuProbe(28079): [ggml] ggml-hex: Hexagon backend (experimental) : allocating new registry : ndev 1
10-07 20:22:13.745 I/NpuProbe(28079): [ggml] ggml-hex: Hexagon Arch version v81
10-07 20:22:13.745 I/NpuProbe(28079): [ggml] ggml-hex: HTP0 allocating new session
10-07 20:22:13.778 I/NpuProbe(28079): [ggml] ggml-hex: HTP0 hwinfo: threads 8, hvx 8, hmx 1, vtcm 8 MB
10-07 20:22:13.778 I/NpuProbe(28079): [ggml] ggml-hex: HTP0 new session : session-id 0 domain-id 3 uri file:///libggml-htp-v81.so?htp_iface_skel_handle_invoke&_modver=1.0&_dom=cdsp&_session=0 handle 0xb4000077c5fbca80
10-07 20:22:13.782 I/NpuProbe(28079): [ggml] ggml-hex: HTP0 op batching: n-bufs 16 n-tensors 7168 n-ops 1024 vmem 3355443200
10-07 20:22:13.787 I/NpuProbe(28079): load_all_from_path=51ms
10-07 20:22:13.788 I/NpuProbe(28079): [ggml] load_backend: failed to find ggml_backend_init in /data/app/~~_SGkOc6q6Yi9oqCHaSo8cg==/br.gov.sp.pcsp.npuprobe-Q9zK8dNnWTAjUaaSddjQnw==/lib/arm64/libggml-hexagon.so
10-07 20:22:13.788 I/NpuProbe(28079): load(hexagon direto)=FALHOU em 0ms
10-07 20:22:13.788 I/NpuProbe(28079): devices=4
10-07 20:22:13.788 I/NpuProbe(28079):   dev[0] Vulkan0 (Adreno (TM) 840)
10-07 20:22:13.788 I/NpuProbe(28079):   dev[1] GPUOpenCL (QUALCOMM Adreno(TM) 840)
10-07 20:22:13.788 I/NpuProbe(28079):   dev[2] HTP0 (Hexagon)
10-07 20:22:13.788 I/NpuProbe(28079):   dev[3] CPU (CPU)
10-07 20:22:13.788 I/NpuProbe(28079): dev_init(HTP0)=0ms -> SESSAO ABERTA
10-07 20:22:13.789 I/NpuProbe(28079): graph_compute(MUL_MAT 64x64)=0.5ms status=0
10-07 20:22:13.789 I/NpuProbe(28079): c[0]=128.000000 (esperado 128.0)
10-07 20:22:13.789 I/NpuProbe(28079): RESULTADO: APP-UID OK: sessao HTP + op executado com resultado correto
10-07 20:22:13.789 I/NpuProbe(28079): REPORT:
10-07 20:22:13.789 I/NpuProbe(28079): libdir=/data/app/~~_SGkOc6q6Yi9oqCHaSo8cg==/br.gov.sp.pcsp.npuprobe-Q9zK8dNnWTAjUaaSddjQnw==/lib/arm64
10-07 20:22:13.789 I/NpuProbe(28079): build=llama.cpp-upstream-pkg (v11-libs) + probe R4
10-07 20:22:13.789 I/NpuProbe(28079): controle-sistema (liblog.so)=OK
10-07 20:22:13.789 I/NpuProbe(28079): negativo-fake (libnaoexiste_xyz.so)=FALHOU err=dlopen failed: library "libnaoexiste_xyz.so" not found
10-07 20:22:13.789 I/NpuProbe(28079): cdsprpc-nome (libcdsprpc.so)=OK
10-07 20:22:13.789 I/NpuProbe(28079): cdsprpc-abs (/vendor/lib64/libcdsprpc.so)=OK
10-07 20:22:13.789 I/NpuProbe(28079): ADSP_LIBRARY_PATH=libdir (setenv)
10-07 20:22:13.789 I/NpuProbe(28079): load_all_from_path=51ms
10-07 20:22:13.789 I/NpuProbe(28079): load(hexagon direto)=FALHOU em 0ms
10-07 20:22:13.789 I/NpuProbe(28079): devices=4
10-07 20:22:13.789 I/NpuProbe(28079):   dev[0] Vulkan0 (Adreno (TM) 840)
10-07 20:22:13.789 I/NpuProbe(28079):   dev[1] GPUOpenCL (QUALCOMM Adreno(TM) 840)
10-07 20:22:13.789 I/NpuProbe(28079):   dev[2] HTP0 (Hexagon)
10-07 20:22:13.789 I/NpuProbe(28079):   dev[3] CPU (CPU)
10-07 20:22:13.789 I/NpuProbe(28079): dev_init(HTP0)=0ms -> SESSAO ABERTA
10-07 20:22:13.789 I/NpuProbe(28079): graph_compute(MUL_MAT 64x64)=0.5ms status=0
10-07 20:22:13.789 I/NpuProbe(28079): c[0]=128.000000 (esperado 128.0)
10-07 20:22:13.789 I/NpuProbe(28079): RESULTADO: APP-UID OK: sessao HTP + op executado com resultado correto
10-07 20:22:13.790 I/NpuProbe(28079): AUTO-GATILHO='smart:sessao'
10-07 20:22:13.790 I/NpuProbe(28079): SMART iniciando rota=sessao com /data/local/tmp/hymt2_app.gguf
10-07 20:22:13.790 I/NpuProbe(28079): SMARTv2 rota='sessao' mutante=(none)
10-07 20:22:13.790 I/NpuProbe(28079): TUNE: GGML_HEXAGON_MM_SELECT=2
10-07 20:22:13.791 I/NpuProbe(28079): SESSAO(68c7fb9): 4 requests na mesma sessao (roles separados; JSON nativo em files/r6-sess.jsonl)
10-07 20:22:15.537 I/NpuProbe(28079): SESS[0] puro:htp puro: ok=1 pieces=8 prefill=807.58ms gen=723.92ms pp1=0.33ms wall=1531.8ms
10-07 20:22:15.537 I/NpuProbe(28079): SESS[0] puro:htp puro texto_len=26 (integral no JSON)
10-07 20:22:15.537 I/NpuProbe(28079): SESS[0] puro:htp lifecycle: load=212ms reset=2.04ms wall=1531.8ms
10-07 20:22:15.537 I/NpuProbe(28079): SESS[0] puro:htp RESULTADO: PURO-EXECUTADO
10-07 20:22:17.594 I/NpuProbe(28079): SESS[1] puro:htp puro: ok=1 pieces=8 prefill=1194.09ms gen=859.97ms pp1=0.15ms wall=2054.4ms
10-07 20:22:17.594 I/NpuProbe(28079): SESS[1] puro:htp puro texto_len=26 (integral no JSON)
10-07 20:22:17.594 I/NpuProbe(28079): SESS[1] puro:htp lifecycle: load=0ms reset=2.14ms wall=2054.4ms
10-07 20:22:17.594 I/NpuProbe(28079): SESS[1] puro:htp RESULTADO: PURO-EXECUTADO
10-07 20:22:19.722 I/NpuProbe(28079): SESS[2] puro:htp puro: ok=1 pieces=8 prefill=1300.95ms gen=824.95ms pp1=0.20ms wall=2126.3ms
10-07 20:22:19.722 I/NpuProbe(28079): SESS[2] puro:htp puro texto_len=26 (integral no JSON)
10-07 20:22:19.722 I/NpuProbe(28079): SESS[2] puro:htp lifecycle: load=0ms reset=2.08ms wall=2126.3ms
10-07 20:22:19.722 I/NpuProbe(28079): SESS[2] puro:htp RESULTADO: PURO-EXECUTADO
10-07 20:22:21.819 I/NpuProbe(28079): SESS[3] puro:htp puro: ok=1 pieces=8 prefill=1242.05ms gen=851.97ms pp1=0.15ms wall=2094.5ms
10-07 20:22:21.819 I/NpuProbe(28079): SESS[3] puro:htp puro texto_len=26 (integral no JSON)
10-07 20:22:21.819 I/NpuProbe(28079): SESS[3] puro:htp lifecycle: load=0ms reset=1.92ms wall=2094.5ms
10-07 20:22:21.819 I/NpuProbe(28079): SESS[3] puro:htp RESULTADO: PURO-EXECUTADO
10-07 20:22:21.894 I/NpuProbe(28079): SESSAO(68c7fb9): fim (4 requests)
10-07 20:22:21.894 I/NpuProbe(28079): SMART REPORT:
10-07 20:22:21.894 I/NpuProbe(28079): SMART (sessao)
10-07 20:22:21.894 I/NpuProbe(28079): 
10-07 20:22:21.894 I/NpuProbe(28079): SMARTv2 rota='sessao' mutante=(none)
10-07 20:22:21.894 I/NpuProbe(28079): TUNE: GGML_HEXAGON_MM_SELECT=2
10-07 20:22:21.894 I/NpuProbe(28079): SESSAO(68c7fb9): 4 requests na mesma sessao (roles separados; JSON nativo em files/r6-sess.jsonl)
10-07 20:22:21.894 I/NpuProbe(28079): SESS[0] puro:htp puro: ok=1 pieces=8 prefill=807.58ms gen=723.92ms pp1=0.33ms wall=1531.8ms
10-07 20:22:21.894 I/NpuProbe(28079): SESS[0] puro:htp puro texto_len=26 (integral no JSON)
10-07 20:22:21.894 I/NpuProbe(28079): SESS[0] puro:htp lifecycle: load=212ms reset=2.04ms wall=1531.8ms
10-07 20:22:21.894 I/NpuProbe(28079): SESS[0] puro:htp RESULTADO: PURO-EXECUTADO
10-07 20:22:21.894 I/NpuProbe(28079): SESS[1] puro:htp puro: ok=1 pieces=8 prefill=1194.09ms gen=859.97ms pp1=0.15ms wall=2054.4ms
10-07 20:22:21.894 I/NpuProbe(28079): SESS[1] puro:htp puro texto_len=26 (integral no JSON)
10-07 20:22:21.894 I/NpuProbe(28079): SESS[1] puro:htp lifecycle: load=0ms reset=2.14ms wall=2054.4ms
10-07 20:22:21.894 I/NpuProbe(28079): SESS[1] puro:htp RESULTADO: PURO-EXECUTADO
10-07 20:22:21.894 I/NpuProbe(28079): SESS[2] puro:htp puro: ok=1 pieces=8 prefill=1300.95ms gen=824.95ms pp1=0.20ms wall=2126.3ms
10-07 20:22:21.894 I/NpuProbe(28079): SESS[2] puro:htp puro texto_len=26 (integral no JSON)
10-07 20:22:21.894 I/NpuProbe(28079): SESS[2] puro:htp lifecycle: load=0ms reset=2.08ms wall=2126.3ms
10-07 20:22:21.894 I/NpuProbe(28079): SESS[2] puro:htp RESULTADO: PURO-EXECUTADO
10-07 20:22:21.894 I/NpuProbe(28079): SESS[3] puro:htp puro: ok=1 pieces=8 prefill=1242.05ms gen=851.97ms pp1=0.15ms wall=2094.5ms
10-07 20:22:21.894 I/NpuProbe(28079): SESS[3] puro:htp puro texto_len=26 (integral no JSON)
10-07 20:22:21.894 I/NpuProbe(28079): SESS[3] puro:htp lifecycle: load=0ms reset=1.92ms wall=2094.5ms
10-07 20:22:21.894 I/NpuProbe(28079): SESS[3] puro:htp RESULTADO: PURO-EXECUTADO
10-07 20:22:21.894 I/NpuProbe(28079): SESSAO(68c7fb9): fim (4 requests)
--------- beginning of main
10-07 20:22:13.735 I/NpuProbe(28079): nativeLibraryDir=/data/app/~~_SGkOc6q6Yi9oqCHaSo8cg==/br.gov.sp.pcsp.npuprobe-Q9zK8dNnWTAjUaaSddjQnw==/lib/arm64
10-07 20:22:13.735 I/NpuProbe(28079): libdir=/data/app/~~_SGkOc6q6Yi9oqCHaSo8cg==/br.gov.sp.pcsp.npuprobe-Q9zK8dNnWTAjUaaSddjQnw==/lib/arm64
10-07 20:22:13.735 I/NpuProbe(28079): build=llama.cpp-upstream-pkg (v11-libs) + probe R4
10-07 20:22:13.735 I/NpuProbe(28079): controle-sistema (liblog.so)=OK
10-07 20:22:13.735 I/NpuProbe(28079): negativo-fake (libnaoexiste_xyz.so)=FALHOU err=dlopen failed: library "libnaoexiste_xyz.so" not found
10-07 20:22:13.736 I/NpuProbe(28079): cdsprpc-nome (libcdsprpc.so)=OK
10-07 20:22:13.736 I/NpuProbe(28079): cdsprpc-abs (/vendor/lib64/libcdsprpc.so)=OK
10-07 20:22:13.736 I/NpuProbe(28079): ADSP_LIBRARY_PATH=libdir (setenv)
10-07 20:22:13.737 I/NpuProbe(28079): [ggml] ggml_vulkan: Found 1 Vulkan devices:
10-07 20:22:13.738 I/NpuProbe(28079): [ggml] ggml_vulkan: 0 = Adreno (TM) 840 (Qualcomm Technologies Inc. Adreno Vulkan Driver) | uma: 1 | fp16: 1 | bf16: 0 | fp4: 0 | warp size: 64 | shared memory: 32768 | int dot: 0 | matrix cores: none
10-07 20:22:13.743 I/NpuProbe(28079): [ggml] ggml_opencl: selected platform: 'QUALCOMM Snapdragon(TM)'
10-07 20:22:13.744 I/NpuProbe(28079): [ggml] 
10-07 20:22:13.744 I/NpuProbe(28079): ggml_opencl: device: 'QUALCOMM Adreno(TM) 840 (OpenCL 3.0 Adreno(TM) 840)'
10-07 20:22:13.744 I/NpuProbe(28079): [ggml] ggml_opencl: default device: 'QUALCOMM Adreno(TM) 840 (OpenCL 3.0 Adreno(TM) 840)'
10-07 20:22:13.744 I/NpuProbe(28079): [ggml] ggml-hex: Loading driver libcdsprpc.so
10-07 20:22:13.745 I/NpuProbe(28079): [ggml] ggml-hex: Hexagon backend (experimental) : allocating new registry : ndev 1
10-07 20:22:13.745 I/NpuProbe(28079): [ggml] ggml-hex: Hexagon Arch version v81
10-07 20:22:13.745 I/NpuProbe(28079): [ggml] ggml-hex: HTP0 allocating new session
10-07 20:22:13.778 I/NpuProbe(28079): [ggml] ggml-hex: HTP0 hwinfo: threads 8, hvx 8, hmx 1, vtcm 8 MB
10-07 20:22:13.778 I/NpuProbe(28079): [ggml] ggml-hex: HTP0 new session : session-id 0 domain-id 3 uri file:///libggml-htp-v81.so?htp_iface_skel_handle_invoke&_modver=1.0&_dom=cdsp&_session=0 handle 0xb4000077c5fbca80
10-07 20:22:13.782 I/NpuProbe(28079): [ggml] ggml-hex: HTP0 op batching: n-bufs 16 n-tensors 7168 n-ops 1024 vmem 3355443200
10-07 20:22:13.787 I/NpuProbe(28079): load_all_from_path=51ms
10-07 20:22:13.788 I/NpuProbe(28079): [ggml] load_backend: failed to find ggml_backend_init in /data/app/~~_SGkOc6q6Yi9oqCHaSo8cg==/br.gov.sp.pcsp.npuprobe-Q9zK8dNnWTAjUaaSddjQnw==/lib/arm64/libggml-hexagon.so
10-07 20:22:13.788 I/NpuProbe(28079): load(hexagon direto)=FALHOU em 0ms
10-07 20:22:13.788 I/NpuProbe(28079): devices=4
10-07 20:22:13.788 I/NpuProbe(28079):   dev[0] Vulkan0 (Adreno (TM) 840)
10-07 20:22:13.788 I/NpuProbe(28079):   dev[1] GPUOpenCL (QUALCOMM Adreno(TM) 840)
10-07 20:22:13.788 I/NpuProbe(28079):   dev[2] HTP0 (Hexagon)
10-07 20:22:13.788 I/NpuProbe(28079):   dev[3] CPU (CPU)
10-07 20:22:13.788 I/NpuProbe(28079): dev_init(HTP0)=0ms -> SESSAO ABERTA
10-07 20:22:13.789 I/NpuProbe(28079): graph_compute(MUL_MAT 64x64)=0.5ms status=0
10-07 20:22:13.789 I/NpuProbe(28079): c[0]=128.000000 (esperado 128.0)
10-07 20:22:13.789 I/NpuProbe(28079): RESULTADO: APP-UID OK: sessao HTP + op executado com resultado correto
10-07 20:22:13.789 I/NpuProbe(28079): REPORT:
10-07 20:22:13.789 I/NpuProbe(28079): libdir=/data/app/~~_SGkOc6q6Yi9oqCHaSo8cg==/br.gov.sp.pcsp.npuprobe-Q9zK8dNnWTAjUaaSddjQnw==/lib/arm64
10-07 20:22:13.789 I/NpuProbe(28079): build=llama.cpp-upstream-pkg (v11-libs) + probe R4
10-07 20:22:13.789 I/NpuProbe(28079): controle-sistema (liblog.so)=OK
10-07 20:22:13.789 I/NpuProbe(28079): negativo-fake (libnaoexiste_xyz.so)=FALHOU err=dlopen failed: library "libnaoexiste_xyz.so" not found
10-07 20:22:13.789 I/NpuProbe(28079): cdsprpc-nome (libcdsprpc.so)=OK
10-07 20:22:13.789 I/NpuProbe(28079): cdsprpc-abs (/vendor/lib64/libcdsprpc.so)=OK
10-07 20:22:13.789 I/NpuProbe(28079): ADSP_LIBRARY_PATH=libdir (setenv)
10-07 20:22:13.789 I/NpuProbe(28079): load_all_from_path=51ms
10-07 20:22:13.789 I/NpuProbe(28079): load(hexagon direto)=FALHOU em 0ms
10-07 20:22:13.789 I/NpuProbe(28079): devices=4
10-07 20:22:13.789 I/NpuProbe(28079):   dev[0] Vulkan0 (Adreno (TM) 840)
10-07 20:22:13.789 I/NpuProbe(28079):   dev[1] GPUOpenCL (QUALCOMM Adreno(TM) 840)
10-07 20:22:13.789 I/NpuProbe(28079):   dev[2] HTP0 (Hexagon)
10-07 20:22:13.789 I/NpuProbe(28079):   dev[3] CPU (CPU)
10-07 20:22:13.789 I/NpuProbe(28079): dev_init(HTP0)=0ms -> SESSAO ABERTA
10-07 20:22:13.789 I/NpuProbe(28079): graph_compute(MUL_MAT 64x64)=0.5ms status=0
10-07 20:22:13.789 I/NpuProbe(28079): c[0]=128.000000 (esperado 128.0)
10-07 20:22:13.789 I/NpuProbe(28079): RESULTADO: APP-UID OK: sessao HTP + op executado com resultado correto
10-07 20:22:13.790 I/NpuProbe(28079): AUTO-GATILHO='smart:sessao'
10-07 20:22:13.790 I/NpuProbe(28079): SMART iniciando rota=sessao com /data/local/tmp/hymt2_app.gguf
10-07 20:22:13.790 I/NpuProbe(28079): SMARTv2 rota='sessao' mutante=(none)
10-07 20:22:13.790 I/NpuProbe(28079): TUNE: GGML_HEXAGON_MM_SELECT=2
10-07 20:22:13.791 I/NpuProbe(28079): SESSAO(68c7fb9): 4 requests na mesma sessao (roles separados; JSON nativo em files/r6-sess.jsonl)
10-07 20:22:15.537 I/NpuProbe(28079): SESS[0] puro:htp puro: ok=1 pieces=8 prefill=807.58ms gen=723.92ms pp1=0.33ms wall=1531.8ms
10-07 20:22:15.537 I/NpuProbe(28079): SESS[0] puro:htp puro texto_len=26 (integral no JSON)
10-07 20:22:15.537 I/NpuProbe(28079): SESS[0] puro:htp lifecycle: load=212ms reset=2.04ms wall=1531.8ms
10-07 20:22:15.537 I/NpuProbe(28079): SESS[0] puro:htp RESULTADO: PURO-EXECUTADO
10-07 20:22:17.594 I/NpuProbe(28079): SESS[1] puro:htp puro: ok=1 pieces=8 prefill=1194.09ms gen=859.97ms pp1=0.15ms wall=2054.4ms
10-07 20:22:17.594 I/NpuProbe(28079): SESS[1] puro:htp puro texto_len=26 (integral no JSON)
10-07 20:22:17.594 I/NpuProbe(28079): SESS[1] puro:htp lifecycle: load=0ms reset=2.14ms wall=2054.4ms
10-07 20:22:17.594 I/NpuProbe(28079): SESS[1] puro:htp RESULTADO: PURO-EXECUTADO
10-07 20:22:19.722 I/NpuProbe(28079): SESS[2] puro:htp puro: ok=1 pieces=8 prefill=1300.95ms gen=824.95ms pp1=0.20ms wall=2126.3ms
10-07 20:22:19.722 I/NpuProbe(28079): SESS[2] puro:htp puro texto_len=26 (integral no JSON)
10-07 20:22:19.722 I/NpuProbe(28079): SESS[2] puro:htp lifecycle: load=0ms reset=2.08ms wall=2126.3ms
10-07 20:22:19.722 I/NpuProbe(28079): SESS[2] puro:htp RESULTADO: PURO-EXECUTADO
10-07 20:22:21.819 I/NpuProbe(28079): SESS[3] puro:htp puro: ok=1 pieces=8 prefill=1242.05ms gen=851.97ms pp1=0.15ms wall=2094.5ms
10-07 20:22:21.819 I/NpuProbe(28079): SESS[3] puro:htp puro texto_len=26 (integral no JSON)
10-07 20:22:21.819 I/NpuProbe(28079): SESS[3] puro:htp lifecycle: load=0ms reset=1.92ms wall=2094.5ms
10-07 20:22:21.819 I/NpuProbe(28079): SESS[3] puro:htp RESULTADO: PURO-EXECUTADO
10-07 20:22:21.894 I/NpuProbe(28079): SESSAO(68c7fb9): fim (4 requests)
10-07 20:22:21.894 I/NpuProbe(28079): SMART REPORT:
10-07 20:22:21.894 I/NpuProbe(28079): SMART (sessao)
10-07 20:22:21.894 I/NpuProbe(28079): 
10-07 20:22:21.894 I/NpuProbe(28079): SMARTv2 rota='sessao' mutante=(none)
10-07 20:22:21.894 I/NpuProbe(28079): TUNE: GGML_HEXAGON_MM_SELECT=2
10-07 20:22:21.894 I/NpuProbe(28079): SESSAO(68c7fb9): 4 requests na mesma sessao (roles separados; JSON nativo em files/r6-sess.jsonl)
10-07 20:22:21.894 I/NpuProbe(28079): SESS[0] puro:htp puro: ok=1 pieces=8 prefill=807.58ms gen=723.92ms pp1=0.33ms wall=1531.8ms
10-07 20:22:21.894 I/NpuProbe(28079): SESS[0] puro:htp puro texto_len=26 (integral no JSON)
10-07 20:22:21.894 I/NpuProbe(28079): SESS[0] puro:htp lifecycle: load=212ms reset=2.04ms wall=1531.8ms
10-07 20:22:21.894 I/NpuProbe(28079): SESS[0] puro:htp RESULTADO: PURO-EXECUTADO
10-07 20:22:21.894 I/NpuProbe(28079): SESS[1] puro:htp puro: ok=1 pieces=8 prefill=1194.09ms gen=859.97ms pp1=0.15ms wall=2054.4ms
10-07 20:22:21.894 I/NpuProbe(28079): SESS[1] puro:htp puro texto_len=26 (integral no JSON)
10-07 20:22:21.894 I/NpuProbe(28079): SESS[1] puro:htp lifecycle: load=0ms reset=2.14ms wall=2054.4ms
10-07 20:22:21.894 I/NpuProbe(28079): SESS[1] puro:htp RESULTADO: PURO-EXECUTADO
10-07 20:22:21.894 I/NpuProbe(28079): SESS[2] puro:htp puro: ok=1 pieces=8 prefill=1300.95ms gen=824.95ms pp1=0.20ms wall=2126.3ms
10-07 20:22:21.894 I/NpuProbe(28079): SESS[2] puro:htp puro texto_len=26 (integral no JSON)
10-07 20:22:21.894 I/NpuProbe(28079): SESS[2] puro:htp lifecycle: load=0ms reset=2.08ms wall=2126.3ms
10-07 20:22:21.894 I/NpuProbe(28079): SESS[2] puro:htp RESULTADO: PURO-EXECUTADO
10-07 20:22:21.894 I/NpuProbe(28079): SESS[3] puro:htp puro: ok=1 pieces=8 prefill=1242.05ms gen=851.97ms pp1=0.15ms wall=2094.5ms
10-07 20:22:21.894 I/NpuProbe(28079): SESS[3] puro:htp puro texto_len=26 (integral no JSON)
10-07 20:22:21.894 I/NpuProbe(28079): SESS[3] puro:htp lifecycle: load=0ms reset=1.92ms wall=2094.5ms
10-07 20:22:21.894 I/NpuProbe(28079): SESS[3] puro:htp RESULTADO: PURO-EXECUTADO
10-07 20:22:21.894 I/NpuProbe(28079): SESSAO(68c7fb9): fim (4 requests)
10-07 20:23:38.635 I/NpuProbe(16099): nativeLibraryDir=/data/app/~~_SGkOc6q6Yi9oqCHaSo8cg==/br.gov.sp.pcsp.npuprobe-Q9zK8dNnWTAjUaaSddjQnw==/lib/arm64
10-07 20:23:38.635 I/NpuProbe(16099): libdir=/data/app/~~_SGkOc6q6Yi9oqCHaSo8cg==/br.gov.sp.pcsp.npuprobe-Q9zK8dNnWTAjUaaSddjQnw==/lib/arm64
10-07 20:23:38.635 I/NpuProbe(16099): build=llama.cpp-upstream-pkg (v11-libs) + probe R4
10-07 20:23:38.635 I/NpuProbe(16099): controle-sistema (liblog.so)=OK
10-07 20:23:38.635 I/NpuProbe(16099): negativo-fake (libnaoexiste_xyz.so)=FALHOU err=dlopen failed: library "libnaoexiste_xyz.so" not found
10-07 20:23:38.636 I/NpuProbe(16099): cdsprpc-nome (libcdsprpc.so)=OK
10-07 20:23:38.636 I/NpuProbe(16099): cdsprpc-abs (/vendor/lib64/libcdsprpc.so)=OK
10-07 20:23:38.636 I/NpuProbe(16099): ADSP_LIBRARY_PATH=libdir (setenv)
10-07 20:23:38.637 I/NpuProbe(16099): [ggml] ggml_vulkan: Found 1 Vulkan devices:
10-07 20:23:38.638 I/NpuProbe(16099): [ggml] ggml_vulkan: 0 = Adreno (TM) 840 (Qualcomm Technologies Inc. Adreno Vulkan Driver) | uma: 1 | fp16: 1 | bf16: 0 | fp4: 0 | warp size: 64 | shared memory: 32768 | int dot: 0 | matrix cores: none
10-07 20:23:38.643 I/NpuProbe(16099): [ggml] ggml_opencl: selected platform: 'QUALCOMM Snapdragon(TM)'
10-07 20:23:38.643 I/NpuProbe(16099): [ggml] 
10-07 20:23:38.643 I/NpuProbe(16099): ggml_opencl: device: 'QUALCOMM Adreno(TM) 840 (OpenCL 3.0 Adreno(TM) 840)'
10-07 20:23:38.643 I/NpuProbe(16099): [ggml] ggml_opencl: default device: 'QUALCOMM Adreno(TM) 840 (OpenCL 3.0 Adreno(TM) 840)'
10-07 20:23:38.643 I/NpuProbe(16099): [ggml] ggml-hex: Loading driver libcdsprpc.so
10-07 20:23:38.645 I/NpuProbe(16099): [ggml] ggml-hex: Hexagon backend (experimental) : allocating new registry : ndev 1
10-07 20:23:38.645 I/NpuProbe(16099): [ggml] ggml-hex: Hexagon Arch version v81
10-07 20:23:38.645 I/NpuProbe(16099): [ggml] ggml-hex: HTP0 allocating new session
10-07 20:23:38.677 I/NpuProbe(16099): [ggml] ggml-hex: HTP0 hwinfo: threads 8, hvx 8, hmx 1, vtcm 8 MB
10-07 20:23:38.677 I/NpuProbe(16099): [ggml] ggml-hex: HTP0 new session : session-id 0 domain-id 3 uri file:///libggml-htp-v81.so?htp_iface_skel_handle_invoke&_modver=1.0&_dom=cdsp&_session=0 handle 0xb4000077d53f4000
10-07 20:23:38.680 I/NpuProbe(16099): [ggml] ggml-hex: HTP0 op batching: n-bufs 16 n-tensors 7168 n-ops 1024 vmem 3355443200
10-07 20:23:38.684 I/NpuProbe(16099): load_all_from_path=48ms
10-07 20:23:38.685 I/NpuProbe(16099): [ggml] load_backend: failed to find ggml_backend_init in /data/app/~~_SGkOc6q6Yi9oqCHaSo8cg==/br.gov.sp.pcsp.npuprobe-Q9zK8dNnWTAjUaaSddjQnw==/lib/arm64/libggml-hexagon.so
10-07 20:23:38.685 I/NpuProbe(16099): load(hexagon direto)=FALHOU em 0ms
10-07 20:23:38.685 I/NpuProbe(16099): devices=4
10-07 20:23:38.685 I/NpuProbe(16099):   dev[0] Vulkan0 (Adreno (TM) 840)
10-07 20:23:38.685 I/NpuProbe(16099):   dev[1] GPUOpenCL (QUALCOMM Adreno(TM) 840)
10-07 20:23:38.685 I/NpuProbe(16099):   dev[2] HTP0 (Hexagon)
10-07 20:23:38.685 I/NpuProbe(16099):   dev[3] CPU (CPU)
10-07 20:23:38.685 I/NpuProbe(16099): dev_init(HTP0)=0ms -> SESSAO ABERTA
10-07 20:23:38.685 I/NpuProbe(16099): graph_compute(MUL_MAT 64x64)=0.5ms status=0
10-07 20:23:38.685 I/NpuProbe(16099): c[0]=128.000000 (esperado 128.0)
10-07 20:23:38.685 I/NpuProbe(16099): RESULTADO: APP-UID OK: sessao HTP + op executado com resultado correto
10-07 20:23:38.686 I/NpuProbe(16099): REPORT:
10-07 20:23:38.686 I/NpuProbe(16099): libdir=/data/app/~~_SGkOc6q6Yi9oqCHaSo8cg==/br.gov.sp.pcsp.npuprobe-Q9zK8dNnWTAjUaaSddjQnw==/lib/arm64
10-07 20:23:38.686 I/NpuProbe(16099): build=llama.cpp-upstream-pkg (v11-libs) + probe R4
10-07 20:23:38.686 I/NpuProbe(16099): controle-sistema (liblog.so)=OK
10-07 20:23:38.686 I/NpuProbe(16099): negativo-fake (libnaoexiste_xyz.so)=FALHOU err=dlopen failed: library "libnaoexiste_xyz.so" not found
10-07 20:23:38.686 I/NpuProbe(16099): cdsprpc-nome (libcdsprpc.so)=OK
10-07 20:23:38.686 I/NpuProbe(16099): cdsprpc-abs (/vendor/lib64/libcdsprpc.so)=OK
10-07 20:23:38.686 I/NpuProbe(16099): ADSP_LIBRARY_PATH=libdir (setenv)
10-07 20:23:38.686 I/NpuProbe(16099): load_all_from_path=48ms
10-07 20:23:38.686 I/NpuProbe(16099): load(hexagon direto)=FALHOU em 0ms
10-07 20:23:38.686 I/NpuProbe(16099): devices=4
10-07 20:23:38.686 I/NpuProbe(16099):   dev[0] Vulkan0 (Adreno (TM) 840)
10-07 20:23:38.686 I/NpuProbe(16099):   dev[1] GPUOpenCL (QUALCOMM Adreno(TM) 840)
10-07 20:23:38.686 I/NpuProbe(16099):   dev[2] HTP0 (Hexagon)
10-07 20:23:38.686 I/NpuProbe(16099):   dev[3] CPU (CPU)
10-07 20:23:38.686 I/NpuProbe(16099): dev_init(HTP0)=0ms -> SESSAO ABERTA
10-07 20:23:38.686 I/NpuProbe(16099): graph_compute(MUL_MAT 64x64)=0.5ms status=0
10-07 20:23:38.686 I/NpuProbe(16099): c[0]=128.000000 (esperado 128.0)
10-07 20:23:38.686 I/NpuProbe(16099): RESULTADO: APP-UID OK: sessao HTP + op executado com resultado correto
10-07 20:23:38.686 I/NpuProbe(16099): AUTO-GATILHO='smart:sessao'
10-07 20:23:38.686 I/NpuProbe(16099): SMART iniciando rota=sessao com /data/local/tmp/hymt2_app.gguf
10-07 20:23:38.686 I/NpuProbe(16099): SMARTv2 rota='sessao' mutante=(none)
10-07 20:23:38.687 I/NpuProbe(16099): TUNE: GGML_HEXAGON_NHVX=8
10-07 20:23:38.688 I/NpuProbe(16099): SESSAO(68dcb59): 4 requests na mesma sessao (roles separados; JSON nativo em files/r6-sess.jsonl)
10-07 20:23:40.438 I/NpuProbe(16099): SESS[0] puro:htp puro: ok=1 pieces=8 prefill=815.65ms gen=720.87ms pp1=0.33ms wall=1536.8ms
10-07 20:23:40.438 I/NpuProbe(16099): SESS[0] puro:htp puro texto_len=26 (integral no JSON)
10-07 20:23:40.438 I/NpuProbe(16099): SESS[0] puro:htp lifecycle: load=212ms reset=1.86ms wall=1536.8ms
10-07 20:23:40.439 I/NpuProbe(16099): SESS[0] puro:htp RESULTADO: PURO-EXECUTADO
10-07 20:23:42.473 I/NpuProbe(16099): SESS[1] puro:htp puro: ok=1 pieces=8 prefill=1179.60ms gen=851.81ms pp1=0.14ms wall=2031.9ms
10-07 20:23:42.473 I/NpuProbe(16099): SESS[1] puro:htp puro texto_len=26 (integral no JSON)
10-07 20:23:42.473 I/NpuProbe(16099): SESS[1] puro:htp lifecycle: load=0ms reset=2.02ms wall=2031.9ms
10-07 20:23:42.473 I/NpuProbe(16099): SESS[1] puro:htp RESULTADO: PURO-EXECUTADO
10-07 20:23:44.693 I/NpuProbe(16099): SESS[2] puro:htp puro: ok=1 pieces=8 prefill=1341.71ms gen=875.45ms pp1=0.55ms wall=2217.7ms
10-07 20:23:44.693 I/NpuProbe(16099): SESS[2] puro:htp puro texto_len=26 (integral no JSON)
10-07 20:23:44.693 I/NpuProbe(16099): SESS[2] puro:htp lifecycle: load=0ms reset=2.18ms wall=2217.7ms
10-07 20:23:44.693 I/NpuProbe(16099): SESS[2] puro:htp RESULTADO: PURO-EXECUTADO
10-07 20:23:46.799 I/NpuProbe(16099): SESS[3] puro:htp puro: ok=1 pieces=8 prefill=1336.28ms gen=766.54ms pp1=0.55ms wall=2103.3ms
10-07 20:23:46.799 I/NpuProbe(16099): SESS[3] puro:htp puro texto_len=26 (integral no JSON)
10-07 20:23:46.799 I/NpuProbe(16099): SESS[3] puro:htp lifecycle: load=0ms reset=3.35ms wall=2103.3ms
10-07 20:23:46.799 I/NpuProbe(16099): SESS[3] puro:htp RESULTADO: PURO-EXECUTADO
10-07 20:23:46.874 I/NpuProbe(16099): SESSAO(68dcb59): fim (4 requests)
10-07 20:23:46.875 I/NpuProbe(16099): SMART REPORT:
10-07 20:23:46.875 I/NpuProbe(16099): SMART (sessao)
10-07 20:23:46.875 I/NpuProbe(16099): 
10-07 20:23:46.875 I/NpuProbe(16099): SMARTv2 rota='sessao' mutante=(none)
10-07 20:23:46.875 I/NpuProbe(16099): TUNE: GGML_HEXAGON_NHVX=8
10-07 20:23:46.875 I/NpuProbe(16099): SESSAO(68dcb59): 4 requests na mesma sessao (roles separados; JSON nativo em files/r6-sess.jsonl)
10-07 20:23:46.875 I/NpuProbe(16099): SESS[0] puro:htp puro: ok=1 pieces=8 prefill=815.65ms gen=720.87ms pp1=0.33ms wall=1536.8ms
10-07 20:23:46.875 I/NpuProbe(16099): SESS[0] puro:htp puro texto_len=26 (integral no JSON)
10-07 20:23:46.875 I/NpuProbe(16099): SESS[0] puro:htp lifecycle: load=212ms reset=1.86ms wall=1536.8ms
10-07 20:23:46.875 I/NpuProbe(16099): SESS[0] puro:htp RESULTADO: PURO-EXECUTADO
10-07 20:23:46.875 I/NpuProbe(16099): SESS[1] puro:htp puro: ok=1 pieces=8 prefill=1179.60ms gen=851.81ms pp1=0.14ms wall=2031.9ms
10-07 20:23:46.875 I/NpuProbe(16099): SESS[1] puro:htp puro texto_len=26 (integral no JSON)
10-07 20:23:46.875 I/NpuProbe(16099): SESS[1] puro:htp lifecycle: load=0ms reset=2.02ms wall=2031.9ms
10-07 20:23:46.875 I/NpuProbe(16099): SESS[1] puro:htp RESULTADO: PURO-EXECUTADO
10-07 20:23:46.875 I/NpuProbe(16099): SESS[2] puro:htp puro: ok=1 pieces=8 prefill=1341.71ms gen=875.45ms pp1=0.55ms wall=2217.7ms
10-07 20:23:46.875 I/NpuProbe(16099): SESS[2] puro:htp puro texto_len=26 (integral no JSON)
10-07 20:23:46.875 I/NpuProbe(16099): SESS[2] puro:htp lifecycle: load=0ms reset=2.18ms wall=2217.7ms
10-07 20:23:46.875 I/NpuProbe(16099): SESS[2] puro:htp RESULTADO: PURO-EXECUTADO
10-07 20:23:46.875 I/NpuProbe(16099): SESS[3] puro:htp puro: ok=1 pieces=8 prefill=1336.28ms gen=766.54ms pp1=0.55ms wall=2103.3ms
10-07 20:23:46.875 I/NpuProbe(16099): SESS[3] puro:htp puro texto_len=26 (integral no JSON)
10-07 20:23:46.875 I/NpuProbe(16099): SESS[3] puro:htp lifecycle: load=0ms reset=3.35ms wall=2103.3ms
10-07 20:23:46.875 I/NpuProbe(16099): SESS[3] puro:htp RESULTADO: PURO-EXECUTADO
10-07 20:23:46.875 I/NpuProbe(16099): SESSAO(68dcb59): fim (4 requests)
--------- beginning of main
10-07 20:23:38.635 I/NpuProbe(16099): nativeLibraryDir=/data/app/~~_SGkOc6q6Yi9oqCHaSo8cg==/br.gov.sp.pcsp.npuprobe-Q9zK8dNnWTAjUaaSddjQnw==/lib/arm64
10-07 20:23:38.635 I/NpuProbe(16099): libdir=/data/app/~~_SGkOc6q6Yi9oqCHaSo8cg==/br.gov.sp.pcsp.npuprobe-Q9zK8dNnWTAjUaaSddjQnw==/lib/arm64
10-07 20:23:38.635 I/NpuProbe(16099): build=llama.cpp-upstream-pkg (v11-libs) + probe R4
10-07 20:23:38.635 I/NpuProbe(16099): controle-sistema (liblog.so)=OK
10-07 20:23:38.635 I/NpuProbe(16099): negativo-fake (libnaoexiste_xyz.so)=FALHOU err=dlopen failed: library "libnaoexiste_xyz.so" not found
10-07 20:23:38.636 I/NpuProbe(16099): cdsprpc-nome (libcdsprpc.so)=OK
10-07 20:23:38.636 I/NpuProbe(16099): cdsprpc-abs (/vendor/lib64/libcdsprpc.so)=OK
10-07 20:23:38.636 I/NpuProbe(16099): ADSP_LIBRARY_PATH=libdir (setenv)
10-07 20:23:38.637 I/NpuProbe(16099): [ggml] ggml_vulkan: Found 1 Vulkan devices:
10-07 20:23:38.638 I/NpuProbe(16099): [ggml] ggml_vulkan: 0 = Adreno (TM) 840 (Qualcomm Technologies Inc. Adreno Vulkan Driver) | uma: 1 | fp16: 1 | bf16: 0 | fp4: 0 | warp size: 64 | shared memory: 32768 | int dot: 0 | matrix cores: none
10-07 20:23:38.643 I/NpuProbe(16099): [ggml] ggml_opencl: selected platform: 'QUALCOMM Snapdragon(TM)'
10-07 20:23:38.643 I/NpuProbe(16099): [ggml] 
10-07 20:23:38.643 I/NpuProbe(16099): ggml_opencl: device: 'QUALCOMM Adreno(TM) 840 (OpenCL 3.0 Adreno(TM) 840)'
10-07 20:23:38.643 I/NpuProbe(16099): [ggml] ggml_opencl: default device: 'QUALCOMM Adreno(TM) 840 (OpenCL 3.0 Adreno(TM) 840)'
10-07 20:23:38.643 I/NpuProbe(16099): [ggml] ggml-hex: Loading driver libcdsprpc.so
10-07 20:23:38.645 I/NpuProbe(16099): [ggml] ggml-hex: Hexagon backend (experimental) : allocating new registry : ndev 1
10-07 20:23:38.645 I/NpuProbe(16099): [ggml] ggml-hex: Hexagon Arch version v81
10-07 20:23:38.645 I/NpuProbe(16099): [ggml] ggml-hex: HTP0 allocating new session
10-07 20:23:38.677 I/NpuProbe(16099): [ggml] ggml-hex: HTP0 hwinfo: threads 8, hvx 8, hmx 1, vtcm 8 MB
10-07 20:23:38.677 I/NpuProbe(16099): [ggml] ggml-hex: HTP0 new session : session-id 0 domain-id 3 uri file:///libggml-htp-v81.so?htp_iface_skel_handle_invoke&_modver=1.0&_dom=cdsp&_session=0 handle 0xb4000077d53f4000
10-07 20:23:38.680 I/NpuProbe(16099): [ggml] ggml-hex: HTP0 op batching: n-bufs 16 n-tensors 7168 n-ops 1024 vmem 3355443200
10-07 20:23:38.684 I/NpuProbe(16099): load_all_from_path=48ms
10-07 20:23:38.685 I/NpuProbe(16099): [ggml] load_backend: failed to find ggml_backend_init in /data/app/~~_SGkOc6q6Yi9oqCHaSo8cg==/br.gov.sp.pcsp.npuprobe-Q9zK8dNnWTAjUaaSddjQnw==/lib/arm64/libggml-hexagon.so
10-07 20:23:38.685 I/NpuProbe(16099): load(hexagon direto)=FALHOU em 0ms
10-07 20:23:38.685 I/NpuProbe(16099): devices=4
10-07 20:23:38.685 I/NpuProbe(16099):   dev[0] Vulkan0 (Adreno (TM) 840)
10-07 20:23:38.685 I/NpuProbe(16099):   dev[1] GPUOpenCL (QUALCOMM Adreno(TM) 840)
10-07 20:23:38.685 I/NpuProbe(16099):   dev[2] HTP0 (Hexagon)
10-07 20:23:38.685 I/NpuProbe(16099):   dev[3] CPU (CPU)
10-07 20:23:38.685 I/NpuProbe(16099): dev_init(HTP0)=0ms -> SESSAO ABERTA
10-07 20:23:38.685 I/NpuProbe(16099): graph_compute(MUL_MAT 64x64)=0.5ms status=0
10-07 20:23:38.685 I/NpuProbe(16099): c[0]=128.000000 (esperado 128.0)
10-07 20:23:38.685 I/NpuProbe(16099): RESULTADO: APP-UID OK: sessao HTP + op executado com resultado correto
10-07 20:23:38.686 I/NpuProbe(16099): REPORT:
10-07 20:23:38.686 I/NpuProbe(16099): libdir=/data/app/~~_SGkOc6q6Yi9oqCHaSo8cg==/br.gov.sp.pcsp.npuprobe-Q9zK8dNnWTAjUaaSddjQnw==/lib/arm64
10-07 20:23:38.686 I/NpuProbe(16099): build=llama.cpp-upstream-pkg (v11-libs) + probe R4
10-07 20:23:38.686 I/NpuProbe(16099): controle-sistema (liblog.so)=OK
10-07 20:23:38.686 I/NpuProbe(16099): negativo-fake (libnaoexiste_xyz.so)=FALHOU err=dlopen failed: library "libnaoexiste_xyz.so" not found
10-07 20:23:38.686 I/NpuProbe(16099): cdsprpc-nome (libcdsprpc.so)=OK
10-07 20:23:38.686 I/NpuProbe(16099): cdsprpc-abs (/vendor/lib64/libcdsprpc.so)=OK
10-07 20:23:38.686 I/NpuProbe(16099): ADSP_LIBRARY_PATH=libdir (setenv)
10-07 20:23:38.686 I/NpuProbe(16099): load_all_from_path=48ms
10-07 20:23:38.686 I/NpuProbe(16099): load(hexagon direto)=FALHOU em 0ms
10-07 20:23:38.686 I/NpuProbe(16099): devices=4
10-07 20:23:38.686 I/NpuProbe(16099):   dev[0] Vulkan0 (Adreno (TM) 840)
10-07 20:23:38.686 I/NpuProbe(16099):   dev[1] GPUOpenCL (QUALCOMM Adreno(TM) 840)
10-07 20:23:38.686 I/NpuProbe(16099):   dev[2] HTP0 (Hexagon)
10-07 20:23:38.686 I/NpuProbe(16099):   dev[3] CPU (CPU)
10-07 20:23:38.686 I/NpuProbe(16099): dev_init(HTP0)=0ms -> SESSAO ABERTA
10-07 20:23:38.686 I/NpuProbe(16099): graph_compute(MUL_MAT 64x64)=0.5ms status=0
10-07 20:23:38.686 I/NpuProbe(16099): c[0]=128.000000 (esperado 128.0)
10-07 20:23:38.686 I/NpuProbe(16099): RESULTADO: APP-UID OK: sessao HTP + op executado com resultado correto
10-07 20:23:38.686 I/NpuProbe(16099): AUTO-GATILHO='smart:sessao'
10-07 20:23:38.686 I/NpuProbe(16099): SMART iniciando rota=sessao com /data/local/tmp/hymt2_app.gguf
10-07 20:23:38.686 I/NpuProbe(16099): SMARTv2 rota='sessao' mutante=(none)
10-07 20:23:38.687 I/NpuProbe(16099): TUNE: GGML_HEXAGON_NHVX=8
10-07 20:23:38.688 I/NpuProbe(16099): SESSAO(68dcb59): 4 requests na mesma sessao (roles separados; JSON nativo em files/r6-sess.jsonl)
10-07 20:23:40.438 I/NpuProbe(16099): SESS[0] puro:htp puro: ok=1 pieces=8 prefill=815.65ms gen=720.87ms pp1=0.33ms wall=1536.8ms
10-07 20:23:40.438 I/NpuProbe(16099): SESS[0] puro:htp puro texto_len=26 (integral no JSON)
10-07 20:23:40.438 I/NpuProbe(16099): SESS[0] puro:htp lifecycle: load=212ms reset=1.86ms wall=1536.8ms
10-07 20:23:40.439 I/NpuProbe(16099): SESS[0] puro:htp RESULTADO: PURO-EXECUTADO
10-07 20:23:42.473 I/NpuProbe(16099): SESS[1] puro:htp puro: ok=1 pieces=8 prefill=1179.60ms gen=851.81ms pp1=0.14ms wall=2031.9ms
10-07 20:23:42.473 I/NpuProbe(16099): SESS[1] puro:htp puro texto_len=26 (integral no JSON)
10-07 20:23:42.473 I/NpuProbe(16099): SESS[1] puro:htp lifecycle: load=0ms reset=2.02ms wall=2031.9ms
10-07 20:23:42.473 I/NpuProbe(16099): SESS[1] puro:htp RESULTADO: PURO-EXECUTADO
10-07 20:23:44.693 I/NpuProbe(16099): SESS[2] puro:htp puro: ok=1 pieces=8 prefill=1341.71ms gen=875.45ms pp1=0.55ms wall=2217.7ms
10-07 20:23:44.693 I/NpuProbe(16099): SESS[2] puro:htp puro texto_len=26 (integral no JSON)
10-07 20:23:44.693 I/NpuProbe(16099): SESS[2] puro:htp lifecycle: load=0ms reset=2.18ms wall=2217.7ms
10-07 20:23:44.693 I/NpuProbe(16099): SESS[2] puro:htp RESULTADO: PURO-EXECUTADO
10-07 20:23:46.799 I/NpuProbe(16099): SESS[3] puro:htp puro: ok=1 pieces=8 prefill=1336.28ms gen=766.54ms pp1=0.55ms wall=2103.3ms
10-07 20:23:46.799 I/NpuProbe(16099): SESS[3] puro:htp puro texto_len=26 (integral no JSON)
10-07 20:23:46.799 I/NpuProbe(16099): SESS[3] puro:htp lifecycle: load=0ms reset=3.35ms wall=2103.3ms
10-07 20:23:46.799 I/NpuProbe(16099): SESS[3] puro:htp RESULTADO: PURO-EXECUTADO
10-07 20:23:46.874 I/NpuProbe(16099): SESSAO(68dcb59): fim (4 requests)
10-07 20:23:46.875 I/NpuProbe(16099): SMART REPORT:
10-07 20:23:46.875 I/NpuProbe(16099): SMART (sessao)
10-07 20:23:46.875 I/NpuProbe(16099): 
10-07 20:23:46.875 I/NpuProbe(16099): SMARTv2 rota='sessao' mutante=(none)
10-07 20:23:46.875 I/NpuProbe(16099): TUNE: GGML_HEXAGON_NHVX=8
10-07 20:23:46.875 I/NpuProbe(16099): SESSAO(68dcb59): 4 requests na mesma sessao (roles separados; JSON nativo em files/r6-sess.jsonl)
10-07 20:23:46.875 I/NpuProbe(16099): SESS[0] puro:htp puro: ok=1 pieces=8 prefill=815.65ms gen=720.87ms pp1=0.33ms wall=1536.8ms
10-07 20:23:46.875 I/NpuProbe(16099): SESS[0] puro:htp puro texto_len=26 (integral no JSON)
10-07 20:23:46.875 I/NpuProbe(16099): SESS[0] puro:htp lifecycle: load=212ms reset=1.86ms wall=1536.8ms
10-07 20:23:46.875 I/NpuProbe(16099): SESS[0] puro:htp RESULTADO: PURO-EXECUTADO
10-07 20:23:46.875 I/NpuProbe(16099): SESS[1] puro:htp puro: ok=1 pieces=8 prefill=1179.60ms gen=851.81ms pp1=0.14ms wall=2031.9ms
10-07 20:23:46.875 I/NpuProbe(16099): SESS[1] puro:htp puro texto_len=26 (integral no JSON)
10-07 20:23:46.875 I/NpuProbe(16099): SESS[1] puro:htp lifecycle: load=0ms reset=2.02ms wall=2031.9ms
10-07 20:23:46.875 I/NpuProbe(16099): SESS[1] puro:htp RESULTADO: PURO-EXECUTADO
10-07 20:23:46.875 I/NpuProbe(16099): SESS[2] puro:htp puro: ok=1 pieces=8 prefill=1341.71ms gen=875.45ms pp1=0.55ms wall=2217.7ms
10-07 20:23:46.875 I/NpuProbe(16099): SESS[2] puro:htp puro texto_len=26 (integral no JSON)
10-07 20:23:46.875 I/NpuProbe(16099): SESS[2] puro:htp lifecycle: load=0ms reset=2.18ms wall=2217.7ms
10-07 20:23:46.875 I/NpuProbe(16099): SESS[2] puro:htp RESULTADO: PURO-EXECUTADO
10-07 20:23:46.875 I/NpuProbe(16099): SESS[3] puro:htp puro: ok=1 pieces=8 prefill=1336.28ms gen=766.54ms pp1=0.55ms wall=2103.3ms
10-07 20:23:46.875 I/NpuProbe(16099): SESS[3] puro:htp puro texto_len=26 (integral no JSON)
10-07 20:23:46.875 I/NpuProbe(16099): SESS[3] puro:htp lifecycle: load=0ms reset=3.35ms wall=2103.3ms
10-07 20:23:46.875 I/NpuProbe(16099): SESS[3] puro:htp RESULTADO: PURO-EXECUTADO
10-07 20:23:46.875 I/NpuProbe(16099): SESSAO(68dcb59): fim (4 requests)
--------- beginning of main
10-07 20:23:38.635 I/NpuProbe(16099): nativeLibraryDir=/data/app/~~_SGkOc6q6Yi9oqCHaSo8cg==/br.gov.sp.pcsp.npuprobe-Q9zK8dNnWTAjUaaSddjQnw==/lib/arm64
10-07 20:23:38.635 I/NpuProbe(16099): libdir=/data/app/~~_SGkOc6q6Yi9oqCHaSo8cg==/br.gov.sp.pcsp.npuprobe-Q9zK8dNnWTAjUaaSddjQnw==/lib/arm64
10-07 20:23:38.635 I/NpuProbe(16099): build=llama.cpp-upstream-pkg (v11-libs) + probe R4
10-07 20:23:38.635 I/NpuProbe(16099): controle-sistema (liblog.so)=OK
10-07 20:23:38.635 I/NpuProbe(16099): negativo-fake (libnaoexiste_xyz.so)=FALHOU err=dlopen failed: library "libnaoexiste_xyz.so" not found
10-07 20:23:38.636 I/NpuProbe(16099): cdsprpc-nome (libcdsprpc.so)=OK
10-07 20:23:38.636 I/NpuProbe(16099): cdsprpc-abs (/vendor/lib64/libcdsprpc.so)=OK
10-07 20:23:38.636 I/NpuProbe(16099): ADSP_LIBRARY_PATH=libdir (setenv)
10-07 20:23:38.637 I/NpuProbe(16099): [ggml] ggml_vulkan: Found 1 Vulkan devices:
10-07 20:23:38.638 I/NpuProbe(16099): [ggml] ggml_vulkan: 0 = Adreno (TM) 840 (Qualcomm Technologies Inc. Adreno Vulkan Driver) | uma: 1 | fp16: 1 | bf16: 0 | fp4: 0 | warp size: 64 | shared memory: 32768 | int dot: 0 | matrix cores: none
10-07 20:23:38.643 I/NpuProbe(16099): [ggml] ggml_opencl: selected platform: 'QUALCOMM Snapdragon(TM)'
10-07 20:23:38.643 I/NpuProbe(16099): [ggml] 
10-07 20:23:38.643 I/NpuProbe(16099): ggml_opencl: device: 'QUALCOMM Adreno(TM) 840 (OpenCL 3.0 Adreno(TM) 840)'
10-07 20:23:38.643 I/NpuProbe(16099): [ggml] ggml_opencl: default device: 'QUALCOMM Adreno(TM) 840 (OpenCL 3.0 Adreno(TM) 840)'
10-07 20:23:38.643 I/NpuProbe(16099): [ggml] ggml-hex: Loading driver libcdsprpc.so
10-07 20:23:38.645 I/NpuProbe(16099): [ggml] ggml-hex: Hexagon backend (experimental) : allocating new registry : ndev 1
10-07 20:23:38.645 I/NpuProbe(16099): [ggml] ggml-hex: Hexagon Arch version v81
10-07 20:23:38.645 I/NpuProbe(16099): [ggml] ggml-hex: HTP0 allocating new session
10-07 20:23:38.677 I/NpuProbe(16099): [ggml] ggml-hex: HTP0 hwinfo: threads 8, hvx 8, hmx 1, vtcm 8 MB
10-07 20:23:38.677 I/NpuProbe(16099): [ggml] ggml-hex: HTP0 new session : session-id 0 domain-id 3 uri file:///libggml-htp-v81.so?htp_iface_skel_handle_invoke&_modver=1.0&_dom=cdsp&_session=0 handle 0xb4000077d53f4000
10-07 20:23:38.680 I/NpuProbe(16099): [ggml] ggml-hex: HTP0 op batching: n-bufs 16 n-tensors 7168 n-ops 1024 vmem 3355443200
10-07 20:23:38.684 I/NpuProbe(16099): load_all_from_path=48ms
10-07 20:23:38.685 I/NpuProbe(16099): [ggml] load_backend: failed to find ggml_backend_init in /data/app/~~_SGkOc6q6Yi9oqCHaSo8cg==/br.gov.sp.pcsp.npuprobe-Q9zK8dNnWTAjUaaSddjQnw==/lib/arm64/libggml-hexagon.so
10-07 20:23:38.685 I/NpuProbe(16099): load(hexagon direto)=FALHOU em 0ms
10-07 20:23:38.685 I/NpuProbe(16099): devices=4
10-07 20:23:38.685 I/NpuProbe(16099):   dev[0] Vulkan0 (Adreno (TM) 840)
10-07 20:23:38.685 I/NpuProbe(16099):   dev[1] GPUOpenCL (QUALCOMM Adreno(TM) 840)
10-07 20:23:38.685 I/NpuProbe(16099):   dev[2] HTP0 (Hexagon)
10-07 20:23:38.685 I/NpuProbe(16099):   dev[3] CPU (CPU)
10-07 20:23:38.685 I/NpuProbe(16099): dev_init(HTP0)=0ms -> SESSAO ABERTA
10-07 20:23:38.685 I/NpuProbe(16099): graph_compute(MUL_MAT 64x64)=0.5ms status=0
10-07 20:23:38.685 I/NpuProbe(16099): c[0]=128.000000 (esperado 128.0)
10-07 20:23:38.685 I/NpuProbe(16099): RESULTADO: APP-UID OK: sessao HTP + op executado com resultado correto
10-07 20:23:38.686 I/NpuProbe(16099): REPORT:
10-07 20:23:38.686 I/NpuProbe(16099): libdir=/data/app/~~_SGkOc6q6Yi9oqCHaSo8cg==/br.gov.sp.pcsp.npuprobe-Q9zK8dNnWTAjUaaSddjQnw==/lib/arm64
10-07 20:23:38.686 I/NpuProbe(16099): build=llama.cpp-upstream-pkg (v11-libs) + probe R4
10-07 20:23:38.686 I/NpuProbe(16099): controle-sistema (liblog.so)=OK
10-07 20:23:38.686 I/NpuProbe(16099): negativo-fake (libnaoexiste_xyz.so)=FALHOU err=dlopen failed: library "libnaoexiste_xyz.so" not found
10-07 20:23:38.686 I/NpuProbe(16099): cdsprpc-nome (libcdsprpc.so)=OK
10-07 20:23:38.686 I/NpuProbe(16099): cdsprpc-abs (/vendor/lib64/libcdsprpc.so)=OK
10-07 20:23:38.686 I/NpuProbe(16099): ADSP_LIBRARY_PATH=libdir (setenv)
10-07 20:23:38.686 I/NpuProbe(16099): load_all_from_path=48ms
10-07 20:23:38.686 I/NpuProbe(16099): load(hexagon direto)=FALHOU em 0ms
10-07 20:23:38.686 I/NpuProbe(16099): devices=4
10-07 20:23:38.686 I/NpuProbe(16099):   dev[0] Vulkan0 (Adreno (TM) 840)
10-07 20:23:38.686 I/NpuProbe(16099):   dev[1] GPUOpenCL (QUALCOMM Adreno(TM) 840)
10-07 20:23:38.686 I/NpuProbe(16099):   dev[2] HTP0 (Hexagon)
10-07 20:23:38.686 I/NpuProbe(16099):   dev[3] CPU (CPU)
10-07 20:23:38.686 I/NpuProbe(16099): dev_init(HTP0)=0ms -> SESSAO ABERTA
10-07 20:23:38.686 I/NpuProbe(16099): graph_compute(MUL_MAT 64x64)=0.5ms status=0
10-07 20:23:38.686 I/NpuProbe(16099): c[0]=128.000000 (esperado 128.0)
10-07 20:23:38.686 I/NpuProbe(16099): RESULTADO: APP-UID OK: sessao HTP + op executado com resultado correto
10-07 20:23:38.686 I/NpuProbe(16099): AUTO-GATILHO='smart:sessao'
10-07 20:23:38.686 I/NpuProbe(16099): SMART iniciando rota=sessao com /data/local/tmp/hymt2_app.gguf
10-07 20:23:38.686 I/NpuProbe(16099): SMARTv2 rota='sessao' mutante=(none)
10-07 20:23:38.687 I/NpuProbe(16099): TUNE: GGML_HEXAGON_NHVX=8
10-07 20:23:38.688 I/NpuProbe(16099): SESSAO(68dcb59): 4 requests na mesma sessao (roles separados; JSON nativo em files/r6-sess.jsonl)
10-07 20:23:40.438 I/NpuProbe(16099): SESS[0] puro:htp puro: ok=1 pieces=8 prefill=815.65ms gen=720.87ms pp1=0.33ms wall=1536.8ms
10-07 20:23:40.438 I/NpuProbe(16099): SESS[0] puro:htp puro texto_len=26 (integral no JSON)
10-07 20:23:40.438 I/NpuProbe(16099): SESS[0] puro:htp lifecycle: load=212ms reset=1.86ms wall=1536.8ms
10-07 20:23:40.439 I/NpuProbe(16099): SESS[0] puro:htp RESULTADO: PURO-EXECUTADO
10-07 20:23:42.473 I/NpuProbe(16099): SESS[1] puro:htp puro: ok=1 pieces=8 prefill=1179.60ms gen=851.81ms pp1=0.14ms wall=2031.9ms
10-07 20:23:42.473 I/NpuProbe(16099): SESS[1] puro:htp puro texto_len=26 (integral no JSON)
10-07 20:23:42.473 I/NpuProbe(16099): SESS[1] puro:htp lifecycle: load=0ms reset=2.02ms wall=2031.9ms
10-07 20:23:42.473 I/NpuProbe(16099): SESS[1] puro:htp RESULTADO: PURO-EXECUTADO
10-07 20:23:44.693 I/NpuProbe(16099): SESS[2] puro:htp puro: ok=1 pieces=8 prefill=1341.71ms gen=875.45ms pp1=0.55ms wall=2217.7ms
10-07 20:23:44.693 I/NpuProbe(16099): SESS[2] puro:htp puro texto_len=26 (integral no JSON)
10-07 20:23:44.693 I/NpuProbe(16099): SESS[2] puro:htp lifecycle: load=0ms reset=2.18ms wall=2217.7ms
10-07 20:23:44.693 I/NpuProbe(16099): SESS[2] puro:htp RESULTADO: PURO-EXECUTADO
10-07 20:23:46.799 I/NpuProbe(16099): SESS[3] puro:htp puro: ok=1 pieces=8 prefill=1336.28ms gen=766.54ms pp1=0.55ms wall=2103.3ms
10-07 20:23:46.799 I/NpuProbe(16099): SESS[3] puro:htp puro texto_len=26 (integral no JSON)
10-07 20:23:46.799 I/NpuProbe(16099): SESS[3] puro:htp lifecycle: load=0ms reset=3.35ms wall=2103.3ms
10-07 20:23:46.799 I/NpuProbe(16099): SESS[3] puro:htp RESULTADO: PURO-EXECUTADO
10-07 20:23:46.874 I/NpuProbe(16099): SESSAO(68dcb59): fim (4 requests)
10-07 20:23:46.875 I/NpuProbe(16099): SMART REPORT:
10-07 20:23:46.875 I/NpuProbe(16099): SMART (sessao)
10-07 20:23:46.875 I/NpuProbe(16099): 
10-07 20:23:46.875 I/NpuProbe(16099): SMARTv2 rota='sessao' mutante=(none)
10-07 20:23:46.875 I/NpuProbe(16099): TUNE: GGML_HEXAGON_NHVX=8
10-07 20:23:46.875 I/NpuProbe(16099): SESSAO(68dcb59): 4 requests na mesma sessao (roles separados; JSON nativo em files/r6-sess.jsonl)
10-07 20:23:46.875 I/NpuProbe(16099): SESS[0] puro:htp puro: ok=1 pieces=8 prefill=815.65ms gen=720.87ms pp1=0.33ms wall=1536.8ms
10-07 20:23:46.875 I/NpuProbe(16099): SESS[0] puro:htp puro texto_len=26 (integral no JSON)
10-07 20:23:46.875 I/NpuProbe(16099): SESS[0] puro:htp lifecycle: load=212ms reset=1.86ms wall=1536.8ms
10-07 20:23:46.875 I/NpuProbe(16099): SESS[0] puro:htp RESULTADO: PURO-EXECUTADO
10-07 20:23:46.875 I/NpuProbe(16099): SESS[1] puro:htp puro: ok=1 pieces=8 prefill=1179.60ms gen=851.81ms pp1=0.14ms wall=2031.9ms
10-07 20:23:46.875 I/NpuProbe(16099): SESS[1] puro:htp puro texto_len=26 (integral no JSON)
10-07 20:23:46.875 I/NpuProbe(16099): SESS[1] puro:htp lifecycle: load=0ms reset=2.02ms wall=2031.9ms
10-07 20:23:46.875 I/NpuProbe(16099): SESS[1] puro:htp RESULTADO: PURO-EXECUTADO
10-07 20:23:46.875 I/NpuProbe(16099): SESS[2] puro:htp puro: ok=1 pieces=8 prefill=1341.71ms gen=875.45ms pp1=0.55ms wall=2217.7ms
10-07 20:23:46.875 I/NpuProbe(16099): SESS[2] puro:htp puro texto_len=26 (integral no JSON)
10-07 20:23:46.875 I/NpuProbe(16099): SESS[2] puro:htp lifecycle: load=0ms reset=2.18ms wall=2217.7ms
10-07 20:23:46.875 I/NpuProbe(16099): SESS[2] puro:htp RESULTADO: PURO-EXECUTADO
10-07 20:23:46.875 I/NpuProbe(16099): SESS[3] puro:htp puro: ok=1 pieces=8 prefill=1336.28ms gen=766.54ms pp1=0.55ms wall=2103.3ms
10-07 20:23:46.875 I/NpuProbe(16099): SESS[3] puro:htp puro texto_len=26 (integral no JSON)
10-07 20:23:46.875 I/NpuProbe(16099): SESS[3] puro:htp lifecycle: load=0ms reset=3.35ms wall=2103.3ms
10-07 20:23:46.875 I/NpuProbe(16099): SESS[3] puro:htp RESULTADO: PURO-EXECUTADO
10-07 20:23:46.875 I/NpuProbe(16099): SESSAO(68dcb59): fim (4 requests)
--------- beginning of main
10-07 20:23:38.635 I/NpuProbe(16099): nativeLibraryDir=/data/app/~~_SGkOc6q6Yi9oqCHaSo8cg==/br.gov.sp.pcsp.npuprobe-Q9zK8dNnWTAjUaaSddjQnw==/lib/arm64
10-07 20:23:38.635 I/NpuProbe(16099): libdir=/data/app/~~_SGkOc6q6Yi9oqCHaSo8cg==/br.gov.sp.pcsp.npuprobe-Q9zK8dNnWTAjUaaSddjQnw==/lib/arm64
10-07 20:23:38.635 I/NpuProbe(16099): build=llama.cpp-upstream-pkg (v11-libs) + probe R4
10-07 20:23:38.635 I/NpuProbe(16099): controle-sistema (liblog.so)=OK
10-07 20:23:38.635 I/NpuProbe(16099): negativo-fake (libnaoexiste_xyz.so)=FALHOU err=dlopen failed: library "libnaoexiste_xyz.so" not found
10-07 20:23:38.636 I/NpuProbe(16099): cdsprpc-nome (libcdsprpc.so)=OK
10-07 20:23:38.636 I/NpuProbe(16099): cdsprpc-abs (/vendor/lib64/libcdsprpc.so)=OK
10-07 20:23:38.636 I/NpuProbe(16099): ADSP_LIBRARY_PATH=libdir (setenv)
10-07 20:23:38.637 I/NpuProbe(16099): [ggml] ggml_vulkan: Found 1 Vulkan devices:
10-07 20:23:38.638 I/NpuProbe(16099): [ggml] ggml_vulkan: 0 = Adreno (TM) 840 (Qualcomm Technologies Inc. Adreno Vulkan Driver) | uma: 1 | fp16: 1 | bf16: 0 | fp4: 0 | warp size: 64 | shared memory: 32768 | int dot: 0 | matrix cores: none
10-07 20:23:38.643 I/NpuProbe(16099): [ggml] ggml_opencl: selected platform: 'QUALCOMM Snapdragon(TM)'
10-07 20:23:38.643 I/NpuProbe(16099): [ggml] 
10-07 20:23:38.643 I/NpuProbe(16099): ggml_opencl: device: 'QUALCOMM Adreno(TM) 840 (OpenCL 3.0 Adreno(TM) 840)'
10-07 20:23:38.643 I/NpuProbe(16099): [ggml] ggml_opencl: default device: 'QUALCOMM Adreno(TM) 840 (OpenCL 3.0 Adreno(TM) 840)'
10-07 20:23:38.643 I/NpuProbe(16099): [ggml] ggml-hex: Loading driver libcdsprpc.so
10-07 20:23:38.645 I/NpuProbe(16099): [ggml] ggml-hex: Hexagon backend (experimental) : allocating new registry : ndev 1
10-07 20:23:38.645 I/NpuProbe(16099): [ggml] ggml-hex: Hexagon Arch version v81
10-07 20:23:38.645 I/NpuProbe(16099): [ggml] ggml-hex: HTP0 allocating new session
10-07 20:23:38.677 I/NpuProbe(16099): [ggml] ggml-hex: HTP0 hwinfo: threads 8, hvx 8, hmx 1, vtcm 8 MB
10-07 20:23:38.677 I/NpuProbe(16099): [ggml] ggml-hex: HTP0 new session : session-id 0 domain-id 3 uri file:///libggml-htp-v81.so?htp_iface_skel_handle_invoke&_modver=1.0&_dom=cdsp&_session=0 handle 0xb4000077d53f4000
10-07 20:23:38.680 I/NpuProbe(16099): [ggml] ggml-hex: HTP0 op batching: n-bufs 16 n-tensors 7168 n-ops 1024 vmem 3355443200
10-07 20:23:38.684 I/NpuProbe(16099): load_all_from_path=48ms
10-07 20:23:38.685 I/NpuProbe(16099): [ggml] load_backend: failed to find ggml_backend_init in /data/app/~~_SGkOc6q6Yi9oqCHaSo8cg==/br.gov.sp.pcsp.npuprobe-Q9zK8dNnWTAjUaaSddjQnw==/lib/arm64/libggml-hexagon.so
10-07 20:23:38.685 I/NpuProbe(16099): load(hexagon direto)=FALHOU em 0ms
10-07 20:23:38.685 I/NpuProbe(16099): devices=4
10-07 20:23:38.685 I/NpuProbe(16099):   dev[0] Vulkan0 (Adreno (TM) 840)
10-07 20:23:38.685 I/NpuProbe(16099):   dev[1] GPUOpenCL (QUALCOMM Adreno(TM) 840)
10-07 20:23:38.685 I/NpuProbe(16099):   dev[2] HTP0 (Hexagon)
10-07 20:23:38.685 I/NpuProbe(16099):   dev[3] CPU (CPU)
10-07 20:23:38.685 I/NpuProbe(16099): dev_init(HTP0)=0ms -> SESSAO ABERTA
10-07 20:23:38.685 I/NpuProbe(16099): graph_compute(MUL_MAT 64x64)=0.5ms status=0
10-07 20:23:38.685 I/NpuProbe(16099): c[0]=128.000000 (esperado 128.0)
10-07 20:23:38.685 I/NpuProbe(16099): RESULTADO: APP-UID OK: sessao HTP + op executado com resultado correto
10-07 20:23:38.686 I/NpuProbe(16099): REPORT:
10-07 20:23:38.686 I/NpuProbe(16099): libdir=/data/app/~~_SGkOc6q6Yi9oqCHaSo8cg==/br.gov.sp.pcsp.npuprobe-Q9zK8dNnWTAjUaaSddjQnw==/lib/arm64
10-07 20:23:38.686 I/NpuProbe(16099): build=llama.cpp-upstream-pkg (v11-libs) + probe R4
10-07 20:23:38.686 I/NpuProbe(16099): controle-sistema (liblog.so)=OK
10-07 20:23:38.686 I/NpuProbe(16099): negativo-fake (libnaoexiste_xyz.so)=FALHOU err=dlopen failed: library "libnaoexiste_xyz.so" not found
10-07 20:23:38.686 I/NpuProbe(16099): cdsprpc-nome (libcdsprpc.so)=OK
10-07 20:23:38.686 I/NpuProbe(16099): cdsprpc-abs (/vendor/lib64/libcdsprpc.so)=OK
10-07 20:23:38.686 I/NpuProbe(16099): ADSP_LIBRARY_PATH=libdir (setenv)
10-07 20:23:38.686 I/NpuProbe(16099): load_all_from_path=48ms
10-07 20:23:38.686 I/NpuProbe(16099): load(hexagon direto)=FALHOU em 0ms
10-07 20:23:38.686 I/NpuProbe(16099): devices=4
10-07 20:23:38.686 I/NpuProbe(16099):   dev[0] Vulkan0 (Adreno (TM) 840)
10-07 20:23:38.686 I/NpuProbe(16099):   dev[1] GPUOpenCL (QUALCOMM Adreno(TM) 840)
10-07 20:23:38.686 I/NpuProbe(16099):   dev[2] HTP0 (Hexagon)
10-07 20:23:38.686 I/NpuProbe(16099):   dev[3] CPU (CPU)
10-07 20:23:38.686 I/NpuProbe(16099): dev_init(HTP0)=0ms -> SESSAO ABERTA
10-07 20:23:38.686 I/NpuProbe(16099): graph_compute(MUL_MAT 64x64)=0.5ms status=0
10-07 20:23:38.686 I/NpuProbe(16099): c[0]=128.000000 (esperado 128.0)
10-07 20:23:38.686 I/NpuProbe(16099): RESULTADO: APP-UID OK: sessao HTP + op executado com resultado correto
10-07 20:23:38.686 I/NpuProbe(16099): AUTO-GATILHO='smart:sessao'
10-07 20:23:38.686 I/NpuProbe(16099): SMART iniciando rota=sessao com /data/local/tmp/hymt2_app.gguf
10-07 20:23:38.686 I/NpuProbe(16099): SMARTv2 rota='sessao' mutante=(none)
10-07 20:23:38.687 I/NpuProbe(16099): TUNE: GGML_HEXAGON_NHVX=8
10-07 20:23:38.688 I/NpuProbe(16099): SESSAO(68dcb59): 4 requests na mesma sessao (roles separados; JSON nativo em files/r6-sess.jsonl)
10-07 20:23:40.438 I/NpuProbe(16099): SESS[0] puro:htp puro: ok=1 pieces=8 prefill=815.65ms gen=720.87ms pp1=0.33ms wall=1536.8ms
10-07 20:23:40.438 I/NpuProbe(16099): SESS[0] puro:htp puro texto_len=26 (integral no JSON)
10-07 20:23:40.438 I/NpuProbe(16099): SESS[0] puro:htp lifecycle: load=212ms reset=1.86ms wall=1536.8ms
10-07 20:23:40.439 I/NpuProbe(16099): SESS[0] puro:htp RESULTADO: PURO-EXECUTADO
10-07 20:23:42.473 I/NpuProbe(16099): SESS[1] puro:htp puro: ok=1 pieces=8 prefill=1179.60ms gen=851.81ms pp1=0.14ms wall=2031.9ms
10-07 20:23:42.473 I/NpuProbe(16099): SESS[1] puro:htp puro texto_len=26 (integral no JSON)
10-07 20:23:42.473 I/NpuProbe(16099): SESS[1] puro:htp lifecycle: load=0ms reset=2.02ms wall=2031.9ms
10-07 20:23:42.473 I/NpuProbe(16099): SESS[1] puro:htp RESULTADO: PURO-EXECUTADO
10-07 20:23:44.693 I/NpuProbe(16099): SESS[2] puro:htp puro: ok=1 pieces=8 prefill=1341.71ms gen=875.45ms pp1=0.55ms wall=2217.7ms
10-07 20:23:44.693 I/NpuProbe(16099): SESS[2] puro:htp puro texto_len=26 (integral no JSON)
10-07 20:23:44.693 I/NpuProbe(16099): SESS[2] puro:htp lifecycle: load=0ms reset=2.18ms wall=2217.7ms
10-07 20:23:44.693 I/NpuProbe(16099): SESS[2] puro:htp RESULTADO: PURO-EXECUTADO
10-07 20:23:46.799 I/NpuProbe(16099): SESS[3] puro:htp puro: ok=1 pieces=8 prefill=1336.28ms gen=766.54ms pp1=0.55ms wall=2103.3ms
10-07 20:23:46.799 I/NpuProbe(16099): SESS[3] puro:htp puro texto_len=26 (integral no JSON)
10-07 20:23:46.799 I/NpuProbe(16099): SESS[3] puro:htp lifecycle: load=0ms reset=3.35ms wall=2103.3ms
10-07 20:23:46.799 I/NpuProbe(16099): SESS[3] puro:htp RESULTADO: PURO-EXECUTADO
10-07 20:23:46.874 I/NpuProbe(16099): SESSAO(68dcb59): fim (4 requests)
10-07 20:23:46.875 I/NpuProbe(16099): SMART REPORT:
10-07 20:23:46.875 I/NpuProbe(16099): SMART (sessao)
10-07 20:23:46.875 I/NpuProbe(16099): 
10-07 20:23:46.875 I/NpuProbe(16099): SMARTv2 rota='sessao' mutante=(none)
10-07 20:23:46.875 I/NpuProbe(16099): TUNE: GGML_HEXAGON_NHVX=8
10-07 20:23:46.875 I/NpuProbe(16099): SESSAO(68dcb59): 4 requests na mesma sessao (roles separados; JSON nativo em files/r6-sess.jsonl)
10-07 20:23:46.875 I/NpuProbe(16099): SESS[0] puro:htp puro: ok=1 pieces=8 prefill=815.65ms gen=720.87ms pp1=0.33ms wall=1536.8ms
10-07 20:23:46.875 I/NpuProbe(16099): SESS[0] puro:htp puro texto_len=26 (integral no JSON)
10-07 20:23:46.875 I/NpuProbe(16099): SESS[0] puro:htp lifecycle: load=212ms reset=1.86ms wall=1536.8ms
10-07 20:23:46.875 I/NpuProbe(16099): SESS[0] puro:htp RESULTADO: PURO-EXECUTADO
10-07 20:23:46.875 I/NpuProbe(16099): SESS[1] puro:htp puro: ok=1 pieces=8 prefill=1179.60ms gen=851.81ms pp1=0.14ms wall=2031.9ms
10-07 20:23:46.875 I/NpuProbe(16099): SESS[1] puro:htp puro texto_len=26 (integral no JSON)
10-07 20:23:46.875 I/NpuProbe(16099): SESS[1] puro:htp lifecycle: load=0ms reset=2.02ms wall=2031.9ms
10-07 20:23:46.875 I/NpuProbe(16099): SESS[1] puro:htp RESULTADO: PURO-EXECUTADO
10-07 20:23:46.875 I/NpuProbe(16099): SESS[2] puro:htp puro: ok=1 pieces=8 prefill=1341.71ms gen=875.45ms pp1=0.55ms wall=2217.7ms
10-07 20:23:46.875 I/NpuProbe(16099): SESS[2] puro:htp puro texto_len=26 (integral no JSON)
10-07 20:23:46.875 I/NpuProbe(16099): SESS[2] puro:htp lifecycle: load=0ms reset=2.18ms wall=2217.7ms
10-07 20:23:46.875 I/NpuProbe(16099): SESS[2] puro:htp RESULTADO: PURO-EXECUTADO
10-07 20:23:46.875 I/NpuProbe(16099): SESS[3] puro:htp puro: ok=1 pieces=8 prefill=1336.28ms gen=766.54ms pp1=0.55ms wall=2103.3ms
10-07 20:23:46.875 I/NpuProbe(16099): SESS[3] puro:htp puro texto_len=26 (integral no JSON)
10-07 20:23:46.875 I/NpuProbe(16099): SESS[3] puro:htp lifecycle: load=0ms reset=3.35ms wall=2103.3ms
10-07 20:23:46.875 I/NpuProbe(16099): SESS[3] puro:htp RESULTADO: PURO-EXECUTADO
10-07 20:23:46.875 I/NpuProbe(16099): SESSAO(68dcb59): fim (4 requests)
10-07 20:24:48.413 I/NpuProbe( 4231): nativeLibraryDir=/data/app/~~_SGkOc6q6Yi9oqCHaSo8cg==/br.gov.sp.pcsp.npuprobe-Q9zK8dNnWTAjUaaSddjQnw==/lib/arm64
10-07 20:24:48.413 I/NpuProbe( 4231): libdir=/data/app/~~_SGkOc6q6Yi9oqCHaSo8cg==/br.gov.sp.pcsp.npuprobe-Q9zK8dNnWTAjUaaSddjQnw==/lib/arm64
10-07 20:24:48.413 I/NpuProbe( 4231): build=llama.cpp-upstream-pkg (v11-libs) + probe R4
10-07 20:24:48.413 I/NpuProbe( 4231): controle-sistema (liblog.so)=OK
10-07 20:24:48.413 I/NpuProbe( 4231): negativo-fake (libnaoexiste_xyz.so)=FALHOU err=dlopen failed: library "libnaoexiste_xyz.so" not found
10-07 20:24:48.414 I/NpuProbe( 4231): cdsprpc-nome (libcdsprpc.so)=OK
10-07 20:24:48.414 I/NpuProbe( 4231): cdsprpc-abs (/vendor/lib64/libcdsprpc.so)=OK
10-07 20:24:48.414 I/NpuProbe( 4231): ADSP_LIBRARY_PATH=libdir (setenv)
10-07 20:24:48.415 I/NpuProbe( 4231): [ggml] ggml_vulkan: Found 1 Vulkan devices:
10-07 20:24:48.416 I/NpuProbe( 4231): [ggml] ggml_vulkan: 0 = Adreno (TM) 840 (Qualcomm Technologies Inc. Adreno Vulkan Driver) | uma: 1 | fp16: 1 | bf16: 0 | fp4: 0 | warp size: 64 | shared memory: 32768 | int dot: 0 | matrix cores: none
10-07 20:24:48.421 I/NpuProbe( 4231): [ggml] ggml_opencl: selected platform: 'QUALCOMM Snapdragon(TM)'
10-07 20:24:48.422 I/NpuProbe( 4231): [ggml] 
10-07 20:24:48.422 I/NpuProbe( 4231): ggml_opencl: device: 'QUALCOMM Adreno(TM) 840 (OpenCL 3.0 Adreno(TM) 840)'
10-07 20:24:48.422 I/NpuProbe( 4231): [ggml] ggml_opencl: default device: 'QUALCOMM Adreno(TM) 840 (OpenCL 3.0 Adreno(TM) 840)'
10-07 20:24:48.422 I/NpuProbe( 4231): [ggml] ggml-hex: Loading driver libcdsprpc.so
10-07 20:24:48.423 I/NpuProbe( 4231): [ggml] ggml-hex: Hexagon backend (experimental) : allocating new registry : ndev 1
10-07 20:24:48.423 I/NpuProbe( 4231): [ggml] ggml-hex: Hexagon Arch version v81
10-07 20:24:48.423 I/NpuProbe( 4231): [ggml] ggml-hex: HTP0 allocating new session
10-07 20:24:48.455 I/NpuProbe( 4231): [ggml] ggml-hex: HTP0 hwinfo: threads 8, hvx 8, hmx 1, vtcm 8 MB
10-07 20:24:48.456 I/NpuProbe( 4231): [ggml] ggml-hex: HTP0 new session : session-id 0 domain-id 3 uri file:///libggml-htp-v81.so?htp_iface_skel_handle_invoke&_modver=1.0&_dom=cdsp&_session=0 handle 0xb4000077c5eff2c0
10-07 20:24:48.459 I/NpuProbe( 4231): [ggml] ggml-hex: HTP0 op batching: n-bufs 16 n-tensors 7168 n-ops 1024 vmem 3355443200
10-07 20:24:48.463 I/NpuProbe( 4231): load_all_from_path=49ms
10-07 20:24:48.463 I/NpuProbe( 4231): [ggml] load_backend: failed to find ggml_backend_init in /data/app/~~_SGkOc6q6Yi9oqCHaSo8cg==/br.gov.sp.pcsp.npuprobe-Q9zK8dNnWTAjUaaSddjQnw==/lib/arm64/libggml-hexagon.so
10-07 20:24:48.463 I/NpuProbe( 4231): load(hexagon direto)=FALHOU em 0ms
10-07 20:24:48.463 I/NpuProbe( 4231): devices=4
10-07 20:24:48.463 I/NpuProbe( 4231):   dev[0] Vulkan0 (Adreno (TM) 840)
10-07 20:24:48.463 I/NpuProbe( 4231):   dev[1] GPUOpenCL (QUALCOMM Adreno(TM) 840)
10-07 20:24:48.463 I/NpuProbe( 4231):   dev[2] HTP0 (Hexagon)
10-07 20:24:48.463 I/NpuProbe( 4231):   dev[3] CPU (CPU)
10-07 20:24:48.463 I/NpuProbe( 4231): dev_init(HTP0)=0ms -> SESSAO ABERTA
10-07 20:24:48.464 I/NpuProbe( 4231): graph_compute(MUL_MAT 64x64)=0.5ms status=0
10-07 20:24:48.464 I/NpuProbe( 4231): c[0]=128.000000 (esperado 128.0)
10-07 20:24:48.464 I/NpuProbe( 4231): RESULTADO: APP-UID OK: sessao HTP + op executado com resultado correto
10-07 20:24:48.464 I/NpuProbe( 4231): REPORT:
10-07 20:24:48.464 I/NpuProbe( 4231): libdir=/data/app/~~_SGkOc6q6Yi9oqCHaSo8cg==/br.gov.sp.pcsp.npuprobe-Q9zK8dNnWTAjUaaSddjQnw==/lib/arm64
10-07 20:24:48.464 I/NpuProbe( 4231): build=llama.cpp-upstream-pkg (v11-libs) + probe R4
10-07 20:24:48.464 I/NpuProbe( 4231): controle-sistema (liblog.so)=OK
10-07 20:24:48.464 I/NpuProbe( 4231): negativo-fake (libnaoexiste_xyz.so)=FALHOU err=dlopen failed: library "libnaoexiste_xyz.so" not found
10-07 20:24:48.464 I/NpuProbe( 4231): cdsprpc-nome (libcdsprpc.so)=OK
10-07 20:24:48.464 I/NpuProbe( 4231): cdsprpc-abs (/vendor/lib64/libcdsprpc.so)=OK
10-07 20:24:48.464 I/NpuProbe( 4231): ADSP_LIBRARY_PATH=libdir (setenv)
10-07 20:24:48.464 I/NpuProbe( 4231): load_all_from_path=49ms
10-07 20:24:48.464 I/NpuProbe( 4231): load(hexagon direto)=FALHOU em 0ms
10-07 20:24:48.464 I/NpuProbe( 4231): devices=4
10-07 20:24:48.464 I/NpuProbe( 4231):   dev[0] Vulkan0 (Adreno (TM) 840)
10-07 20:24:48.464 I/NpuProbe( 4231):   dev[1] GPUOpenCL (QUALCOMM Adreno(TM) 840)
10-07 20:24:48.464 I/NpuProbe( 4231):   dev[2] HTP0 (Hexagon)
10-07 20:24:48.464 I/NpuProbe( 4231):   dev[3] CPU (CPU)
10-07 20:24:48.464 I/NpuProbe( 4231): dev_init(HTP0)=0ms -> SESSAO ABERTA
10-07 20:24:48.464 I/NpuProbe( 4231): graph_compute(MUL_MAT 64x64)=0.5ms status=0
10-07 20:24:48.464 I/NpuProbe( 4231): c[0]=128.000000 (esperado 128.0)
10-07 20:24:48.464 I/NpuProbe( 4231): RESULTADO: APP-UID OK: sessao HTP + op executado com resultado correto
10-07 20:24:48.465 I/NpuProbe( 4231): AUTO-GATILHO='smart:sessao'
10-07 20:24:48.465 I/NpuProbe( 4231): SMART iniciando rota=sessao com /data/local/tmp/hymt2_app.gguf
10-07 20:24:48.465 I/NpuProbe( 4231): SMARTv2 rota='sessao' mutante=(none)
10-07 20:24:48.465 I/NpuProbe( 4231): TUNE: GGML_HEXAGON_NHVX=4
10-07 20:24:48.466 I/NpuProbe( 4231): SESSAO(68edbec): 4 requests na mesma sessao (roles separados; JSON nativo em files/r6-sess.jsonl)
10-07 20:24:50.198 I/NpuProbe( 4231): SESS[0] puro:htp puro: ok=1 pieces=8 prefill=818.00ms gen=693.87ms pp1=0.34ms wall=1512.2ms
10-07 20:24:50.198 I/NpuProbe( 4231): SESS[0] puro:htp puro texto_len=26 (integral no JSON)
10-07 20:24:50.198 I/NpuProbe( 4231): SESS[0] puro:htp lifecycle: load=217ms reset=2.07ms wall=1512.2ms
10-07 20:24:50.198 I/NpuProbe( 4231): SESS[0] puro:htp RESULTADO: PURO-EXECUTADO
10-07 20:24:52.214 I/NpuProbe( 4231): SESS[1] puro:htp puro: ok=1 pieces=8 prefill=1181.95ms gen=831.66ms pp1=0.15ms wall=2014.0ms
10-07 20:24:52.214 I/NpuProbe( 4231): SESS[1] puro:htp puro texto_len=26 (integral no JSON)
10-07 20:24:52.214 I/NpuProbe( 4231): SESS[1] puro:htp lifecycle: load=0ms reset=2.03ms wall=2014.0ms
10-07 20:24:52.214 I/NpuProbe( 4231): SESS[1] puro:htp RESULTADO: PURO-EXECUTADO
10-07 20:24:54.354 I/NpuProbe( 4231): SESS[2] puro:htp puro: ok=1 pieces=8 prefill=1317.73ms gen=819.12ms pp1=0.14ms wall=2137.3ms
10-07 20:24:54.354 I/NpuProbe( 4231): SESS[2] puro:htp puro texto_len=26 (integral no JSON)
10-07 20:24:54.354 I/NpuProbe( 4231): SESS[2] puro:htp lifecycle: load=0ms reset=2.08ms wall=2137.3ms
10-07 20:24:54.354 I/NpuProbe( 4231): SESS[2] puro:htp RESULTADO: PURO-EXECUTADO
10-07 20:24:56.455 I/NpuProbe( 4231): SESS[3] puro:htp puro: ok=1 pieces=8 prefill=1338.28ms gen=760.09ms pp1=0.20ms wall=2098.8ms
10-07 20:24:56.455 I/NpuProbe( 4231): SESS[3] puro:htp puro texto_len=26 (integral no JSON)
10-07 20:24:56.455 I/NpuProbe( 4231): SESS[3] puro:htp lifecycle: load=0ms reset=2.10ms wall=2098.8ms
10-07 20:24:56.455 I/NpuProbe( 4231): SESS[3] puro:htp RESULTADO: PURO-EXECUTADO
10-07 20:24:56.532 I/NpuProbe( 4231): SESSAO(68edbec): fim (4 requests)
10-07 20:24:56.532 I/NpuProbe( 4231): SMART REPORT:
10-07 20:24:56.532 I/NpuProbe( 4231): SMART (sessao)
10-07 20:24:56.532 I/NpuProbe( 4231): 
10-07 20:24:56.532 I/NpuProbe( 4231): SMARTv2 rota='sessao' mutante=(none)
10-07 20:24:56.532 I/NpuProbe( 4231): TUNE: GGML_HEXAGON_NHVX=4
10-07 20:24:56.532 I/NpuProbe( 4231): SESSAO(68edbec): 4 requests na mesma sessao (roles separados; JSON nativo em files/r6-sess.jsonl)
10-07 20:24:56.532 I/NpuProbe( 4231): SESS[0] puro:htp puro: ok=1 pieces=8 prefill=818.00ms gen=693.87ms pp1=0.34ms wall=1512.2ms
10-07 20:24:56.532 I/NpuProbe( 4231): SESS[0] puro:htp puro texto_len=26 (integral no JSON)
10-07 20:24:56.532 I/NpuProbe( 4231): SESS[0] puro:htp lifecycle: load=217ms reset=2.07ms wall=1512.2ms
10-07 20:24:56.532 I/NpuProbe( 4231): SESS[0] puro:htp RESULTADO: PURO-EXECUTADO
10-07 20:24:56.532 I/NpuProbe( 4231): SESS[1] puro:htp puro: ok=1 pieces=8 prefill=1181.95ms gen=831.66ms pp1=0.15ms wall=2014.0ms
10-07 20:24:56.532 I/NpuProbe( 4231): SESS[1] puro:htp puro texto_len=26 (integral no JSON)
10-07 20:24:56.532 I/NpuProbe( 4231): SESS[1] puro:htp lifecycle: load=0ms reset=2.03ms wall=2014.0ms
10-07 20:24:56.532 I/NpuProbe( 4231): SESS[1] puro:htp RESULTADO: PURO-EXECUTADO
10-07 20:24:56.532 I/NpuProbe( 4231): SESS[2] puro:htp puro: ok=1 pieces=8 prefill=1317.73ms gen=819.12ms pp1=0.14ms wall=2137.3ms
10-07 20:24:56.532 I/NpuProbe( 4231): SESS[2] puro:htp puro texto_len=26 (integral no JSON)
10-07 20:24:56.532 I/NpuProbe( 4231): SESS[2] puro:htp lifecycle: load=0ms reset=2.08ms wall=2137.3ms
10-07 20:24:56.532 I/NpuProbe( 4231): SESS[2] puro:htp RESULTADO: PURO-EXECUTADO
10-07 20:24:56.532 I/NpuProbe( 4231): SESS[3] puro:htp puro: ok=1 pieces=8 prefill=1338.28ms gen=760.09ms pp1=0.20ms wall=2098.8ms
10-07 20:24:56.532 I/NpuProbe( 4231): SESS[3] puro:htp puro texto_len=26 (integral no JSON)
10-07 20:24:56.532 I/NpuProbe( 4231): SESS[3] puro:htp lifecycle: load=0ms reset=2.10ms wall=2098.8ms
10-07 20:24:56.532 I/NpuProbe( 4231): SESS[3] puro:htp RESULTADO: PURO-EXECUTADO
10-07 20:24:56.532 I/NpuProbe( 4231): SESSAO(68edbec): fim (4 requests)
--------- beginning of main
10-07 20:24:48.413 I/NpuProbe( 4231): nativeLibraryDir=/data/app/~~_SGkOc6q6Yi9oqCHaSo8cg==/br.gov.sp.pcsp.npuprobe-Q9zK8dNnWTAjUaaSddjQnw==/lib/arm64
10-07 20:24:48.413 I/NpuProbe( 4231): libdir=/data/app/~~_SGkOc6q6Yi9oqCHaSo8cg==/br.gov.sp.pcsp.npuprobe-Q9zK8dNnWTAjUaaSddjQnw==/lib/arm64
10-07 20:24:48.413 I/NpuProbe( 4231): build=llama.cpp-upstream-pkg (v11-libs) + probe R4
10-07 20:24:48.413 I/NpuProbe( 4231): controle-sistema (liblog.so)=OK
10-07 20:24:48.413 I/NpuProbe( 4231): negativo-fake (libnaoexiste_xyz.so)=FALHOU err=dlopen failed: library "libnaoexiste_xyz.so" not found
10-07 20:24:48.414 I/NpuProbe( 4231): cdsprpc-nome (libcdsprpc.so)=OK
10-07 20:24:48.414 I/NpuProbe( 4231): cdsprpc-abs (/vendor/lib64/libcdsprpc.so)=OK
10-07 20:24:48.414 I/NpuProbe( 4231): ADSP_LIBRARY_PATH=libdir (setenv)
10-07 20:24:48.415 I/NpuProbe( 4231): [ggml] ggml_vulkan: Found 1 Vulkan devices:
10-07 20:24:48.416 I/NpuProbe( 4231): [ggml] ggml_vulkan: 0 = Adreno (TM) 840 (Qualcomm Technologies Inc. Adreno Vulkan Driver) | uma: 1 | fp16: 1 | bf16: 0 | fp4: 0 | warp size: 64 | shared memory: 32768 | int dot: 0 | matrix cores: none
10-07 20:24:48.421 I/NpuProbe( 4231): [ggml] ggml_opencl: selected platform: 'QUALCOMM Snapdragon(TM)'
10-07 20:24:48.422 I/NpuProbe( 4231): [ggml] 
10-07 20:24:48.422 I/NpuProbe( 4231): ggml_opencl: device: 'QUALCOMM Adreno(TM) 840 (OpenCL 3.0 Adreno(TM) 840)'
10-07 20:24:48.422 I/NpuProbe( 4231): [ggml] ggml_opencl: default device: 'QUALCOMM Adreno(TM) 840 (OpenCL 3.0 Adreno(TM) 840)'
10-07 20:24:48.422 I/NpuProbe( 4231): [ggml] ggml-hex: Loading driver libcdsprpc.so
10-07 20:24:48.423 I/NpuProbe( 4231): [ggml] ggml-hex: Hexagon backend (experimental) : allocating new registry : ndev 1
10-07 20:24:48.423 I/NpuProbe( 4231): [ggml] ggml-hex: Hexagon Arch version v81
10-07 20:24:48.423 I/NpuProbe( 4231): [ggml] ggml-hex: HTP0 allocating new session
10-07 20:24:48.455 I/NpuProbe( 4231): [ggml] ggml-hex: HTP0 hwinfo: threads 8, hvx 8, hmx 1, vtcm 8 MB
10-07 20:24:48.456 I/NpuProbe( 4231): [ggml] ggml-hex: HTP0 new session : session-id 0 domain-id 3 uri file:///libggml-htp-v81.so?htp_iface_skel_handle_invoke&_modver=1.0&_dom=cdsp&_session=0 handle 0xb4000077c5eff2c0
10-07 20:24:48.459 I/NpuProbe( 4231): [ggml] ggml-hex: HTP0 op batching: n-bufs 16 n-tensors 7168 n-ops 1024 vmem 3355443200
10-07 20:24:48.463 I/NpuProbe( 4231): load_all_from_path=49ms
10-07 20:24:48.463 I/NpuProbe( 4231): [ggml] load_backend: failed to find ggml_backend_init in /data/app/~~_SGkOc6q6Yi9oqCHaSo8cg==/br.gov.sp.pcsp.npuprobe-Q9zK8dNnWTAjUaaSddjQnw==/lib/arm64/libggml-hexagon.so
10-07 20:24:48.463 I/NpuProbe( 4231): load(hexagon direto)=FALHOU em 0ms
10-07 20:24:48.463 I/NpuProbe( 4231): devices=4
10-07 20:24:48.463 I/NpuProbe( 4231):   dev[0] Vulkan0 (Adreno (TM) 840)
10-07 20:24:48.463 I/NpuProbe( 4231):   dev[1] GPUOpenCL (QUALCOMM Adreno(TM) 840)
10-07 20:24:48.463 I/NpuProbe( 4231):   dev[2] HTP0 (Hexagon)
10-07 20:24:48.463 I/NpuProbe( 4231):   dev[3] CPU (CPU)
10-07 20:24:48.463 I/NpuProbe( 4231): dev_init(HTP0)=0ms -> SESSAO ABERTA
10-07 20:24:48.464 I/NpuProbe( 4231): graph_compute(MUL_MAT 64x64)=0.5ms status=0
10-07 20:24:48.464 I/NpuProbe( 4231): c[0]=128.000000 (esperado 128.0)
10-07 20:24:48.464 I/NpuProbe( 4231): RESULTADO: APP-UID OK: sessao HTP + op executado com resultado correto
10-07 20:24:48.464 I/NpuProbe( 4231): REPORT:
10-07 20:24:48.464 I/NpuProbe( 4231): libdir=/data/app/~~_SGkOc6q6Yi9oqCHaSo8cg==/br.gov.sp.pcsp.npuprobe-Q9zK8dNnWTAjUaaSddjQnw==/lib/arm64
10-07 20:24:48.464 I/NpuProbe( 4231): build=llama.cpp-upstream-pkg (v11-libs) + probe R4
10-07 20:24:48.464 I/NpuProbe( 4231): controle-sistema (liblog.so)=OK
10-07 20:24:48.464 I/NpuProbe( 4231): negativo-fake (libnaoexiste_xyz.so)=FALHOU err=dlopen failed: library "libnaoexiste_xyz.so" not found
10-07 20:24:48.464 I/NpuProbe( 4231): cdsprpc-nome (libcdsprpc.so)=OK
10-07 20:24:48.464 I/NpuProbe( 4231): cdsprpc-abs (/vendor/lib64/libcdsprpc.so)=OK
10-07 20:24:48.464 I/NpuProbe( 4231): ADSP_LIBRARY_PATH=libdir (setenv)
10-07 20:24:48.464 I/NpuProbe( 4231): load_all_from_path=49ms
10-07 20:24:48.464 I/NpuProbe( 4231): load(hexagon direto)=FALHOU em 0ms
10-07 20:24:48.464 I/NpuProbe( 4231): devices=4
10-07 20:24:48.464 I/NpuProbe( 4231):   dev[0] Vulkan0 (Adreno (TM) 840)
10-07 20:24:48.464 I/NpuProbe( 4231):   dev[1] GPUOpenCL (QUALCOMM Adreno(TM) 840)
10-07 20:24:48.464 I/NpuProbe( 4231):   dev[2] HTP0 (Hexagon)
10-07 20:24:48.464 I/NpuProbe( 4231):   dev[3] CPU (CPU)
10-07 20:24:48.464 I/NpuProbe( 4231): dev_init(HTP0)=0ms -> SESSAO ABERTA
10-07 20:24:48.464 I/NpuProbe( 4231): graph_compute(MUL_MAT 64x64)=0.5ms status=0
10-07 20:24:48.464 I/NpuProbe( 4231): c[0]=128.000000 (esperado 128.0)
10-07 20:24:48.464 I/NpuProbe( 4231): RESULTADO: APP-UID OK: sessao HTP + op executado com resultado correto
10-07 20:24:48.465 I/NpuProbe( 4231): AUTO-GATILHO='smart:sessao'
10-07 20:24:48.465 I/NpuProbe( 4231): SMART iniciando rota=sessao com /data/local/tmp/hymt2_app.gguf
10-07 20:24:48.465 I/NpuProbe( 4231): SMARTv2 rota='sessao' mutante=(none)
10-07 20:24:48.465 I/NpuProbe( 4231): TUNE: GGML_HEXAGON_NHVX=4
10-07 20:24:48.466 I/NpuProbe( 4231): SESSAO(68edbec): 4 requests na mesma sessao (roles separados; JSON nativo em files/r6-sess.jsonl)
10-07 20:24:50.198 I/NpuProbe( 4231): SESS[0] puro:htp puro: ok=1 pieces=8 prefill=818.00ms gen=693.87ms pp1=0.34ms wall=1512.2ms
10-07 20:24:50.198 I/NpuProbe( 4231): SESS[0] puro:htp puro texto_len=26 (integral no JSON)
10-07 20:24:50.198 I/NpuProbe( 4231): SESS[0] puro:htp lifecycle: load=217ms reset=2.07ms wall=1512.2ms
10-07 20:24:50.198 I/NpuProbe( 4231): SESS[0] puro:htp RESULTADO: PURO-EXECUTADO
10-07 20:24:52.214 I/NpuProbe( 4231): SESS[1] puro:htp puro: ok=1 pieces=8 prefill=1181.95ms gen=831.66ms pp1=0.15ms wall=2014.0ms
10-07 20:24:52.214 I/NpuProbe( 4231): SESS[1] puro:htp puro texto_len=26 (integral no JSON)
10-07 20:24:52.214 I/NpuProbe( 4231): SESS[1] puro:htp lifecycle: load=0ms reset=2.03ms wall=2014.0ms
10-07 20:24:52.214 I/NpuProbe( 4231): SESS[1] puro:htp RESULTADO: PURO-EXECUTADO
10-07 20:24:54.354 I/NpuProbe( 4231): SESS[2] puro:htp puro: ok=1 pieces=8 prefill=1317.73ms gen=819.12ms pp1=0.14ms wall=2137.3ms
10-07 20:24:54.354 I/NpuProbe( 4231): SESS[2] puro:htp puro texto_len=26 (integral no JSON)
10-07 20:24:54.354 I/NpuProbe( 4231): SESS[2] puro:htp lifecycle: load=0ms reset=2.08ms wall=2137.3ms
10-07 20:24:54.354 I/NpuProbe( 4231): SESS[2] puro:htp RESULTADO: PURO-EXECUTADO
10-07 20:24:56.455 I/NpuProbe( 4231): SESS[3] puro:htp puro: ok=1 pieces=8 prefill=1338.28ms gen=760.09ms pp1=0.20ms wall=2098.8ms
10-07 20:24:56.455 I/NpuProbe( 4231): SESS[3] puro:htp puro texto_len=26 (integral no JSON)
10-07 20:24:56.455 I/NpuProbe( 4231): SESS[3] puro:htp lifecycle: load=0ms reset=2.10ms wall=2098.8ms
10-07 20:24:56.455 I/NpuProbe( 4231): SESS[3] puro:htp RESULTADO: PURO-EXECUTADO
10-07 20:24:56.532 I/NpuProbe( 4231): SESSAO(68edbec): fim (4 requests)
10-07 20:24:56.532 I/NpuProbe( 4231): SMART REPORT:
10-07 20:24:56.532 I/NpuProbe( 4231): SMART (sessao)
10-07 20:24:56.532 I/NpuProbe( 4231): 
10-07 20:24:56.532 I/NpuProbe( 4231): SMARTv2 rota='sessao' mutante=(none)
10-07 20:24:56.532 I/NpuProbe( 4231): TUNE: GGML_HEXAGON_NHVX=4
10-07 20:24:56.532 I/NpuProbe( 4231): SESSAO(68edbec): 4 requests na mesma sessao (roles separados; JSON nativo em files/r6-sess.jsonl)
10-07 20:24:56.532 I/NpuProbe( 4231): SESS[0] puro:htp puro: ok=1 pieces=8 prefill=818.00ms gen=693.87ms pp1=0.34ms wall=1512.2ms
10-07 20:24:56.532 I/NpuProbe( 4231): SESS[0] puro:htp puro texto_len=26 (integral no JSON)
10-07 20:24:56.532 I/NpuProbe( 4231): SESS[0] puro:htp lifecycle: load=217ms reset=2.07ms wall=1512.2ms
10-07 20:24:56.532 I/NpuProbe( 4231): SESS[0] puro:htp RESULTADO: PURO-EXECUTADO
10-07 20:24:56.532 I/NpuProbe( 4231): SESS[1] puro:htp puro: ok=1 pieces=8 prefill=1181.95ms gen=831.66ms pp1=0.15ms wall=2014.0ms
10-07 20:24:56.532 I/NpuProbe( 4231): SESS[1] puro:htp puro texto_len=26 (integral no JSON)
10-07 20:24:56.532 I/NpuProbe( 4231): SESS[1] puro:htp lifecycle: load=0ms reset=2.03ms wall=2014.0ms
10-07 20:24:56.532 I/NpuProbe( 4231): SESS[1] puro:htp RESULTADO: PURO-EXECUTADO
10-07 20:24:56.532 I/NpuProbe( 4231): SESS[2] puro:htp puro: ok=1 pieces=8 prefill=1317.73ms gen=819.12ms pp1=0.14ms wall=2137.3ms
10-07 20:24:56.532 I/NpuProbe( 4231): SESS[2] puro:htp puro texto_len=26 (integral no JSON)
10-07 20:24:56.532 I/NpuProbe( 4231): SESS[2] puro:htp lifecycle: load=0ms reset=2.08ms wall=2137.3ms
10-07 20:24:56.532 I/NpuProbe( 4231): SESS[2] puro:htp RESULTADO: PURO-EXECUTADO
10-07 20:24:56.532 I/NpuProbe( 4231): SESS[3] puro:htp puro: ok=1 pieces=8 prefill=1338.28ms gen=760.09ms pp1=0.20ms wall=2098.8ms
10-07 20:24:56.532 I/NpuProbe( 4231): SESS[3] puro:htp puro texto_len=26 (integral no JSON)
10-07 20:24:56.532 I/NpuProbe( 4231): SESS[3] puro:htp lifecycle: load=0ms reset=2.10ms wall=2098.8ms
10-07 20:24:56.532 I/NpuProbe( 4231): SESS[3] puro:htp RESULTADO: PURO-EXECUTADO
10-07 20:24:56.532 I/NpuProbe( 4231): SESSAO(68edbec): fim (4 requests)
--------- beginning of main
10-07 20:26:02.191 I/NpuProbe( 2081): nativeLibraryDir=/data/app/~~_SGkOc6q6Yi9oqCHaSo8cg==/br.gov.sp.pcsp.npuprobe-Q9zK8dNnWTAjUaaSddjQnw==/lib/arm64
10-07 20:26:02.191 I/NpuProbe( 2081): libdir=/data/app/~~_SGkOc6q6Yi9oqCHaSo8cg==/br.gov.sp.pcsp.npuprobe-Q9zK8dNnWTAjUaaSddjQnw==/lib/arm64
10-07 20:26:02.191 I/NpuProbe( 2081): build=llama.cpp-upstream-pkg (v11-libs) + probe R4
10-07 20:26:02.191 I/NpuProbe( 2081): controle-sistema (liblog.so)=OK
10-07 20:26:02.191 I/NpuProbe( 2081): negativo-fake (libnaoexiste_xyz.so)=FALHOU err=dlopen failed: library "libnaoexiste_xyz.so" not found
10-07 20:26:02.192 I/NpuProbe( 2081): cdsprpc-nome (libcdsprpc.so)=OK
10-07 20:26:02.192 I/NpuProbe( 2081): cdsprpc-abs (/vendor/lib64/libcdsprpc.so)=OK
10-07 20:26:02.192 I/NpuProbe( 2081): ADSP_LIBRARY_PATH=libdir (setenv)
10-07 20:26:02.193 I/NpuProbe( 2081): [ggml] ggml_vulkan: Found 1 Vulkan devices:
10-07 20:26:02.194 I/NpuProbe( 2081): [ggml] ggml_vulkan: 0 = Adreno (TM) 840 (Qualcomm Technologies Inc. Adreno Vulkan Driver) | uma: 1 | fp16: 1 | bf16: 0 | fp4: 0 | warp size: 64 | shared memory: 32768 | int dot: 0 | matrix cores: none
10-07 20:26:02.199 I/NpuProbe( 2081): [ggml] ggml_opencl: selected platform: 'QUALCOMM Snapdragon(TM)'
10-07 20:26:02.200 I/NpuProbe( 2081): [ggml] 
10-07 20:26:02.200 I/NpuProbe( 2081): ggml_opencl: device: 'QUALCOMM Adreno(TM) 840 (OpenCL 3.0 Adreno(TM) 840)'
10-07 20:26:02.200 I/NpuProbe( 2081): [ggml] ggml_opencl: default device: 'QUALCOMM Adreno(TM) 840 (OpenCL 3.0 Adreno(TM) 840)'
10-07 20:26:02.200 I/NpuProbe( 2081): [ggml] ggml-hex: Loading driver libcdsprpc.so
10-07 20:26:02.201 I/NpuProbe( 2081): [ggml] ggml-hex: Hexagon backend (experimental) : allocating new registry : ndev 1
10-07 20:26:02.201 I/NpuProbe( 2081): [ggml] ggml-hex: Hexagon Arch version v81
10-07 20:26:02.201 I/NpuProbe( 2081): [ggml] ggml-hex: HTP0 allocating new session
10-07 20:26:02.234 I/NpuProbe( 2081): [ggml] ggml-hex: HTP0 hwinfo: threads 8, hvx 8, hmx 1, vtcm 8 MB
10-07 20:26:02.235 I/NpuProbe( 2081): [ggml] ggml-hex: HTP0 new session : session-id 0 domain-id 3 uri file:///libggml-htp-v81.so?htp_iface_skel_handle_invoke&_modver=1.0&_dom=cdsp&_session=0 handle 0xb4000077c5efc300
10-07 20:26:02.238 I/NpuProbe( 2081): [ggml] ggml-hex: HTP0 op batching: n-bufs 16 n-tensors 7168 n-ops 1024 vmem 3355443200
10-07 20:26:02.244 I/NpuProbe( 2081): load_all_from_path=51ms
10-07 20:26:02.244 I/NpuProbe( 2081): [ggml] load_backend: failed to find ggml_backend_init in /data/app/~~_SGkOc6q6Yi9oqCHaSo8cg==/br.gov.sp.pcsp.npuprobe-Q9zK8dNnWTAjUaaSddjQnw==/lib/arm64/libggml-hexagon.so
10-07 20:26:02.244 I/NpuProbe( 2081): load(hexagon direto)=FALHOU em 0ms
10-07 20:26:02.244 I/NpuProbe( 2081): devices=4
10-07 20:26:02.244 I/NpuProbe( 2081):   dev[0] Vulkan0 (Adreno (TM) 840)
10-07 20:26:02.244 I/NpuProbe( 2081):   dev[1] GPUOpenCL (QUALCOMM Adreno(TM) 840)
10-07 20:26:02.244 I/NpuProbe( 2081):   dev[2] HTP0 (Hexagon)
10-07 20:26:02.244 I/NpuProbe( 2081):   dev[3] CPU (CPU)
10-07 20:26:02.244 I/NpuProbe( 2081): dev_init(HTP0)=0ms -> SESSAO ABERTA
10-07 20:26:02.245 I/NpuProbe( 2081): graph_compute(MUL_MAT 64x64)=0.6ms status=0
10-07 20:26:02.245 I/NpuProbe( 2081): c[0]=128.000000 (esperado 128.0)
10-07 20:26:02.245 I/NpuProbe( 2081): RESULTADO: APP-UID OK: sessao HTP + op executado com resultado correto
10-07 20:26:02.246 I/NpuProbe( 2081): REPORT:
10-07 20:26:02.246 I/NpuProbe( 2081): libdir=/data/app/~~_SGkOc6q6Yi9oqCHaSo8cg==/br.gov.sp.pcsp.npuprobe-Q9zK8dNnWTAjUaaSddjQnw==/lib/arm64
10-07 20:26:02.246 I/NpuProbe( 2081): build=llama.cpp-upstream-pkg (v11-libs) + probe R4
10-07 20:26:02.246 I/NpuProbe( 2081): controle-sistema (liblog.so)=OK
10-07 20:26:02.246 I/NpuProbe( 2081): negativo-fake (libnaoexiste_xyz.so)=FALHOU err=dlopen failed: library "libnaoexiste_xyz.so" not found
10-07 20:26:02.246 I/NpuProbe( 2081): cdsprpc-nome (libcdsprpc.so)=OK
10-07 20:26:02.246 I/NpuProbe( 2081): cdsprpc-abs (/vendor/lib64/libcdsprpc.so)=OK
10-07 20:26:02.246 I/NpuProbe( 2081): ADSP_LIBRARY_PATH=libdir (setenv)
10-07 20:26:02.246 I/NpuProbe( 2081): load_all_from_path=51ms
10-07 20:26:02.246 I/NpuProbe( 2081): load(hexagon direto)=FALHOU em 0ms
10-07 20:26:02.246 I/NpuProbe( 2081): devices=4
10-07 20:26:02.246 I/NpuProbe( 2081):   dev[0] Vulkan0 (Adreno (TM) 840)
10-07 20:26:02.246 I/NpuProbe( 2081):   dev[1] GPUOpenCL (QUALCOMM Adreno(TM) 840)
10-07 20:26:02.246 I/NpuProbe( 2081):   dev[2] HTP0 (Hexagon)
10-07 20:26:02.246 I/NpuProbe( 2081):   dev[3] CPU (CPU)
10-07 20:26:02.246 I/NpuProbe( 2081): dev_init(HTP0)=0ms -> SESSAO ABERTA
10-07 20:26:02.246 I/NpuProbe( 2081): graph_compute(MUL_MAT 64x64)=0.6ms status=0
10-07 20:26:02.246 I/NpuProbe( 2081): c[0]=128.000000 (esperado 128.0)
10-07 20:26:02.246 I/NpuProbe( 2081): RESULTADO: APP-UID OK: sessao HTP + op executado com resultado correto
10-07 20:26:02.247 I/NpuProbe( 2081): AUTO-GATILHO='smart:sessao'
10-07 20:26:02.247 I/NpuProbe( 2081): SMART iniciando rota=sessao com /data/local/tmp/hymt2_app.gguf
10-07 20:26:02.247 I/NpuProbe( 2081): SMARTv2 rota='sessao' mutante=(none)
10-07 20:26:02.247 I/NpuProbe( 2081): TUNE: GGML_HEXAGON_NHVX=8
10-07 20:26:02.247 I/NpuProbe( 2081): TUNE: GGML_HEXAGON_OPBATCH=1280
10-07 20:26:02.247 I/NpuProbe( 2081): TUNE: GGML_HEXAGON_OPQUEUE=32
10-07 20:26:02.248 I/NpuProbe( 2081): SESSAO(68ffc22): 4 requests na mesma sessao (roles separados; JSON nativo em files/r6-sess.jsonl)
10-07 20:26:04.096 I/NpuProbe( 2081): SESS[0] puro:htp puro: ok=1 pieces=8 prefill=871.44ms gen=703.87ms pp1=0.36ms wall=1575.7ms
10-07 20:26:04.096 I/NpuProbe( 2081): SESS[0] puro:htp puro texto_len=26 (integral no JSON)
10-07 20:26:04.096 I/NpuProbe( 2081): SESS[0] puro:htp lifecycle: load=269ms reset=2.93ms wall=1575.7ms
10-07 20:26:04.096 I/NpuProbe( 2081): SESS[0] puro:htp RESULTADO: PURO-EXECUTADO
--------- beginning of main
10-07 20:26:02.191 I/NpuProbe( 2081): nativeLibraryDir=/data/app/~~_SGkOc6q6Yi9oqCHaSo8cg==/br.gov.sp.pcsp.npuprobe-Q9zK8dNnWTAjUaaSddjQnw==/lib/arm64
10-07 20:26:02.191 I/NpuProbe( 2081): libdir=/data/app/~~_SGkOc6q6Yi9oqCHaSo8cg==/br.gov.sp.pcsp.npuprobe-Q9zK8dNnWTAjUaaSddjQnw==/lib/arm64
10-07 20:26:02.191 I/NpuProbe( 2081): build=llama.cpp-upstream-pkg (v11-libs) + probe R4
10-07 20:26:02.191 I/NpuProbe( 2081): controle-sistema (liblog.so)=OK
10-07 20:26:02.191 I/NpuProbe( 2081): negativo-fake (libnaoexiste_xyz.so)=FALHOU err=dlopen failed: library "libnaoexiste_xyz.so" not found
10-07 20:26:02.192 I/NpuProbe( 2081): cdsprpc-nome (libcdsprpc.so)=OK
10-07 20:26:02.192 I/NpuProbe( 2081): cdsprpc-abs (/vendor/lib64/libcdsprpc.so)=OK
10-07 20:26:02.192 I/NpuProbe( 2081): ADSP_LIBRARY_PATH=libdir (setenv)
10-07 20:26:02.193 I/NpuProbe( 2081): [ggml] ggml_vulkan: Found 1 Vulkan devices:
10-07 20:26:02.194 I/NpuProbe( 2081): [ggml] ggml_vulkan: 0 = Adreno (TM) 840 (Qualcomm Technologies Inc. Adreno Vulkan Driver) | uma: 1 | fp16: 1 | bf16: 0 | fp4: 0 | warp size: 64 | shared memory: 32768 | int dot: 0 | matrix cores: none
10-07 20:26:02.199 I/NpuProbe( 2081): [ggml] ggml_opencl: selected platform: 'QUALCOMM Snapdragon(TM)'
10-07 20:26:02.200 I/NpuProbe( 2081): [ggml] 
10-07 20:26:02.200 I/NpuProbe( 2081): ggml_opencl: device: 'QUALCOMM Adreno(TM) 840 (OpenCL 3.0 Adreno(TM) 840)'
10-07 20:26:02.200 I/NpuProbe( 2081): [ggml] ggml_opencl: default device: 'QUALCOMM Adreno(TM) 840 (OpenCL 3.0 Adreno(TM) 840)'
10-07 20:26:02.200 I/NpuProbe( 2081): [ggml] ggml-hex: Loading driver libcdsprpc.so
10-07 20:26:02.201 I/NpuProbe( 2081): [ggml] ggml-hex: Hexagon backend (experimental) : allocating new registry : ndev 1
10-07 20:26:02.201 I/NpuProbe( 2081): [ggml] ggml-hex: Hexagon Arch version v81
10-07 20:26:02.201 I/NpuProbe( 2081): [ggml] ggml-hex: HTP0 allocating new session
10-07 20:26:02.234 I/NpuProbe( 2081): [ggml] ggml-hex: HTP0 hwinfo: threads 8, hvx 8, hmx 1, vtcm 8 MB
10-07 20:26:02.235 I/NpuProbe( 2081): [ggml] ggml-hex: HTP0 new session : session-id 0 domain-id 3 uri file:///libggml-htp-v81.so?htp_iface_skel_handle_invoke&_modver=1.0&_dom=cdsp&_session=0 handle 0xb4000077c5efc300
10-07 20:26:02.238 I/NpuProbe( 2081): [ggml] ggml-hex: HTP0 op batching: n-bufs 16 n-tensors 7168 n-ops 1024 vmem 3355443200
10-07 20:26:02.244 I/NpuProbe( 2081): load_all_from_path=51ms
10-07 20:26:02.244 I/NpuProbe( 2081): [ggml] load_backend: failed to find ggml_backend_init in /data/app/~~_SGkOc6q6Yi9oqCHaSo8cg==/br.gov.sp.pcsp.npuprobe-Q9zK8dNnWTAjUaaSddjQnw==/lib/arm64/libggml-hexagon.so
10-07 20:26:02.244 I/NpuProbe( 2081): load(hexagon direto)=FALHOU em 0ms
10-07 20:26:02.244 I/NpuProbe( 2081): devices=4
10-07 20:26:02.244 I/NpuProbe( 2081):   dev[0] Vulkan0 (Adreno (TM) 840)
10-07 20:26:02.244 I/NpuProbe( 2081):   dev[1] GPUOpenCL (QUALCOMM Adreno(TM) 840)
10-07 20:26:02.244 I/NpuProbe( 2081):   dev[2] HTP0 (Hexagon)
10-07 20:26:02.244 I/NpuProbe( 2081):   dev[3] CPU (CPU)
10-07 20:26:02.244 I/NpuProbe( 2081): dev_init(HTP0)=0ms -> SESSAO ABERTA
10-07 20:26:02.245 I/NpuProbe( 2081): graph_compute(MUL_MAT 64x64)=0.6ms status=0
10-07 20:26:02.245 I/NpuProbe( 2081): c[0]=128.000000 (esperado 128.0)
10-07 20:26:02.245 I/NpuProbe( 2081): RESULTADO: APP-UID OK: sessao HTP + op executado com resultado correto
10-07 20:26:02.246 I/NpuProbe( 2081): REPORT:
10-07 20:26:02.246 I/NpuProbe( 2081): libdir=/data/app/~~_SGkOc6q6Yi9oqCHaSo8cg==/br.gov.sp.pcsp.npuprobe-Q9zK8dNnWTAjUaaSddjQnw==/lib/arm64
10-07 20:26:02.246 I/NpuProbe( 2081): build=llama.cpp-upstream-pkg (v11-libs) + probe R4
10-07 20:26:02.246 I/NpuProbe( 2081): controle-sistema (liblog.so)=OK
10-07 20:26:02.246 I/NpuProbe( 2081): negativo-fake (libnaoexiste_xyz.so)=FALHOU err=dlopen failed: library "libnaoexiste_xyz.so" not found
10-07 20:26:02.246 I/NpuProbe( 2081): cdsprpc-nome (libcdsprpc.so)=OK
10-07 20:26:02.246 I/NpuProbe( 2081): cdsprpc-abs (/vendor/lib64/libcdsprpc.so)=OK
10-07 20:26:02.246 I/NpuProbe( 2081): ADSP_LIBRARY_PATH=libdir (setenv)
10-07 20:26:02.246 I/NpuProbe( 2081): load_all_from_path=51ms
10-07 20:26:02.246 I/NpuProbe( 2081): load(hexagon direto)=FALHOU em 0ms
10-07 20:26:02.246 I/NpuProbe( 2081): devices=4
10-07 20:26:02.246 I/NpuProbe( 2081):   dev[0] Vulkan0 (Adreno (TM) 840)
10-07 20:26:02.246 I/NpuProbe( 2081):   dev[1] GPUOpenCL (QUALCOMM Adreno(TM) 840)
10-07 20:26:02.246 I/NpuProbe( 2081):   dev[2] HTP0 (Hexagon)
10-07 20:26:02.246 I/NpuProbe( 2081):   dev[3] CPU (CPU)
10-07 20:26:02.246 I/NpuProbe( 2081): dev_init(HTP0)=0ms -> SESSAO ABERTA
10-07 20:26:02.246 I/NpuProbe( 2081): graph_compute(MUL_MAT 64x64)=0.6ms status=0
10-07 20:26:02.246 I/NpuProbe( 2081): c[0]=128.000000 (esperado 128.0)
10-07 20:26:02.246 I/NpuProbe( 2081): RESULTADO: APP-UID OK: sessao HTP + op executado com resultado correto
10-07 20:26:02.247 I/NpuProbe( 2081): AUTO-GATILHO='smart:sessao'
10-07 20:26:02.247 I/NpuProbe( 2081): SMART iniciando rota=sessao com /data/local/tmp/hymt2_app.gguf
10-07 20:26:02.247 I/NpuProbe( 2081): SMARTv2 rota='sessao' mutante=(none)
10-07 20:26:02.247 I/NpuProbe( 2081): TUNE: GGML_HEXAGON_NHVX=8
10-07 20:26:02.247 I/NpuProbe( 2081): TUNE: GGML_HEXAGON_OPBATCH=1280
10-07 20:26:02.247 I/NpuProbe( 2081): TUNE: GGML_HEXAGON_OPQUEUE=32
10-07 20:26:02.248 I/NpuProbe( 2081): SESSAO(68ffc22): 4 requests na mesma sessao (roles separados; JSON nativo em files/r6-sess.jsonl)
10-07 20:26:04.096 I/NpuProbe( 2081): SESS[0] puro:htp puro: ok=1 pieces=8 prefill=871.44ms gen=703.87ms pp1=0.36ms wall=1575.7ms
10-07 20:26:04.096 I/NpuProbe( 2081): SESS[0] puro:htp puro texto_len=26 (integral no JSON)
10-07 20:26:04.096 I/NpuProbe( 2081): SESS[0] puro:htp lifecycle: load=269ms reset=2.93ms wall=1575.7ms
10-07 20:26:04.096 I/NpuProbe( 2081): SESS[0] puro:htp RESULTADO: PURO-EXECUTADO
10-07 20:26:06.362 I/NpuProbe( 2081): SESS[1] puro:htp puro: ok=1 pieces=8 prefill=1338.62ms gen=924.60ms pp1=0.15ms wall=2263.7ms
10-07 20:26:06.362 I/NpuProbe( 2081): SESS[1] puro:htp puro texto_len=26 (integral no JSON)
10-07 20:26:06.362 I/NpuProbe( 2081): SESS[1] puro:htp lifecycle: load=0ms reset=2.04ms wall=2263.7ms
10-07 20:26:06.362 I/NpuProbe( 2081): SESS[1] puro:htp RESULTADO: PURO-EXECUTADO
10-07 20:26:08.709 I/NpuProbe( 2081): SESS[2] puro:htp puro: ok=1 pieces=8 prefill=1402.84ms gen=941.50ms pp1=0.15ms wall=2344.8ms
10-07 20:26:08.709 I/NpuProbe( 2081): SESS[2] puro:htp puro texto_len=26 (integral no JSON)
10-07 20:26:08.709 I/NpuProbe( 2081): SESS[2] puro:htp lifecycle: load=0ms reset=2.11ms wall=2344.8ms
10-07 20:26:08.709 I/NpuProbe( 2081): SESS[2] puro:htp RESULTADO: PURO-EXECUTADO
10-07 20:26:10.979 I/NpuProbe( 2081): SESS[3] puro:htp puro: ok=1 pieces=8 prefill=1168.66ms gen=1098.09ms pp1=0.54ms wall=2267.2ms
10-07 20:26:10.979 I/NpuProbe( 2081): SESS[3] puro:htp puro texto_len=26 (integral no JSON)
10-07 20:26:10.979 I/NpuProbe( 2081): SESS[3] puro:htp lifecycle: load=0ms reset=2.64ms wall=2267.2ms
10-07 20:26:10.979 I/NpuProbe( 2081): SESS[3] puro:htp RESULTADO: PURO-EXECUTADO
10-07 20:26:11.071 I/NpuProbe( 2081): SESSAO(68ffc22): fim (4 requests)
10-07 20:26:11.071 I/NpuProbe( 2081): SMART REPORT:
10-07 20:26:11.071 I/NpuProbe( 2081): SMART (sessao)
10-07 20:26:11.071 I/NpuProbe( 2081): 
10-07 20:26:11.071 I/NpuProbe( 2081): SMARTv2 rota='sessao' mutante=(none)
10-07 20:26:11.071 I/NpuProbe( 2081): TUNE: GGML_HEXAGON_NHVX=8
10-07 20:26:11.071 I/NpuProbe( 2081): TUNE: GGML_HEXAGON_OPBATCH=1280
10-07 20:26:11.071 I/NpuProbe( 2081): TUNE: GGML_HEXAGON_OPQUEUE=32
10-07 20:26:11.071 I/NpuProbe( 2081): SESSAO(68ffc22): 4 requests na mesma sessao (roles separados; JSON nativo em files/r6-sess.jsonl)
10-07 20:26:11.071 I/NpuProbe( 2081): SESS[0] puro:htp puro: ok=1 pieces=8 prefill=871.44ms gen=703.87ms pp1=0.36ms wall=1575.7ms
10-07 20:26:11.071 I/NpuProbe( 2081): SESS[0] puro:htp puro texto_len=26 (integral no JSON)
10-07 20:26:11.071 I/NpuProbe( 2081): SESS[0] puro:htp lifecycle: load=269ms reset=2.93ms wall=1575.7ms
10-07 20:26:11.071 I/NpuProbe( 2081): SESS[0] puro:htp RESULTADO: PURO-EXECUTADO
10-07 20:26:11.071 I/NpuProbe( 2081): SESS[1] puro:htp puro: ok=1 pieces=8 prefill=1338.62ms gen=924.60ms pp1=0.15ms wall=2263.7ms
10-07 20:26:11.071 I/NpuProbe( 2081): SESS[1] puro:htp puro texto_len=26 (integral no JSON)
10-07 20:26:11.071 I/NpuProbe( 2081): SESS[1] puro:htp lifecycle: load=0ms reset=2.04ms wall=2263.7ms
10-07 20:26:11.071 I/NpuProbe( 2081): SESS[1] puro:htp RESULTADO: PURO-EXECUTADO
10-07 20:26:11.071 I/NpuProbe( 2081): SESS[2] puro:htp puro: ok=1 pieces=8 prefill=1402.84ms gen=941.50ms pp1=0.15ms wall=2344.8ms
10-07 20:26:11.071 I/NpuProbe( 2081): SESS[2] puro:htp puro texto_len=26 (integral no JSON)
10-07 20:26:11.071 I/NpuProbe( 2081): SESS[2] puro:htp lifecycle: load=0ms reset=2.11ms wall=2344.8ms
10-07 20:26:11.071 I/NpuProbe( 2081): SESS[2] puro:htp RESULTADO: PURO-EXECUTADO
10-07 20:26:11.071 I/NpuProbe( 2081): SESS[3] puro:htp puro: ok=1 pieces=8 prefill=1168.66ms gen=1098.09ms pp1=0.54ms wall=2267.2ms
10-07 20:26:11.071 I/NpuProbe( 2081): SESS[3] puro:htp puro texto_len=26 (integral no JSON)
10-07 20:26:11.071 I/NpuProbe( 2081): SESS[3] puro:htp lifecycle: load=0ms reset=2.64ms wall=2267.2ms
10-07 20:26:11.071 I/NpuProbe( 2081): SESS[3] puro:htp RESULTADO: PURO-EXECUTADO
10-07 20:26:11.071 I/NpuProbe( 2081): SESSAO(68ffc22): fim (4 requests)
--------- beginning of main
10-07 20:28:55.227 I/NpuProbe( 3581): nativeLibraryDir=/data/app/~~mu3DHXVb7VBvfpu7v2p_1w==/br.gov.sp.pcsp.npuprobe-eIs7VXqGY6_qfeE5DEpUzg==/lib/arm64
10-07 20:28:55.227 I/NpuProbe( 3581): libdir=/data/app/~~mu3DHXVb7VBvfpu7v2p_1w==/br.gov.sp.pcsp.npuprobe-eIs7VXqGY6_qfeE5DEpUzg==/lib/arm64
10-07 20:28:55.227 I/NpuProbe( 3581): build=llama.cpp-upstream-pkg (v11-libs) + probe R4
10-07 20:28:55.228 I/NpuProbe( 3581): controle-sistema (liblog.so)=OK
10-07 20:28:55.228 I/NpuProbe( 3581): negativo-fake (libnaoexiste_xyz.so)=FALHOU err=dlopen failed: library "libnaoexiste_xyz.so" not found
10-07 20:28:55.229 I/NpuProbe( 3581): cdsprpc-nome (libcdsprpc.so)=OK
10-07 20:28:55.229 I/NpuProbe( 3581): cdsprpc-abs (/vendor/lib64/libcdsprpc.so)=OK
10-07 20:28:55.230 I/NpuProbe( 3581): ADSP_LIBRARY_PATH=libdir (setenv)
10-07 20:28:55.231 I/NpuProbe( 3581): [ggml] ggml_vulkan: Found 1 Vulkan devices:
10-07 20:28:55.231 I/NpuProbe( 3581): [ggml] ggml_vulkan: 0 = Adreno (TM) 840 (Qualcomm Technologies Inc. Adreno Vulkan Driver) | uma: 1 | fp16: 1 | bf16: 0 | fp4: 0 | warp size: 64 | shared memory: 32768 | int dot: 0 | matrix cores: none
10-07 20:28:55.241 I/NpuProbe( 3581): [ggml] ggml_opencl: selected platform: 'QUALCOMM Snapdragon(TM)'
10-07 20:28:55.242 I/NpuProbe( 3581): [ggml] 
10-07 20:28:55.242 I/NpuProbe( 3581): ggml_opencl: device: 'QUALCOMM Adreno(TM) 840 (OpenCL 3.0 Adreno(TM) 840)'
10-07 20:28:55.242 I/NpuProbe( 3581): [ggml] ggml_opencl: default device: 'QUALCOMM Adreno(TM) 840 (OpenCL 3.0 Adreno(TM) 840)'
10-07 20:28:55.242 I/NpuProbe( 3581): [ggml] ggml-hex: Loading driver libcdsprpc.so
10-07 20:28:55.243 I/NpuProbe( 3581): [ggml] ggml-hex: FASTRPC_GET_DOMAINS query failed (0x14), using static CDSP domains
10-07 20:28:55.243 I/NpuProbe( 3581): [ggml] ggml-hex: Hexagon backend (experimental) : allocating new registry : ndev 1
10-07 20:28:55.243 I/NpuProbe( 3581): [ggml] ggml-hex: Hexagon Arch version v81, DMA64 enabled
10-07 20:28:55.243 I/NpuProbe( 3581): [ggml] ggml-hex: device 0: HTP0 (phys=0, virt=0, domain=cdsp:3)
10-07 20:28:55.244 I/NpuProbe( 3581): load_all_from_path=15ms
10-07 20:28:55.244 I/NpuProbe( 3581): [ggml] load_backend: failed to find ggml_backend_init in /data/app/~~mu3DHXVb7VBvfpu7v2p_1w==/br.gov.sp.pcsp.npuprobe-eIs7VXqGY6_qfeE5DEpUzg==/lib/arm64/libggml-hexagon.so
10-07 20:28:55.244 I/NpuProbe( 3581): load(hexagon direto)=FALHOU em 0ms
10-07 20:28:55.244 I/NpuProbe( 3581): devices=4
10-07 20:28:55.244 I/NpuProbe( 3581):   dev[0] Vulkan0 (Adreno (TM) 840)
10-07 20:28:55.244 I/NpuProbe( 3581):   dev[1] GPUOpenCL (QUALCOMM Adreno(TM) 840)
10-07 20:28:55.244 I/NpuProbe( 3581):   dev[2] HTP0 (Hexagon)
10-07 20:28:55.244 I/NpuProbe( 3581):   dev[3] CPU (CPU)
10-07 20:28:55.244 I/NpuProbe( 3581): [ggml] ggml-hex: HTP0 allocating new session : domain 3 phys-idx 0 virt-idx 0
10-07 20:28:55.276 I/NpuProbe( 3581): [ggml] ggml-hex: HTP0 hwinfo: threads 8, hvx 8, hmx 1, vtcm 8 MB
10-07 20:28:55.276 I/NpuProbe( 3581): [ggml] ggml-hex: HTP0 new session : session-id 0 domain-id 3 uri file:///libggml-htp-v81.so?htp_iface_skel_handle_invoke&_modver=1.0&_dom=cdsp&_session=0 handle 0xb4000077c5fccfc0
10-07 20:28:55.283 I/NpuProbe( 3581): [ggml] ggml-hex: HTP0 op batching: n-bufs 16 n-tensors 8192 n-ops 1280 vmem 3311845376
10-07 20:28:55.287 I/NpuProbe( 3581): dev_init(HTP0)=43ms -> SESSAO ABERTA
10-07 20:28:55.288 I/NpuProbe( 3581): graph_compute(MUL_MAT 64x64)=1.0ms status=0
10-07 20:28:55.288 I/NpuProbe( 3581): c[0]=128.000000 (esperado 128.0)
10-07 20:28:55.288 I/NpuProbe( 3581): RESULTADO: APP-UID OK: sessao HTP + op executado com resultado correto
10-07 20:28:55.289 I/NpuProbe( 3581): REPORT:
10-07 20:28:55.289 I/NpuProbe( 3581): libdir=/data/app/~~mu3DHXVb7VBvfpu7v2p_1w==/br.gov.sp.pcsp.npuprobe-eIs7VXqGY6_qfeE5DEpUzg==/lib/arm64
10-07 20:28:55.289 I/NpuProbe( 3581): build=llama.cpp-upstream-pkg (v11-libs) + probe R4
10-07 20:28:55.289 I/NpuProbe( 3581): controle-sistema (liblog.so)=OK
10-07 20:28:55.289 I/NpuProbe( 3581): negativo-fake (libnaoexiste_xyz.so)=FALHOU err=dlopen failed: library "libnaoexiste_xyz.so" not found
10-07 20:28:55.289 I/NpuProbe( 3581): cdsprpc-nome (libcdsprpc.so)=OK
10-07 20:28:55.289 I/NpuProbe( 3581): cdsprpc-abs (/vendor/lib64/libcdsprpc.so)=OK
10-07 20:28:55.289 I/NpuProbe( 3581): ADSP_LIBRARY_PATH=libdir (setenv)
10-07 20:28:55.289 I/NpuProbe( 3581): load_all_from_path=15ms
10-07 20:28:55.289 I/NpuProbe( 3581): load(hexagon direto)=FALHOU em 0ms
10-07 20:28:55.289 I/NpuProbe( 3581): devices=4
10-07 20:28:55.289 I/NpuProbe( 3581):   dev[0] Vulkan0 (Adreno (TM) 840)
10-07 20:28:55.289 I/NpuProbe( 3581):   dev[1] GPUOpenCL (QUALCOMM Adreno(TM) 840)
10-07 20:28:55.289 I/NpuProbe( 3581):   dev[2] HTP0 (Hexagon)
10-07 20:28:55.289 I/NpuProbe( 3581):   dev[3] CPU (CPU)
10-07 20:28:55.289 I/NpuProbe( 3581): dev_init(HTP0)=43ms -> SESSAO ABERTA
10-07 20:28:55.289 I/NpuProbe( 3581): graph_compute(MUL_MAT 64x64)=1.0ms status=0
10-07 20:28:55.289 I/NpuProbe( 3581): c[0]=128.000000 (esperado 128.0)
10-07 20:28:55.289 I/NpuProbe( 3581): RESULTADO: APP-UID OK: sessao HTP + op executado com resultado correto
10-07 20:28:55.289 I/NpuProbe( 3581): AUTO-GATILHO='smart:sessao'
10-07 20:28:55.290 I/NpuProbe( 3581): SMART iniciando rota=sessao com /data/local/tmp/hymt2_app.gguf
10-07 20:28:55.290 I/NpuProbe( 3581): SMARTv2 rota='sessao' mutante=(none)
10-07 20:28:55.291 I/NpuProbe( 3581): SESSAO(692a014): 4 requests na mesma sessao (roles separados; JSON nativo em files/r6-sess.jsonl)
10-07 20:28:57.685 I/NpuProbe( 3581): SESS[0] puro:htp puro: ok=1 pieces=8 prefill=104.18ms gen=247.05ms pp1=0.30ms wall=352.1ms
10-07 20:28:57.685 I/NpuProbe( 3581): SESS[0] puro:htp puro texto_len=26 (integral no JSON)
10-07 20:28:57.685 I/NpuProbe( 3581): SESS[0] puro:htp lifecycle: load=2039ms reset=2.08ms wall=352.1ms
10-07 20:28:57.685 I/NpuProbe( 3581): SESS[0] puro:htp RESULTADO: PURO-EXECUTADO
10-07 20:28:57.989 I/NpuProbe( 3581): SESS[1] puro:htp puro: ok=1 pieces=8 prefill=78.86ms gen=220.49ms pp1=0.79ms wall=300.4ms
10-07 20:28:57.989 I/NpuProbe( 3581): SESS[1] puro:htp puro texto_len=26 (integral no JSON)
10-07 20:28:57.989 I/NpuProbe( 3581): SESS[1] puro:htp lifecycle: load=0ms reset=3.26ms wall=300.4ms
10-07 20:28:57.989 I/NpuProbe( 3581): SESS[1] puro:htp RESULTADO: PURO-EXECUTADO
10-07 20:28:58.330 I/NpuProbe( 3581): SESS[2] puro:htp puro: ok=1 pieces=8 prefill=72.15ms gen=265.86ms pp1=3.22ms wall=338.6ms
10-07 20:28:58.330 I/NpuProbe( 3581): SESS[2] puro:htp puro texto_len=26 (integral no JSON)
10-07 20:28:58.330 I/NpuProbe( 3581): SESS[2] puro:htp lifecycle: load=0ms reset=2.17ms wall=338.6ms
10-07 20:28:58.330 I/NpuProbe( 3581): SESS[2] puro:htp RESULTADO: PURO-EXECUTADO
10-07 20:28:58.675 I/NpuProbe( 3581): SESS[3] puro:htp puro: ok=1 pieces=8 prefill=80.55ms gen=254.97ms pp1=3.09ms wall=337.4ms
10-07 20:28:58.675 I/NpuProbe( 3581): SESS[3] puro:htp puro texto_len=26 (integral no JSON)
10-07 20:28:58.675 I/NpuProbe( 3581): SESS[3] puro:htp lifecycle: load=0ms reset=7.22ms wall=337.4ms
10-07 20:28:58.675 I/NpuProbe( 3581): SESS[3] puro:htp RESULTADO: PURO-EXECUTADO
10-07 20:28:58.737 I/NpuProbe( 3581): SESSAO(692a014): fim (4 requests)
10-07 20:28:58.737 I/NpuProbe( 3581): SMART REPORT:
10-07 20:28:58.737 I/NpuProbe( 3581): SMART (sessao)
10-07 20:28:58.737 I/NpuProbe( 3581): 
10-07 20:28:58.737 I/NpuProbe( 3581): SMARTv2 rota='sessao' mutante=(none)
10-07 20:28:58.737 I/NpuProbe( 3581): SESSAO(692a014): 4 requests na mesma sessao (roles separados; JSON nativo em files/r6-sess.jsonl)
10-07 20:28:58.737 I/NpuProbe( 3581): SESS[0] puro:htp puro: ok=1 pieces=8 prefill=104.18ms gen=247.05ms pp1=0.30ms wall=352.1ms
10-07 20:28:58.737 I/NpuProbe( 3581): SESS[0] puro:htp puro texto_len=26 (integral no JSON)
10-07 20:28:58.737 I/NpuProbe( 3581): SESS[0] puro:htp lifecycle: load=2039ms reset=2.08ms wall=352.1ms
10-07 20:28:58.737 I/NpuProbe( 3581): SESS[0] puro:htp RESULTADO: PURO-EXECUTADO
10-07 20:28:58.737 I/NpuProbe( 3581): SESS[1] puro:htp puro: ok=1 pieces=8 prefill=78.86ms gen=220.49ms pp1=0.79ms wall=300.4ms
10-07 20:28:58.737 I/NpuProbe( 3581): SESS[1] puro:htp puro texto_len=26 (integral no JSON)
10-07 20:28:58.737 I/NpuProbe( 3581): SESS[1] puro:htp lifecycle: load=0ms reset=3.26ms wall=300.4ms
10-07 20:28:58.737 I/NpuProbe( 3581): SESS[1] puro:htp RESULTADO: PURO-EXECUTADO
10-07 20:28:58.737 I/NpuProbe( 3581): SESS[2] puro:htp puro: ok=1 pieces=8 prefill=72.15ms gen=265.86ms pp1=3.22ms wall=338.6ms
10-07 20:28:58.737 I/NpuProbe( 3581): SESS[2] puro:htp puro texto_len=26 (integral no JSON)
10-07 20:28:58.737 I/NpuProbe( 3581): SESS[2] puro:htp lifecycle: load=0ms reset=2.17ms wall=338.6ms
10-07 20:28:58.737 I/NpuProbe( 3581): SESS[2] puro:htp RESULTADO: PURO-EXECUTADO
10-07 20:28:58.737 I/NpuProbe( 3581): SESS[3] puro:htp puro: ok=1 pieces=8 prefill=80.55ms gen=254.97ms pp1=3.09ms wall=337.4ms
10-07 20:28:58.737 I/NpuProbe( 3581): SESS[3] puro:htp puro texto_len=26 (integral no JSON)
10-07 20:28:58.737 I/NpuProbe( 3581): SESS[3] puro:htp lifecycle: load=0ms reset=7.22ms wall=337.4ms
10-07 20:28:58.737 I/NpuProbe( 3581): SESS[3] puro:htp RESULTADO: PURO-EXECUTADO
10-07 20:28:58.737 I/NpuProbe( 3581): SESSAO(692a014): fim (4 requests)
--------- beginning of main
10-07 20:30:35.566 I/NpuProbe(19099): nativeLibraryDir=/data/app/~~mu3DHXVb7VBvfpu7v2p_1w==/br.gov.sp.pcsp.npuprobe-eIs7VXqGY6_qfeE5DEpUzg==/lib/arm64
10-07 20:30:35.566 I/NpuProbe(19099): libdir=/data/app/~~mu3DHXVb7VBvfpu7v2p_1w==/br.gov.sp.pcsp.npuprobe-eIs7VXqGY6_qfeE5DEpUzg==/lib/arm64
10-07 20:30:35.566 I/NpuProbe(19099): build=llama.cpp-upstream-pkg (v11-libs) + probe R4
10-07 20:30:35.566 I/NpuProbe(19099): controle-sistema (liblog.so)=OK
10-07 20:30:35.567 I/NpuProbe(19099): negativo-fake (libnaoexiste_xyz.so)=FALHOU err=dlopen failed: library "libnaoexiste_xyz.so" not found
10-07 20:30:35.570 I/NpuProbe(19099): cdsprpc-nome (libcdsprpc.so)=OK
10-07 20:30:35.570 I/NpuProbe(19099): cdsprpc-abs (/vendor/lib64/libcdsprpc.so)=OK
10-07 20:30:35.570 I/NpuProbe(19099): ADSP_LIBRARY_PATH=libdir (setenv)
10-07 20:30:35.571 I/NpuProbe(19099): [ggml] ggml_vulkan: Found 1 Vulkan devices:
10-07 20:30:35.572 I/NpuProbe(19099): [ggml] ggml_vulkan: 0 = Adreno (TM) 840 (Qualcomm Technologies Inc. Adreno Vulkan Driver) | uma: 1 | fp16: 1 | bf16: 0 | fp4: 0 | warp size: 64 | shared memory: 32768 | int dot: 0 | matrix cores: none
10-07 20:30:35.577 I/NpuProbe(19099): [ggml] ggml_opencl: selected platform: 'QUALCOMM Snapdragon(TM)'
10-07 20:30:35.578 I/NpuProbe(19099): [ggml] 
10-07 20:30:35.578 I/NpuProbe(19099): ggml_opencl: device: 'QUALCOMM Adreno(TM) 840 (OpenCL 3.0 Adreno(TM) 840)'
10-07 20:30:35.578 I/NpuProbe(19099): [ggml] ggml_opencl: default device: 'QUALCOMM Adreno(TM) 840 (OpenCL 3.0 Adreno(TM) 840)'
10-07 20:30:35.578 I/NpuProbe(19099): [ggml] ggml-hex: Loading driver libcdsprpc.so
10-07 20:30:35.579 I/NpuProbe(19099): [ggml] ggml-hex: FASTRPC_GET_DOMAINS query failed (0x14), using static CDSP domains
10-07 20:30:35.579 I/NpuProbe(19099): [ggml] ggml-hex: Hexagon backend (experimental) : allocating new registry : ndev 1
10-07 20:30:35.579 I/NpuProbe(19099): [ggml] ggml-hex: Hexagon Arch version v81, DMA64 enabled
10-07 20:30:35.579 I/NpuProbe(19099): [ggml] ggml-hex: device 0: HTP0 (phys=0, virt=0, domain=cdsp:3)
10-07 20:30:35.580 I/NpuProbe(19099): load_all_from_path=10ms
10-07 20:30:35.580 I/NpuProbe(19099): [ggml] load_backend: failed to find ggml_backend_init in /data/app/~~mu3DHXVb7VBvfpu7v2p_1w==/br.gov.sp.pcsp.npuprobe-eIs7VXqGY6_qfeE5DEpUzg==/lib/arm64/libggml-hexagon.so
10-07 20:30:35.580 I/NpuProbe(19099): load(hexagon direto)=FALHOU em 0ms
10-07 20:30:35.580 I/NpuProbe(19099): devices=4
10-07 20:30:35.580 I/NpuProbe(19099):   dev[0] Vulkan0 (Adreno (TM) 840)
10-07 20:30:35.580 I/NpuProbe(19099):   dev[1] GPUOpenCL (QUALCOMM Adreno(TM) 840)
10-07 20:30:35.580 I/NpuProbe(19099):   dev[2] HTP0 (Hexagon)
10-07 20:30:35.580 I/NpuProbe(19099):   dev[3] CPU (CPU)
10-07 20:30:35.580 I/NpuProbe(19099): [ggml] ggml-hex: HTP0 allocating new session : domain 3 phys-idx 0 virt-idx 0
10-07 20:30:35.612 I/NpuProbe(19099): [ggml] ggml-hex: HTP0 hwinfo: threads 8, hvx 8, hmx 1, vtcm 8 MB
10-07 20:30:35.612 I/NpuProbe(19099): [ggml] ggml-hex: HTP0 new session : session-id 0 domain-id 3 uri file:///libggml-htp-v81.so?htp_iface_skel_handle_invoke&_modver=1.0&_dom=cdsp&_session=0 handle 0xb4000077d53fa640
10-07 20:30:35.618 I/NpuProbe(19099): [ggml] ggml-hex: HTP0 op batching: n-bufs 16 n-tensors 8192 n-ops 1280 vmem 3311845376
10-07 20:30:35.621 I/NpuProbe(19099): dev_init(HTP0)=41ms -> SESSAO ABERTA
10-07 20:30:35.622 I/NpuProbe(19099): graph_compute(MUL_MAT 64x64)=0.9ms status=0
10-07 20:30:35.622 I/NpuProbe(19099): c[0]=128.000000 (esperado 128.0)
10-07 20:30:35.622 I/NpuProbe(19099): RESULTADO: APP-UID OK: sessao HTP + op executado com resultado correto
10-07 20:30:35.623 I/NpuProbe(19099): REPORT:
10-07 20:30:35.623 I/NpuProbe(19099): libdir=/data/app/~~mu3DHXVb7VBvfpu7v2p_1w==/br.gov.sp.pcsp.npuprobe-eIs7VXqGY6_qfeE5DEpUzg==/lib/arm64
10-07 20:30:35.623 I/NpuProbe(19099): build=llama.cpp-upstream-pkg (v11-libs) + probe R4
10-07 20:30:35.623 I/NpuProbe(19099): controle-sistema (liblog.so)=OK
10-07 20:30:35.623 I/NpuProbe(19099): negativo-fake (libnaoexiste_xyz.so)=FALHOU err=dlopen failed: library "libnaoexiste_xyz.so" not found
10-07 20:30:35.623 I/NpuProbe(19099): cdsprpc-nome (libcdsprpc.so)=OK
10-07 20:30:35.623 I/NpuProbe(19099): cdsprpc-abs (/vendor/lib64/libcdsprpc.so)=OK
10-07 20:30:35.623 I/NpuProbe(19099): ADSP_LIBRARY_PATH=libdir (setenv)
10-07 20:30:35.623 I/NpuProbe(19099): load_all_from_path=10ms
10-07 20:30:35.623 I/NpuProbe(19099): load(hexagon direto)=FALHOU em 0ms
10-07 20:30:35.623 I/NpuProbe(19099): devices=4
10-07 20:30:35.623 I/NpuProbe(19099):   dev[0] Vulkan0 (Adreno (TM) 840)
10-07 20:30:35.623 I/NpuProbe(19099):   dev[1] GPUOpenCL (QUALCOMM Adreno(TM) 840)
10-07 20:30:35.623 I/NpuProbe(19099):   dev[2] HTP0 (Hexagon)
10-07 20:30:35.623 I/NpuProbe(19099):   dev[3] CPU (CPU)
10-07 20:30:35.623 I/NpuProbe(19099): dev_init(HTP0)=41ms -> SESSAO ABERTA
10-07 20:30:35.623 I/NpuProbe(19099): graph_compute(MUL_MAT 64x64)=0.9ms status=0
10-07 20:30:35.623 I/NpuProbe(19099): c[0]=128.000000 (esperado 128.0)
10-07 20:30:35.623 I/NpuProbe(19099): RESULTADO: APP-UID OK: sessao HTP + op executado com resultado correto
10-07 20:30:35.623 I/NpuProbe(19099): AUTO-GATILHO='smart:sessao'
10-07 20:30:35.624 I/NpuProbe(19099): SMART iniciando rota=sessao com /data/local/tmp/hymt2_app.gguf
10-07 20:30:35.624 I/NpuProbe(19099): SMARTv2 rota='sessao' mutante=(none)
10-07 20:30:35.625 I/NpuProbe(19099): SESSAO(6942803): 6 requests na mesma sessao (roles separados; JSON nativo em files/r6-sess.jsonl)
--------- beginning of main
10-07 20:30:35.566 I/NpuProbe(19099): nativeLibraryDir=/data/app/~~mu3DHXVb7VBvfpu7v2p_1w==/br.gov.sp.pcsp.npuprobe-eIs7VXqGY6_qfeE5DEpUzg==/lib/arm64
10-07 20:30:35.566 I/NpuProbe(19099): libdir=/data/app/~~mu3DHXVb7VBvfpu7v2p_1w==/br.gov.sp.pcsp.npuprobe-eIs7VXqGY6_qfeE5DEpUzg==/lib/arm64
10-07 20:30:35.566 I/NpuProbe(19099): build=llama.cpp-upstream-pkg (v11-libs) + probe R4
10-07 20:30:35.566 I/NpuProbe(19099): controle-sistema (liblog.so)=OK
10-07 20:30:35.567 I/NpuProbe(19099): negativo-fake (libnaoexiste_xyz.so)=FALHOU err=dlopen failed: library "libnaoexiste_xyz.so" not found
10-07 20:30:35.570 I/NpuProbe(19099): cdsprpc-nome (libcdsprpc.so)=OK
10-07 20:30:35.570 I/NpuProbe(19099): cdsprpc-abs (/vendor/lib64/libcdsprpc.so)=OK
10-07 20:30:35.570 I/NpuProbe(19099): ADSP_LIBRARY_PATH=libdir (setenv)
10-07 20:30:35.571 I/NpuProbe(19099): [ggml] ggml_vulkan: Found 1 Vulkan devices:
10-07 20:30:35.572 I/NpuProbe(19099): [ggml] ggml_vulkan: 0 = Adreno (TM) 840 (Qualcomm Technologies Inc. Adreno Vulkan Driver) | uma: 1 | fp16: 1 | bf16: 0 | fp4: 0 | warp size: 64 | shared memory: 32768 | int dot: 0 | matrix cores: none
10-07 20:30:35.577 I/NpuProbe(19099): [ggml] ggml_opencl: selected platform: 'QUALCOMM Snapdragon(TM)'
10-07 20:30:35.578 I/NpuProbe(19099): [ggml] 
10-07 20:30:35.578 I/NpuProbe(19099): ggml_opencl: device: 'QUALCOMM Adreno(TM) 840 (OpenCL 3.0 Adreno(TM) 840)'
10-07 20:30:35.578 I/NpuProbe(19099): [ggml] ggml_opencl: default device: 'QUALCOMM Adreno(TM) 840 (OpenCL 3.0 Adreno(TM) 840)'
10-07 20:30:35.578 I/NpuProbe(19099): [ggml] ggml-hex: Loading driver libcdsprpc.so
10-07 20:30:35.579 I/NpuProbe(19099): [ggml] ggml-hex: FASTRPC_GET_DOMAINS query failed (0x14), using static CDSP domains
10-07 20:30:35.579 I/NpuProbe(19099): [ggml] ggml-hex: Hexagon backend (experimental) : allocating new registry : ndev 1
10-07 20:30:35.579 I/NpuProbe(19099): [ggml] ggml-hex: Hexagon Arch version v81, DMA64 enabled
10-07 20:30:35.579 I/NpuProbe(19099): [ggml] ggml-hex: device 0: HTP0 (phys=0, virt=0, domain=cdsp:3)
10-07 20:30:35.580 I/NpuProbe(19099): load_all_from_path=10ms
10-07 20:30:35.580 I/NpuProbe(19099): [ggml] load_backend: failed to find ggml_backend_init in /data/app/~~mu3DHXVb7VBvfpu7v2p_1w==/br.gov.sp.pcsp.npuprobe-eIs7VXqGY6_qfeE5DEpUzg==/lib/arm64/libggml-hexagon.so
10-07 20:30:35.580 I/NpuProbe(19099): load(hexagon direto)=FALHOU em 0ms
10-07 20:30:35.580 I/NpuProbe(19099): devices=4
10-07 20:30:35.580 I/NpuProbe(19099):   dev[0] Vulkan0 (Adreno (TM) 840)
10-07 20:30:35.580 I/NpuProbe(19099):   dev[1] GPUOpenCL (QUALCOMM Adreno(TM) 840)
10-07 20:30:35.580 I/NpuProbe(19099):   dev[2] HTP0 (Hexagon)
10-07 20:30:35.580 I/NpuProbe(19099):   dev[3] CPU (CPU)
10-07 20:30:35.580 I/NpuProbe(19099): [ggml] ggml-hex: HTP0 allocating new session : domain 3 phys-idx 0 virt-idx 0
10-07 20:30:35.612 I/NpuProbe(19099): [ggml] ggml-hex: HTP0 hwinfo: threads 8, hvx 8, hmx 1, vtcm 8 MB
10-07 20:30:35.612 I/NpuProbe(19099): [ggml] ggml-hex: HTP0 new session : session-id 0 domain-id 3 uri file:///libggml-htp-v81.so?htp_iface_skel_handle_invoke&_modver=1.0&_dom=cdsp&_session=0 handle 0xb4000077d53fa640
10-07 20:30:35.618 I/NpuProbe(19099): [ggml] ggml-hex: HTP0 op batching: n-bufs 16 n-tensors 8192 n-ops 1280 vmem 3311845376
10-07 20:30:35.621 I/NpuProbe(19099): dev_init(HTP0)=41ms -> SESSAO ABERTA
10-07 20:30:35.622 I/NpuProbe(19099): graph_compute(MUL_MAT 64x64)=0.9ms status=0
10-07 20:30:35.622 I/NpuProbe(19099): c[0]=128.000000 (esperado 128.0)
10-07 20:30:35.622 I/NpuProbe(19099): RESULTADO: APP-UID OK: sessao HTP + op executado com resultado correto
10-07 20:30:35.623 I/NpuProbe(19099): REPORT:
10-07 20:30:35.623 I/NpuProbe(19099): libdir=/data/app/~~mu3DHXVb7VBvfpu7v2p_1w==/br.gov.sp.pcsp.npuprobe-eIs7VXqGY6_qfeE5DEpUzg==/lib/arm64
10-07 20:30:35.623 I/NpuProbe(19099): build=llama.cpp-upstream-pkg (v11-libs) + probe R4
10-07 20:30:35.623 I/NpuProbe(19099): controle-sistema (liblog.so)=OK
10-07 20:30:35.623 I/NpuProbe(19099): negativo-fake (libnaoexiste_xyz.so)=FALHOU err=dlopen failed: library "libnaoexiste_xyz.so" not found
10-07 20:30:35.623 I/NpuProbe(19099): cdsprpc-nome (libcdsprpc.so)=OK
10-07 20:30:35.623 I/NpuProbe(19099): cdsprpc-abs (/vendor/lib64/libcdsprpc.so)=OK
10-07 20:30:35.623 I/NpuProbe(19099): ADSP_LIBRARY_PATH=libdir (setenv)
10-07 20:30:35.623 I/NpuProbe(19099): load_all_from_path=10ms
10-07 20:30:35.623 I/NpuProbe(19099): load(hexagon direto)=FALHOU em 0ms
10-07 20:30:35.623 I/NpuProbe(19099): devices=4
10-07 20:30:35.623 I/NpuProbe(19099):   dev[0] Vulkan0 (Adreno (TM) 840)
10-07 20:30:35.623 I/NpuProbe(19099):   dev[1] GPUOpenCL (QUALCOMM Adreno(TM) 840)
10-07 20:30:35.623 I/NpuProbe(19099):   dev[2] HTP0 (Hexagon)
10-07 20:30:35.623 I/NpuProbe(19099):   dev[3] CPU (CPU)
10-07 20:30:35.623 I/NpuProbe(19099): dev_init(HTP0)=41ms -> SESSAO ABERTA
10-07 20:30:35.623 I/NpuProbe(19099): graph_compute(MUL_MAT 64x64)=0.9ms status=0
10-07 20:30:35.623 I/NpuProbe(19099): c[0]=128.000000 (esperado 128.0)
10-07 20:30:35.623 I/NpuProbe(19099): RESULTADO: APP-UID OK: sessao HTP + op executado com resultado correto
10-07 20:30:35.623 I/NpuProbe(19099): AUTO-GATILHO='smart:sessao'
10-07 20:30:35.624 I/NpuProbe(19099): SMART iniciando rota=sessao com /data/local/tmp/hymt2_app.gguf
10-07 20:30:35.624 I/NpuProbe(19099): SMARTv2 rota='sessao' mutante=(none)
10-07 20:30:35.625 I/NpuProbe(19099): SESSAO(6942803): 6 requests na mesma sessao (roles separados; JSON nativo em files/r6-sess.jsonl)
10-07 20:30:39.038 I/NpuProbe(19099): [ggml] ggml_opencl: OpenCL device: QUALCOMM Adreno(TM) 840
10-07 20:30:39.038 I/NpuProbe(19099): [ggml] ggml_opencl: OpenCL driver: OpenCL 3.0 QUALCOMM build: 0842.41 Compiler E031.50.19.27
10-07 20:30:39.038 I/NpuProbe(19099): [ggml] ggml_opencl: vector subgroup broadcast support: true
10-07 20:30:39.038 I/NpuProbe(19099): [ggml] ggml_opencl: subgroup shuffle support: true
10-07 20:30:39.038 I/NpuProbe(19099): [ggml] ggml_opencl: device FP16 support: true
10-07 20:30:39.038 I/NpuProbe(19099): [ggml] ggml_opencl: khr dot product support: true
10-07 20:30:39.038 I/NpuProbe(19099): [ggml] ggml_opencl: mem base addr align: 128
10-07 20:30:39.038 I/NpuProbe(19099): [ggml] ggml_opencl: global mem size: 7555 MB
10-07 20:30:39.038 I/NpuProbe(19099): [ggml] ggml_opencl: max mem alloc size: 2048 MB
10-07 20:30:39.038 I/NpuProbe(19099): [ggml] ggml_opencl: device max image buffer size (pixels): 2147483648
10-07 20:30:39.038 I/NpuProbe(19099): [ggml] ggml_opencl: device max image2d size: 16384 x 16384
10-07 20:30:39.038 I/NpuProbe(19099): [ggml] ggml_opencl: device max workgroup size: 1024
10-07 20:30:39.038 I/NpuProbe(19099): [ggml] ggml_opencl: SVM coarse grain buffer support: true
10-07 20:30:39.038 I/NpuProbe(19099): [ggml] ggml_opencl: SVM fine grain buffer support: true
10-07 20:30:39.038 I/NpuProbe(19099): [ggml] ggml_opencl: SVM fine grain system support: false
10-07 20:30:39.038 I/NpuProbe(19099): [ggml] ggml_opencl: SVM atomics support: true
10-07 20:30:39.038 I/NpuProbe(19099): [ggml] ggml_opencl: cl_qcom_subgroup_shuffle support: true
10-07 20:30:39.038 I/NpuProbe(19099): [ggml] ggml_opencl: flattening quantized weights representation as struct of arrays (GGML_OPENCL_SOA_Q)
10-07 20:30:39.038 I/NpuProbe(19099): [ggml] ggml_opencl: using kernels optimized for Adreno (GGML_OPENCL_USE_ADRENO_KERNELS)
10-07 20:30:39.038 I/NpuProbe(19099): [ggml] ggml_opencl: Adreno xmem F16xF32 GEMM enabled (temporary weight prepack)
10-07 20:30:42.435 I/NpuProbe(19099): SESS[0] opencl bench: ok=1 cap=0 eog_tok1=0 tok1=33 emitidos=8 consumidos=8 dec_s=0
10-07 20:30:42.435 I/NpuProbe(19099): SESS[0] opencl tempos: prefill=102.59ms export=0.95ms(2032797B) import=22.59ms gen=350.16ms
10-07 20:30:42.435 I/NpuProbe(19099): SESS[0] opencl fronteiras(ms): prefdone=102.9 tok1r=120.5 impdone=143.1 tok2r=205.1 fim=493.2 wall=493.2 reset=13.67
10-07 20:30:42.435 I/NpuProbe(19099): SESS[0] opencl texto_len=26 (integral no JSON)
10-07 20:30:42.435 I/NpuProbe(19099): SESS[0] opencl lifecycle: load_dst=3430ms load_src=2848ms (0=WARM)
10-07 20:30:42.435 I/NpuProbe(19099): SESS[0] opencl@bench RESULTADO: BENCH-CONCLUIDO
10-07 20:30:42.916 I/NpuProbe(19099): SESS[1] opencl bench: ok=1 cap=0 eog_tok1=0 tok1=33 emitidos=8 consumidos=8 dec_s=0
10-07 20:30:42.916 I/NpuProbe(19099): SESS[1] opencl tempos: prefill=69.36ms export=1.47ms(2032797B) import=15.36ms gen=328.60ms
10-07 20:30:42.916 I/NpuProbe(19099): SESS[1] opencl fronteiras(ms): prefdone=69.9 tok1r=108.9 impdone=124.3 tok2r=159.6 fim=452.9 wall=452.9 reset=4.57
10-07 20:30:42.916 I/NpuProbe(19099): SESS[1] opencl texto_len=26 (integral no JSON)
10-07 20:30:42.916 I/NpuProbe(19099): SESS[1] opencl lifecycle: load_dst=0ms load_src=0ms (0=WARM)
10-07 20:30:42.916 I/NpuProbe(19099): SESS[1] opencl@bench RESULTADO: BENCH-CONCLUIDO
10-07 20:30:43.463 I/NpuProbe(19099): SESS[2] opencl bench: ok=1 cap=0 eog_tok1=0 tok1=33 emitidos=8 consumidos=8 dec_s=0
10-07 20:30:43.463 I/NpuProbe(19099): SESS[2] opencl tempos: prefill=72.05ms export=1.69ms(2032797B) import=30.45ms gen=357.03ms
10-07 20:30:43.463 I/NpuProbe(19099): SESS[2] opencl fronteiras(ms): prefdone=72.6 tok1r=132.1 impdone=162.6 tok2r=196.5 fim=519.6 wall=519.6 reset=4.62
10-07 20:30:43.463 I/NpuProbe(19099): SESS[2] opencl texto_len=26 (integral no JSON)
10-07 20:30:43.463 I/NpuProbe(19099): SESS[2] opencl lifecycle: load_dst=0ms load_src=0ms (0=WARM)
10-07 20:30:43.464 I/NpuProbe(19099): SESS[2] opencl@bench RESULTADO: BENCH-CONCLUIDO
10-07 20:30:44.001 I/NpuProbe(19099): SESS[3] puro:opencl puro: ok=1 pieces=8 prefill=164.60ms gen=369.70ms pp1=0.50ms wall=534.8ms
10-07 20:30:44.001 I/NpuProbe(19099): SESS[3] puro:opencl puro texto_len=26 (integral no JSON)
10-07 20:30:44.001 I/NpuProbe(19099): SESS[3] puro:opencl lifecycle: load=0ms reset=2.61ms wall=534.8ms
10-07 20:30:44.001 I/NpuProbe(19099): SESS[3] puro:opencl RESULTADO: PURO-EXECUTADO
10-07 20:30:44.528 I/NpuProbe(19099): SESS[4] puro:opencl puro: ok=1 pieces=8 prefill=161.92ms gen=361.60ms pp1=0.49ms wall=524.3ms
10-07 20:30:44.528 I/NpuProbe(19099): SESS[4] puro:opencl puro texto_len=26 (integral no JSON)
10-07 20:30:44.528 I/NpuProbe(19099): SESS[4] puro:opencl lifecycle: load=0ms reset=2.54ms wall=524.3ms
10-07 20:30:44.528 I/NpuProbe(19099): SESS[4] puro:opencl RESULTADO: PURO-EXECUTADO
10-07 20:30:45.051 I/NpuProbe(19099): SESS[5] puro:opencl puro: ok=1 pieces=8 prefill=163.63ms gen=356.03ms pp1=0.50ms wall=520.4ms
10-07 20:30:45.051 I/NpuProbe(19099): SESS[5] puro:opencl puro texto_len=26 (integral no JSON)
10-07 20:30:45.051 I/NpuProbe(19099): SESS[5] puro:opencl lifecycle: load=0ms reset=2.52ms wall=520.4ms
10-07 20:30:45.051 I/NpuProbe(19099): SESS[5] puro:opencl RESULTADO: PURO-EXECUTADO
10-07 20:30:45.176 I/NpuProbe(19099): SESSAO(6942803): fim (6 requests)
10-07 20:30:45.176 I/NpuProbe(19099): SMART REPORT:
10-07 20:30:45.176 I/NpuProbe(19099): SMART (sessao)
10-07 20:30:45.176 I/NpuProbe(19099): 
10-07 20:30:45.176 I/NpuProbe(19099): SMARTv2 rota='sessao' mutante=(none)
10-07 20:30:45.176 I/NpuProbe(19099): SESSAO(6942803): 6 requests na mesma sessao (roles separados; JSON nativo em files/r6-sess.jsonl)
10-07 20:30:45.176 I/NpuProbe(19099): SESS[0] opencl bench: ok=1 cap=0 eog_tok1=0 tok1=33 emitidos=8 consumidos=8 dec_s=0
10-07 20:30:45.176 I/NpuProbe(19099): SESS[0] opencl tempos: prefill=102.59ms export=0.95ms(2032797B) import=22.59ms gen=350.16ms
10-07 20:30:45.176 I/NpuProbe(19099): SESS[0] opencl fronteiras(ms): prefdone=102.9 tok1r=120.5 impdone=143.1 tok2r=205.1 fim=493.2 wall=493.2 reset=13.67
10-07 20:30:45.176 I/NpuProbe(19099): SESS[0] opencl texto_len=26 (integral no JSON)
10-07 20:30:45.176 I/NpuProbe(19099): SESS[0] opencl lifecycle: load_dst=3430ms load_src=2848ms (0=WARM)
10-07 20:30:45.176 I/NpuProbe(19099): SESS[0] opencl@bench RESULTADO: BENCH-CONCLUIDO
10-07 20:30:45.176 I/NpuProbe(19099): SESS[1] opencl bench: ok=1 cap=0 eog_tok1=0 tok1=33 emitidos=8 consumidos=8 dec_s=0
10-07 20:30:45.176 I/NpuProbe(19099): SESS[1] opencl tempos: prefill=69.36ms export=1.47ms(2032797B) import=15.36ms gen=328.60ms
10-07 20:30:45.176 I/NpuProbe(19099): SESS[1] opencl fronteiras(ms): prefdone=69.9 tok1r=108.9 impdone=124.3 tok2r=159.6 fim=452.9 wall=452.9 reset=4.57
10-07 20:30:45.176 I/NpuProbe(19099): SESS[1] opencl texto_len=26 (integral no JSON)
10-07 20:30:45.176 I/NpuProbe(19099): SESS[1] opencl lifecycle: load_dst=0ms load_src=0ms (0=WARM)
10-07 20:30:45.176 I/NpuProbe(19099): SESS[1] opencl@bench RESULTADO: BENCH-CONCLUIDO
10-07 20:30:45.176 I/NpuProbe(19099): SESS[2] opencl bench: ok=1 cap=0 eog_tok1=0 tok1=33 emitidos=8 consumidos=8 dec_s=0
10-07 20:30:45.176 I/NpuProbe(19099): SESS[2] opencl tempos: prefill=72.05ms export=1.69ms(2032797B) import=30.45ms gen=357.03ms
10-07 20:30:45.176 I/NpuProbe(19099): SESS[2] opencl fronteiras(ms): prefdone=72.6 tok1r=132.1 impdone=162.6 tok2r=196.5 fim=519.6 wall=519.6 reset=4.62
10-07 20:30:45.176 I/NpuProbe(19099): SESS[2] opencl texto_len=26 (integral no JSON)
10-07 20:30:45.176 I/NpuProbe(19099): SESS[2] opencl lifecycle: load_dst=0ms load_src=0ms (0=WARM)
10-07 20:30:45.176 I/NpuProbe(19099): SESS[2] opencl@bench RESULTADO: BENCH-CONCLUIDO
10-07 20:30:45.176 I/NpuProbe(19099): SESS[3] puro:opencl puro: ok=1 pieces=8 prefill=164.60ms gen=369.70ms pp1=0.50ms wall=534.8ms
10-07 20:30:45.176 I/NpuProbe(19099): SESS[3] puro:opencl puro texto_len=26 (integral no JSON)
10-07 20:30:45.176 I/NpuProbe(19099): SESS[3] puro:opencl lifecycle: load=0ms reset=2.61ms wall=534.8ms
10-07 20:30:45.176 I/NpuProbe(19099): SESS[3] puro:opencl RESULTADO: PURO-EXECUTADO
10-07 20:30:45.176 I/NpuProbe(19099): SESS[4] puro:opencl puro: ok=1 pieces=8 prefill=161.92ms gen=361.60ms pp1=0.49ms wall=524.3ms
10-07 20:30:45.176 I/NpuProbe(19099): SESS[4] puro:opencl puro texto_len=26 (integral no JSON)
10-07 20:30:45.176 I/NpuProbe(19099): SESS[4] puro:opencl lifecycle: load=0ms reset=2.54ms wall=524.3ms
10-07 20:30:45.176 I/NpuProbe(19099): SESS[4] puro:opencl RESULTADO: PURO-EXECUTADO
10-07 20:30:45.176 I/NpuProbe(19099): SESS[5] puro:opencl puro: ok=1 pieces=8 prefill=163.63ms gen=356.03ms pp1=0.50ms wall=520.4ms
10-07 20:30:45.176 I/NpuProbe(19099): SESS[5] puro:opencl puro texto_len=26 (integral no JSON)
10-07 20:30:45.176 I/NpuProbe(19099): SESS[5] puro:opencl lifecycle: load=0ms reset=2.52ms wall=520.4ms
10-07 20:30:45.176 I/NpuProbe(19099): SESS[5] puro:opencl RESULTADO: PURO-EXECUTADO
10-07 20:30:45.176 I/NpuProbe(19099): SESSAO(6942803): fim (6 requests)
--------- beginning of main
10-07 20:32:40.960 I/NpuProbe(29197): nativeLibraryDir=/data/app/~~UwAXYrpu0m2enA7k1gUStw==/br.gov.sp.pcsp.npuprobe-KZZHOKsBSdj08ot2UnueQg==/lib/arm64
10-07 20:32:40.960 I/NpuProbe(29197): libdir=/data/app/~~UwAXYrpu0m2enA7k1gUStw==/br.gov.sp.pcsp.npuprobe-KZZHOKsBSdj08ot2UnueQg==/lib/arm64
10-07 20:32:40.960 I/NpuProbe(29197): build=llama.cpp-upstream-pkg (v11-libs) + probe R4
10-07 20:32:40.960 I/NpuProbe(29197): controle-sistema (liblog.so)=OK
10-07 20:32:40.960 I/NpuProbe(29197): negativo-fake (libnaoexiste_xyz.so)=FALHOU err=dlopen failed: library "libnaoexiste_xyz.so" not found
10-07 20:32:40.961 I/NpuProbe(29197): cdsprpc-nome (libcdsprpc.so)=OK
10-07 20:32:40.962 I/NpuProbe(29197): cdsprpc-abs (/vendor/lib64/libcdsprpc.so)=OK
10-07 20:32:40.962 I/NpuProbe(29197): ADSP_LIBRARY_PATH=libdir (setenv)
10-07 20:32:40.963 I/NpuProbe(29197): [ggml] ggml_vulkan: Found 1 Vulkan devices:
10-07 20:32:40.963 I/NpuProbe(29197): [ggml] ggml_vulkan: 0 = Adreno (TM) 840 (Qualcomm Technologies Inc. Adreno Vulkan Driver) | uma: 1 | fp16: 1 | bf16: 0 | fp4: 0 | warp size: 64 | shared memory: 32768 | int dot: 0 | matrix cores: none
10-07 20:32:40.972 I/NpuProbe(29197): [ggml] ggml_opencl: selected platform: 'QUALCOMM Snapdragon(TM)'
10-07 20:32:40.972 I/NpuProbe(29197): [ggml] 
10-07 20:32:40.972 I/NpuProbe(29197): ggml_opencl: device: 'QUALCOMM Adreno(TM) 840 (OpenCL 3.0 Adreno(TM) 840)'
10-07 20:32:40.972 I/NpuProbe(29197): [ggml] ggml_opencl: default device: 'QUALCOMM Adreno(TM) 840 (OpenCL 3.0 Adreno(TM) 840)'
10-07 20:32:40.972 I/NpuProbe(29197): [ggml] ggml-hex: Loading driver libcdsprpc.so
10-07 20:32:40.974 I/NpuProbe(29197): [ggml] ggml-hex: Hexagon backend (experimental) : allocating new registry : ndev 1
10-07 20:32:40.974 I/NpuProbe(29197): [ggml] ggml-hex: Hexagon Arch version v81
10-07 20:32:40.974 I/NpuProbe(29197): [ggml] ggml-hex: HTP0 allocating new session
10-07 20:32:41.006 I/NpuProbe(29197): [ggml] ggml-hex: HTP0 hwinfo: threads 8, hvx 8, hmx 1, vtcm 8 MB
10-07 20:32:41.007 I/NpuProbe(29197): [ggml] ggml-hex: HTP0 new session : session-id 0 domain-id 3 uri file:///libggml-htp-v81.so?htp_iface_skel_handle_invoke&_modver=1.0&_dom=cdsp&_session=0 handle 0xb4000077c5fc27c0
10-07 20:32:41.010 I/NpuProbe(29197): [ggml] ggml-hex: HTP0 op batching: n-bufs 16 n-tensors 7168 n-ops 1024 vmem 3355443200
10-07 20:32:41.015 I/NpuProbe(29197): load_all_from_path=53ms
10-07 20:32:41.015 I/NpuProbe(29197): [ggml] load_backend: failed to find ggml_backend_init in /data/app/~~UwAXYrpu0m2enA7k1gUStw==/br.gov.sp.pcsp.npuprobe-KZZHOKsBSdj08ot2UnueQg==/lib/arm64/libggml-hexagon.so
10-07 20:32:41.015 I/NpuProbe(29197): load(hexagon direto)=FALHOU em 0ms
10-07 20:32:41.015 I/NpuProbe(29197): devices=4
10-07 20:32:41.015 I/NpuProbe(29197):   dev[0] Vulkan0 (Adreno (TM) 840)
10-07 20:32:41.015 I/NpuProbe(29197):   dev[1] GPUOpenCL (QUALCOMM Adreno(TM) 840)
10-07 20:32:41.015 I/NpuProbe(29197):   dev[2] HTP0 (Hexagon)
10-07 20:32:41.015 I/NpuProbe(29197):   dev[3] CPU (CPU)
10-07 20:32:41.015 I/NpuProbe(29197): dev_init(HTP0)=0ms -> SESSAO ABERTA
10-07 20:32:41.016 I/NpuProbe(29197): graph_compute(MUL_MAT 64x64)=0.5ms status=0
10-07 20:32:41.016 I/NpuProbe(29197): c[0]=128.000000 (esperado 128.0)
10-07 20:32:41.016 I/NpuProbe(29197): RESULTADO: APP-UID OK: sessao HTP + op executado com resultado correto
10-07 20:32:41.016 I/NpuProbe(29197): REPORT:
10-07 20:32:41.016 I/NpuProbe(29197): libdir=/data/app/~~UwAXYrpu0m2enA7k1gUStw==/br.gov.sp.pcsp.npuprobe-KZZHOKsBSdj08ot2UnueQg==/lib/arm64
10-07 20:32:41.016 I/NpuProbe(29197): build=llama.cpp-upstream-pkg (v11-libs) + probe R4
10-07 20:32:41.016 I/NpuProbe(29197): controle-sistema (liblog.so)=OK
10-07 20:32:41.016 I/NpuProbe(29197): negativo-fake (libnaoexiste_xyz.so)=FALHOU err=dlopen failed: library "libnaoexiste_xyz.so" not found
10-07 20:32:41.016 I/NpuProbe(29197): cdsprpc-nome (libcdsprpc.so)=OK
10-07 20:32:41.016 I/NpuProbe(29197): cdsprpc-abs (/vendor/lib64/libcdsprpc.so)=OK
10-07 20:32:41.016 I/NpuProbe(29197): ADSP_LIBRARY_PATH=libdir (setenv)
10-07 20:32:41.016 I/NpuProbe(29197): load_all_from_path=53ms
10-07 20:32:41.016 I/NpuProbe(29197): load(hexagon direto)=FALHOU em 0ms
10-07 20:32:41.016 I/NpuProbe(29197): devices=4
10-07 20:32:41.016 I/NpuProbe(29197):   dev[0] Vulkan0 (Adreno (TM) 840)
10-07 20:32:41.016 I/NpuProbe(29197):   dev[1] GPUOpenCL (QUALCOMM Adreno(TM) 840)
10-07 20:32:41.016 I/NpuProbe(29197):   dev[2] HTP0 (Hexagon)
10-07 20:32:41.016 I/NpuProbe(29197):   dev[3] CPU (CPU)
10-07 20:32:41.016 I/NpuProbe(29197): dev_init(HTP0)=0ms -> SESSAO ABERTA
10-07 20:32:41.016 I/NpuProbe(29197): graph_compute(MUL_MAT 64x64)=0.5ms status=0
10-07 20:32:41.016 I/NpuProbe(29197): c[0]=128.000000 (esperado 128.0)
10-07 20:32:41.016 I/NpuProbe(29197): RESULTADO: APP-UID OK: sessao HTP + op executado com resultado correto
10-07 20:32:41.016 I/NpuProbe(29197): AUTO-GATILHO='smart:sessao'
10-07 20:32:41.017 I/NpuProbe(29197): SMART iniciando rota=sessao com /data/local/tmp/hymt2_app.gguf
10-07 20:32:41.017 I/NpuProbe(29197): SMARTv2 rota='sessao' mutante=smart_cap1
10-07 20:32:41.018 I/NpuProbe(29197): SESSAO(69611d3): 2 requests na mesma sessao (roles separados; JSON nativo em files/r6-sess.jsonl)
10-07 20:32:44.258 I/NpuProbe(29197): [ggml] ggml_opencl: OpenCL driver: OpenCL 3.0 QUALCOMM build: 0842.41 Compiler E031.50.19.27
10-07 20:32:44.258 I/NpuProbe(29197): [ggml] ggml_opencl: vector subgroup broadcast support: true
10-07 20:32:44.258 I/NpuProbe(29197): [ggml] ggml_opencl: subgroup shuffle support: true
10-07 20:32:44.258 I/NpuProbe(29197): [ggml] ggml_opencl: device FP16 support: true
10-07 20:32:44.258 I/NpuProbe(29197): [ggml] ggml_opencl: khr dot product support: true
10-07 20:32:44.258 I/NpuProbe(29197): [ggml] ggml_opencl: mem base addr align: 128
10-07 20:32:44.258 I/NpuProbe(29197): [ggml] ggml_opencl: global mem size: 7555 MB
10-07 20:32:44.258 I/NpuProbe(29197): [ggml] ggml_opencl: max mem alloc size: 2048 MB
10-07 20:32:44.258 I/NpuProbe(29197): [ggml] ggml_opencl: device max image buffer size (pixels): 2147483648
10-07 20:32:44.258 I/NpuProbe(29197): [ggml] ggml_opencl: device max image2d size: 16384 x 16384
10-07 20:32:44.258 I/NpuProbe(29197): [ggml] ggml_opencl: device max workgroup size: 1024
10-07 20:32:44.258 I/NpuProbe(29197): [ggml] ggml_opencl: SVM coarse grain buffer support: true
10-07 20:32:44.258 I/NpuProbe(29197): [ggml] ggml_opencl: SVM fine grain buffer support: true
10-07 20:32:44.258 I/NpuProbe(29197): [ggml] ggml_opencl: SVM fine grain system support: false
10-07 20:32:44.258 I/NpuProbe(29197): [ggml] ggml_opencl: SVM atomics support: true
10-07 20:32:44.258 I/NpuProbe(29197): [ggml] ggml_opencl: cl_qcom_subgroup_shuffle support: true
10-07 20:32:44.258 I/NpuProbe(29197): [ggml] ggml_opencl: flattening quantized weights representation as struct of arrays (GGML_OPENCL_SOA_Q)
10-07 20:32:44.258 I/NpuProbe(29197): [ggml] ggml_opencl: using kernels optimized for Adreno (GGML_OPENCL_USE_ADRENO_KERNELS)
10-07 20:32:45.915 I/NpuProbe(29197): SESS[0] opencl bench: ok=1 cap=1 eog_tok1=0 tok1=33 emitidos=1 consumidos=0 dec_s=0
10-07 20:32:45.915 I/NpuProbe(29197): SESS[0] opencl tempos: prefill=1254.68ms export=0.12ms(2032789B) import=10.57ms gen=0.00ms
10-07 20:32:45.915 I/NpuProbe(29197): SESS[0] opencl fronteiras(ms): prefdone=1255.1 tok1r=1272.0 impdone=1282.6 tok2r=-110501843.8 fim=1282.6 wall=1282.6 reset=5.55
10-07 20:32:45.915 I/NpuProbe(29197): SESS[0] opencl texto_len=1 (integral no JSON)
10-07 20:32:45.915 I/NpuProbe(29197): SESS[0] opencl lifecycle: load_dst=3277ms load_src=301ms (0=WARM)
10-07 20:32:45.915 I/NpuProbe(29197): SESS[0] opencl@bench RESULTADO: BENCH-PARCIAL
10-07 20:32:47.373 I/NpuProbe(29197): SESS[1] opencl bench: ok=1 cap=1 eog_tok1=0 tok1=33 emitidos=1 consumidos=0 dec_s=0
10-07 20:32:47.373 I/NpuProbe(29197): SESS[1] opencl tempos: prefill=1398.85ms export=0.13ms(2032789B) import=10.10ms gen=0.00ms
10-07 20:32:47.373 I/NpuProbe(29197): SESS[1] opencl fronteiras(ms): prefdone=1399.4 tok1r=1415.7 impdone=1425.8 tok2r=-110503161.1 fim=1425.8 wall=1425.8 reset=4.40
10-07 20:32:47.373 I/NpuProbe(29197): SESS[1] opencl texto_len=1 (integral no JSON)
10-07 20:32:47.373 I/NpuProbe(29197): SESS[1] opencl lifecycle: load_dst=0ms load_src=0ms (0=WARM)
10-07 20:32:47.373 I/NpuProbe(29197): SESS[1] opencl@bench RESULTADO: BENCH-PARCIAL
10-07 20:32:47.551 I/NpuProbe(29197): SESSAO(69611d3): fim (2 requests)
10-07 20:32:47.552 I/NpuProbe(29197): SMART REPORT:
10-07 20:32:47.552 I/NpuProbe(29197): SMART (sessao)
10-07 20:32:47.552 I/NpuProbe(29197): 
10-07 20:32:47.552 I/NpuProbe(29197): SMARTv2 rota='sessao' mutante=smart_cap1
10-07 20:32:47.552 I/NpuProbe(29197): SESSAO(69611d3): 2 requests na mesma sessao (roles separados; JSON nativo em files/r6-sess.jsonl)
10-07 20:32:47.552 I/NpuProbe(29197): SESS[0] opencl bench: ok=1 cap=1 eog_tok1=0 tok1=33 emitidos=1 consumidos=0 dec_s=0
10-07 20:32:47.552 I/NpuProbe(29197): SESS[0] opencl tempos: prefill=1254.68ms export=0.12ms(2032789B) import=10.57ms gen=0.00ms
10-07 20:32:47.552 I/NpuProbe(29197): SESS[0] opencl fronteiras(ms): prefdone=1255.1 tok1r=1272.0 impdone=1282.6 tok2r=-110501843.8 fim=1282.6 wall=1282.6 reset=5.55
10-07 20:32:47.552 I/NpuProbe(29197): SESS[0] opencl texto_len=1 (integral no JSON)
10-07 20:32:47.552 I/NpuProbe(29197): SESS[0] opencl lifecycle: load_dst=3277ms load_src=301ms (0=WARM)
10-07 20:32:47.552 I/NpuProbe(29197): SESS[0] opencl@bench RESULTADO: BENCH-PARCIAL
10-07 20:32:47.552 I/NpuProbe(29197): SESS[1] opencl bench: ok=1 cap=1 eog_tok1=0 tok1=33 emitidos=1 consumidos=0 dec_s=0
10-07 20:32:47.552 I/NpuProbe(29197): SESS[1] opencl tempos: prefill=1398.85ms export=0.13ms(2032789B) import=10.10ms gen=0.00ms
10-07 20:32:47.552 I/NpuProbe(29197): SESS[1] opencl fronteiras(ms): prefdone=1399.4 tok1r=1415.7 impdone=1425.8 tok2r=-110503161.1 fim=1425.8 wall=1425.8 reset=4.40
10-07 20:32:47.552 I/NpuProbe(29197): SESS[1] opencl texto_len=1 (integral no JSON)
10-07 20:32:47.552 I/NpuProbe(29197): SESS[1] opencl lifecycle: load_dst=0ms load_src=0ms (0=WARM)
10-07 20:32:47.552 I/NpuProbe(29197): SESS[1] opencl@bench RESULTADO: BENCH-PARCIAL
10-07 20:32:47.552 I/NpuProbe(29197): SESSAO(69611d3): fim (2 requests)
--------- beginning of main
10-07 20:32:40.960 I/NpuProbe(29197): nativeLibraryDir=/data/app/~~UwAXYrpu0m2enA7k1gUStw==/br.gov.sp.pcsp.npuprobe-KZZHOKsBSdj08ot2UnueQg==/lib/arm64
10-07 20:32:40.960 I/NpuProbe(29197): libdir=/data/app/~~UwAXYrpu0m2enA7k1gUStw==/br.gov.sp.pcsp.npuprobe-KZZHOKsBSdj08ot2UnueQg==/lib/arm64
10-07 20:32:40.960 I/NpuProbe(29197): build=llama.cpp-upstream-pkg (v11-libs) + probe R4
10-07 20:32:40.960 I/NpuProbe(29197): controle-sistema (liblog.so)=OK
10-07 20:32:40.960 I/NpuProbe(29197): negativo-fake (libnaoexiste_xyz.so)=FALHOU err=dlopen failed: library "libnaoexiste_xyz.so" not found
10-07 20:32:40.961 I/NpuProbe(29197): cdsprpc-nome (libcdsprpc.so)=OK
10-07 20:32:40.962 I/NpuProbe(29197): cdsprpc-abs (/vendor/lib64/libcdsprpc.so)=OK
10-07 20:32:40.962 I/NpuProbe(29197): ADSP_LIBRARY_PATH=libdir (setenv)
10-07 20:32:40.963 I/NpuProbe(29197): [ggml] ggml_vulkan: Found 1 Vulkan devices:
10-07 20:32:40.963 I/NpuProbe(29197): [ggml] ggml_vulkan: 0 = Adreno (TM) 840 (Qualcomm Technologies Inc. Adreno Vulkan Driver) | uma: 1 | fp16: 1 | bf16: 0 | fp4: 0 | warp size: 64 | shared memory: 32768 | int dot: 0 | matrix cores: none
10-07 20:32:40.972 I/NpuProbe(29197): [ggml] ggml_opencl: selected platform: 'QUALCOMM Snapdragon(TM)'
10-07 20:32:40.972 I/NpuProbe(29197): [ggml] 
10-07 20:32:40.972 I/NpuProbe(29197): ggml_opencl: device: 'QUALCOMM Adreno(TM) 840 (OpenCL 3.0 Adreno(TM) 840)'
10-07 20:32:40.972 I/NpuProbe(29197): [ggml] ggml_opencl: default device: 'QUALCOMM Adreno(TM) 840 (OpenCL 3.0 Adreno(TM) 840)'
10-07 20:32:40.972 I/NpuProbe(29197): [ggml] ggml-hex: Loading driver libcdsprpc.so
10-07 20:32:40.974 I/NpuProbe(29197): [ggml] ggml-hex: Hexagon backend (experimental) : allocating new registry : ndev 1
10-07 20:32:40.974 I/NpuProbe(29197): [ggml] ggml-hex: Hexagon Arch version v81
10-07 20:32:40.974 I/NpuProbe(29197): [ggml] ggml-hex: HTP0 allocating new session
10-07 20:32:41.006 I/NpuProbe(29197): [ggml] ggml-hex: HTP0 hwinfo: threads 8, hvx 8, hmx 1, vtcm 8 MB
10-07 20:32:41.007 I/NpuProbe(29197): [ggml] ggml-hex: HTP0 new session : session-id 0 domain-id 3 uri file:///libggml-htp-v81.so?htp_iface_skel_handle_invoke&_modver=1.0&_dom=cdsp&_session=0 handle 0xb4000077c5fc27c0
10-07 20:32:41.010 I/NpuProbe(29197): [ggml] ggml-hex: HTP0 op batching: n-bufs 16 n-tensors 7168 n-ops 1024 vmem 3355443200
10-07 20:32:41.015 I/NpuProbe(29197): load_all_from_path=53ms
10-07 20:32:41.015 I/NpuProbe(29197): [ggml] load_backend: failed to find ggml_backend_init in /data/app/~~UwAXYrpu0m2enA7k1gUStw==/br.gov.sp.pcsp.npuprobe-KZZHOKsBSdj08ot2UnueQg==/lib/arm64/libggml-hexagon.so
10-07 20:32:41.015 I/NpuProbe(29197): load(hexagon direto)=FALHOU em 0ms
10-07 20:32:41.015 I/NpuProbe(29197): devices=4
10-07 20:32:41.015 I/NpuProbe(29197):   dev[0] Vulkan0 (Adreno (TM) 840)
10-07 20:32:41.015 I/NpuProbe(29197):   dev[1] GPUOpenCL (QUALCOMM Adreno(TM) 840)
10-07 20:32:41.015 I/NpuProbe(29197):   dev[2] HTP0 (Hexagon)
10-07 20:32:41.015 I/NpuProbe(29197):   dev[3] CPU (CPU)
10-07 20:32:41.015 I/NpuProbe(29197): dev_init(HTP0)=0ms -> SESSAO ABERTA
10-07 20:32:41.016 I/NpuProbe(29197): graph_compute(MUL_MAT 64x64)=0.5ms status=0
10-07 20:32:41.016 I/NpuProbe(29197): c[0]=128.000000 (esperado 128.0)
10-07 20:32:41.016 I/NpuProbe(29197): RESULTADO: APP-UID OK: sessao HTP + op executado com resultado correto
10-07 20:32:41.016 I/NpuProbe(29197): REPORT:
10-07 20:32:41.016 I/NpuProbe(29197): libdir=/data/app/~~UwAXYrpu0m2enA7k1gUStw==/br.gov.sp.pcsp.npuprobe-KZZHOKsBSdj08ot2UnueQg==/lib/arm64
10-07 20:32:41.016 I/NpuProbe(29197): build=llama.cpp-upstream-pkg (v11-libs) + probe R4
10-07 20:32:41.016 I/NpuProbe(29197): controle-sistema (liblog.so)=OK
10-07 20:32:41.016 I/NpuProbe(29197): negativo-fake (libnaoexiste_xyz.so)=FALHOU err=dlopen failed: library "libnaoexiste_xyz.so" not found
10-07 20:32:41.016 I/NpuProbe(29197): cdsprpc-nome (libcdsprpc.so)=OK
10-07 20:32:41.016 I/NpuProbe(29197): cdsprpc-abs (/vendor/lib64/libcdsprpc.so)=OK
10-07 20:32:41.016 I/NpuProbe(29197): ADSP_LIBRARY_PATH=libdir (setenv)
10-07 20:32:41.016 I/NpuProbe(29197): load_all_from_path=53ms
10-07 20:32:41.016 I/NpuProbe(29197): load(hexagon direto)=FALHOU em 0ms
10-07 20:32:41.016 I/NpuProbe(29197): devices=4
10-07 20:32:41.016 I/NpuProbe(29197):   dev[0] Vulkan0 (Adreno (TM) 840)
10-07 20:32:41.016 I/NpuProbe(29197):   dev[1] GPUOpenCL (QUALCOMM Adreno(TM) 840)
10-07 20:32:41.016 I/NpuProbe(29197):   dev[2] HTP0 (Hexagon)
10-07 20:32:41.016 I/NpuProbe(29197):   dev[3] CPU (CPU)
10-07 20:32:41.016 I/NpuProbe(29197): dev_init(HTP0)=0ms -> SESSAO ABERTA
10-07 20:32:41.016 I/NpuProbe(29197): graph_compute(MUL_MAT 64x64)=0.5ms status=0
10-07 20:32:41.016 I/NpuProbe(29197): c[0]=128.000000 (esperado 128.0)
10-07 20:32:41.016 I/NpuProbe(29197): RESULTADO: APP-UID OK: sessao HTP + op executado com resultado correto
10-07 20:32:41.016 I/NpuProbe(29197): AUTO-GATILHO='smart:sessao'
10-07 20:32:41.017 I/NpuProbe(29197): SMART iniciando rota=sessao com /data/local/tmp/hymt2_app.gguf
10-07 20:32:41.017 I/NpuProbe(29197): SMARTv2 rota='sessao' mutante=smart_cap1
10-07 20:32:41.018 I/NpuProbe(29197): SESSAO(69611d3): 2 requests na mesma sessao (roles separados; JSON nativo em files/r6-sess.jsonl)
10-07 20:32:44.258 I/NpuProbe(29197): [ggml] ggml_opencl: OpenCL driver: OpenCL 3.0 QUALCOMM build: 0842.41 Compiler E031.50.19.27
10-07 20:32:44.258 I/NpuProbe(29197): [ggml] ggml_opencl: vector subgroup broadcast support: true
10-07 20:32:44.258 I/NpuProbe(29197): [ggml] ggml_opencl: subgroup shuffle support: true
10-07 20:32:44.258 I/NpuProbe(29197): [ggml] ggml_opencl: device FP16 support: true
10-07 20:32:44.258 I/NpuProbe(29197): [ggml] ggml_opencl: khr dot product support: true
10-07 20:32:44.258 I/NpuProbe(29197): [ggml] ggml_opencl: mem base addr align: 128
10-07 20:32:44.258 I/NpuProbe(29197): [ggml] ggml_opencl: global mem size: 7555 MB
10-07 20:32:44.258 I/NpuProbe(29197): [ggml] ggml_opencl: max mem alloc size: 2048 MB
10-07 20:32:44.258 I/NpuProbe(29197): [ggml] ggml_opencl: device max image buffer size (pixels): 2147483648
10-07 20:32:44.258 I/NpuProbe(29197): [ggml] ggml_opencl: device max image2d size: 16384 x 16384
10-07 20:32:44.258 I/NpuProbe(29197): [ggml] ggml_opencl: device max workgroup size: 1024
10-07 20:32:44.258 I/NpuProbe(29197): [ggml] ggml_opencl: SVM coarse grain buffer support: true
10-07 20:32:44.258 I/NpuProbe(29197): [ggml] ggml_opencl: SVM fine grain buffer support: true
10-07 20:32:44.258 I/NpuProbe(29197): [ggml] ggml_opencl: SVM fine grain system support: false
10-07 20:32:44.258 I/NpuProbe(29197): [ggml] ggml_opencl: SVM atomics support: true
10-07 20:32:44.258 I/NpuProbe(29197): [ggml] ggml_opencl: cl_qcom_subgroup_shuffle support: true
10-07 20:32:44.258 I/NpuProbe(29197): [ggml] ggml_opencl: flattening quantized weights representation as struct of arrays (GGML_OPENCL_SOA_Q)
10-07 20:32:44.258 I/NpuProbe(29197): [ggml] ggml_opencl: using kernels optimized for Adreno (GGML_OPENCL_USE_ADRENO_KERNELS)
10-07 20:32:45.915 I/NpuProbe(29197): SESS[0] opencl bench: ok=1 cap=1 eog_tok1=0 tok1=33 emitidos=1 consumidos=0 dec_s=0
10-07 20:32:45.915 I/NpuProbe(29197): SESS[0] opencl tempos: prefill=1254.68ms export=0.12ms(2032789B) import=10.57ms gen=0.00ms
10-07 20:32:45.915 I/NpuProbe(29197): SESS[0] opencl fronteiras(ms): prefdone=1255.1 tok1r=1272.0 impdone=1282.6 tok2r=-110501843.8 fim=1282.6 wall=1282.6 reset=5.55
10-07 20:32:45.915 I/NpuProbe(29197): SESS[0] opencl texto_len=1 (integral no JSON)
10-07 20:32:45.915 I/NpuProbe(29197): SESS[0] opencl lifecycle: load_dst=3277ms load_src=301ms (0=WARM)
10-07 20:32:45.915 I/NpuProbe(29197): SESS[0] opencl@bench RESULTADO: BENCH-PARCIAL
10-07 20:32:47.373 I/NpuProbe(29197): SESS[1] opencl bench: ok=1 cap=1 eog_tok1=0 tok1=33 emitidos=1 consumidos=0 dec_s=0
10-07 20:32:47.373 I/NpuProbe(29197): SESS[1] opencl tempos: prefill=1398.85ms export=0.13ms(2032789B) import=10.10ms gen=0.00ms
10-07 20:32:47.373 I/NpuProbe(29197): SESS[1] opencl fronteiras(ms): prefdone=1399.4 tok1r=1415.7 impdone=1425.8 tok2r=-110503161.1 fim=1425.8 wall=1425.8 reset=4.40
10-07 20:32:47.373 I/NpuProbe(29197): SESS[1] opencl texto_len=1 (integral no JSON)
10-07 20:32:47.373 I/NpuProbe(29197): SESS[1] opencl lifecycle: load_dst=0ms load_src=0ms (0=WARM)
10-07 20:32:47.373 I/NpuProbe(29197): SESS[1] opencl@bench RESULTADO: BENCH-PARCIAL
10-07 20:32:47.551 I/NpuProbe(29197): SESSAO(69611d3): fim (2 requests)
10-07 20:32:47.552 I/NpuProbe(29197): SMART REPORT:
10-07 20:32:47.552 I/NpuProbe(29197): SMART (sessao)
10-07 20:32:47.552 I/NpuProbe(29197): 
10-07 20:32:47.552 I/NpuProbe(29197): SMARTv2 rota='sessao' mutante=smart_cap1
10-07 20:32:47.552 I/NpuProbe(29197): SESSAO(69611d3): 2 requests na mesma sessao (roles separados; JSON nativo em files/r6-sess.jsonl)
10-07 20:32:47.552 I/NpuProbe(29197): SESS[0] opencl bench: ok=1 cap=1 eog_tok1=0 tok1=33 emitidos=1 consumidos=0 dec_s=0
10-07 20:32:47.552 I/NpuProbe(29197): SESS[0] opencl tempos: prefill=1254.68ms export=0.12ms(2032789B) import=10.57ms gen=0.00ms
10-07 20:32:47.552 I/NpuProbe(29197): SESS[0] opencl fronteiras(ms): prefdone=1255.1 tok1r=1272.0 impdone=1282.6 tok2r=-110501843.8 fim=1282.6 wall=1282.6 reset=5.55
10-07 20:32:47.552 I/NpuProbe(29197): SESS[0] opencl texto_len=1 (integral no JSON)
10-07 20:32:47.552 I/NpuProbe(29197): SESS[0] opencl lifecycle: load_dst=3277ms load_src=301ms (0=WARM)
10-07 20:32:47.552 I/NpuProbe(29197): SESS[0] opencl@bench RESULTADO: BENCH-PARCIAL
10-07 20:32:47.552 I/NpuProbe(29197): SESS[1] opencl bench: ok=1 cap=1 eog_tok1=0 tok1=33 emitidos=1 consumidos=0 dec_s=0
10-07 20:32:47.552 I/NpuProbe(29197): SESS[1] opencl tempos: prefill=1398.85ms export=0.13ms(2032789B) import=10.10ms gen=0.00ms
10-07 20:32:47.552 I/NpuProbe(29197): SESS[1] opencl fronteiras(ms): prefdone=1399.4 tok1r=1415.7 impdone=1425.8 tok2r=-110503161.1 fim=1425.8 wall=1425.8 reset=4.40
10-07 20:32:47.552 I/NpuProbe(29197): SESS[1] opencl texto_len=1 (integral no JSON)
10-07 20:32:47.552 I/NpuProbe(29197): SESS[1] opencl lifecycle: load_dst=0ms load_src=0ms (0=WARM)
10-07 20:32:47.552 I/NpuProbe(29197): SESS[1] opencl@bench RESULTADO: BENCH-PARCIAL
10-07 20:32:47.552 I/NpuProbe(29197): SESSAO(69611d3): fim (2 requests)
--------- beginning of main
10-07 20:33:41.667 I/NpuProbe(31473): nativeLibraryDir=/data/app/~~UwAXYrpu0m2enA7k1gUStw==/br.gov.sp.pcsp.npuprobe-KZZHOKsBSdj08ot2UnueQg==/lib/arm64
10-07 20:33:41.667 I/NpuProbe(31473): libdir=/data/app/~~UwAXYrpu0m2enA7k1gUStw==/br.gov.sp.pcsp.npuprobe-KZZHOKsBSdj08ot2UnueQg==/lib/arm64
10-07 20:33:41.667 I/NpuProbe(31473): build=llama.cpp-upstream-pkg (v11-libs) + probe R4
10-07 20:33:41.667 I/NpuProbe(31473): controle-sistema (liblog.so)=OK
10-07 20:33:41.667 I/NpuProbe(31473): negativo-fake (libnaoexiste_xyz.so)=FALHOU err=dlopen failed: library "libnaoexiste_xyz.so" not found
10-07 20:33:41.667 I/NpuProbe(31473): cdsprpc-nome (libcdsprpc.so)=OK
10-07 20:33:41.668 I/NpuProbe(31473): cdsprpc-abs (/vendor/lib64/libcdsprpc.so)=OK
10-07 20:33:41.668 I/NpuProbe(31473): ADSP_LIBRARY_PATH=libdir (setenv)
10-07 20:33:41.669 I/NpuProbe(31473): [ggml] ggml_vulkan: Found 1 Vulkan devices:
10-07 20:33:41.669 I/NpuProbe(31473): [ggml] ggml_vulkan: 0 = Adreno (TM) 840 (Qualcomm Technologies Inc. Adreno Vulkan Driver) | uma: 1 | fp16: 1 | bf16: 0 | fp4: 0 | warp size: 64 | shared memory: 32768 | int dot: 0 | matrix cores: none
10-07 20:33:41.675 I/NpuProbe(31473): [ggml] ggml_opencl: selected platform: 'QUALCOMM Snapdragon(TM)'
10-07 20:33:41.676 I/NpuProbe(31473): [ggml] 
10-07 20:33:41.676 I/NpuProbe(31473): ggml_opencl: device: 'QUALCOMM Adreno(TM) 840 (OpenCL 3.0 Adreno(TM) 840)'
10-07 20:33:41.676 I/NpuProbe(31473): [ggml] ggml_opencl: default device: 'QUALCOMM Adreno(TM) 840 (OpenCL 3.0 Adreno(TM) 840)'
10-07 20:33:41.676 I/NpuProbe(31473): [ggml] ggml-hex: Loading driver libcdsprpc.so
10-07 20:33:41.677 I/NpuProbe(31473): [ggml] ggml-hex: Hexagon backend (experimental) : allocating new registry : ndev 1
10-07 20:33:41.677 I/NpuProbe(31473): [ggml] ggml-hex: Hexagon Arch version v81
10-07 20:33:41.677 I/NpuProbe(31473): [ggml] ggml-hex: HTP0 allocating new session
10-07 20:33:41.709 I/NpuProbe(31473): [ggml] ggml-hex: HTP0 hwinfo: threads 8, hvx 8, hmx 1, vtcm 8 MB
10-07 20:33:41.709 I/NpuProbe(31473): [ggml] ggml-hex: HTP0 new session : session-id 0 domain-id 3 uri file:///libggml-htp-v81.so?htp_iface_skel_handle_invoke&_modver=1.0&_dom=cdsp&_session=0 handle 0xb4000077d526a1c0
10-07 20:33:41.713 I/NpuProbe(31473): [ggml] ggml-hex: HTP0 op batching: n-bufs 16 n-tensors 7168 n-ops 1024 vmem 3355443200
10-07 20:33:41.718 I/NpuProbe(31473): load_all_from_path=50ms
10-07 20:33:41.718 I/NpuProbe(31473): [ggml] load_backend: failed to find ggml_backend_init in /data/app/~~UwAXYrpu0m2enA7k1gUStw==/br.gov.sp.pcsp.npuprobe-KZZHOKsBSdj08ot2UnueQg==/lib/arm64/libggml-hexagon.so
10-07 20:33:41.718 I/NpuProbe(31473): load(hexagon direto)=FALHOU em 0ms
10-07 20:33:41.718 I/NpuProbe(31473): devices=4
10-07 20:33:41.718 I/NpuProbe(31473):   dev[0] Vulkan0 (Adreno (TM) 840)
10-07 20:33:41.718 I/NpuProbe(31473):   dev[1] GPUOpenCL (QUALCOMM Adreno(TM) 840)
10-07 20:33:41.718 I/NpuProbe(31473):   dev[2] HTP0 (Hexagon)
10-07 20:33:41.718 I/NpuProbe(31473):   dev[3] CPU (CPU)
10-07 20:33:41.718 I/NpuProbe(31473): dev_init(HTP0)=0ms -> SESSAO ABERTA
10-07 20:33:41.719 I/NpuProbe(31473): graph_compute(MUL_MAT 64x64)=0.5ms status=0
10-07 20:33:41.719 I/NpuProbe(31473): c[0]=128.000000 (esperado 128.0)
10-07 20:33:41.719 I/NpuProbe(31473): RESULTADO: APP-UID OK: sessao HTP + op executado com resultado correto
10-07 20:33:41.719 I/NpuProbe(31473): REPORT:
10-07 20:33:41.719 I/NpuProbe(31473): libdir=/data/app/~~UwAXYrpu0m2enA7k1gUStw==/br.gov.sp.pcsp.npuprobe-KZZHOKsBSdj08ot2UnueQg==/lib/arm64
10-07 20:33:41.719 I/NpuProbe(31473): build=llama.cpp-upstream-pkg (v11-libs) + probe R4
10-07 20:33:41.719 I/NpuProbe(31473): controle-sistema (liblog.so)=OK
10-07 20:33:41.719 I/NpuProbe(31473): negativo-fake (libnaoexiste_xyz.so)=FALHOU err=dlopen failed: library "libnaoexiste_xyz.so" not found
10-07 20:33:41.719 I/NpuProbe(31473): cdsprpc-nome (libcdsprpc.so)=OK
10-07 20:33:41.719 I/NpuProbe(31473): cdsprpc-abs (/vendor/lib64/libcdsprpc.so)=OK
10-07 20:33:41.719 I/NpuProbe(31473): ADSP_LIBRARY_PATH=libdir (setenv)
10-07 20:33:41.719 I/NpuProbe(31473): load_all_from_path=50ms
10-07 20:33:41.719 I/NpuProbe(31473): load(hexagon direto)=FALHOU em 0ms
10-07 20:33:41.719 I/NpuProbe(31473): devices=4
10-07 20:33:41.719 I/NpuProbe(31473):   dev[0] Vulkan0 (Adreno (TM) 840)
10-07 20:33:41.719 I/NpuProbe(31473):   dev[1] GPUOpenCL (QUALCOMM Adreno(TM) 840)
10-07 20:33:41.719 I/NpuProbe(31473):   dev[2] HTP0 (Hexagon)
10-07 20:33:41.719 I/NpuProbe(31473):   dev[3] CPU (CPU)
10-07 20:33:41.719 I/NpuProbe(31473): dev_init(HTP0)=0ms -> SESSAO ABERTA
10-07 20:33:41.719 I/NpuProbe(31473): graph_compute(MUL_MAT 64x64)=0.5ms status=0
10-07 20:33:41.719 I/NpuProbe(31473): c[0]=128.000000 (esperado 128.0)
10-07 20:33:41.719 I/NpuProbe(31473): RESULTADO: APP-UID OK: sessao HTP + op executado com resultado correto
10-07 20:33:41.720 I/NpuProbe(31473): AUTO-GATILHO='smart:sessao'
10-07 20:33:41.720 I/NpuProbe(31473): SMART iniciando rota=sessao com /data/local/tmp/hymt2_app.gguf
10-07 20:33:41.720 I/NpuProbe(31473): SMARTv2 rota='sessao' mutante=smart_cap2
10-07 20:33:41.721 I/NpuProbe(31473): SESSAO(696fef2): 2 requests na mesma sessao (roles separados; JSON nativo em files/r6-sess.jsonl)
10-07 20:33:44.482 I/NpuProbe(31473): [ggml] ggml_opencl: OpenCL driver: OpenCL 3.0 QUALCOMM build: 0842.41 Compiler E031.50.19.27
10-07 20:33:44.482 I/NpuProbe(31473): [ggml] ggml_opencl: vector subgroup broadcast support: true
10-07 20:33:44.482 I/NpuProbe(31473): [ggml] ggml_opencl: subgroup shuffle support: true
10-07 20:33:44.482 I/NpuProbe(31473): [ggml] ggml_opencl: device FP16 support: true
10-07 20:33:44.482 I/NpuProbe(31473): [ggml] ggml_opencl: khr dot product support: true
10-07 20:33:44.483 I/NpuProbe(31473): [ggml] ggml_opencl: mem base addr align: 128
10-07 20:33:44.483 I/NpuProbe(31473): [ggml] ggml_opencl: global mem size: 7555 MB
10-07 20:33:44.483 I/NpuProbe(31473): [ggml] ggml_opencl: max mem alloc size: 2048 MB
10-07 20:33:44.483 I/NpuProbe(31473): [ggml] ggml_opencl: device max image buffer size (pixels): 2147483648
10-07 20:33:44.483 I/NpuProbe(31473): [ggml] ggml_opencl: device max image2d size: 16384 x 16384
10-07 20:33:44.483 I/NpuProbe(31473): [ggml] ggml_opencl: device max workgroup size: 1024
10-07 20:33:44.483 I/NpuProbe(31473): [ggml] ggml_opencl: SVM coarse grain buffer support: true
10-07 20:33:44.483 I/NpuProbe(31473): [ggml] ggml_opencl: SVM fine grain buffer support: true
10-07 20:33:44.483 I/NpuProbe(31473): [ggml] ggml_opencl: SVM fine grain system support: false
10-07 20:33:44.483 I/NpuProbe(31473): [ggml] ggml_opencl: SVM atomics support: true
10-07 20:33:44.483 I/NpuProbe(31473): [ggml] ggml_opencl: cl_qcom_subgroup_shuffle support: true
10-07 20:33:44.483 I/NpuProbe(31473): [ggml] ggml_opencl: flattening quantized weights representation as struct of arrays (GGML_OPENCL_SOA_Q)
10-07 20:33:44.483 I/NpuProbe(31473): [ggml] ggml_opencl: using kernels optimized for Adreno (GGML_OPENCL_USE_ADRENO_KERNELS)
10-07 20:33:45.975 I/NpuProbe(31473): [ggml] ggml_opencl: lazy-compiling flash_attn prepass for DK=128 DV=128
10-07 20:33:45.975 I/NpuProbe(31473): [ggml] ggml_opencl: compiling fa prepass f16
10-07 20:33:46.042 I/NpuProbe(31473): [ggml] ggml_opencl: compiling fa f32_f16
10-07 20:33:46.825 I/NpuProbe(31473): [ggml] ggml_opencl: flash_attn_f32_f16_q1_vec_mq_split_c8 DK=128 DV=128 per-kernel max 128 < required 256; skipping registration (will fall back)
10-07 20:33:46.825 I/NpuProbe(31473): [ggml] ggml_opencl: compiling fa f32_f16 MQ_GQA=8
10-07 20:33:47.314 I/NpuProbe(31473): [ggml] ggml_opencl: flash_attn_f32_f16_q1_vec_mq_split_c8 (g8) DK=128 DV=128 per-kernel max 128 < required 192; skipping registration (will fall back)
10-07 20:33:47.315 I/NpuProbe(31473): [ggml] ggml_opencl: compiling fa f32_f16 c8 NSG2
10-07 20:33:47.568 I/NpuProbe(31473): [ggml] ggml_opencl: compiling fa f32_f16 c8 g8 NSG2
10-07 20:33:47.936 I/NpuProbe(31473): [ggml] ggml_opencl: compiling fa f32_f16 split
--------- beginning of main
10-07 20:33:41.667 I/NpuProbe(31473): nativeLibraryDir=/data/app/~~UwAXYrpu0m2enA7k1gUStw==/br.gov.sp.pcsp.npuprobe-KZZHOKsBSdj08ot2UnueQg==/lib/arm64
10-07 20:33:41.667 I/NpuProbe(31473): libdir=/data/app/~~UwAXYrpu0m2enA7k1gUStw==/br.gov.sp.pcsp.npuprobe-KZZHOKsBSdj08ot2UnueQg==/lib/arm64
10-07 20:33:41.667 I/NpuProbe(31473): build=llama.cpp-upstream-pkg (v11-libs) + probe R4
10-07 20:33:41.667 I/NpuProbe(31473): controle-sistema (liblog.so)=OK
10-07 20:33:41.667 I/NpuProbe(31473): negativo-fake (libnaoexiste_xyz.so)=FALHOU err=dlopen failed: library "libnaoexiste_xyz.so" not found
10-07 20:33:41.667 I/NpuProbe(31473): cdsprpc-nome (libcdsprpc.so)=OK
10-07 20:33:41.668 I/NpuProbe(31473): cdsprpc-abs (/vendor/lib64/libcdsprpc.so)=OK
10-07 20:33:41.668 I/NpuProbe(31473): ADSP_LIBRARY_PATH=libdir (setenv)
10-07 20:33:41.669 I/NpuProbe(31473): [ggml] ggml_vulkan: Found 1 Vulkan devices:
10-07 20:33:41.669 I/NpuProbe(31473): [ggml] ggml_vulkan: 0 = Adreno (TM) 840 (Qualcomm Technologies Inc. Adreno Vulkan Driver) | uma: 1 | fp16: 1 | bf16: 0 | fp4: 0 | warp size: 64 | shared memory: 32768 | int dot: 0 | matrix cores: none
10-07 20:33:41.675 I/NpuProbe(31473): [ggml] ggml_opencl: selected platform: 'QUALCOMM Snapdragon(TM)'
10-07 20:33:41.676 I/NpuProbe(31473): [ggml] 
10-07 20:33:41.676 I/NpuProbe(31473): ggml_opencl: device: 'QUALCOMM Adreno(TM) 840 (OpenCL 3.0 Adreno(TM) 840)'
10-07 20:33:41.676 I/NpuProbe(31473): [ggml] ggml_opencl: default device: 'QUALCOMM Adreno(TM) 840 (OpenCL 3.0 Adreno(TM) 840)'
10-07 20:33:41.676 I/NpuProbe(31473): [ggml] ggml-hex: Loading driver libcdsprpc.so
10-07 20:33:41.677 I/NpuProbe(31473): [ggml] ggml-hex: Hexagon backend (experimental) : allocating new registry : ndev 1
10-07 20:33:41.677 I/NpuProbe(31473): [ggml] ggml-hex: Hexagon Arch version v81
10-07 20:33:41.677 I/NpuProbe(31473): [ggml] ggml-hex: HTP0 allocating new session
10-07 20:33:41.709 I/NpuProbe(31473): [ggml] ggml-hex: HTP0 hwinfo: threads 8, hvx 8, hmx 1, vtcm 8 MB
10-07 20:33:41.709 I/NpuProbe(31473): [ggml] ggml-hex: HTP0 new session : session-id 0 domain-id 3 uri file:///libggml-htp-v81.so?htp_iface_skel_handle_invoke&_modver=1.0&_dom=cdsp&_session=0 handle 0xb4000077d526a1c0
10-07 20:33:41.713 I/NpuProbe(31473): [ggml] ggml-hex: HTP0 op batching: n-bufs 16 n-tensors 7168 n-ops 1024 vmem 3355443200
10-07 20:33:41.718 I/NpuProbe(31473): load_all_from_path=50ms
10-07 20:33:41.718 I/NpuProbe(31473): [ggml] load_backend: failed to find ggml_backend_init in /data/app/~~UwAXYrpu0m2enA7k1gUStw==/br.gov.sp.pcsp.npuprobe-KZZHOKsBSdj08ot2UnueQg==/lib/arm64/libggml-hexagon.so
10-07 20:33:41.718 I/NpuProbe(31473): load(hexagon direto)=FALHOU em 0ms
10-07 20:33:41.718 I/NpuProbe(31473): devices=4
10-07 20:33:41.718 I/NpuProbe(31473):   dev[0] Vulkan0 (Adreno (TM) 840)
10-07 20:33:41.718 I/NpuProbe(31473):   dev[1] GPUOpenCL (QUALCOMM Adreno(TM) 840)
10-07 20:33:41.718 I/NpuProbe(31473):   dev[2] HTP0 (Hexagon)
10-07 20:33:41.718 I/NpuProbe(31473):   dev[3] CPU (CPU)
10-07 20:33:41.718 I/NpuProbe(31473): dev_init(HTP0)=0ms -> SESSAO ABERTA
10-07 20:33:41.719 I/NpuProbe(31473): graph_compute(MUL_MAT 64x64)=0.5ms status=0
10-07 20:33:41.719 I/NpuProbe(31473): c[0]=128.000000 (esperado 128.0)
10-07 20:33:41.719 I/NpuProbe(31473): RESULTADO: APP-UID OK: sessao HTP + op executado com resultado correto
10-07 20:33:41.719 I/NpuProbe(31473): REPORT:
10-07 20:33:41.719 I/NpuProbe(31473): libdir=/data/app/~~UwAXYrpu0m2enA7k1gUStw==/br.gov.sp.pcsp.npuprobe-KZZHOKsBSdj08ot2UnueQg==/lib/arm64
10-07 20:33:41.719 I/NpuProbe(31473): build=llama.cpp-upstream-pkg (v11-libs) + probe R4
10-07 20:33:41.719 I/NpuProbe(31473): controle-sistema (liblog.so)=OK
10-07 20:33:41.719 I/NpuProbe(31473): negativo-fake (libnaoexiste_xyz.so)=FALHOU err=dlopen failed: library "libnaoexiste_xyz.so" not found
10-07 20:33:41.719 I/NpuProbe(31473): cdsprpc-nome (libcdsprpc.so)=OK
10-07 20:33:41.719 I/NpuProbe(31473): cdsprpc-abs (/vendor/lib64/libcdsprpc.so)=OK
10-07 20:33:41.719 I/NpuProbe(31473): ADSP_LIBRARY_PATH=libdir (setenv)
10-07 20:33:41.719 I/NpuProbe(31473): load_all_from_path=50ms
10-07 20:33:41.719 I/NpuProbe(31473): load(hexagon direto)=FALHOU em 0ms
10-07 20:33:41.719 I/NpuProbe(31473): devices=4
10-07 20:33:41.719 I/NpuProbe(31473):   dev[0] Vulkan0 (Adreno (TM) 840)
10-07 20:33:41.719 I/NpuProbe(31473):   dev[1] GPUOpenCL (QUALCOMM Adreno(TM) 840)
10-07 20:33:41.719 I/NpuProbe(31473):   dev[2] HTP0 (Hexagon)
10-07 20:33:41.719 I/NpuProbe(31473):   dev[3] CPU (CPU)
10-07 20:33:41.719 I/NpuProbe(31473): dev_init(HTP0)=0ms -> SESSAO ABERTA
10-07 20:33:41.719 I/NpuProbe(31473): graph_compute(MUL_MAT 64x64)=0.5ms status=0
10-07 20:33:41.719 I/NpuProbe(31473): c[0]=128.000000 (esperado 128.0)
10-07 20:33:41.719 I/NpuProbe(31473): RESULTADO: APP-UID OK: sessao HTP + op executado com resultado correto
10-07 20:33:41.720 I/NpuProbe(31473): AUTO-GATILHO='smart:sessao'
10-07 20:33:41.720 I/NpuProbe(31473): SMART iniciando rota=sessao com /data/local/tmp/hymt2_app.gguf
10-07 20:33:41.720 I/NpuProbe(31473): SMARTv2 rota='sessao' mutante=smart_cap2
10-07 20:33:41.721 I/NpuProbe(31473): SESSAO(696fef2): 2 requests na mesma sessao (roles separados; JSON nativo em files/r6-sess.jsonl)
10-07 20:33:44.482 I/NpuProbe(31473): [ggml] ggml_opencl: OpenCL driver: OpenCL 3.0 QUALCOMM build: 0842.41 Compiler E031.50.19.27
10-07 20:33:44.482 I/NpuProbe(31473): [ggml] ggml_opencl: vector subgroup broadcast support: true
10-07 20:33:44.482 I/NpuProbe(31473): [ggml] ggml_opencl: subgroup shuffle support: true
10-07 20:33:44.482 I/NpuProbe(31473): [ggml] ggml_opencl: device FP16 support: true
10-07 20:33:44.482 I/NpuProbe(31473): [ggml] ggml_opencl: khr dot product support: true
10-07 20:33:44.483 I/NpuProbe(31473): [ggml] ggml_opencl: mem base addr align: 128
10-07 20:33:44.483 I/NpuProbe(31473): [ggml] ggml_opencl: global mem size: 7555 MB
10-07 20:33:44.483 I/NpuProbe(31473): [ggml] ggml_opencl: max mem alloc size: 2048 MB
10-07 20:33:44.483 I/NpuProbe(31473): [ggml] ggml_opencl: device max image buffer size (pixels): 2147483648
10-07 20:33:44.483 I/NpuProbe(31473): [ggml] ggml_opencl: device max image2d size: 16384 x 16384
10-07 20:33:44.483 I/NpuProbe(31473): [ggml] ggml_opencl: device max workgroup size: 1024
10-07 20:33:44.483 I/NpuProbe(31473): [ggml] ggml_opencl: SVM coarse grain buffer support: true
10-07 20:33:44.483 I/NpuProbe(31473): [ggml] ggml_opencl: SVM fine grain buffer support: true
10-07 20:33:44.483 I/NpuProbe(31473): [ggml] ggml_opencl: SVM fine grain system support: false
10-07 20:33:44.483 I/NpuProbe(31473): [ggml] ggml_opencl: SVM atomics support: true
10-07 20:33:44.483 I/NpuProbe(31473): [ggml] ggml_opencl: cl_qcom_subgroup_shuffle support: true
10-07 20:33:44.483 I/NpuProbe(31473): [ggml] ggml_opencl: flattening quantized weights representation as struct of arrays (GGML_OPENCL_SOA_Q)
10-07 20:33:44.483 I/NpuProbe(31473): [ggml] ggml_opencl: using kernels optimized for Adreno (GGML_OPENCL_USE_ADRENO_KERNELS)
10-07 20:33:45.975 I/NpuProbe(31473): [ggml] ggml_opencl: lazy-compiling flash_attn prepass for DK=128 DV=128
10-07 20:33:45.975 I/NpuProbe(31473): [ggml] ggml_opencl: compiling fa prepass f16
10-07 20:33:46.042 I/NpuProbe(31473): [ggml] ggml_opencl: compiling fa f32_f16
10-07 20:33:46.825 I/NpuProbe(31473): [ggml] ggml_opencl: flash_attn_f32_f16_q1_vec_mq_split_c8 DK=128 DV=128 per-kernel max 128 < required 256; skipping registration (will fall back)
10-07 20:33:46.825 I/NpuProbe(31473): [ggml] ggml_opencl: compiling fa f32_f16 MQ_GQA=8
10-07 20:33:47.314 I/NpuProbe(31473): [ggml] ggml_opencl: flash_attn_f32_f16_q1_vec_mq_split_c8 (g8) DK=128 DV=128 per-kernel max 128 < required 192; skipping registration (will fall back)
10-07 20:33:47.315 I/NpuProbe(31473): [ggml] ggml_opencl: compiling fa f32_f16 c8 NSG2
10-07 20:33:47.568 I/NpuProbe(31473): [ggml] ggml_opencl: compiling fa f32_f16 c8 g8 NSG2
10-07 20:33:47.936 I/NpuProbe(31473): [ggml] ggml_opencl: compiling fa f32_f16 split
10-07 20:33:48.599 I/NpuProbe(31473): SESS[0] opencl bench: ok=1 cap=1 eog_tok1=0 tok1=33 emitidos=2 consumidos=1 dec_s=0
10-07 20:33:48.599 I/NpuProbe(31473): SESS[0] opencl tempos: prefill=1202.69ms export=0.15ms(2032789B) import=3.44ms gen=2578.54ms
10-07 20:33:48.599 I/NpuProbe(31473): SESS[0] opencl fronteiras(ms): prefdone=1203.0 tok1r=1220.3 impdone=1223.8 tok2r=3802.3 fim=3802.3 wall=3802.3 reset=5.05
10-07 20:33:48.599 I/NpuProbe(31473): SESS[0] opencl texto_len=3 (integral no JSON)
10-07 20:33:48.599 I/NpuProbe(31473): SESS[0] opencl lifecycle: load_dst=2790ms load_src=234ms (0=WARM)
10-07 20:33:48.599 I/NpuProbe(31473): SESS[0] opencl@bench RESULTADO: BENCH-PARCIAL
10-07 20:33:50.187 I/NpuProbe(31473): SESS[1] opencl bench: ok=1 cap=1 eog_tok1=0 tok1=33 emitidos=2 consumidos=1 dec_s=0
10-07 20:33:50.187 I/NpuProbe(31473): SESS[1] opencl tempos: prefill=1465.85ms export=0.12ms(2032789B) import=10.22ms gen=40.69ms
10-07 20:33:50.188 I/NpuProbe(31473): SESS[1] opencl fronteiras(ms): prefdone=1466.5 tok1r=1482.8 impdone=1493.0 tok2r=1533.7 fim=1533.7 wall=1533.7 reset=5.16
10-07 20:33:50.188 I/NpuProbe(31473): SESS[1] opencl texto_len=3 (integral no JSON)
10-07 20:33:50.188 I/NpuProbe(31473): SESS[1] opencl lifecycle: load_dst=0ms load_src=0ms (0=WARM)
10-07 20:33:50.188 I/NpuProbe(31473): SESS[1] opencl@bench RESULTADO: BENCH-PARCIAL
10-07 20:33:50.362 I/NpuProbe(31473): SESSAO(696fef2): fim (2 requests)
10-07 20:33:50.362 I/NpuProbe(31473): SMART REPORT:
10-07 20:33:50.362 I/NpuProbe(31473): SMART (sessao)
10-07 20:33:50.362 I/NpuProbe(31473): 
10-07 20:33:50.362 I/NpuProbe(31473): SMARTv2 rota='sessao' mutante=smart_cap2
10-07 20:33:50.362 I/NpuProbe(31473): SESSAO(696fef2): 2 requests na mesma sessao (roles separados; JSON nativo em files/r6-sess.jsonl)
10-07 20:33:50.362 I/NpuProbe(31473): SESS[0] opencl bench: ok=1 cap=1 eog_tok1=0 tok1=33 emitidos=2 consumidos=1 dec_s=0
10-07 20:33:50.362 I/NpuProbe(31473): SESS[0] opencl tempos: prefill=1202.69ms export=0.15ms(2032789B) import=3.44ms gen=2578.54ms
10-07 20:33:50.362 I/NpuProbe(31473): SESS[0] opencl fronteiras(ms): prefdone=1203.0 tok1r=1220.3 impdone=1223.8 tok2r=3802.3 fim=3802.3 wall=3802.3 reset=5.05
10-07 20:33:50.362 I/NpuProbe(31473): SESS[0] opencl texto_len=3 (integral no JSON)
10-07 20:33:50.362 I/NpuProbe(31473): SESS[0] opencl lifecycle: load_dst=2790ms load_src=234ms (0=WARM)
10-07 20:33:50.362 I/NpuProbe(31473): SESS[0] opencl@bench RESULTADO: BENCH-PARCIAL
10-07 20:33:50.362 I/NpuProbe(31473): SESS[1] opencl bench: ok=1 cap=1 eog_tok1=0 tok1=33 emitidos=2 consumidos=1 dec_s=0
10-07 20:33:50.362 I/NpuProbe(31473): SESS[1] opencl tempos: prefill=1465.85ms export=0.12ms(2032789B) import=10.22ms gen=40.69ms
10-07 20:33:50.362 I/NpuProbe(31473): SESS[1] opencl fronteiras(ms): prefdone=1466.5 tok1r=1482.8 impdone=1493.0 tok2r=1533.7 fim=1533.7 wall=1533.7 reset=5.16
10-07 20:33:50.362 I/NpuProbe(31473): SESS[1] opencl texto_len=3 (integral no JSON)
10-07 20:33:50.362 I/NpuProbe(31473): SESS[1] opencl lifecycle: load_dst=0ms load_src=0ms (0=WARM)
10-07 20:33:50.362 I/NpuProbe(31473): SESS[1] opencl@bench RESULTADO: BENCH-PARCIAL
10-07 20:33:50.362 I/NpuProbe(31473): SESSAO(696fef2): fim (2 requests)
--------- beginning of main
10-07 20:34:40.680 I/NpuProbe( 2214): nativeLibraryDir=/data/app/~~UwAXYrpu0m2enA7k1gUStw==/br.gov.sp.pcsp.npuprobe-KZZHOKsBSdj08ot2UnueQg==/lib/arm64
10-07 20:34:40.680 I/NpuProbe( 2214): libdir=/data/app/~~UwAXYrpu0m2enA7k1gUStw==/br.gov.sp.pcsp.npuprobe-KZZHOKsBSdj08ot2UnueQg==/lib/arm64
10-07 20:34:40.680 I/NpuProbe( 2214): build=llama.cpp-upstream-pkg (v11-libs) + probe R4
10-07 20:34:40.680 I/NpuProbe( 2214): controle-sistema (liblog.so)=OK
10-07 20:34:40.680 I/NpuProbe( 2214): negativo-fake (libnaoexiste_xyz.so)=FALHOU err=dlopen failed: library "libnaoexiste_xyz.so" not found
10-07 20:34:40.680 I/NpuProbe( 2214): cdsprpc-nome (libcdsprpc.so)=OK
10-07 20:34:40.681 I/NpuProbe( 2214): cdsprpc-abs (/vendor/lib64/libcdsprpc.so)=OK
10-07 20:34:40.681 I/NpuProbe( 2214): ADSP_LIBRARY_PATH=libdir (setenv)
10-07 20:34:40.682 I/NpuProbe( 2214): [ggml] ggml_vulkan: Found 1 Vulkan devices:
10-07 20:34:40.682 I/NpuProbe( 2214): [ggml] ggml_vulkan: 0 = Adreno (TM) 840 (Qualcomm Technologies Inc. Adreno Vulkan Driver) | uma: 1 | fp16: 1 | bf16: 0 | fp4: 0 | warp size: 64 | shared memory: 32768 | int dot: 0 | matrix cores: none
10-07 20:34:40.687 I/NpuProbe( 2214): [ggml] ggml_opencl: selected platform: 'QUALCOMM Snapdragon(TM)'
10-07 20:34:40.688 I/NpuProbe( 2214): [ggml] 
10-07 20:34:40.688 I/NpuProbe( 2214): ggml_opencl: device: 'QUALCOMM Adreno(TM) 840 (OpenCL 3.0 Adreno(TM) 840)'
10-07 20:34:40.688 I/NpuProbe( 2214): [ggml] ggml_opencl: default device: 'QUALCOMM Adreno(TM) 840 (OpenCL 3.0 Adreno(TM) 840)'
10-07 20:34:40.688 I/NpuProbe( 2214): [ggml] ggml-hex: Loading driver libcdsprpc.so
10-07 20:34:40.689 I/NpuProbe( 2214): [ggml] ggml-hex: Hexagon backend (experimental) : allocating new registry : ndev 1
10-07 20:34:40.689 I/NpuProbe( 2214): [ggml] ggml-hex: Hexagon Arch version v81
10-07 20:34:40.689 I/NpuProbe( 2214): [ggml] ggml-hex: HTP0 allocating new session
10-07 20:34:40.722 I/NpuProbe( 2214): [ggml] ggml-hex: HTP0 hwinfo: threads 8, hvx 8, hmx 1, vtcm 8 MB
10-07 20:34:40.722 I/NpuProbe( 2214): [ggml] ggml-hex: HTP0 new session : session-id 0 domain-id 3 uri file:///libggml-htp-v81.so?htp_iface_skel_handle_invoke&_modver=1.0&_dom=cdsp&_session=0 handle 0xb4000077d5270300
10-07 20:34:40.726 I/NpuProbe( 2214): [ggml] ggml-hex: HTP0 op batching: n-bufs 16 n-tensors 7168 n-ops 1024 vmem 3355443200
10-07 20:34:40.731 I/NpuProbe( 2214): load_all_from_path=50ms
10-07 20:34:40.731 I/NpuProbe( 2214): [ggml] load_backend: failed to find ggml_backend_init in /data/app/~~UwAXYrpu0m2enA7k1gUStw==/br.gov.sp.pcsp.npuprobe-KZZHOKsBSdj08ot2UnueQg==/lib/arm64/libggml-hexagon.so
10-07 20:34:40.731 I/NpuProbe( 2214): load(hexagon direto)=FALHOU em 0ms
10-07 20:34:40.731 I/NpuProbe( 2214): devices=4
10-07 20:34:40.731 I/NpuProbe( 2214):   dev[0] Vulkan0 (Adreno (TM) 840)
10-07 20:34:40.731 I/NpuProbe( 2214):   dev[1] GPUOpenCL (QUALCOMM Adreno(TM) 840)
10-07 20:34:40.731 I/NpuProbe( 2214):   dev[2] HTP0 (Hexagon)
10-07 20:34:40.731 I/NpuProbe( 2214):   dev[3] CPU (CPU)
10-07 20:34:40.731 I/NpuProbe( 2214): dev_init(HTP0)=0ms -> SESSAO ABERTA
10-07 20:34:40.732 I/NpuProbe( 2214): graph_compute(MUL_MAT 64x64)=0.5ms status=0
10-07 20:34:40.732 I/NpuProbe( 2214): c[0]=128.000000 (esperado 128.0)
10-07 20:34:40.732 I/NpuProbe( 2214): RESULTADO: APP-UID OK: sessao HTP + op executado com resultado correto
10-07 20:34:40.733 I/NpuProbe( 2214): REPORT:
10-07 20:34:40.733 I/NpuProbe( 2214): libdir=/data/app/~~UwAXYrpu0m2enA7k1gUStw==/br.gov.sp.pcsp.npuprobe-KZZHOKsBSdj08ot2UnueQg==/lib/arm64
10-07 20:34:40.733 I/NpuProbe( 2214): build=llama.cpp-upstream-pkg (v11-libs) + probe R4
10-07 20:34:40.733 I/NpuProbe( 2214): controle-sistema (liblog.so)=OK
10-07 20:34:40.733 I/NpuProbe( 2214): negativo-fake (libnaoexiste_xyz.so)=FALHOU err=dlopen failed: library "libnaoexiste_xyz.so" not found
10-07 20:34:40.733 I/NpuProbe( 2214): cdsprpc-nome (libcdsprpc.so)=OK
10-07 20:34:40.733 I/NpuProbe( 2214): cdsprpc-abs (/vendor/lib64/libcdsprpc.so)=OK
10-07 20:34:40.733 I/NpuProbe( 2214): ADSP_LIBRARY_PATH=libdir (setenv)
10-07 20:34:40.733 I/NpuProbe( 2214): load_all_from_path=50ms
10-07 20:34:40.733 I/NpuProbe( 2214): load(hexagon direto)=FALHOU em 0ms
10-07 20:34:40.733 I/NpuProbe( 2214): devices=4
10-07 20:34:40.733 I/NpuProbe( 2214):   dev[0] Vulkan0 (Adreno (TM) 840)
10-07 20:34:40.733 I/NpuProbe( 2214):   dev[1] GPUOpenCL (QUALCOMM Adreno(TM) 840)
10-07 20:34:40.733 I/NpuProbe( 2214):   dev[2] HTP0 (Hexagon)
10-07 20:34:40.733 I/NpuProbe( 2214):   dev[3] CPU (CPU)
10-07 20:34:40.733 I/NpuProbe( 2214): dev_init(HTP0)=0ms -> SESSAO ABERTA
10-07 20:34:40.733 I/NpuProbe( 2214): graph_compute(MUL_MAT 64x64)=0.5ms status=0
10-07 20:34:40.733 I/NpuProbe( 2214): c[0]=128.000000 (esperado 128.0)
10-07 20:34:40.733 I/NpuProbe( 2214): RESULTADO: APP-UID OK: sessao HTP + op executado com resultado correto
10-07 20:34:40.733 I/NpuProbe( 2214): AUTO-GATILHO='smart:sessao'
10-07 20:34:40.733 I/NpuProbe( 2214): SMART iniciando rota=sessao com /data/local/tmp/hymt2_app.gguf
10-07 20:34:40.733 I/NpuProbe( 2214): SMARTv2 rota='sessao' mutante=smart_eog_tok1
10-07 20:34:40.734 I/NpuProbe( 2214): SESSAO(697e578): 2 requests na mesma sessao (roles separados; JSON nativo em files/r6-sess.jsonl)
10-07 20:34:43.644 I/NpuProbe( 2214): [ggml] ggml_opencl: OpenCL driver: OpenCL 3.0 QUALCOMM build: 0842.41 Compiler E031.50.19.27
10-07 20:34:43.645 I/NpuProbe( 2214): [ggml] ggml_opencl: vector subgroup broadcast support: true
10-07 20:34:43.645 I/NpuProbe( 2214): [ggml] ggml_opencl: subgroup shuffle support: true
10-07 20:34:43.645 I/NpuProbe( 2214): [ggml] ggml_opencl: device FP16 support: true
10-07 20:34:43.645 I/NpuProbe( 2214): [ggml] ggml_opencl: khr dot product support: true
10-07 20:34:43.645 I/NpuProbe( 2214): [ggml] ggml_opencl: mem base addr align: 128
10-07 20:34:43.645 I/NpuProbe( 2214): [ggml] ggml_opencl: global mem size: 7555 MB
10-07 20:34:43.645 I/NpuProbe( 2214): [ggml] ggml_opencl: max mem alloc size: 2048 MB
10-07 20:34:43.645 I/NpuProbe( 2214): [ggml] ggml_opencl: device max image buffer size (pixels): 2147483648
10-07 20:34:43.645 I/NpuProbe( 2214): [ggml] ggml_opencl: device max image2d size: 16384 x 16384
10-07 20:34:43.645 I/NpuProbe( 2214): [ggml] ggml_opencl: device max workgroup size: 1024
10-07 20:34:43.645 I/NpuProbe( 2214): [ggml] ggml_opencl: SVM coarse grain buffer support: true
10-07 20:34:43.645 I/NpuProbe( 2214): [ggml] ggml_opencl: SVM fine grain buffer support: true
10-07 20:34:43.645 I/NpuProbe( 2214): [ggml] ggml_opencl: SVM fine grain system support: false
10-07 20:34:43.645 I/NpuProbe( 2214): [ggml] ggml_opencl: SVM atomics support: true
10-07 20:34:43.645 I/NpuProbe( 2214): [ggml] ggml_opencl: cl_qcom_subgroup_shuffle support: true
10-07 20:34:43.645 I/NpuProbe( 2214): [ggml] ggml_opencl: flattening quantized weights representation as struct of arrays (GGML_OPENCL_SOA_Q)
10-07 20:34:43.645 I/NpuProbe( 2214): [ggml] ggml_opencl: using kernels optimized for Adreno (GGML_OPENCL_USE_ADRENO_KERNELS)
10-07 20:34:45.056 I/NpuProbe( 2214): SESS[0] opencl bench: ok=0 cap=0 eog_tok1=1 tok1=120020 emitidos=0 consumidos=0 dec_s=0
10-07 20:34:45.056 I/NpuProbe( 2214): SESS[0] opencl tempos: prefill=1132.78ms export=0.15ms(2032789B) import=0.00ms gen=0.00ms
10-07 20:34:45.056 I/NpuProbe( 2214): SESS[0] opencl fronteiras(ms): prefdone=1133.1 tok1r=1150.9 impdone=-110621133.6 tok2r=-110621133.6 fim=1150.9 wall=1150.9 reset=5.29
10-07 20:34:45.056 I/NpuProbe( 2214): SESS[0] opencl texto_len=0 (integral no JSON)
10-07 20:34:45.056 I/NpuProbe( 2214): SESS[0] opencl lifecycle: load_dst=2939ms load_src=212ms (0=WARM)
10-07 20:34:45.056 I/NpuProbe( 2214): SESS[0] opencl@bench RESULTADO: BENCH-FALHA:EOG_tok1_sem_handoff
10-07 20:34:46.278 I/NpuProbe( 2214): SESS[1] opencl bench: ok=0 cap=0 eog_tok1=1 tok1=120020 emitidos=0 consumidos=0 dec_s=0
10-07 20:34:46.278 I/NpuProbe( 2214): SESS[1] opencl tempos: prefill=1185.77ms export=0.11ms(2032789B) import=0.00ms gen=0.00ms
10-07 20:34:46.278 I/NpuProbe( 2214): SESS[1] opencl fronteiras(ms): prefdone=1186.2 tok1r=1202.8 impdone=-110622303.0 tok2r=-110622303.0 fim=1202.8 wall=1202.8 reset=4.81
10-07 20:34:46.278 I/NpuProbe( 2214): SESS[1] opencl texto_len=0 (integral no JSON)
10-07 20:34:46.278 I/NpuProbe( 2214): SESS[1] opencl lifecycle: load_dst=0ms load_src=0ms (0=WARM)
10-07 20:34:46.278 I/NpuProbe( 2214): SESS[1] opencl@bench RESULTADO: BENCH-FALHA:EOG_tok1_sem_handoff
10-07 20:34:46.452 I/NpuProbe( 2214): SESSAO(697e578): fim (2 requests)
10-07 20:34:46.452 I/NpuProbe( 2214): SMART REPORT:
10-07 20:34:46.452 I/NpuProbe( 2214): SMART (sessao)
10-07 20:34:46.452 I/NpuProbe( 2214): 
10-07 20:34:46.452 I/NpuProbe( 2214): SMARTv2 rota='sessao' mutante=smart_eog_tok1
10-07 20:34:46.452 I/NpuProbe( 2214): SESSAO(697e578): 2 requests na mesma sessao (roles separados; JSON nativo em files/r6-sess.jsonl)
10-07 20:34:46.452 I/NpuProbe( 2214): SESS[0] opencl bench: ok=0 cap=0 eog_tok1=1 tok1=120020 emitidos=0 consumidos=0 dec_s=0
10-07 20:34:46.452 I/NpuProbe( 2214): SESS[0] opencl tempos: prefill=1132.78ms export=0.15ms(2032789B) import=0.00ms gen=0.00ms
10-07 20:34:46.452 I/NpuProbe( 2214): SESS[0] opencl fronteiras(ms): prefdone=1133.1 tok1r=1150.9 impdone=-110621133.6 tok2r=-110621133.6 fim=1150.9 wall=1150.9 reset=5.29
10-07 20:34:46.452 I/NpuProbe( 2214): SESS[0] opencl texto_len=0 (integral no JSON)
10-07 20:34:46.452 I/NpuProbe( 2214): SESS[0] opencl lifecycle: load_dst=2939ms load_src=212ms (0=WARM)
10-07 20:34:46.452 I/NpuProbe( 2214): SESS[0] opencl@bench RESULTADO: BENCH-FALHA:EOG_tok1_sem_handoff
10-07 20:34:46.452 I/NpuProbe( 2214): SESS[1] opencl bench: ok=0 cap=0 eog_tok1=1 tok1=120020 emitidos=0 consumidos=0 dec_s=0
10-07 20:34:46.452 I/NpuProbe( 2214): SESS[1] opencl tempos: prefill=1185.77ms export=0.11ms(2032789B) import=0.00ms gen=0.00ms
10-07 20:34:46.452 I/NpuProbe( 2214): SESS[1] opencl fronteiras(ms): prefdone=1186.2 tok1r=1202.8 impdone=-110622303.0 tok2r=-110622303.0 fim=1202.8 wall=1202.8 reset=4.81
10-07 20:34:46.452 I/NpuProbe( 2214): SESS[1] opencl texto_len=0 (integral no JSON)
10-07 20:34:46.452 I/NpuProbe( 2214): SESS[1] opencl lifecycle: load_dst=0ms load_src=0ms (0=WARM)
10-07 20:34:46.452 I/NpuProbe( 2214): SESS[1] opencl@bench RESULTADO: BENCH-FALHA:EOG_tok1_sem_handoff
10-07 20:34:46.452 I/NpuProbe( 2214): SESSAO(697e578): fim (2 requests)
--------- beginning of main
10-07 20:34:43.644 I/NpuProbe( 2214): [ggml] ggml_opencl: OpenCL driver: OpenCL 3.0 QUALCOMM build: 0842.41 Compiler E031.50.19.27
10-07 20:34:43.645 I/NpuProbe( 2214): [ggml] ggml_opencl: vector subgroup broadcast support: true
10-07 20:34:43.645 I/NpuProbe( 2214): [ggml] ggml_opencl: subgroup shuffle support: true
10-07 20:34:43.645 I/NpuProbe( 2214): [ggml] ggml_opencl: device FP16 support: true
10-07 20:34:43.645 I/NpuProbe( 2214): [ggml] ggml_opencl: khr dot product support: true
10-07 20:34:43.645 I/NpuProbe( 2214): [ggml] ggml_opencl: mem base addr align: 128
10-07 20:34:43.645 I/NpuProbe( 2214): [ggml] ggml_opencl: global mem size: 7555 MB
10-07 20:34:43.645 I/NpuProbe( 2214): [ggml] ggml_opencl: max mem alloc size: 2048 MB
10-07 20:34:43.645 I/NpuProbe( 2214): [ggml] ggml_opencl: device max image buffer size (pixels): 2147483648
10-07 20:34:43.645 I/NpuProbe( 2214): [ggml] ggml_opencl: device max image2d size: 16384 x 16384
10-07 20:34:43.645 I/NpuProbe( 2214): [ggml] ggml_opencl: device max workgroup size: 1024
10-07 20:34:43.645 I/NpuProbe( 2214): [ggml] ggml_opencl: SVM coarse grain buffer support: true
10-07 20:34:43.645 I/NpuProbe( 2214): [ggml] ggml_opencl: SVM fine grain buffer support: true
10-07 20:34:43.645 I/NpuProbe( 2214): [ggml] ggml_opencl: SVM fine grain system support: false
10-07 20:34:43.645 I/NpuProbe( 2214): [ggml] ggml_opencl: SVM atomics support: true
10-07 20:34:43.645 I/NpuProbe( 2214): [ggml] ggml_opencl: cl_qcom_subgroup_shuffle support: true
10-07 20:34:43.645 I/NpuProbe( 2214): [ggml] ggml_opencl: flattening quantized weights representation as struct of arrays (GGML_OPENCL_SOA_Q)
10-07 20:34:43.645 I/NpuProbe( 2214): [ggml] ggml_opencl: using kernels optimized for Adreno (GGML_OPENCL_USE_ADRENO_KERNELS)
10-07 20:34:45.056 I/NpuProbe( 2214): SESS[0] opencl bench: ok=0 cap=0 eog_tok1=1 tok1=120020 emitidos=0 consumidos=0 dec_s=0
10-07 20:34:45.056 I/NpuProbe( 2214): SESS[0] opencl tempos: prefill=1132.78ms export=0.15ms(2032789B) import=0.00ms gen=0.00ms
10-07 20:34:45.056 I/NpuProbe( 2214): SESS[0] opencl fronteiras(ms): prefdone=1133.1 tok1r=1150.9 impdone=-110621133.6 tok2r=-110621133.6 fim=1150.9 wall=1150.9 reset=5.29
10-07 20:34:45.056 I/NpuProbe( 2214): SESS[0] opencl texto_len=0 (integral no JSON)
10-07 20:34:45.056 I/NpuProbe( 2214): SESS[0] opencl lifecycle: load_dst=2939ms load_src=212ms (0=WARM)
10-07 20:34:45.056 I/NpuProbe( 2214): SESS[0] opencl@bench RESULTADO: BENCH-FALHA:EOG_tok1_sem_handoff
10-07 20:34:46.278 I/NpuProbe( 2214): SESS[1] opencl bench: ok=0 cap=0 eog_tok1=1 tok1=120020 emitidos=0 consumidos=0 dec_s=0
10-07 20:34:46.278 I/NpuProbe( 2214): SESS[1] opencl tempos: prefill=1185.77ms export=0.11ms(2032789B) import=0.00ms gen=0.00ms
10-07 20:34:46.278 I/NpuProbe( 2214): SESS[1] opencl fronteiras(ms): prefdone=1186.2 tok1r=1202.8 impdone=-110622303.0 tok2r=-110622303.0 fim=1202.8 wall=1202.8 reset=4.81
10-07 20:34:46.278 I/NpuProbe( 2214): SESS[1] opencl texto_len=0 (integral no JSON)
10-07 20:34:46.278 I/NpuProbe( 2214): SESS[1] opencl lifecycle: load_dst=0ms load_src=0ms (0=WARM)
10-07 20:34:46.278 I/NpuProbe( 2214): SESS[1] opencl@bench RESULTADO: BENCH-FALHA:EOG_tok1_sem_handoff
10-07 20:34:46.452 I/NpuProbe( 2214): SESSAO(697e578): fim (2 requests)
10-07 20:34:46.452 I/NpuProbe( 2214): SMART REPORT:
10-07 20:34:46.452 I/NpuProbe( 2214): SMART (sessao)
10-07 20:34:46.452 I/NpuProbe( 2214): 
10-07 20:34:46.452 I/NpuProbe( 2214): SMARTv2 rota='sessao' mutante=smart_eog_tok1
10-07 20:34:46.452 I/NpuProbe( 2214): SESSAO(697e578): 2 requests na mesma sessao (roles separados; JSON nativo em files/r6-sess.jsonl)
10-07 20:34:46.452 I/NpuProbe( 2214): SESS[0] opencl bench: ok=0 cap=0 eog_tok1=1 tok1=120020 emitidos=0 consumidos=0 dec_s=0
10-07 20:34:46.452 I/NpuProbe( 2214): SESS[0] opencl tempos: prefill=1132.78ms export=0.15ms(2032789B) import=0.00ms gen=0.00ms
10-07 20:34:46.452 I/NpuProbe( 2214): SESS[0] opencl fronteiras(ms): prefdone=1133.1 tok1r=1150.9 impdone=-110621133.6 tok2r=-110621133.6 fim=1150.9 wall=1150.9 reset=5.29
10-07 20:34:46.452 I/NpuProbe( 2214): SESS[0] opencl texto_len=0 (integral no JSON)
10-07 20:34:46.452 I/NpuProbe( 2214): SESS[0] opencl lifecycle: load_dst=2939ms load_src=212ms (0=WARM)
10-07 20:34:46.452 I/NpuProbe( 2214): SESS[0] opencl@bench RESULTADO: BENCH-FALHA:EOG_tok1_sem_handoff
10-07 20:34:46.452 I/NpuProbe( 2214): SESS[1] opencl bench: ok=0 cap=0 eog_tok1=1 tok1=120020 emitidos=0 consumidos=0 dec_s=0
10-07 20:34:46.452 I/NpuProbe( 2214): SESS[1] opencl tempos: prefill=1185.77ms export=0.11ms(2032789B) import=0.00ms gen=0.00ms
10-07 20:34:46.452 I/NpuProbe( 2214): SESS[1] opencl fronteiras(ms): prefdone=1186.2 tok1r=1202.8 impdone=-110622303.0 tok2r=-110622303.0 fim=1202.8 wall=1202.8 reset=4.81
10-07 20:34:46.452 I/NpuProbe( 2214): SESS[1] opencl texto_len=0 (integral no JSON)
10-07 20:34:46.452 I/NpuProbe( 2214): SESS[1] opencl lifecycle: load_dst=0ms load_src=0ms (0=WARM)
10-07 20:34:46.452 I/NpuProbe( 2214): SESS[1] opencl@bench RESULTADO: BENCH-FALHA:EOG_tok1_sem_handoff
10-07 20:34:46.452 I/NpuProbe( 2214): SESSAO(697e578): fim (2 requests)
--------- beginning of main
10-07 20:35:39.842 I/NpuProbe( 4548): nativeLibraryDir=/data/app/~~UwAXYrpu0m2enA7k1gUStw==/br.gov.sp.pcsp.npuprobe-KZZHOKsBSdj08ot2UnueQg==/lib/arm64
10-07 20:35:39.842 I/NpuProbe( 4548): libdir=/data/app/~~UwAXYrpu0m2enA7k1gUStw==/br.gov.sp.pcsp.npuprobe-KZZHOKsBSdj08ot2UnueQg==/lib/arm64
10-07 20:35:39.842 I/NpuProbe( 4548): build=llama.cpp-upstream-pkg (v11-libs) + probe R4
10-07 20:35:39.842 I/NpuProbe( 4548): controle-sistema (liblog.so)=OK
10-07 20:35:39.842 I/NpuProbe( 4548): negativo-fake (libnaoexiste_xyz.so)=FALHOU err=dlopen failed: library "libnaoexiste_xyz.so" not found
10-07 20:35:39.843 I/NpuProbe( 4548): cdsprpc-nome (libcdsprpc.so)=OK
10-07 20:35:39.843 I/NpuProbe( 4548): cdsprpc-abs (/vendor/lib64/libcdsprpc.so)=OK
10-07 20:35:39.843 I/NpuProbe( 4548): ADSP_LIBRARY_PATH=libdir (setenv)
10-07 20:35:39.844 I/NpuProbe( 4548): [ggml] ggml_vulkan: Found 1 Vulkan devices:
10-07 20:35:39.845 I/NpuProbe( 4548): [ggml] ggml_vulkan: 0 = Adreno (TM) 840 (Qualcomm Technologies Inc. Adreno Vulkan Driver) | uma: 1 | fp16: 1 | bf16: 0 | fp4: 0 | warp size: 64 | shared memory: 32768 | int dot: 0 | matrix cores: none
10-07 20:35:39.849 I/NpuProbe( 4548): [ggml] ggml_opencl: selected platform: 'QUALCOMM Snapdragon(TM)'
10-07 20:35:39.850 I/NpuProbe( 4548): [ggml] 
10-07 20:35:39.850 I/NpuProbe( 4548): ggml_opencl: device: 'QUALCOMM Adreno(TM) 840 (OpenCL 3.0 Adreno(TM) 840)'
10-07 20:35:39.850 I/NpuProbe( 4548): [ggml] ggml_opencl: default device: 'QUALCOMM Adreno(TM) 840 (OpenCL 3.0 Adreno(TM) 840)'
10-07 20:35:39.850 I/NpuProbe( 4548): [ggml] ggml-hex: Loading driver libcdsprpc.so
10-07 20:35:39.851 I/NpuProbe( 4548): [ggml] ggml-hex: Hexagon backend (experimental) : allocating new registry : ndev 1
10-07 20:35:39.851 I/NpuProbe( 4548): [ggml] ggml-hex: Hexagon Arch version v81
10-07 20:35:39.851 I/NpuProbe( 4548): [ggml] ggml-hex: HTP0 allocating new session
10-07 20:35:39.883 I/NpuProbe( 4548): [ggml] ggml-hex: HTP0 hwinfo: threads 8, hvx 8, hmx 1, vtcm 8 MB
10-07 20:35:39.883 I/NpuProbe( 4548): [ggml] ggml-hex: HTP0 new session : session-id 0 domain-id 3 uri file:///libggml-htp-v81.so?htp_iface_skel_handle_invoke&_modver=1.0&_dom=cdsp&_session=0 handle 0xb4000077d52a3580
10-07 20:35:39.886 I/NpuProbe( 4548): [ggml] ggml-hex: HTP0 op batching: n-bufs 16 n-tensors 7168 n-ops 1024 vmem 3355443200
10-07 20:35:39.892 I/NpuProbe( 4548): load_all_from_path=49ms
10-07 20:35:39.892 I/NpuProbe( 4548): [ggml] load_backend: failed to find ggml_backend_init in /data/app/~~UwAXYrpu0m2enA7k1gUStw==/br.gov.sp.pcsp.npuprobe-KZZHOKsBSdj08ot2UnueQg==/lib/arm64/libggml-hexagon.so
10-07 20:35:39.892 I/NpuProbe( 4548): load(hexagon direto)=FALHOU em 0ms
10-07 20:35:39.892 I/NpuProbe( 4548): devices=4
10-07 20:35:39.892 I/NpuProbe( 4548):   dev[0] Vulkan0 (Adreno (TM) 840)
10-07 20:35:39.892 I/NpuProbe( 4548):   dev[1] GPUOpenCL (QUALCOMM Adreno(TM) 840)
10-07 20:35:39.892 I/NpuProbe( 4548):   dev[2] HTP0 (Hexagon)
10-07 20:35:39.892 I/NpuProbe( 4548):   dev[3] CPU (CPU)
10-07 20:35:39.892 I/NpuProbe( 4548): dev_init(HTP0)=0ms -> SESSAO ABERTA
10-07 20:35:39.893 I/NpuProbe( 4548): graph_compute(MUL_MAT 64x64)=0.6ms status=0
10-07 20:35:39.893 I/NpuProbe( 4548): c[0]=128.000000 (esperado 128.0)
10-07 20:35:39.894 I/NpuProbe( 4548): RESULTADO: APP-UID OK: sessao HTP + op executado com resultado correto
10-07 20:35:39.894 I/NpuProbe( 4548): REPORT:
10-07 20:35:39.894 I/NpuProbe( 4548): libdir=/data/app/~~UwAXYrpu0m2enA7k1gUStw==/br.gov.sp.pcsp.npuprobe-KZZHOKsBSdj08ot2UnueQg==/lib/arm64
10-07 20:35:39.894 I/NpuProbe( 4548): build=llama.cpp-upstream-pkg (v11-libs) + probe R4
10-07 20:35:39.894 I/NpuProbe( 4548): controle-sistema (liblog.so)=OK
10-07 20:35:39.894 I/NpuProbe( 4548): negativo-fake (libnaoexiste_xyz.so)=FALHOU err=dlopen failed: library "libnaoexiste_xyz.so" not found
10-07 20:35:39.894 I/NpuProbe( 4548): cdsprpc-nome (libcdsprpc.so)=OK
10-07 20:35:39.894 I/NpuProbe( 4548): cdsprpc-abs (/vendor/lib64/libcdsprpc.so)=OK
10-07 20:35:39.894 I/NpuProbe( 4548): ADSP_LIBRARY_PATH=libdir (setenv)
10-07 20:35:39.894 I/NpuProbe( 4548): load_all_from_path=49ms
10-07 20:35:39.894 I/NpuProbe( 4548): load(hexagon direto)=FALHOU em 0ms
10-07 20:35:39.894 I/NpuProbe( 4548): devices=4
10-07 20:35:39.894 I/NpuProbe( 4548):   dev[0] Vulkan0 (Adreno (TM) 840)
10-07 20:35:39.894 I/NpuProbe( 4548):   dev[1] GPUOpenCL (QUALCOMM Adreno(TM) 840)
10-07 20:35:39.894 I/NpuProbe( 4548):   dev[2] HTP0 (Hexagon)
10-07 20:35:39.894 I/NpuProbe( 4548):   dev[3] CPU (CPU)
10-07 20:35:39.894 I/NpuProbe( 4548): dev_init(HTP0)=0ms -> SESSAO ABERTA
10-07 20:35:39.894 I/NpuProbe( 4548): graph_compute(MUL_MAT 64x64)=0.6ms status=0
10-07 20:35:39.894 I/NpuProbe( 4548): c[0]=128.000000 (esperado 128.0)
10-07 20:35:39.894 I/NpuProbe( 4548): RESULTADO: APP-UID OK: sessao HTP + op executado com resultado correto
10-07 20:35:39.894 I/NpuProbe( 4548): AUTO-GATILHO='smart:sessao'
10-07 20:35:39.895 I/NpuProbe( 4548): SMART iniciando rota=sessao com /data/local/tmp/hymt2_app.gguf
10-07 20:35:39.895 I/NpuProbe( 4548): SMARTv2 rota='sessao' mutante=smart_import_falha
10-07 20:35:39.896 I/NpuProbe( 4548): SESSAO(698cc91): 2 requests na mesma sessao (roles separados; JSON nativo em files/r6-sess.jsonl)
10-07 20:35:43.839 I/NpuProbe( 4548): [ggml] ggml_opencl: OpenCL driver: OpenCL 3.0 QUALCOMM build: 0842.41 Compiler E031.50.19.27
10-07 20:35:43.839 I/NpuProbe( 4548): [ggml] ggml_opencl: vector subgroup broadcast support: true
10-07 20:35:43.839 I/NpuProbe( 4548): [ggml] ggml_opencl: subgroup shuffle support: true
10-07 20:35:43.839 I/NpuProbe( 4548): [ggml] ggml_opencl: device FP16 support: true
10-07 20:35:43.839 I/NpuProbe( 4548): [ggml] ggml_opencl: khr dot product support: true
10-07 20:35:43.839 I/NpuProbe( 4548): [ggml] ggml_opencl: mem base addr align: 128
10-07 20:35:43.839 I/NpuProbe( 4548): [ggml] ggml_opencl: global mem size: 7555 MB
10-07 20:35:43.839 I/NpuProbe( 4548): [ggml] ggml_opencl: max mem alloc size: 2048 MB
10-07 20:35:43.839 I/NpuProbe( 4548): [ggml] ggml_opencl: device max image buffer size (pixels): 2147483648
10-07 20:35:43.839 I/NpuProbe( 4548): [ggml] ggml_opencl: device max image2d size: 16384 x 16384
10-07 20:35:43.839 I/NpuProbe( 4548): [ggml] ggml_opencl: device max workgroup size: 1024
10-07 20:35:43.839 I/NpuProbe( 4548): [ggml] ggml_opencl: SVM coarse grain buffer support: true
10-07 20:35:43.839 I/NpuProbe( 4548): [ggml] ggml_opencl: SVM fine grain buffer support: true
10-07 20:35:43.839 I/NpuProbe( 4548): [ggml] ggml_opencl: SVM fine grain system support: false
10-07 20:35:43.839 I/NpuProbe( 4548): [ggml] ggml_opencl: SVM atomics support: true
10-07 20:35:43.839 I/NpuProbe( 4548): [ggml] ggml_opencl: cl_qcom_subgroup_shuffle support: true
10-07 20:35:43.839 I/NpuProbe( 4548): [ggml] ggml_opencl: flattening quantized weights representation as struct of arrays (GGML_OPENCL_SOA_Q)
10-07 20:35:43.839 I/NpuProbe( 4548): [ggml] ggml_opencl: using kernels optimized for Adreno (GGML_OPENCL_USE_ADRENO_KERNELS)
10-07 20:35:45.279 I/NpuProbe( 4548): SESS[0] opencl bench: ok=0 cap=0 eog_tok1=0 tok1=33 emitidos=1 consumidos=0 dec_s=0
10-07 20:35:45.279 I/NpuProbe( 4548): SESS[0] opencl tempos: prefill=1156.38ms export=0.14ms(2032789B) import=3.38ms gen=0.00ms
10-07 20:35:45.279 I/NpuProbe( 4548): SESS[0] opencl fronteiras(ms): prefdone=1156.7 tok1r=1174.4 impdone=1177.8 tok2r=-110681327.9 fim=-110681327.9 wall=-110681327.9 reset=4.77
10-07 20:35:45.279 I/NpuProbe( 4548): SESS[0] opencl texto_len=1 (integral no JSON)
10-07 20:35:45.279 I/NpuProbe( 4548): SESS[0] opencl lifecycle: load_dst=3975ms load_src=210ms (0=WARM)
10-07 20:35:45.279 I/NpuProbe( 4548): SESS[0] opencl@bench RESULTADO: BENCH-FALHA:import_falhou
10-07 20:35:46.498 I/NpuProbe( 4548): SESS[1] opencl bench: ok=0 cap=0 eog_tok1=0 tok1=33 emitidos=1 consumidos=0 dec_s=0
10-07 20:35:46.498 I/NpuProbe( 4548): SESS[1] opencl tempos: prefill=1177.19ms export=0.15ms(2032789B) import=3.32ms gen=0.00ms
10-07 20:35:46.498 I/NpuProbe( 4548): SESS[1] opencl fronteiras(ms): prefdone=1177.6 tok1r=1195.2 impdone=1198.5 tok2r=-110682526.1 fim=-110682526.1 wall=-110682526.1 reset=4.55
10-07 20:35:46.498 I/NpuProbe( 4548): SESS[1] opencl texto_len=1 (integral no JSON)
10-07 20:35:46.498 I/NpuProbe( 4548): SESS[1] opencl lifecycle: load_dst=0ms load_src=0ms (0=WARM)
10-07 20:35:46.498 I/NpuProbe( 4548): SESS[1] opencl@bench RESULTADO: BENCH-FALHA:import_falhou
10-07 20:35:46.663 I/NpuProbe( 4548): SESSAO(698cc91): fim (2 requests)
10-07 20:35:46.663 I/NpuProbe( 4548): SMART REPORT:
10-07 20:35:46.663 I/NpuProbe( 4548): SMART (sessao)
10-07 20:35:46.663 I/NpuProbe( 4548): 
10-07 20:35:46.663 I/NpuProbe( 4548): SMARTv2 rota='sessao' mutante=smart_import_falha
10-07 20:35:46.663 I/NpuProbe( 4548): SESSAO(698cc91): 2 requests na mesma sessao (roles separados; JSON nativo em files/r6-sess.jsonl)
10-07 20:35:46.663 I/NpuProbe( 4548): SESS[0] opencl bench: ok=0 cap=0 eog_tok1=0 tok1=33 emitidos=1 consumidos=0 dec_s=0
10-07 20:35:46.663 I/NpuProbe( 4548): SESS[0] opencl tempos: prefill=1156.38ms export=0.14ms(2032789B) import=3.38ms gen=0.00ms
10-07 20:35:46.663 I/NpuProbe( 4548): SESS[0] opencl fronteiras(ms): prefdone=1156.7 tok1r=1174.4 impdone=1177.8 tok2r=-110681327.9 fim=-110681327.9 wall=-110681327.9 reset=4.77
10-07 20:35:46.663 I/NpuProbe( 4548): SESS[0] opencl texto_len=1 (integral no JSON)
10-07 20:35:46.663 I/NpuProbe( 4548): SESS[0] opencl lifecycle: load_dst=3975ms load_src=210ms (0=WARM)
10-07 20:35:46.663 I/NpuProbe( 4548): SESS[0] opencl@bench RESULTADO: BENCH-FALHA:import_falhou
10-07 20:35:46.663 I/NpuProbe( 4548): SESS[1] opencl bench: ok=0 cap=0 eog_tok1=0 tok1=33 emitidos=1 consumidos=0 dec_s=0
10-07 20:35:46.663 I/NpuProbe( 4548): SESS[1] opencl tempos: prefill=1177.19ms export=0.15ms(2032789B) import=3.32ms gen=0.00ms
10-07 20:35:46.663 I/NpuProbe( 4548): SESS[1] opencl fronteiras(ms): prefdone=1177.6 tok1r=1195.2 impdone=1198.5 tok2r=-110682526.1 fim=-110682526.1 wall=-110682526.1 reset=4.55
10-07 20:35:46.663 I/NpuProbe( 4548): SESS[1] opencl texto_len=1 (integral no JSON)
10-07 20:35:46.663 I/NpuProbe( 4548): SESS[1] opencl lifecycle: load_dst=0ms load_src=0ms (0=WARM)
10-07 20:35:46.663 I/NpuProbe( 4548): SESS[1] opencl@bench RESULTADO: BENCH-FALHA:import_falhou
10-07 20:35:46.663 I/NpuProbe( 4548): SESSAO(698cc91): fim (2 requests)
--------- beginning of main
10-07 20:35:39.842 I/NpuProbe( 4548): nativeLibraryDir=/data/app/~~UwAXYrpu0m2enA7k1gUStw==/br.gov.sp.pcsp.npuprobe-KZZHOKsBSdj08ot2UnueQg==/lib/arm64
10-07 20:35:39.842 I/NpuProbe( 4548): libdir=/data/app/~~UwAXYrpu0m2enA7k1gUStw==/br.gov.sp.pcsp.npuprobe-KZZHOKsBSdj08ot2UnueQg==/lib/arm64
10-07 20:35:39.842 I/NpuProbe( 4548): build=llama.cpp-upstream-pkg (v11-libs) + probe R4
10-07 20:35:39.842 I/NpuProbe( 4548): controle-sistema (liblog.so)=OK
10-07 20:35:39.842 I/NpuProbe( 4548): negativo-fake (libnaoexiste_xyz.so)=FALHOU err=dlopen failed: library "libnaoexiste_xyz.so" not found
10-07 20:35:39.843 I/NpuProbe( 4548): cdsprpc-nome (libcdsprpc.so)=OK
10-07 20:35:39.843 I/NpuProbe( 4548): cdsprpc-abs (/vendor/lib64/libcdsprpc.so)=OK
10-07 20:35:39.843 I/NpuProbe( 4548): ADSP_LIBRARY_PATH=libdir (setenv)
10-07 20:35:39.844 I/NpuProbe( 4548): [ggml] ggml_vulkan: Found 1 Vulkan devices:
10-07 20:35:39.845 I/NpuProbe( 4548): [ggml] ggml_vulkan: 0 = Adreno (TM) 840 (Qualcomm Technologies Inc. Adreno Vulkan Driver) | uma: 1 | fp16: 1 | bf16: 0 | fp4: 0 | warp size: 64 | shared memory: 32768 | int dot: 0 | matrix cores: none
10-07 20:35:39.849 I/NpuProbe( 4548): [ggml] ggml_opencl: selected platform: 'QUALCOMM Snapdragon(TM)'
10-07 20:35:39.850 I/NpuProbe( 4548): [ggml] 
10-07 20:35:39.850 I/NpuProbe( 4548): ggml_opencl: device: 'QUALCOMM Adreno(TM) 840 (OpenCL 3.0 Adreno(TM) 840)'
10-07 20:35:39.850 I/NpuProbe( 4548): [ggml] ggml_opencl: default device: 'QUALCOMM Adreno(TM) 840 (OpenCL 3.0 Adreno(TM) 840)'
10-07 20:35:39.850 I/NpuProbe( 4548): [ggml] ggml-hex: Loading driver libcdsprpc.so
10-07 20:35:39.851 I/NpuProbe( 4548): [ggml] ggml-hex: Hexagon backend (experimental) : allocating new registry : ndev 1
10-07 20:35:39.851 I/NpuProbe( 4548): [ggml] ggml-hex: Hexagon Arch version v81
10-07 20:35:39.851 I/NpuProbe( 4548): [ggml] ggml-hex: HTP0 allocating new session
10-07 20:35:39.883 I/NpuProbe( 4548): [ggml] ggml-hex: HTP0 hwinfo: threads 8, hvx 8, hmx 1, vtcm 8 MB
10-07 20:35:39.883 I/NpuProbe( 4548): [ggml] ggml-hex: HTP0 new session : session-id 0 domain-id 3 uri file:///libggml-htp-v81.so?htp_iface_skel_handle_invoke&_modver=1.0&_dom=cdsp&_session=0 handle 0xb4000077d52a3580
10-07 20:35:39.886 I/NpuProbe( 4548): [ggml] ggml-hex: HTP0 op batching: n-bufs 16 n-tensors 7168 n-ops 1024 vmem 3355443200
10-07 20:35:39.892 I/NpuProbe( 4548): load_all_from_path=49ms
10-07 20:35:39.892 I/NpuProbe( 4548): [ggml] load_backend: failed to find ggml_backend_init in /data/app/~~UwAXYrpu0m2enA7k1gUStw==/br.gov.sp.pcsp.npuprobe-KZZHOKsBSdj08ot2UnueQg==/lib/arm64/libggml-hexagon.so
10-07 20:35:39.892 I/NpuProbe( 4548): load(hexagon direto)=FALHOU em 0ms
10-07 20:35:39.892 I/NpuProbe( 4548): devices=4
10-07 20:35:39.892 I/NpuProbe( 4548):   dev[0] Vulkan0 (Adreno (TM) 840)
10-07 20:35:39.892 I/NpuProbe( 4548):   dev[1] GPUOpenCL (QUALCOMM Adreno(TM) 840)
10-07 20:35:39.892 I/NpuProbe( 4548):   dev[2] HTP0 (Hexagon)
10-07 20:35:39.892 I/NpuProbe( 4548):   dev[3] CPU (CPU)
10-07 20:35:39.892 I/NpuProbe( 4548): dev_init(HTP0)=0ms -> SESSAO ABERTA
10-07 20:35:39.893 I/NpuProbe( 4548): graph_compute(MUL_MAT 64x64)=0.6ms status=0
10-07 20:35:39.893 I/NpuProbe( 4548): c[0]=128.000000 (esperado 128.0)
10-07 20:35:39.894 I/NpuProbe( 4548): RESULTADO: APP-UID OK: sessao HTP + op executado com resultado correto
10-07 20:35:39.894 I/NpuProbe( 4548): REPORT:
10-07 20:35:39.894 I/NpuProbe( 4548): libdir=/data/app/~~UwAXYrpu0m2enA7k1gUStw==/br.gov.sp.pcsp.npuprobe-KZZHOKsBSdj08ot2UnueQg==/lib/arm64
10-07 20:35:39.894 I/NpuProbe( 4548): build=llama.cpp-upstream-pkg (v11-libs) + probe R4
10-07 20:35:39.894 I/NpuProbe( 4548): controle-sistema (liblog.so)=OK
10-07 20:35:39.894 I/NpuProbe( 4548): negativo-fake (libnaoexiste_xyz.so)=FALHOU err=dlopen failed: library "libnaoexiste_xyz.so" not found
10-07 20:35:39.894 I/NpuProbe( 4548): cdsprpc-nome (libcdsprpc.so)=OK
10-07 20:35:39.894 I/NpuProbe( 4548): cdsprpc-abs (/vendor/lib64/libcdsprpc.so)=OK
10-07 20:35:39.894 I/NpuProbe( 4548): ADSP_LIBRARY_PATH=libdir (setenv)
10-07 20:35:39.894 I/NpuProbe( 4548): load_all_from_path=49ms
10-07 20:35:39.894 I/NpuProbe( 4548): load(hexagon direto)=FALHOU em 0ms
10-07 20:35:39.894 I/NpuProbe( 4548): devices=4
10-07 20:35:39.894 I/NpuProbe( 4548):   dev[0] Vulkan0 (Adreno (TM) 840)
10-07 20:35:39.894 I/NpuProbe( 4548):   dev[1] GPUOpenCL (QUALCOMM Adreno(TM) 840)
10-07 20:35:39.894 I/NpuProbe( 4548):   dev[2] HTP0 (Hexagon)
10-07 20:35:39.894 I/NpuProbe( 4548):   dev[3] CPU (CPU)
10-07 20:35:39.894 I/NpuProbe( 4548): dev_init(HTP0)=0ms -> SESSAO ABERTA
10-07 20:35:39.894 I/NpuProbe( 4548): graph_compute(MUL_MAT 64x64)=0.6ms status=0
10-07 20:35:39.894 I/NpuProbe( 4548): c[0]=128.000000 (esperado 128.0)
10-07 20:35:39.894 I/NpuProbe( 4548): RESULTADO: APP-UID OK: sessao HTP + op executado com resultado correto
10-07 20:35:39.894 I/NpuProbe( 4548): AUTO-GATILHO='smart:sessao'
10-07 20:35:39.895 I/NpuProbe( 4548): SMART iniciando rota=sessao com /data/local/tmp/hymt2_app.gguf
10-07 20:35:39.895 I/NpuProbe( 4548): SMARTv2 rota='sessao' mutante=smart_import_falha
10-07 20:35:39.896 I/NpuProbe( 4548): SESSAO(698cc91): 2 requests na mesma sessao (roles separados; JSON nativo em files/r6-sess.jsonl)
10-07 20:35:43.839 I/NpuProbe( 4548): [ggml] ggml_opencl: OpenCL driver: OpenCL 3.0 QUALCOMM build: 0842.41 Compiler E031.50.19.27
10-07 20:35:43.839 I/NpuProbe( 4548): [ggml] ggml_opencl: vector subgroup broadcast support: true
10-07 20:35:43.839 I/NpuProbe( 4548): [ggml] ggml_opencl: subgroup shuffle support: true
10-07 20:35:43.839 I/NpuProbe( 4548): [ggml] ggml_opencl: device FP16 support: true
10-07 20:35:43.839 I/NpuProbe( 4548): [ggml] ggml_opencl: khr dot product support: true
10-07 20:35:43.839 I/NpuProbe( 4548): [ggml] ggml_opencl: mem base addr align: 128
10-07 20:35:43.839 I/NpuProbe( 4548): [ggml] ggml_opencl: global mem size: 7555 MB
10-07 20:35:43.839 I/NpuProbe( 4548): [ggml] ggml_opencl: max mem alloc size: 2048 MB
10-07 20:35:43.839 I/NpuProbe( 4548): [ggml] ggml_opencl: device max image buffer size (pixels): 2147483648
10-07 20:35:43.839 I/NpuProbe( 4548): [ggml] ggml_opencl: device max image2d size: 16384 x 16384
10-07 20:35:43.839 I/NpuProbe( 4548): [ggml] ggml_opencl: device max workgroup size: 1024
10-07 20:35:43.839 I/NpuProbe( 4548): [ggml] ggml_opencl: SVM coarse grain buffer support: true
10-07 20:35:43.839 I/NpuProbe( 4548): [ggml] ggml_opencl: SVM fine grain buffer support: true
10-07 20:35:43.839 I/NpuProbe( 4548): [ggml] ggml_opencl: SVM fine grain system support: false
10-07 20:35:43.839 I/NpuProbe( 4548): [ggml] ggml_opencl: SVM atomics support: true
10-07 20:35:43.839 I/NpuProbe( 4548): [ggml] ggml_opencl: cl_qcom_subgroup_shuffle support: true
10-07 20:35:43.839 I/NpuProbe( 4548): [ggml] ggml_opencl: flattening quantized weights representation as struct of arrays (GGML_OPENCL_SOA_Q)
10-07 20:35:43.839 I/NpuProbe( 4548): [ggml] ggml_opencl: using kernels optimized for Adreno (GGML_OPENCL_USE_ADRENO_KERNELS)
10-07 20:35:45.279 I/NpuProbe( 4548): SESS[0] opencl bench: ok=0 cap=0 eog_tok1=0 tok1=33 emitidos=1 consumidos=0 dec_s=0
10-07 20:35:45.279 I/NpuProbe( 4548): SESS[0] opencl tempos: prefill=1156.38ms export=0.14ms(2032789B) import=3.38ms gen=0.00ms
10-07 20:35:45.279 I/NpuProbe( 4548): SESS[0] opencl fronteiras(ms): prefdone=1156.7 tok1r=1174.4 impdone=1177.8 tok2r=-110681327.9 fim=-110681327.9 wall=-110681327.9 reset=4.77
10-07 20:35:45.279 I/NpuProbe( 4548): SESS[0] opencl texto_len=1 (integral no JSON)
10-07 20:35:45.279 I/NpuProbe( 4548): SESS[0] opencl lifecycle: load_dst=3975ms load_src=210ms (0=WARM)
10-07 20:35:45.279 I/NpuProbe( 4548): SESS[0] opencl@bench RESULTADO: BENCH-FALHA:import_falhou
10-07 20:35:46.498 I/NpuProbe( 4548): SESS[1] opencl bench: ok=0 cap=0 eog_tok1=0 tok1=33 emitidos=1 consumidos=0 dec_s=0
10-07 20:35:46.498 I/NpuProbe( 4548): SESS[1] opencl tempos: prefill=1177.19ms export=0.15ms(2032789B) import=3.32ms gen=0.00ms
10-07 20:35:46.498 I/NpuProbe( 4548): SESS[1] opencl fronteiras(ms): prefdone=1177.6 tok1r=1195.2 impdone=1198.5 tok2r=-110682526.1 fim=-110682526.1 wall=-110682526.1 reset=4.55
10-07 20:35:46.498 I/NpuProbe( 4548): SESS[1] opencl texto_len=1 (integral no JSON)
10-07 20:35:46.498 I/NpuProbe( 4548): SESS[1] opencl lifecycle: load_dst=0ms load_src=0ms (0=WARM)
10-07 20:35:46.498 I/NpuProbe( 4548): SESS[1] opencl@bench RESULTADO: BENCH-FALHA:import_falhou
10-07 20:35:46.663 I/NpuProbe( 4548): SESSAO(698cc91): fim (2 requests)
10-07 20:35:46.663 I/NpuProbe( 4548): SMART REPORT:
10-07 20:35:46.663 I/NpuProbe( 4548): SMART (sessao)
10-07 20:35:46.663 I/NpuProbe( 4548): 
10-07 20:35:46.663 I/NpuProbe( 4548): SMARTv2 rota='sessao' mutante=smart_import_falha
10-07 20:35:46.663 I/NpuProbe( 4548): SESSAO(698cc91): 2 requests na mesma sessao (roles separados; JSON nativo em files/r6-sess.jsonl)
10-07 20:35:46.663 I/NpuProbe( 4548): SESS[0] opencl bench: ok=0 cap=0 eog_tok1=0 tok1=33 emitidos=1 consumidos=0 dec_s=0
10-07 20:35:46.663 I/NpuProbe( 4548): SESS[0] opencl tempos: prefill=1156.38ms export=0.14ms(2032789B) import=3.38ms gen=0.00ms
10-07 20:35:46.663 I/NpuProbe( 4548): SESS[0] opencl fronteiras(ms): prefdone=1156.7 tok1r=1174.4 impdone=1177.8 tok2r=-110681327.9 fim=-110681327.9 wall=-110681327.9 reset=4.77
10-07 20:35:46.663 I/NpuProbe( 4548): SESS[0] opencl texto_len=1 (integral no JSON)
10-07 20:35:46.663 I/NpuProbe( 4548): SESS[0] opencl lifecycle: load_dst=3975ms load_src=210ms (0=WARM)
10-07 20:35:46.663 I/NpuProbe( 4548): SESS[0] opencl@bench RESULTADO: BENCH-FALHA:import_falhou
10-07 20:35:46.663 I/NpuProbe( 4548): SESS[1] opencl bench: ok=0 cap=0 eog_tok1=0 tok1=33 emitidos=1 consumidos=0 dec_s=0
10-07 20:35:46.663 I/NpuProbe( 4548): SESS[1] opencl tempos: prefill=1177.19ms export=0.15ms(2032789B) import=3.32ms gen=0.00ms
10-07 20:35:46.663 I/NpuProbe( 4548): SESS[1] opencl fronteiras(ms): prefdone=1177.6 tok1r=1195.2 impdone=1198.5 tok2r=-110682526.1 fim=-110682526.1 wall=-110682526.1 reset=4.55
10-07 20:35:46.663 I/NpuProbe( 4548): SESS[1] opencl texto_len=1 (integral no JSON)
10-07 20:35:46.663 I/NpuProbe( 4548): SESS[1] opencl lifecycle: load_dst=0ms load_src=0ms (0=WARM)
10-07 20:35:46.663 I/NpuProbe( 4548): SESS[1] opencl@bench RESULTADO: BENCH-FALHA:import_falhou
10-07 20:35:46.663 I/NpuProbe( 4548): SESSAO(698cc91): fim (2 requests)
--------- beginning of main
10-07 20:36:39.085 I/NpuProbe( 6950): nativeLibraryDir=/data/app/~~UwAXYrpu0m2enA7k1gUStw==/br.gov.sp.pcsp.npuprobe-KZZHOKsBSdj08ot2UnueQg==/lib/arm64
10-07 20:36:39.085 I/NpuProbe( 6950): libdir=/data/app/~~UwAXYrpu0m2enA7k1gUStw==/br.gov.sp.pcsp.npuprobe-KZZHOKsBSdj08ot2UnueQg==/lib/arm64
10-07 20:36:39.085 I/NpuProbe( 6950): build=llama.cpp-upstream-pkg (v11-libs) + probe R4
10-07 20:36:39.085 I/NpuProbe( 6950): controle-sistema (liblog.so)=OK
10-07 20:36:39.085 I/NpuProbe( 6950): negativo-fake (libnaoexiste_xyz.so)=FALHOU err=dlopen failed: library "libnaoexiste_xyz.so" not found
10-07 20:36:39.086 I/NpuProbe( 6950): cdsprpc-nome (libcdsprpc.so)=OK
10-07 20:36:39.087 I/NpuProbe( 6950): cdsprpc-abs (/vendor/lib64/libcdsprpc.so)=OK
10-07 20:36:39.087 I/NpuProbe( 6950): ADSP_LIBRARY_PATH=libdir (setenv)
10-07 20:36:39.088 I/NpuProbe( 6950): [ggml] ggml_vulkan: Found 1 Vulkan devices:
10-07 20:36:39.089 I/NpuProbe( 6950): [ggml] ggml_vulkan: 0 = Adreno (TM) 840 (Qualcomm Technologies Inc. Adreno Vulkan Driver) | uma: 1 | fp16: 1 | bf16: 0 | fp4: 0 | warp size: 64 | shared memory: 32768 | int dot: 0 | matrix cores: none
10-07 20:36:39.093 I/NpuProbe( 6950): [ggml] ggml_opencl: selected platform: 'QUALCOMM Snapdragon(TM)'
10-07 20:36:39.094 I/NpuProbe( 6950): [ggml] 
10-07 20:36:39.094 I/NpuProbe( 6950): ggml_opencl: device: 'QUALCOMM Adreno(TM) 840 (OpenCL 3.0 Adreno(TM) 840)'
10-07 20:36:39.094 I/NpuProbe( 6950): [ggml] ggml_opencl: default device: 'QUALCOMM Adreno(TM) 840 (OpenCL 3.0 Adreno(TM) 840)'
10-07 20:36:39.094 I/NpuProbe( 6950): [ggml] ggml-hex: Loading driver libcdsprpc.so
10-07 20:36:39.095 I/NpuProbe( 6950): [ggml] ggml-hex: Hexagon backend (experimental) : allocating new registry : ndev 1
10-07 20:36:39.095 I/NpuProbe( 6950): [ggml] ggml-hex: Hexagon Arch version v81
10-07 20:36:39.095 I/NpuProbe( 6950): [ggml] ggml-hex: HTP0 allocating new session
10-07 20:36:39.125 I/NpuProbe( 6950): [ggml] ggml-hex: HTP0 hwinfo: threads 8, hvx 8, hmx 1, vtcm 8 MB
10-07 20:36:39.126 I/NpuProbe( 6950): [ggml] ggml-hex: HTP0 new session : session-id 0 domain-id 3 uri file:///libggml-htp-v81.so?htp_iface_skel_handle_invoke&_modver=1.0&_dom=cdsp&_session=0 handle 0xb4000077c5efe340
10-07 20:36:39.129 I/NpuProbe( 6950): [ggml] ggml-hex: HTP0 op batching: n-bufs 16 n-tensors 7168 n-ops 1024 vmem 3355443200
10-07 20:36:39.135 I/NpuProbe( 6950): load_all_from_path=48ms
10-07 20:36:39.135 I/NpuProbe( 6950): [ggml] load_backend: failed to find ggml_backend_init in /data/app/~~UwAXYrpu0m2enA7k1gUStw==/br.gov.sp.pcsp.npuprobe-KZZHOKsBSdj08ot2UnueQg==/lib/arm64/libggml-hexagon.so
10-07 20:36:39.135 I/NpuProbe( 6950): load(hexagon direto)=FALHOU em 0ms
10-07 20:36:39.135 I/NpuProbe( 6950): devices=4
10-07 20:36:39.135 I/NpuProbe( 6950):   dev[0] Vulkan0 (Adreno (TM) 840)
10-07 20:36:39.135 I/NpuProbe( 6950):   dev[1] GPUOpenCL (QUALCOMM Adreno(TM) 840)
10-07 20:36:39.135 I/NpuProbe( 6950):   dev[2] HTP0 (Hexagon)
10-07 20:36:39.135 I/NpuProbe( 6950):   dev[3] CPU (CPU)
10-07 20:36:39.135 I/NpuProbe( 6950): dev_init(HTP0)=0ms -> SESSAO ABERTA
10-07 20:36:39.137 I/NpuProbe( 6950): graph_compute(MUL_MAT 64x64)=0.6ms status=0
10-07 20:36:39.137 I/NpuProbe( 6950): c[0]=128.000000 (esperado 128.0)
10-07 20:36:39.137 I/NpuProbe( 6950): RESULTADO: APP-UID OK: sessao HTP + op executado com resultado correto
10-07 20:36:39.137 I/NpuProbe( 6950): REPORT:
10-07 20:36:39.137 I/NpuProbe( 6950): libdir=/data/app/~~UwAXYrpu0m2enA7k1gUStw==/br.gov.sp.pcsp.npuprobe-KZZHOKsBSdj08ot2UnueQg==/lib/arm64
10-07 20:36:39.137 I/NpuProbe( 6950): build=llama.cpp-upstream-pkg (v11-libs) + probe R4
10-07 20:36:39.137 I/NpuProbe( 6950): controle-sistema (liblog.so)=OK
10-07 20:36:39.137 I/NpuProbe( 6950): negativo-fake (libnaoexiste_xyz.so)=FALHOU err=dlopen failed: library "libnaoexiste_xyz.so" not found
10-07 20:36:39.137 I/NpuProbe( 6950): cdsprpc-nome (libcdsprpc.so)=OK
10-07 20:36:39.137 I/NpuProbe( 6950): cdsprpc-abs (/vendor/lib64/libcdsprpc.so)=OK
10-07 20:36:39.137 I/NpuProbe( 6950): ADSP_LIBRARY_PATH=libdir (setenv)
10-07 20:36:39.137 I/NpuProbe( 6950): load_all_from_path=48ms
10-07 20:36:39.137 I/NpuProbe( 6950): load(hexagon direto)=FALHOU em 0ms
10-07 20:36:39.137 I/NpuProbe( 6950): devices=4
10-07 20:36:39.137 I/NpuProbe( 6950):   dev[0] Vulkan0 (Adreno (TM) 840)
10-07 20:36:39.137 I/NpuProbe( 6950):   dev[1] GPUOpenCL (QUALCOMM Adreno(TM) 840)
10-07 20:36:39.137 I/NpuProbe( 6950):   dev[2] HTP0 (Hexagon)
10-07 20:36:39.137 I/NpuProbe( 6950):   dev[3] CPU (CPU)
10-07 20:36:39.137 I/NpuProbe( 6950): dev_init(HTP0)=0ms -> SESSAO ABERTA
10-07 20:36:39.137 I/NpuProbe( 6950): graph_compute(MUL_MAT 64x64)=0.6ms status=0
10-07 20:36:39.137 I/NpuProbe( 6950): c[0]=128.000000 (esperado 128.0)
10-07 20:36:39.137 I/NpuProbe( 6950): RESULTADO: APP-UID OK: sessao HTP + op executado com resultado correto
10-07 20:36:39.138 I/NpuProbe( 6950): AUTO-GATILHO='smart:sessao'
10-07 20:36:39.138 I/NpuProbe( 6950): SMART iniciando rota=sessao com /data/local/tmp/hymt2_app.gguf
10-07 20:36:39.138 I/NpuProbe( 6950): SMARTv2 rota='sessao' mutante=smart_bench_origem_extra
10-07 20:36:39.140 I/NpuProbe( 6950): SESSAO(699b3fe): 2 requests na mesma sessao (roles separados; JSON nativo em files/r6-sess.jsonl)
10-07 20:36:43.089 I/NpuProbe( 6950): [ggml] ggml_opencl: OpenCL driver: OpenCL 3.0 QUALCOMM build: 0842.41 Compiler E031.50.19.27
10-07 20:36:43.089 I/NpuProbe( 6950): [ggml] ggml_opencl: vector subgroup broadcast support: true
10-07 20:36:43.089 I/NpuProbe( 6950): [ggml] ggml_opencl: subgroup shuffle support: true
10-07 20:36:43.089 I/NpuProbe( 6950): [ggml] ggml_opencl: device FP16 support: true
10-07 20:36:43.089 I/NpuProbe( 6950): [ggml] ggml_opencl: khr dot product support: true
10-07 20:36:43.089 I/NpuProbe( 6950): [ggml] ggml_opencl: mem base addr align: 128
10-07 20:36:43.089 I/NpuProbe( 6950): [ggml] ggml_opencl: global mem size: 7555 MB
10-07 20:36:43.089 I/NpuProbe( 6950): [ggml] ggml_opencl: max mem alloc size: 2048 MB
10-07 20:36:43.089 I/NpuProbe( 6950): [ggml] ggml_opencl: device max image buffer size (pixels): 2147483648
10-07 20:36:43.089 I/NpuProbe( 6950): [ggml] ggml_opencl: device max image2d size: 16384 x 16384
10-07 20:36:43.089 I/NpuProbe( 6950): [ggml] ggml_opencl: device max workgroup size: 1024
10-07 20:36:43.089 I/NpuProbe( 6950): [ggml] ggml_opencl: SVM coarse grain buffer support: true
10-07 20:36:43.089 I/NpuProbe( 6950): [ggml] ggml_opencl: SVM fine grain buffer support: true
10-07 20:36:43.089 I/NpuProbe( 6950): [ggml] ggml_opencl: SVM fine grain system support: false
10-07 20:36:43.089 I/NpuProbe( 6950): [ggml] ggml_opencl: SVM atomics support: true
10-07 20:36:43.089 I/NpuProbe( 6950): [ggml] ggml_opencl: cl_qcom_subgroup_shuffle support: true
10-07 20:36:43.089 I/NpuProbe( 6950): [ggml] ggml_opencl: flattening quantized weights representation as struct of arrays (GGML_OPENCL_SOA_Q)
10-07 20:36:43.089 I/NpuProbe( 6950): [ggml] ggml_opencl: using kernels optimized for Adreno (GGML_OPENCL_USE_ADRENO_KERNELS)
10-07 20:36:44.530 I/NpuProbe( 6950): [ggml] ggml_opencl: lazy-compiling flash_attn prepass for DK=128 DV=128
10-07 20:36:44.530 I/NpuProbe( 6950): [ggml] ggml_opencl: compiling fa prepass f16
10-07 20:36:44.601 I/NpuProbe( 6950): [ggml] ggml_opencl: compiling fa f32_f16
10-07 20:36:45.608 I/NpuProbe( 6950): [ggml] ggml_opencl: flash_attn_f32_f16_q1_vec_mq_split_c8 DK=128 DV=128 per-kernel max 128 < required 256; skipping registration (will fall back)
10-07 20:36:45.608 I/NpuProbe( 6950): [ggml] ggml_opencl: compiling fa f32_f16 MQ_GQA=8
10-07 20:36:46.103 I/NpuProbe( 6950): [ggml] ggml_opencl: flash_attn_f32_f16_q1_vec_mq_split_c8 (g8) DK=128 DV=128 per-kernel max 128 < required 192; skipping registration (will fall back)
10-07 20:36:46.103 I/NpuProbe( 6950): [ggml] ggml_opencl: compiling fa f32_f16 c8 NSG2
--------- beginning of main
10-07 20:36:39.085 I/NpuProbe( 6950): nativeLibraryDir=/data/app/~~UwAXYrpu0m2enA7k1gUStw==/br.gov.sp.pcsp.npuprobe-KZZHOKsBSdj08ot2UnueQg==/lib/arm64
10-07 20:36:39.085 I/NpuProbe( 6950): libdir=/data/app/~~UwAXYrpu0m2enA7k1gUStw==/br.gov.sp.pcsp.npuprobe-KZZHOKsBSdj08ot2UnueQg==/lib/arm64
10-07 20:36:39.085 I/NpuProbe( 6950): build=llama.cpp-upstream-pkg (v11-libs) + probe R4
10-07 20:36:39.085 I/NpuProbe( 6950): controle-sistema (liblog.so)=OK
10-07 20:36:39.085 I/NpuProbe( 6950): negativo-fake (libnaoexiste_xyz.so)=FALHOU err=dlopen failed: library "libnaoexiste_xyz.so" not found
10-07 20:36:39.086 I/NpuProbe( 6950): cdsprpc-nome (libcdsprpc.so)=OK
10-07 20:36:39.087 I/NpuProbe( 6950): cdsprpc-abs (/vendor/lib64/libcdsprpc.so)=OK
10-07 20:36:39.087 I/NpuProbe( 6950): ADSP_LIBRARY_PATH=libdir (setenv)
10-07 20:36:39.088 I/NpuProbe( 6950): [ggml] ggml_vulkan: Found 1 Vulkan devices:
10-07 20:36:39.089 I/NpuProbe( 6950): [ggml] ggml_vulkan: 0 = Adreno (TM) 840 (Qualcomm Technologies Inc. Adreno Vulkan Driver) | uma: 1 | fp16: 1 | bf16: 0 | fp4: 0 | warp size: 64 | shared memory: 32768 | int dot: 0 | matrix cores: none
10-07 20:36:39.093 I/NpuProbe( 6950): [ggml] ggml_opencl: selected platform: 'QUALCOMM Snapdragon(TM)'
10-07 20:36:39.094 I/NpuProbe( 6950): [ggml] 
10-07 20:36:39.094 I/NpuProbe( 6950): ggml_opencl: device: 'QUALCOMM Adreno(TM) 840 (OpenCL 3.0 Adreno(TM) 840)'
10-07 20:36:39.094 I/NpuProbe( 6950): [ggml] ggml_opencl: default device: 'QUALCOMM Adreno(TM) 840 (OpenCL 3.0 Adreno(TM) 840)'
10-07 20:36:39.094 I/NpuProbe( 6950): [ggml] ggml-hex: Loading driver libcdsprpc.so
10-07 20:36:39.095 I/NpuProbe( 6950): [ggml] ggml-hex: Hexagon backend (experimental) : allocating new registry : ndev 1
10-07 20:36:39.095 I/NpuProbe( 6950): [ggml] ggml-hex: Hexagon Arch version v81
10-07 20:36:39.095 I/NpuProbe( 6950): [ggml] ggml-hex: HTP0 allocating new session
10-07 20:36:39.125 I/NpuProbe( 6950): [ggml] ggml-hex: HTP0 hwinfo: threads 8, hvx 8, hmx 1, vtcm 8 MB
10-07 20:36:39.126 I/NpuProbe( 6950): [ggml] ggml-hex: HTP0 new session : session-id 0 domain-id 3 uri file:///libggml-htp-v81.so?htp_iface_skel_handle_invoke&_modver=1.0&_dom=cdsp&_session=0 handle 0xb4000077c5efe340
10-07 20:36:39.129 I/NpuProbe( 6950): [ggml] ggml-hex: HTP0 op batching: n-bufs 16 n-tensors 7168 n-ops 1024 vmem 3355443200
10-07 20:36:39.135 I/NpuProbe( 6950): load_all_from_path=48ms
10-07 20:36:39.135 I/NpuProbe( 6950): [ggml] load_backend: failed to find ggml_backend_init in /data/app/~~UwAXYrpu0m2enA7k1gUStw==/br.gov.sp.pcsp.npuprobe-KZZHOKsBSdj08ot2UnueQg==/lib/arm64/libggml-hexagon.so
10-07 20:36:39.135 I/NpuProbe( 6950): load(hexagon direto)=FALHOU em 0ms
10-07 20:36:39.135 I/NpuProbe( 6950): devices=4
10-07 20:36:39.135 I/NpuProbe( 6950):   dev[0] Vulkan0 (Adreno (TM) 840)
10-07 20:36:39.135 I/NpuProbe( 6950):   dev[1] GPUOpenCL (QUALCOMM Adreno(TM) 840)
10-07 20:36:39.135 I/NpuProbe( 6950):   dev[2] HTP0 (Hexagon)
10-07 20:36:39.135 I/NpuProbe( 6950):   dev[3] CPU (CPU)
10-07 20:36:39.135 I/NpuProbe( 6950): dev_init(HTP0)=0ms -> SESSAO ABERTA
10-07 20:36:39.137 I/NpuProbe( 6950): graph_compute(MUL_MAT 64x64)=0.6ms status=0
10-07 20:36:39.137 I/NpuProbe( 6950): c[0]=128.000000 (esperado 128.0)
10-07 20:36:39.137 I/NpuProbe( 6950): RESULTADO: APP-UID OK: sessao HTP + op executado com resultado correto
10-07 20:36:39.137 I/NpuProbe( 6950): REPORT:
10-07 20:36:39.137 I/NpuProbe( 6950): libdir=/data/app/~~UwAXYrpu0m2enA7k1gUStw==/br.gov.sp.pcsp.npuprobe-KZZHOKsBSdj08ot2UnueQg==/lib/arm64
10-07 20:36:39.137 I/NpuProbe( 6950): build=llama.cpp-upstream-pkg (v11-libs) + probe R4
10-07 20:36:39.137 I/NpuProbe( 6950): controle-sistema (liblog.so)=OK
10-07 20:36:39.137 I/NpuProbe( 6950): negativo-fake (libnaoexiste_xyz.so)=FALHOU err=dlopen failed: library "libnaoexiste_xyz.so" not found
10-07 20:36:39.137 I/NpuProbe( 6950): cdsprpc-nome (libcdsprpc.so)=OK
10-07 20:36:39.137 I/NpuProbe( 6950): cdsprpc-abs (/vendor/lib64/libcdsprpc.so)=OK
10-07 20:36:39.137 I/NpuProbe( 6950): ADSP_LIBRARY_PATH=libdir (setenv)
10-07 20:36:39.137 I/NpuProbe( 6950): load_all_from_path=48ms
10-07 20:36:39.137 I/NpuProbe( 6950): load(hexagon direto)=FALHOU em 0ms
10-07 20:36:39.137 I/NpuProbe( 6950): devices=4
10-07 20:36:39.137 I/NpuProbe( 6950):   dev[0] Vulkan0 (Adreno (TM) 840)
10-07 20:36:39.137 I/NpuProbe( 6950):   dev[1] GPUOpenCL (QUALCOMM Adreno(TM) 840)
10-07 20:36:39.137 I/NpuProbe( 6950):   dev[2] HTP0 (Hexagon)
10-07 20:36:39.137 I/NpuProbe( 6950):   dev[3] CPU (CPU)
10-07 20:36:39.137 I/NpuProbe( 6950): dev_init(HTP0)=0ms -> SESSAO ABERTA
10-07 20:36:39.137 I/NpuProbe( 6950): graph_compute(MUL_MAT 64x64)=0.6ms status=0
10-07 20:36:39.137 I/NpuProbe( 6950): c[0]=128.000000 (esperado 128.0)
10-07 20:36:39.137 I/NpuProbe( 6950): RESULTADO: APP-UID OK: sessao HTP + op executado com resultado correto
10-07 20:36:39.138 I/NpuProbe( 6950): AUTO-GATILHO='smart:sessao'
10-07 20:36:39.138 I/NpuProbe( 6950): SMART iniciando rota=sessao com /data/local/tmp/hymt2_app.gguf
10-07 20:36:39.138 I/NpuProbe( 6950): SMARTv2 rota='sessao' mutante=smart_bench_origem_extra
10-07 20:36:39.140 I/NpuProbe( 6950): SESSAO(699b3fe): 2 requests na mesma sessao (roles separados; JSON nativo em files/r6-sess.jsonl)
10-07 20:36:43.089 I/NpuProbe( 6950): [ggml] ggml_opencl: OpenCL driver: OpenCL 3.0 QUALCOMM build: 0842.41 Compiler E031.50.19.27
10-07 20:36:43.089 I/NpuProbe( 6950): [ggml] ggml_opencl: vector subgroup broadcast support: true
10-07 20:36:43.089 I/NpuProbe( 6950): [ggml] ggml_opencl: subgroup shuffle support: true
10-07 20:36:43.089 I/NpuProbe( 6950): [ggml] ggml_opencl: device FP16 support: true
10-07 20:36:43.089 I/NpuProbe( 6950): [ggml] ggml_opencl: khr dot product support: true
10-07 20:36:43.089 I/NpuProbe( 6950): [ggml] ggml_opencl: mem base addr align: 128
10-07 20:36:43.089 I/NpuProbe( 6950): [ggml] ggml_opencl: global mem size: 7555 MB
10-07 20:36:43.089 I/NpuProbe( 6950): [ggml] ggml_opencl: max mem alloc size: 2048 MB
10-07 20:36:43.089 I/NpuProbe( 6950): [ggml] ggml_opencl: device max image buffer size (pixels): 2147483648
10-07 20:36:43.089 I/NpuProbe( 6950): [ggml] ggml_opencl: device max image2d size: 16384 x 16384
10-07 20:36:43.089 I/NpuProbe( 6950): [ggml] ggml_opencl: device max workgroup size: 1024
10-07 20:36:43.089 I/NpuProbe( 6950): [ggml] ggml_opencl: SVM coarse grain buffer support: true
10-07 20:36:43.089 I/NpuProbe( 6950): [ggml] ggml_opencl: SVM fine grain buffer support: true
10-07 20:36:43.089 I/NpuProbe( 6950): [ggml] ggml_opencl: SVM fine grain system support: false
10-07 20:36:43.089 I/NpuProbe( 6950): [ggml] ggml_opencl: SVM atomics support: true
10-07 20:36:43.089 I/NpuProbe( 6950): [ggml] ggml_opencl: cl_qcom_subgroup_shuffle support: true
10-07 20:36:43.089 I/NpuProbe( 6950): [ggml] ggml_opencl: flattening quantized weights representation as struct of arrays (GGML_OPENCL_SOA_Q)
10-07 20:36:43.089 I/NpuProbe( 6950): [ggml] ggml_opencl: using kernels optimized for Adreno (GGML_OPENCL_USE_ADRENO_KERNELS)
10-07 20:36:44.530 I/NpuProbe( 6950): [ggml] ggml_opencl: lazy-compiling flash_attn prepass for DK=128 DV=128
10-07 20:36:44.530 I/NpuProbe( 6950): [ggml] ggml_opencl: compiling fa prepass f16
10-07 20:36:44.601 I/NpuProbe( 6950): [ggml] ggml_opencl: compiling fa f32_f16
10-07 20:36:45.608 I/NpuProbe( 6950): [ggml] ggml_opencl: flash_attn_f32_f16_q1_vec_mq_split_c8 DK=128 DV=128 per-kernel max 128 < required 256; skipping registration (will fall back)
10-07 20:36:45.608 I/NpuProbe( 6950): [ggml] ggml_opencl: compiling fa f32_f16 MQ_GQA=8
10-07 20:36:46.103 I/NpuProbe( 6950): [ggml] ggml_opencl: flash_attn_f32_f16_q1_vec_mq_split_c8 (g8) DK=128 DV=128 per-kernel max 128 < required 192; skipping registration (will fall back)
10-07 20:36:46.103 I/NpuProbe( 6950): [ggml] ggml_opencl: compiling fa f32_f16 c8 NSG2
10-07 20:36:46.434 I/NpuProbe( 6950): [ggml] ggml_opencl: compiling fa f32_f16 c8 g8 NSG2
10-07 20:36:46.925 I/NpuProbe( 6950): [ggml] ggml_opencl: compiling fa f32_f16 split
10-07 20:36:47.953 I/NpuProbe( 6950): SESS[0] opencl bench: ok=0 cap=0 eog_tok1=0 tok1=33 emitidos=1 consumidos=1 dec_s=1
10-07 20:36:47.953 I/NpuProbe( 6950): SESS[0] opencl tempos: prefill=1161.76ms export=0.15ms(2032789B) import=3.42ms gen=0.00ms
10-07 20:36:47.953 I/NpuProbe( 6950): SESS[0] opencl fronteiras(ms): prefdone=1162.1 tok1r=1179.2 impdone=1182.6 tok2r=4381.4 fim=4586.8 wall=4586.8 reset=5.19
10-07 20:36:47.953 I/NpuProbe( 6950): SESS[0] opencl texto_len=1 (integral no JSON)
10-07 20:36:47.953 I/NpuProbe( 6950): SESS[0] opencl lifecycle: load_dst=3983ms load_src=217ms (0=WARM)
10-07 20:36:47.953 I/NpuProbe( 6950): SESS[0] opencl@bench RESULTADO: BENCH-FALHA:origem_decodificou
10-07 20:36:49.488 I/NpuProbe( 6950): SESS[1] opencl bench: ok=0 cap=0 eog_tok1=0 tok1=33 emitidos=1 consumidos=1 dec_s=1
10-07 20:36:49.488 I/NpuProbe( 6950): SESS[1] opencl tempos: prefill=1238.92ms export=0.11ms(2032789B) import=3.45ms gen=0.00ms
10-07 20:36:49.488 I/NpuProbe( 6950): SESS[1] opencl fronteiras(ms): prefdone=1239.4 tok1r=1254.9 impdone=1258.3 tok2r=1290.6 fim=1505.9 wall=1505.9 reset=4.79
10-07 20:36:49.488 I/NpuProbe( 6950): SESS[1] opencl texto_len=1 (integral no JSON)
10-07 20:36:49.488 I/NpuProbe( 6950): SESS[1] opencl lifecycle: load_dst=0ms load_src=0ms (0=WARM)
10-07 20:36:49.488 I/NpuProbe( 6950): SESS[1] opencl@bench RESULTADO: BENCH-FALHA:origem_decodificou
10-07 20:36:49.639 I/NpuProbe( 6950): SESSAO(699b3fe): fim (2 requests)
10-07 20:36:49.639 I/NpuProbe( 6950): SMART REPORT:
10-07 20:36:49.639 I/NpuProbe( 6950): SMART (sessao)
10-07 20:36:49.639 I/NpuProbe( 6950): 
10-07 20:36:49.639 I/NpuProbe( 6950): SMARTv2 rota='sessao' mutante=smart_bench_origem_extra
10-07 20:36:49.639 I/NpuProbe( 6950): SESSAO(699b3fe): 2 requests na mesma sessao (roles separados; JSON nativo em files/r6-sess.jsonl)
10-07 20:36:49.639 I/NpuProbe( 6950): SESS[0] opencl bench: ok=0 cap=0 eog_tok1=0 tok1=33 emitidos=1 consumidos=1 dec_s=1
10-07 20:36:49.639 I/NpuProbe( 6950): SESS[0] opencl tempos: prefill=1161.76ms export=0.15ms(2032789B) import=3.42ms gen=0.00ms
10-07 20:36:49.639 I/NpuProbe( 6950): SESS[0] opencl fronteiras(ms): prefdone=1162.1 tok1r=1179.2 impdone=1182.6 tok2r=4381.4 fim=4586.8 wall=4586.8 reset=5.19
10-07 20:36:49.639 I/NpuProbe( 6950): SESS[0] opencl texto_len=1 (integral no JSON)
10-07 20:36:49.639 I/NpuProbe( 6950): SESS[0] opencl lifecycle: load_dst=3983ms load_src=217ms (0=WARM)
10-07 20:36:49.639 I/NpuProbe( 6950): SESS[0] opencl@bench RESULTADO: BENCH-FALHA:origem_decodificou
10-07 20:36:49.639 I/NpuProbe( 6950): SESS[1] opencl bench: ok=0 cap=0 eog_tok1=0 tok1=33 emitidos=1 consumidos=1 dec_s=1
10-07 20:36:49.639 I/NpuProbe( 6950): SESS[1] opencl tempos: prefill=1238.92ms export=0.11ms(2032789B) import=3.45ms gen=0.00ms
10-07 20:36:49.639 I/NpuProbe( 6950): SESS[1] opencl fronteiras(ms): prefdone=1239.4 tok1r=1254.9 impdone=1258.3 tok2r=1290.6 fim=1505.9 wall=1505.9 reset=4.79
10-07 20:36:49.639 I/NpuProbe( 6950): SESS[1] opencl texto_len=1 (integral no JSON)
10-07 20:36:49.639 I/NpuProbe( 6950): SESS[1] opencl lifecycle: load_dst=0ms load_src=0ms (0=WARM)
10-07 20:36:49.639 I/NpuProbe( 6950): SESS[1] opencl@bench RESULTADO: BENCH-FALHA:origem_decodificou
10-07 20:36:49.639 I/NpuProbe( 6950): SESSAO(699b3fe): fim (2 requests)
--------- beginning of main
10-07 20:37:38.441 I/NpuProbe(10350): nativeLibraryDir=/data/app/~~UwAXYrpu0m2enA7k1gUStw==/br.gov.sp.pcsp.npuprobe-KZZHOKsBSdj08ot2UnueQg==/lib/arm64
10-07 20:37:38.441 I/NpuProbe(10350): libdir=/data/app/~~UwAXYrpu0m2enA7k1gUStw==/br.gov.sp.pcsp.npuprobe-KZZHOKsBSdj08ot2UnueQg==/lib/arm64
10-07 20:37:38.441 I/NpuProbe(10350): build=llama.cpp-upstream-pkg (v11-libs) + probe R4
10-07 20:37:38.441 I/NpuProbe(10350): controle-sistema (liblog.so)=OK
10-07 20:37:38.442 I/NpuProbe(10350): negativo-fake (libnaoexiste_xyz.so)=FALHOU err=dlopen failed: library "libnaoexiste_xyz.so" not found
10-07 20:37:38.442 I/NpuProbe(10350): cdsprpc-nome (libcdsprpc.so)=OK
10-07 20:37:38.443 I/NpuProbe(10350): cdsprpc-abs (/vendor/lib64/libcdsprpc.so)=OK
10-07 20:37:38.443 I/NpuProbe(10350): ADSP_LIBRARY_PATH=libdir (setenv)
10-07 20:37:38.444 I/NpuProbe(10350): [ggml] ggml_vulkan: Found 1 Vulkan devices:
10-07 20:37:38.444 I/NpuProbe(10350): [ggml] ggml_vulkan: 0 = Adreno (TM) 840 (Qualcomm Technologies Inc. Adreno Vulkan Driver) | uma: 1 | fp16: 1 | bf16: 0 | fp4: 0 | warp size: 64 | shared memory: 32768 | int dot: 0 | matrix cores: none
10-07 20:37:38.449 I/NpuProbe(10350): [ggml] ggml_opencl: selected platform: 'QUALCOMM Snapdragon(TM)'
10-07 20:37:38.450 I/NpuProbe(10350): [ggml] 
10-07 20:37:38.450 I/NpuProbe(10350): ggml_opencl: device: 'QUALCOMM Adreno(TM) 840 (OpenCL 3.0 Adreno(TM) 840)'
10-07 20:37:38.450 I/NpuProbe(10350): [ggml] ggml_opencl: default device: 'QUALCOMM Adreno(TM) 840 (OpenCL 3.0 Adreno(TM) 840)'
10-07 20:37:38.450 I/NpuProbe(10350): [ggml] ggml-hex: Loading driver libcdsprpc.so
10-07 20:37:38.451 I/NpuProbe(10350): [ggml] ggml-hex: Hexagon backend (experimental) : allocating new registry : ndev 1
10-07 20:37:38.451 I/NpuProbe(10350): [ggml] ggml-hex: Hexagon Arch version v81
10-07 20:37:38.451 I/NpuProbe(10350): [ggml] ggml-hex: HTP0 allocating new session
10-07 20:37:38.484 I/NpuProbe(10350): [ggml] ggml-hex: HTP0 hwinfo: threads 8, hvx 8, hmx 1, vtcm 8 MB
10-07 20:37:38.484 I/NpuProbe(10350): [ggml] ggml-hex: HTP0 new session : session-id 0 domain-id 3 uri file:///libggml-htp-v81.so?htp_iface_skel_handle_invoke&_modver=1.0&_dom=cdsp&_session=0 handle 0xb4000077c5f71540
10-07 20:37:38.488 I/NpuProbe(10350): [ggml] ggml-hex: HTP0 op batching: n-bufs 16 n-tensors 7168 n-ops 1024 vmem 3355443200
10-07 20:37:38.494 I/NpuProbe(10350): load_all_from_path=51ms
10-07 20:37:38.494 I/NpuProbe(10350): [ggml] load_backend: failed to find ggml_backend_init in /data/app/~~UwAXYrpu0m2enA7k1gUStw==/br.gov.sp.pcsp.npuprobe-KZZHOKsBSdj08ot2UnueQg==/lib/arm64/libggml-hexagon.so
10-07 20:37:38.494 I/NpuProbe(10350): load(hexagon direto)=FALHOU em 0ms
10-07 20:37:38.494 I/NpuProbe(10350): devices=4
10-07 20:37:38.494 I/NpuProbe(10350):   dev[0] Vulkan0 (Adreno (TM) 840)
10-07 20:37:38.494 I/NpuProbe(10350):   dev[1] GPUOpenCL (QUALCOMM Adreno(TM) 840)
10-07 20:37:38.494 I/NpuProbe(10350):   dev[2] HTP0 (Hexagon)
10-07 20:37:38.494 I/NpuProbe(10350):   dev[3] CPU (CPU)
10-07 20:37:38.494 I/NpuProbe(10350): dev_init(HTP0)=0ms -> SESSAO ABERTA
10-07 20:37:38.495 I/NpuProbe(10350): graph_compute(MUL_MAT 64x64)=0.6ms status=0
10-07 20:37:38.495 I/NpuProbe(10350): c[0]=128.000000 (esperado 128.0)
10-07 20:37:38.495 I/NpuProbe(10350): RESULTADO: APP-UID OK: sessao HTP + op executado com resultado correto
10-07 20:37:38.496 I/NpuProbe(10350): REPORT:
10-07 20:37:38.496 I/NpuProbe(10350): libdir=/data/app/~~UwAXYrpu0m2enA7k1gUStw==/br.gov.sp.pcsp.npuprobe-KZZHOKsBSdj08ot2UnueQg==/lib/arm64
10-07 20:37:38.496 I/NpuProbe(10350): build=llama.cpp-upstream-pkg (v11-libs) + probe R4
10-07 20:37:38.496 I/NpuProbe(10350): controle-sistema (liblog.so)=OK
10-07 20:37:38.496 I/NpuProbe(10350): negativo-fake (libnaoexiste_xyz.so)=FALHOU err=dlopen failed: library "libnaoexiste_xyz.so" not found
10-07 20:37:38.496 I/NpuProbe(10350): cdsprpc-nome (libcdsprpc.so)=OK
10-07 20:37:38.496 I/NpuProbe(10350): cdsprpc-abs (/vendor/lib64/libcdsprpc.so)=OK
10-07 20:37:38.496 I/NpuProbe(10350): ADSP_LIBRARY_PATH=libdir (setenv)
10-07 20:37:38.496 I/NpuProbe(10350): load_all_from_path=51ms
10-07 20:37:38.496 I/NpuProbe(10350): load(hexagon direto)=FALHOU em 0ms
10-07 20:37:38.496 I/NpuProbe(10350): devices=4
10-07 20:37:38.496 I/NpuProbe(10350):   dev[0] Vulkan0 (Adreno (TM) 840)
10-07 20:37:38.496 I/NpuProbe(10350):   dev[1] GPUOpenCL (QUALCOMM Adreno(TM) 840)
10-07 20:37:38.496 I/NpuProbe(10350):   dev[2] HTP0 (Hexagon)
10-07 20:37:38.496 I/NpuProbe(10350):   dev[3] CPU (CPU)
10-07 20:37:38.496 I/NpuProbe(10350): dev_init(HTP0)=0ms -> SESSAO ABERTA
10-07 20:37:38.496 I/NpuProbe(10350): graph_compute(MUL_MAT 64x64)=0.6ms status=0
10-07 20:37:38.496 I/NpuProbe(10350): c[0]=128.000000 (esperado 128.0)
10-07 20:37:38.496 I/NpuProbe(10350): RESULTADO: APP-UID OK: sessao HTP + op executado com resultado correto
10-07 20:37:38.496 I/NpuProbe(10350): AUTO-GATILHO='smart:sessao'
10-07 20:37:38.497 I/NpuProbe(10350): SMART iniciando rota=sessao com /data/local/tmp/hymt2_app.gguf
10-07 20:37:38.497 I/NpuProbe(10350): SMARTv2 rota='sessao' mutante=(none)
10-07 20:37:38.498 I/NpuProbe(10350): SESSAO(69a9bdc): 2 requests na mesma sessao (roles separados; JSON nativo em files/r6-sess.jsonl)
--------- beginning of main
10-07 20:37:38.441 I/NpuProbe(10350): nativeLibraryDir=/data/app/~~UwAXYrpu0m2enA7k1gUStw==/br.gov.sp.pcsp.npuprobe-KZZHOKsBSdj08ot2UnueQg==/lib/arm64
10-07 20:37:38.441 I/NpuProbe(10350): libdir=/data/app/~~UwAXYrpu0m2enA7k1gUStw==/br.gov.sp.pcsp.npuprobe-KZZHOKsBSdj08ot2UnueQg==/lib/arm64
10-07 20:37:38.441 I/NpuProbe(10350): build=llama.cpp-upstream-pkg (v11-libs) + probe R4
10-07 20:37:38.441 I/NpuProbe(10350): controle-sistema (liblog.so)=OK
10-07 20:37:38.442 I/NpuProbe(10350): negativo-fake (libnaoexiste_xyz.so)=FALHOU err=dlopen failed: library "libnaoexiste_xyz.so" not found
10-07 20:37:38.442 I/NpuProbe(10350): cdsprpc-nome (libcdsprpc.so)=OK
10-07 20:37:38.443 I/NpuProbe(10350): cdsprpc-abs (/vendor/lib64/libcdsprpc.so)=OK
10-07 20:37:38.443 I/NpuProbe(10350): ADSP_LIBRARY_PATH=libdir (setenv)
10-07 20:37:38.444 I/NpuProbe(10350): [ggml] ggml_vulkan: Found 1 Vulkan devices:
10-07 20:37:38.444 I/NpuProbe(10350): [ggml] ggml_vulkan: 0 = Adreno (TM) 840 (Qualcomm Technologies Inc. Adreno Vulkan Driver) | uma: 1 | fp16: 1 | bf16: 0 | fp4: 0 | warp size: 64 | shared memory: 32768 | int dot: 0 | matrix cores: none
10-07 20:37:38.449 I/NpuProbe(10350): [ggml] ggml_opencl: selected platform: 'QUALCOMM Snapdragon(TM)'
10-07 20:37:38.450 I/NpuProbe(10350): [ggml] 
10-07 20:37:38.450 I/NpuProbe(10350): ggml_opencl: device: 'QUALCOMM Adreno(TM) 840 (OpenCL 3.0 Adreno(TM) 840)'
10-07 20:37:38.450 I/NpuProbe(10350): [ggml] ggml_opencl: default device: 'QUALCOMM Adreno(TM) 840 (OpenCL 3.0 Adreno(TM) 840)'
10-07 20:37:38.450 I/NpuProbe(10350): [ggml] ggml-hex: Loading driver libcdsprpc.so
10-07 20:37:38.451 I/NpuProbe(10350): [ggml] ggml-hex: Hexagon backend (experimental) : allocating new registry : ndev 1
10-07 20:37:38.451 I/NpuProbe(10350): [ggml] ggml-hex: Hexagon Arch version v81
10-07 20:37:38.451 I/NpuProbe(10350): [ggml] ggml-hex: HTP0 allocating new session
10-07 20:37:38.484 I/NpuProbe(10350): [ggml] ggml-hex: HTP0 hwinfo: threads 8, hvx 8, hmx 1, vtcm 8 MB
10-07 20:37:38.484 I/NpuProbe(10350): [ggml] ggml-hex: HTP0 new session : session-id 0 domain-id 3 uri file:///libggml-htp-v81.so?htp_iface_skel_handle_invoke&_modver=1.0&_dom=cdsp&_session=0 handle 0xb4000077c5f71540
10-07 20:37:38.488 I/NpuProbe(10350): [ggml] ggml-hex: HTP0 op batching: n-bufs 16 n-tensors 7168 n-ops 1024 vmem 3355443200
10-07 20:37:38.494 I/NpuProbe(10350): load_all_from_path=51ms
10-07 20:37:38.494 I/NpuProbe(10350): [ggml] load_backend: failed to find ggml_backend_init in /data/app/~~UwAXYrpu0m2enA7k1gUStw==/br.gov.sp.pcsp.npuprobe-KZZHOKsBSdj08ot2UnueQg==/lib/arm64/libggml-hexagon.so
10-07 20:37:38.494 I/NpuProbe(10350): load(hexagon direto)=FALHOU em 0ms
10-07 20:37:38.494 I/NpuProbe(10350): devices=4
10-07 20:37:38.494 I/NpuProbe(10350):   dev[0] Vulkan0 (Adreno (TM) 840)
10-07 20:37:38.494 I/NpuProbe(10350):   dev[1] GPUOpenCL (QUALCOMM Adreno(TM) 840)
10-07 20:37:38.494 I/NpuProbe(10350):   dev[2] HTP0 (Hexagon)
10-07 20:37:38.494 I/NpuProbe(10350):   dev[3] CPU (CPU)
10-07 20:37:38.494 I/NpuProbe(10350): dev_init(HTP0)=0ms -> SESSAO ABERTA
10-07 20:37:38.495 I/NpuProbe(10350): graph_compute(MUL_MAT 64x64)=0.6ms status=0
10-07 20:37:38.495 I/NpuProbe(10350): c[0]=128.000000 (esperado 128.0)
10-07 20:37:38.495 I/NpuProbe(10350): RESULTADO: APP-UID OK: sessao HTP + op executado com resultado correto
10-07 20:37:38.496 I/NpuProbe(10350): REPORT:
10-07 20:37:38.496 I/NpuProbe(10350): libdir=/data/app/~~UwAXYrpu0m2enA7k1gUStw==/br.gov.sp.pcsp.npuprobe-KZZHOKsBSdj08ot2UnueQg==/lib/arm64
10-07 20:37:38.496 I/NpuProbe(10350): build=llama.cpp-upstream-pkg (v11-libs) + probe R4
10-07 20:37:38.496 I/NpuProbe(10350): controle-sistema (liblog.so)=OK
10-07 20:37:38.496 I/NpuProbe(10350): negativo-fake (libnaoexiste_xyz.so)=FALHOU err=dlopen failed: library "libnaoexiste_xyz.so" not found
10-07 20:37:38.496 I/NpuProbe(10350): cdsprpc-nome (libcdsprpc.so)=OK
10-07 20:37:38.496 I/NpuProbe(10350): cdsprpc-abs (/vendor/lib64/libcdsprpc.so)=OK
10-07 20:37:38.496 I/NpuProbe(10350): ADSP_LIBRARY_PATH=libdir (setenv)
10-07 20:37:38.496 I/NpuProbe(10350): load_all_from_path=51ms
10-07 20:37:38.496 I/NpuProbe(10350): load(hexagon direto)=FALHOU em 0ms
10-07 20:37:38.496 I/NpuProbe(10350): devices=4
10-07 20:37:38.496 I/NpuProbe(10350):   dev[0] Vulkan0 (Adreno (TM) 840)
10-07 20:37:38.496 I/NpuProbe(10350):   dev[1] GPUOpenCL (QUALCOMM Adreno(TM) 840)
10-07 20:37:38.496 I/NpuProbe(10350):   dev[2] HTP0 (Hexagon)
10-07 20:37:38.496 I/NpuProbe(10350):   dev[3] CPU (CPU)
10-07 20:37:38.496 I/NpuProbe(10350): dev_init(HTP0)=0ms -> SESSAO ABERTA
10-07 20:37:38.496 I/NpuProbe(10350): graph_compute(MUL_MAT 64x64)=0.6ms status=0
10-07 20:37:38.496 I/NpuProbe(10350): c[0]=128.000000 (esperado 128.0)
10-07 20:37:38.496 I/NpuProbe(10350): RESULTADO: APP-UID OK: sessao HTP + op executado com resultado correto
10-07 20:37:38.496 I/NpuProbe(10350): AUTO-GATILHO='smart:sessao'
10-07 20:37:38.497 I/NpuProbe(10350): SMART iniciando rota=sessao com /data/local/tmp/hymt2_app.gguf
10-07 20:37:38.497 I/NpuProbe(10350): SMARTv2 rota='sessao' mutante=(none)
10-07 20:37:38.498 I/NpuProbe(10350): SESSAO(69a9bdc): 2 requests na mesma sessao (roles separados; JSON nativo em files/r6-sess.jsonl)
10-07 20:37:42.134 I/NpuProbe(10350): SESS[0] vulkan:vulkan bench: ok=1 cap=0 eog_tok1=0 tok1=33 emitidos=8 consumidos=8 dec_s=0
10-07 20:37:42.134 I/NpuProbe(10350): SESS[0] vulkan:vulkan tempos: prefill=823.08ms export=564.52ms(2032789B) import=3.57ms gen=520.98ms
10-07 20:37:42.134 I/NpuProbe(10350): SESS[0] vulkan:vulkan fronteiras(ms): prefdone=823.4 tok1r=1401.0 impdone=1404.6 tok2r=1684.1 fim=1925.6 wall=1925.6 reset=3.96
10-07 20:37:42.134 I/NpuProbe(10350): SESS[0] vulkan:vulkan texto_len=26 (integral no JSON)
10-07 20:37:42.134 I/NpuProbe(10350): SESS[0] vulkan:vulkan lifecycle: load_dst=694ms load_src=954ms (0=WARM)
10-07 20:37:42.134 I/NpuProbe(10350): SESS[0] vulkan:vulkan@bench RESULTADO: BENCH-CONCLUIDO
10-07 20:37:43.051 I/NpuProbe(10350): SESS[1] vulkan:vulkan bench: ok=1 cap=0 eog_tok1=0 tok1=33 emitidos=8 consumidos=8 dec_s=0
10-07 20:37:43.051 I/NpuProbe(10350): SESS[1] vulkan:vulkan tempos: prefill=5.10ms export=640.91ms(2032789B) import=4.62ms gen=211.74ms
10-07 20:37:43.051 I/NpuProbe(10350): SESS[1] vulkan:vulkan fronteiras(ms): prefdone=5.9 tok1r=677.5 impdone=682.1 tok2r=710.5 fim=893.9 wall=893.9 reset=4.91
10-07 20:37:43.051 I/NpuProbe(10350): SESS[1] vulkan:vulkan texto_len=26 (integral no JSON)
10-07 20:37:43.051 I/NpuProbe(10350): SESS[1] vulkan:vulkan lifecycle: load_dst=0ms load_src=0ms (0=WARM)
10-07 20:37:43.051 I/NpuProbe(10350): SESS[1] vulkan:vulkan@bench RESULTADO: BENCH-CONCLUIDO
10-07 20:37:43.168 I/NpuProbe(10350): SESSAO(69a9bdc): fim (2 requests)
10-07 20:37:43.168 I/NpuProbe(10350): SMART REPORT:
10-07 20:37:43.168 I/NpuProbe(10350): SMART (sessao)
10-07 20:37:43.168 I/NpuProbe(10350): 
10-07 20:37:43.168 I/NpuProbe(10350): SMARTv2 rota='sessao' mutante=(none)
10-07 20:37:43.168 I/NpuProbe(10350): SESSAO(69a9bdc): 2 requests na mesma sessao (roles separados; JSON nativo em files/r6-sess.jsonl)
10-07 20:37:43.168 I/NpuProbe(10350): SESS[0] vulkan:vulkan bench: ok=1 cap=0 eog_tok1=0 tok1=33 emitidos=8 consumidos=8 dec_s=0
10-07 20:37:43.168 I/NpuProbe(10350): SESS[0] vulkan:vulkan tempos: prefill=823.08ms export=564.52ms(2032789B) import=3.57ms gen=520.98ms
10-07 20:37:43.168 I/NpuProbe(10350): SESS[0] vulkan:vulkan fronteiras(ms): prefdone=823.4 tok1r=1401.0 impdone=1404.6 tok2r=1684.1 fim=1925.6 wall=1925.6 reset=3.96
10-07 20:37:43.168 I/NpuProbe(10350): SESS[0] vulkan:vulkan texto_len=26 (integral no JSON)
10-07 20:37:43.168 I/NpuProbe(10350): SESS[0] vulkan:vulkan lifecycle: load_dst=694ms load_src=954ms (0=WARM)
10-07 20:37:43.168 I/NpuProbe(10350): SESS[0] vulkan:vulkan@bench RESULTADO: BENCH-CONCLUIDO
10-07 20:37:43.168 I/NpuProbe(10350): SESS[1] vulkan:vulkan bench: ok=1 cap=0 eog_tok1=0 tok1=33 emitidos=8 consumidos=8 dec_s=0
10-07 20:37:43.168 I/NpuProbe(10350): SESS[1] vulkan:vulkan tempos: prefill=5.10ms export=640.91ms(2032789B) import=4.62ms gen=211.74ms
10-07 20:37:43.168 I/NpuProbe(10350): SESS[1] vulkan:vulkan fronteiras(ms): prefdone=5.9 tok1r=677.5 impdone=682.1 tok2r=710.5 fim=893.9 wall=893.9 reset=4.91
10-07 20:37:43.168 I/NpuProbe(10350): SESS[1] vulkan:vulkan texto_len=26 (integral no JSON)
10-07 20:37:43.168 I/NpuProbe(10350): SESS[1] vulkan:vulkan lifecycle: load_dst=0ms load_src=0ms (0=WARM)
10-07 20:37:43.168 I/NpuProbe(10350): SESS[1] vulkan:vulkan@bench RESULTADO: BENCH-CONCLUIDO
10-07 20:37:43.168 I/NpuProbe(10350): SESSAO(69a9bdc): fim (2 requests)
--------- beginning of main
10-07 20:38:52.492 I/NpuProbe(13162): nativeLibraryDir=/data/app/~~UwAXYrpu0m2enA7k1gUStw==/br.gov.sp.pcsp.npuprobe-KZZHOKsBSdj08ot2UnueQg==/lib/arm64
10-07 20:38:52.492 I/NpuProbe(13162): libdir=/data/app/~~UwAXYrpu0m2enA7k1gUStw==/br.gov.sp.pcsp.npuprobe-KZZHOKsBSdj08ot2UnueQg==/lib/arm64
10-07 20:38:52.492 I/NpuProbe(13162): build=llama.cpp-upstream-pkg (v11-libs) + probe R4
10-07 20:38:52.492 I/NpuProbe(13162): controle-sistema (liblog.so)=OK
10-07 20:38:52.493 I/NpuProbe(13162): negativo-fake (libnaoexiste_xyz.so)=FALHOU err=dlopen failed: library "libnaoexiste_xyz.so" not found
10-07 20:38:52.495 I/NpuProbe(13162): cdsprpc-nome (libcdsprpc.so)=OK
10-07 20:38:52.495 I/NpuProbe(13162): cdsprpc-abs (/vendor/lib64/libcdsprpc.so)=OK
10-07 20:38:52.495 I/NpuProbe(13162): ADSP_LIBRARY_PATH=libdir (setenv)
10-07 20:38:52.497 I/NpuProbe(13162): [ggml] ggml_vulkan: Found 1 Vulkan devices:
10-07 20:38:52.497 I/NpuProbe(13162): [ggml] ggml_vulkan: 0 = Adreno (TM) 840 (Qualcomm Technologies Inc. Adreno Vulkan Driver) | uma: 1 | fp16: 1 | bf16: 0 | fp4: 0 | warp size: 64 | shared memory: 32768 | int dot: 0 | matrix cores: none
10-07 20:38:52.503 I/NpuProbe(13162): [ggml] ggml_opencl: selected platform: 'QUALCOMM Snapdragon(TM)'
10-07 20:38:52.504 I/NpuProbe(13162): [ggml] 
10-07 20:38:52.504 I/NpuProbe(13162): ggml_opencl: device: 'QUALCOMM Adreno(TM) 840 (OpenCL 3.0 Adreno(TM) 840)'
10-07 20:38:52.504 I/NpuProbe(13162): [ggml] ggml_opencl: default device: 'QUALCOMM Adreno(TM) 840 (OpenCL 3.0 Adreno(TM) 840)'
10-07 20:38:52.504 I/NpuProbe(13162): [ggml] ggml-hex: Loading driver libcdsprpc.so
10-07 20:38:52.506 I/NpuProbe(13162): [ggml] ggml-hex: Hexagon backend (experimental) : allocating new registry : ndev 1
10-07 20:38:52.506 I/NpuProbe(13162): [ggml] ggml-hex: Hexagon Arch version v81
10-07 20:38:52.506 I/NpuProbe(13162): [ggml] ggml-hex: HTP0 allocating new session
10-07 20:38:52.539 I/NpuProbe(13162): [ggml] ggml-hex: HTP0 hwinfo: threads 8, hvx 8, hmx 1, vtcm 8 MB
10-07 20:38:52.540 I/NpuProbe(13162): [ggml] ggml-hex: HTP0 new session : session-id 0 domain-id 3 uri file:///libggml-htp-v81.so?htp_iface_skel_handle_invoke&_modver=1.0&_dom=cdsp&_session=0 handle 0xb4000077c5f55880
10-07 20:38:52.543 I/NpuProbe(13162): [ggml] ggml-hex: HTP0 op batching: n-bufs 16 n-tensors 7168 n-ops 1024 vmem 3355443200
10-07 20:38:52.549 I/NpuProbe(13162): load_all_from_path=54ms
10-07 20:38:52.550 I/NpuProbe(13162): [ggml] load_backend: failed to find ggml_backend_init in /data/app/~~UwAXYrpu0m2enA7k1gUStw==/br.gov.sp.pcsp.npuprobe-KZZHOKsBSdj08ot2UnueQg==/lib/arm64/libggml-hexagon.so
10-07 20:38:52.550 I/NpuProbe(13162): load(hexagon direto)=FALHOU em 0ms
10-07 20:38:52.550 I/NpuProbe(13162): devices=4
10-07 20:38:52.550 I/NpuProbe(13162):   dev[0] Vulkan0 (Adreno (TM) 840)
10-07 20:38:52.550 I/NpuProbe(13162):   dev[1] GPUOpenCL (QUALCOMM Adreno(TM) 840)
10-07 20:38:52.550 I/NpuProbe(13162):   dev[2] HTP0 (Hexagon)
10-07 20:38:52.550 I/NpuProbe(13162):   dev[3] CPU (CPU)
10-07 20:38:52.550 I/NpuProbe(13162): dev_init(HTP0)=0ms -> SESSAO ABERTA
10-07 20:38:52.551 I/NpuProbe(13162): graph_compute(MUL_MAT 64x64)=0.6ms status=0
10-07 20:38:52.551 I/NpuProbe(13162): c[0]=128.000000 (esperado 128.0)
10-07 20:38:52.551 I/NpuProbe(13162): RESULTADO: APP-UID OK: sessao HTP + op executado com resultado correto
10-07 20:38:52.552 I/NpuProbe(13162): REPORT:
10-07 20:38:52.552 I/NpuProbe(13162): libdir=/data/app/~~UwAXYrpu0m2enA7k1gUStw==/br.gov.sp.pcsp.npuprobe-KZZHOKsBSdj08ot2UnueQg==/lib/arm64
10-07 20:38:52.552 I/NpuProbe(13162): build=llama.cpp-upstream-pkg (v11-libs) + probe R4
10-07 20:38:52.552 I/NpuProbe(13162): controle-sistema (liblog.so)=OK
10-07 20:38:52.552 I/NpuProbe(13162): negativo-fake (libnaoexiste_xyz.so)=FALHOU err=dlopen failed: library "libnaoexiste_xyz.so" not found
10-07 20:38:52.552 I/NpuProbe(13162): cdsprpc-nome (libcdsprpc.so)=OK
10-07 20:38:52.552 I/NpuProbe(13162): cdsprpc-abs (/vendor/lib64/libcdsprpc.so)=OK
10-07 20:38:52.552 I/NpuProbe(13162): ADSP_LIBRARY_PATH=libdir (setenv)
10-07 20:38:52.552 I/NpuProbe(13162): load_all_from_path=54ms
10-07 20:38:52.552 I/NpuProbe(13162): load(hexagon direto)=FALHOU em 0ms
10-07 20:38:52.552 I/NpuProbe(13162): devices=4
10-07 20:38:52.552 I/NpuProbe(13162):   dev[0] Vulkan0 (Adreno (TM) 840)
10-07 20:38:52.552 I/NpuProbe(13162):   dev[1] GPUOpenCL (QUALCOMM Adreno(TM) 840)
10-07 20:38:52.552 I/NpuProbe(13162):   dev[2] HTP0 (Hexagon)
10-07 20:38:52.552 I/NpuProbe(13162):   dev[3] CPU (CPU)
10-07 20:38:52.552 I/NpuProbe(13162): dev_init(HTP0)=0ms -> SESSAO ABERTA
10-07 20:38:52.552 I/NpuProbe(13162): graph_compute(MUL_MAT 64x64)=0.6ms status=0
10-07 20:38:52.552 I/NpuProbe(13162): c[0]=128.000000 (esperado 128.0)
10-07 20:38:52.552 I/NpuProbe(13162): RESULTADO: APP-UID OK: sessao HTP + op executado com resultado correto
10-07 20:38:52.552 I/NpuProbe(13162): AUTO-GATILHO='smart:sessao'
10-07 20:38:52.552 I/NpuProbe(13162): SMART iniciando rota=sessao com /data/local/tmp/hymt2_app.gguf
10-07 20:38:52.552 I/NpuProbe(13162): SMARTv2 rota='sessao' mutante=(none)
10-07 20:38:52.554 I/NpuProbe(13162): SESSAO(69bbd23): 1 requests na mesma sessao (roles separados; JSON nativo em files/r6-sess.jsonl)
10-07 20:38:55.565 I/NpuProbe(13162): [ggml] ggml_opencl: OpenCL driver: OpenCL 3.0 QUALCOMM build: 0842.41 Compiler E031.50.19.27
10-07 20:38:55.565 I/NpuProbe(13162): [ggml] ggml_opencl: vector subgroup broadcast support: true
10-07 20:38:55.565 I/NpuProbe(13162): [ggml] ggml_opencl: subgroup shuffle support: true
10-07 20:38:55.565 I/NpuProbe(13162): [ggml] ggml_opencl: device FP16 support: true
10-07 20:38:55.565 I/NpuProbe(13162): [ggml] ggml_opencl: khr dot product support: true
10-07 20:38:55.565 I/NpuProbe(13162): [ggml] ggml_opencl: mem base addr align: 128
10-07 20:38:55.565 I/NpuProbe(13162): [ggml] ggml_opencl: global mem size: 7555 MB
10-07 20:38:55.565 I/NpuProbe(13162): [ggml] ggml_opencl: max mem alloc size: 2048 MB
10-07 20:38:55.565 I/NpuProbe(13162): [ggml] ggml_opencl: device max image buffer size (pixels): 2147483648
10-07 20:38:55.565 I/NpuProbe(13162): [ggml] ggml_opencl: device max image2d size: 16384 x 16384
10-07 20:38:55.565 I/NpuProbe(13162): [ggml] ggml_opencl: device max workgroup size: 1024
10-07 20:38:55.565 I/NpuProbe(13162): [ggml] ggml_opencl: SVM coarse grain buffer support: true
10-07 20:38:55.565 I/NpuProbe(13162): [ggml] ggml_opencl: SVM fine grain buffer support: true
10-07 20:38:55.565 I/NpuProbe(13162): [ggml] ggml_opencl: SVM fine grain system support: false
10-07 20:38:55.565 I/NpuProbe(13162): [ggml] ggml_opencl: SVM atomics support: true
10-07 20:38:55.565 I/NpuProbe(13162): [ggml] ggml_opencl: cl_qcom_subgroup_shuffle support: true
10-07 20:38:55.565 I/NpuProbe(13162): [ggml] ggml_opencl: flattening quantized weights representation as struct of arrays (GGML_OPENCL_SOA_Q)
10-07 20:38:55.565 I/NpuProbe(13162): [ggml] ggml_opencl: using kernels optimized for Adreno (GGML_OPENCL_USE_ADRENO_KERNELS)
10-07 20:38:57.131 I/NpuProbe(13162): [ggml] ggml_opencl: lazy-compiling flash_attn prepass for DK=128 DV=128
10-07 20:38:57.131 I/NpuProbe(13162): [ggml] ggml_opencl: compiling fa prepass f16
10-07 20:38:57.170 I/NpuProbe(13162): [ggml] ggml_opencl: compiling fa f32_f16
10-07 20:38:58.190 I/NpuProbe(13162): [ggml] ggml_opencl: flash_attn_f32_f16_q1_vec_mq_split_c8 DK=128 DV=128 per-kernel max 128 < required 256; skipping registration (will fall back)
10-07 20:38:58.190 I/NpuProbe(13162): [ggml] ggml_opencl: compiling fa f32_f16 MQ_GQA=8
10-07 20:38:58.673 I/NpuProbe(13162): [ggml] ggml_opencl: flash_attn_f32_f16_q1_vec_mq_split_c8 (g8) DK=128 DV=128 per-kernel max 128 < required 192; skipping registration (will fall back)
10-07 20:38:58.673 I/NpuProbe(13162): [ggml] ggml_opencl: compiling fa f32_f16 c8 NSG2
10-07 20:38:58.931 I/NpuProbe(13162): [ggml] ggml_opencl: compiling fa f32_f16 c8 g8 NSG2
10-07 20:38:59.311 I/NpuProbe(13162): [ggml] ggml_opencl: compiling fa f32_f16 split
10-07 20:39:00.235 I/NpuProbe(13162): SESS[0] opencl bench: ok=1 cap=0 eog_tok1=0 tok1=33 emitidos=8 consumidos=8 dec_s=0
10-07 20:39:00.235 I/NpuProbe(13162): SESS[0] opencl tempos: prefill=1210.89ms export=0.16ms(2032789B) import=3.45ms gen=3055.11ms
10-07 20:39:00.235 I/NpuProbe(13162): SESS[0] opencl fronteiras(ms): prefdone=1211.3 tok1r=1229.3 impdone=1232.8 tok2r=4032.9 fim=4287.9 wall=4287.9 reset=5.15
10-07 20:39:00.235 I/NpuProbe(13162): SESS[0] opencl texto_len=26 (integral no JSON)
10-07 20:39:00.235 I/NpuProbe(13162): SESS[0] opencl lifecycle: load_dst=3056ms load_src=282ms (0=WARM)
10-07 20:39:00.235 I/NpuProbe(13162): SESS[0] opencl@bench RESULTADO: BENCH-CONCLUIDO
10-07 20:39:00.413 I/NpuProbe(13162): SESSAO(69bbd23): fim (1 requests)
10-07 20:39:00.413 I/NpuProbe(13162): SMART REPORT:
10-07 20:39:00.413 I/NpuProbe(13162): SMART (sessao)
10-07 20:39:00.413 I/NpuProbe(13162): 
10-07 20:39:00.413 I/NpuProbe(13162): SMARTv2 rota='sessao' mutante=(none)
10-07 20:39:00.413 I/NpuProbe(13162): SESSAO(69bbd23): 1 requests na mesma sessao (roles separados; JSON nativo em files/r6-sess.jsonl)
10-07 20:39:00.413 I/NpuProbe(13162): SESS[0] opencl bench: ok=1 cap=0 eog_tok1=0 tok1=33 emitidos=8 consumidos=8 dec_s=0
10-07 20:39:00.413 I/NpuProbe(13162): SESS[0] opencl tempos: prefill=1210.89ms export=0.16ms(2032789B) import=3.45ms gen=3055.11ms
10-07 20:39:00.413 I/NpuProbe(13162): SESS[0] opencl fronteiras(ms): prefdone=1211.3 tok1r=1229.3 impdone=1232.8 tok2r=4032.9 fim=4287.9 wall=4287.9 reset=5.15
10-07 20:39:00.413 I/NpuProbe(13162): SESS[0] opencl texto_len=26 (integral no JSON)
10-07 20:39:00.413 I/NpuProbe(13162): SESS[0] opencl lifecycle: load_dst=3056ms load_src=282ms (0=WARM)
10-07 20:39:00.413 I/NpuProbe(13162): SESS[0] opencl@bench RESULTADO: BENCH-CONCLUIDO
10-07 20:39:00.413 I/NpuProbe(13162): SESSAO(69bbd23): fim (1 requests)
--------- beginning of main
10-07 20:38:58.673 I/NpuProbe(13162): [ggml] ggml_opencl: flash_attn_f32_f16_q1_vec_mq_split_c8 (g8) DK=128 DV=128 per-kernel max 128 < required 192; skipping registration (will fall back)
10-07 20:38:58.673 I/NpuProbe(13162): [ggml] ggml_opencl: compiling fa f32_f16 c8 NSG2
10-07 20:38:58.931 I/NpuProbe(13162): [ggml] ggml_opencl: compiling fa f32_f16 c8 g8 NSG2
10-07 20:38:59.311 I/NpuProbe(13162): [ggml] ggml_opencl: compiling fa f32_f16 split
10-07 20:39:00.235 I/NpuProbe(13162): SESS[0] opencl bench: ok=1 cap=0 eog_tok1=0 tok1=33 emitidos=8 consumidos=8 dec_s=0
10-07 20:39:00.235 I/NpuProbe(13162): SESS[0] opencl tempos: prefill=1210.89ms export=0.16ms(2032789B) import=3.45ms gen=3055.11ms
10-07 20:39:00.235 I/NpuProbe(13162): SESS[0] opencl fronteiras(ms): prefdone=1211.3 tok1r=1229.3 impdone=1232.8 tok2r=4032.9 fim=4287.9 wall=4287.9 reset=5.15
10-07 20:39:00.235 I/NpuProbe(13162): SESS[0] opencl texto_len=26 (integral no JSON)
10-07 20:39:00.235 I/NpuProbe(13162): SESS[0] opencl lifecycle: load_dst=3056ms load_src=282ms (0=WARM)
10-07 20:39:00.235 I/NpuProbe(13162): SESS[0] opencl@bench RESULTADO: BENCH-CONCLUIDO
10-07 20:39:00.413 I/NpuProbe(13162): SESSAO(69bbd23): fim (1 requests)
10-07 20:39:00.413 I/NpuProbe(13162): SMART REPORT:
10-07 20:39:00.413 I/NpuProbe(13162): SMART (sessao)
10-07 20:39:00.413 I/NpuProbe(13162): 
10-07 20:39:00.413 I/NpuProbe(13162): SMARTv2 rota='sessao' mutante=(none)
10-07 20:39:00.413 I/NpuProbe(13162): SESSAO(69bbd23): 1 requests na mesma sessao (roles separados; JSON nativo em files/r6-sess.jsonl)
10-07 20:39:00.413 I/NpuProbe(13162): SESS[0] opencl bench: ok=1 cap=0 eog_tok1=0 tok1=33 emitidos=8 consumidos=8 dec_s=0
10-07 20:39:00.413 I/NpuProbe(13162): SESS[0] opencl tempos: prefill=1210.89ms export=0.16ms(2032789B) import=3.45ms gen=3055.11ms
10-07 20:39:00.413 I/NpuProbe(13162): SESS[0] opencl fronteiras(ms): prefdone=1211.3 tok1r=1229.3 impdone=1232.8 tok2r=4032.9 fim=4287.9 wall=4287.9 reset=5.15
10-07 20:39:00.413 I/NpuProbe(13162): SESS[0] opencl texto_len=26 (integral no JSON)
10-07 20:39:00.413 I/NpuProbe(13162): SESS[0] opencl lifecycle: load_dst=3056ms load_src=282ms (0=WARM)
10-07 20:39:00.413 I/NpuProbe(13162): SESS[0] opencl@bench RESULTADO: BENCH-CONCLUIDO
10-07 20:39:00.413 I/NpuProbe(13162): SESSAO(69bbd23): fim (1 requests)
