--------- beginning of main
10-07 23:13:40.449 I/NpuProbe(19229): nativeLibraryDir=/data/app/~~6qAvQXc5OL5-55E8urH23Q==/br.gov.sp.pcsp.npuprobe-WF5H_5jWiXgwuyh9oVF0vg==/lib/arm64
10-07 23:13:40.449 I/NpuProbe(19229): runProbe PULADO (p4-auto presente; preinit do tune)
10-07 23:13:40.449 I/NpuProbe(19229): REPORT:
10-07 23:13:40.449 I/NpuProbe(19229): (runProbe PULADO: p4-auto presente; evita init Hexagon pre-tune - R8)
10-07 23:13:40.450 I/NpuProbe(19229): AUTO-GATILHO='smart:sessao'
10-07 23:13:40.450 I/NpuProbe(19229): SMART iniciando rota=sessao com /data/local/tmp/hymt2_app.gguf
10-07 23:13:40.450 I/NpuProbe(19229): SMARTv2 rota='sessao' mutante=(none)
10-07 23:13:40.452 I/NpuProbe(19229): [ggml] ggml_vulkan: Found 1 Vulkan devices:
10-07 23:13:40.452 I/NpuProbe(19229): [ggml] ggml_vulkan: 0 = Adreno (TM) 840 (Qualcomm Technologies Inc. Adreno Vulkan Driver) | uma: 1 | fp16: 1 | bf16: 0 | fp4: 0 | warp size: 64 | shared memory: 32768 | int dot: 0 | matrix cores: none
10-07 23:13:40.468 I/NpuProbe(19229): [ggml] ggml_opencl: selected platform: 'QUALCOMM Snapdragon(TM)'
10-07 23:13:40.469 I/NpuProbe(19229): [ggml] 
10-07 23:13:40.469 I/NpuProbe(19229): ggml_opencl: device: 'QUALCOMM Adreno(TM) 840 (OpenCL 3.0 Adreno(TM) 840)'
10-07 23:13:40.469 I/NpuProbe(19229): [ggml] ggml_opencl: default device: 'QUALCOMM Adreno(TM) 840 (OpenCL 3.0 Adreno(TM) 840)'
10-07 23:13:40.469 I/NpuProbe(19229): [ggml] ggml-hex: Loading driver libcdsprpc.so
10-07 23:13:40.474 I/NpuProbe(19229): [ggml] ggml-hex: Hexagon backend (experimental) : allocating new registry : ndev 1
10-07 23:13:40.474 I/NpuProbe(19229): [ggml] ggml-hex: Hexagon Arch version v81
10-07 23:13:40.474 I/NpuProbe(19229): [ggml] ggml-hex: HTP0 allocating new session
10-07 23:13:40.510 I/NpuProbe(19229): [ggml] ggml-hex: HTP0 hwinfo: threads 8, hvx 8, hmx 1, vtcm 8 MB
10-07 23:13:40.511 I/NpuProbe(19229): [ggml] ggml-hex: HTP0 new session : session-id 0 domain-id 3 uri file:///libggml-htp-v81.so?htp_iface_skel_handle_invoke&_modver=1.0&_dom=cdsp&_session=0 handle 0xb4000077d9ab5c00
10-07 23:13:40.515 I/NpuProbe(19229): [ggml] ggml-hex: HTP0 op batching: n-bufs 16 n-tensors 7168 n-ops 1024 vmem 3355443200
10-07 23:13:40.522 I/NpuProbe(19229): SESSAO(7246d5e): 3 requests na mesma sessao (roles separados; JSON nativo em files/r6-sess.jsonl)
10-07 23:13:40.522 I/NpuProbe(19229): PROMPT[0]: arquivo proprio (len=1101)
10-07 23:13:41.245 I/NpuProbe(19229): [ggml] ggml_opencl: kernel cache enabled at '/data/user/0/br.gov.sp.pcsp.npuprobe/cache/llama.cpp/cl-cache'
10-07 23:13:41.245 I/NpuProbe(19229): [ggml] ggml_opencl: loading OpenCL kernels
10-07 23:13:41.246 I/NpuProbe(19229): [ggml] .
10-07 23:13:41.246 I/NpuProbe(19229): [ggml] .
10-07 23:13:41.246 I/NpuProbe(19229): [ggml] .
10-07 23:13:41.246 I/NpuProbe(19229): [ggml] .
10-07 23:13:41.247 I/NpuProbe(19229): [ggml] .
10-07 23:13:41.248 I/NpuProbe(19229): [ggml] .
10-07 23:13:41.249 I/NpuProbe(19229): [ggml] .
10-07 23:13:41.250 I/NpuProbe(19229): [ggml] .
10-07 23:13:41.250 I/NpuProbe(19229): [ggml] .
10-07 23:13:41.250 I/NpuProbe(19229): [ggml] .
10-07 23:13:41.251 I/NpuProbe(19229): [ggml] .
10-07 23:13:41.251 I/NpuProbe(19229): [ggml] .
10-07 23:13:41.251 I/NpuProbe(19229): [ggml] .
10-07 23:13:41.251 I/NpuProbe(19229): [ggml] .
10-07 23:13:41.251 I/NpuProbe(19229): [ggml] .
10-07 23:13:41.252 I/NpuProbe(19229): [ggml] .
10-07 23:13:41.252 I/NpuProbe(19229): [ggml] .
10-07 23:13:41.252 I/NpuProbe(19229): [ggml] .
10-07 23:13:41.252 I/NpuProbe(19229): [ggml] .
10-07 23:13:41.253 I/NpuProbe(19229): [ggml] .
10-07 23:13:41.253 I/NpuProbe(19229): [ggml] .
10-07 23:13:41.253 I/NpuProbe(19229): [ggml] .
10-07 23:13:41.253 I/NpuProbe(19229): [ggml] .
10-07 23:13:41.253 I/NpuProbe(19229): [ggml] .
10-07 23:13:41.254 I/NpuProbe(19229): [ggml] .
10-07 23:13:41.254 I/NpuProbe(19229): [ggml] .
10-07 23:13:41.254 I/NpuProbe(19229): [ggml] .
10-07 23:13:41.254 I/NpuProbe(19229): [ggml] .
10-07 23:13:41.255 I/NpuProbe(19229): [ggml] .
10-07 23:13:41.255 I/NpuProbe(19229): [ggml] .
10-07 23:13:41.256 I/NpuProbe(19229): [ggml] .
10-07 23:13:41.256 I/NpuProbe(19229): [ggml] .
10-07 23:13:41.256 I/NpuProbe(19229): [ggml] .
10-07 23:13:41.256 I/NpuProbe(19229): [ggml] .
10-07 23:13:41.257 I/NpuProbe(19229): [ggml] .
10-07 23:13:41.257 I/NpuProbe(19229): [ggml] .
10-07 23:13:41.257 I/NpuProbe(19229): [ggml] .
10-07 23:13:41.257 I/NpuProbe(19229): [ggml] .
10-07 23:13:41.257 I/NpuProbe(19229): [ggml] .
10-07 23:13:41.257 I/NpuProbe(19229): [ggml] .
10-07 23:13:41.257 I/NpuProbe(19229): [ggml] .
10-07 23:13:41.258 I/NpuProbe(19229): [ggml] .
10-07 23:13:41.259 I/NpuProbe(19229): [ggml] .
10-07 23:13:41.259 I/NpuProbe(19229): [ggml] .
10-07 23:13:41.259 I/NpuProbe(19229): [ggml] .
10-07 23:13:41.259 I/NpuProbe(19229): [ggml] .
10-07 23:13:41.259 I/NpuProbe(19229): [ggml] .
10-07 23:13:41.260 I/NpuProbe(19229): [ggml] .
10-07 23:13:41.260 I/NpuProbe(19229): [ggml] .
10-07 23:13:41.260 I/NpuProbe(19229): [ggml] .
10-07 23:13:41.260 I/NpuProbe(19229): [ggml] .
10-07 23:13:41.260 I/NpuProbe(19229): [ggml] .
10-07 23:13:41.261 I/NpuProbe(19229): [ggml] .
10-07 23:13:41.261 I/NpuProbe(19229): [ggml] .
10-07 23:13:41.261 I/NpuProbe(19229): [ggml] .
10-07 23:13:41.261 I/NpuProbe(19229): [ggml] .
10-07 23:13:41.262 I/NpuProbe(19229): [ggml] .
10-07 23:13:41.262 I/NpuProbe(19229): [ggml] .
10-07 23:13:41.262 I/NpuProbe(19229): [ggml] .
10-07 23:13:41.263 I/NpuProbe(19229): [ggml] .
10-07 23:13:41.263 I/NpuProbe(19229): [ggml] .
10-07 23:13:41.263 I/NpuProbe(19229): [ggml] .
10-07 23:13:41.263 I/NpuProbe(19229): [ggml] .
10-07 23:13:41.263 I/NpuProbe(19229): [ggml] .
10-07 23:13:41.264 I/NpuProbe(19229): [ggml] .
10-07 23:13:41.264 I/NpuProbe(19229): [ggml] .
10-07 23:13:41.264 I/NpuProbe(19229): [ggml] .
10-07 23:13:41.264 I/NpuProbe(19229): [ggml] .
10-07 23:13:41.264 I/NpuProbe(19229): [ggml] .
10-07 23:13:41.265 I/NpuProbe(19229): [ggml] .
10-07 23:13:41.265 I/NpuProbe(19229): [ggml] .
10-07 23:13:41.265 I/NpuProbe(19229): [ggml] .
10-07 23:13:41.265 I/NpuProbe(19229): [ggml] .
10-07 23:13:41.265 I/NpuProbe(19229): [ggml] .
10-07 23:13:41.265 I/NpuProbe(19229): [ggml] .
10-07 23:13:41.266 I/NpuProbe(19229): [ggml] .
10-07 23:13:41.266 I/NpuProbe(19229): [ggml] .
10-07 23:13:41.266 I/NpuProbe(19229): [ggml] .
10-07 23:13:41.266 I/NpuProbe(19229): [ggml] .
10-07 23:13:41.266 I/NpuProbe(19229): [ggml] .
10-07 23:13:41.266 I/NpuProbe(19229): [ggml] .
10-07 23:13:41.266 I/NpuProbe(19229): [ggml] .
10-07 23:13:41.266 I/NpuProbe(19229): [ggml] .
10-07 23:13:41.267 I/NpuProbe(19229): [ggml] .
10-07 23:13:41.267 I/NpuProbe(19229): [ggml] .
10-07 23:13:41.267 I/NpuProbe(19229): [ggml] .
10-07 23:13:41.267 I/NpuProbe(19229): [ggml] .
10-07 23:13:44.940 I/NpuProbe(19229): [ggml] ggml_opencl: OpenCL driver: OpenCL 3.0 QUALCOMM build: 0842.41 Compiler E031.50.19.27
10-07 23:13:44.940 I/NpuProbe(19229): [ggml] ggml_opencl: vector subgroup broadcast support: true
10-07 23:13:44.940 I/NpuProbe(19229): [ggml] ggml_opencl: subgroup shuffle support: true
10-07 23:13:44.940 I/NpuProbe(19229): [ggml] ggml_opencl: device FP16 support: true
10-07 23:13:44.940 I/NpuProbe(19229): [ggml] ggml_opencl: khr dot product support: true
10-07 23:13:44.940 I/NpuProbe(19229): [ggml] ggml_opencl: mem base addr align: 128
10-07 23:13:44.940 I/NpuProbe(19229): [ggml] ggml_opencl: global mem size: 7555 MB
10-07 23:13:44.940 I/NpuProbe(19229): [ggml] ggml_opencl: max mem alloc size: 2048 MB
10-07 23:13:44.940 I/NpuProbe(19229): [ggml] ggml_opencl: device max image buffer size (pixels): 2147483648
10-07 23:13:44.940 I/NpuProbe(19229): [ggml] ggml_opencl: device max image2d size: 16384 x 16384
10-07 23:13:44.940 I/NpuProbe(19229): [ggml] ggml_opencl: device max workgroup size: 1024
10-07 23:13:44.940 I/NpuProbe(19229): [ggml] ggml_opencl: SVM coarse grain buffer support: true
10-07 23:13:44.940 I/NpuProbe(19229): [ggml] ggml_opencl: SVM fine grain buffer support: true
10-07 23:13:44.940 I/NpuProbe(19229): [ggml] ggml_opencl: SVM fine grain system support: false
10-07 23:13:44.940 I/NpuProbe(19229): [ggml] ggml_opencl: SVM atomics support: true
10-07 23:13:44.940 I/NpuProbe(19229): [ggml] ggml_opencl: cl_qcom_subgroup_shuffle support: true
10-07 23:13:44.940 I/NpuProbe(19229): [ggml] ggml_opencl: flattening quantized weights representation as struct of arrays (GGML_OPENCL_SOA_Q)
10-07 23:13:44.940 I/NpuProbe(19229): [ggml] ggml_opencl: using kernels optimized for Adreno (GGML_OPENCL_USE_ADRENO_KERNELS)
10-07 23:13:49.531 I/NpuProbe(19229): [ggml] ggml_opencl: lazy-compiling flash_attn prepass for DK=128 DV=128
10-07 23:13:49.531 I/NpuProbe(19229): [ggml] ggml_opencl: compiling fa prepass f16
10-07 23:13:49.565 I/NpuProbe(19229): [ggml] ggml_opencl: compiling fa f32_f16
10-07 23:13:50.071 I/NpuProbe(19229): [ggml] ggml_opencl: flash_attn_f32_f16_q1_vec_mq_split_c8 DK=128 DV=128 per-kernel max 128 < required 256; skipping registration (will fall back)
10-07 23:13:50.071 I/NpuProbe(19229): [ggml] ggml_opencl: compiling fa f32_f16 MQ_GQA=8
10-07 23:13:50.322 I/NpuProbe(19229): [ggml] ggml_opencl: flash_attn_f32_f16_q1_vec_mq_split_c8 (g8) DK=128 DV=128 per-kernel max 128 < required 192; skipping registration (will fall back)
10-07 23:13:50.322 I/NpuProbe(19229): [ggml] ggml_opencl: compiling fa f32_f16 c8 NSG2
10-07 23:13:50.495 I/NpuProbe(19229): [ggml] ggml_opencl: compiling fa f32_f16 c8 g8 NSG2
10-07 23:13:50.744 I/NpuProbe(19229): [ggml] ggml_opencl: compiling fa f32_f16 split
--------- beginning of main
10-07 23:13:40.449 I/NpuProbe(19229): nativeLibraryDir=/data/app/~~6qAvQXc5OL5-55E8urH23Q==/br.gov.sp.pcsp.npuprobe-WF5H_5jWiXgwuyh9oVF0vg==/lib/arm64
10-07 23:13:40.449 I/NpuProbe(19229): runProbe PULADO (p4-auto presente; preinit do tune)
10-07 23:13:40.449 I/NpuProbe(19229): REPORT:
10-07 23:13:40.449 I/NpuProbe(19229): (runProbe PULADO: p4-auto presente; evita init Hexagon pre-tune - R8)
10-07 23:13:40.450 I/NpuProbe(19229): AUTO-GATILHO='smart:sessao'
10-07 23:13:40.450 I/NpuProbe(19229): SMART iniciando rota=sessao com /data/local/tmp/hymt2_app.gguf
10-07 23:13:40.450 I/NpuProbe(19229): SMARTv2 rota='sessao' mutante=(none)
10-07 23:13:40.452 I/NpuProbe(19229): [ggml] ggml_vulkan: Found 1 Vulkan devices:
10-07 23:13:40.452 I/NpuProbe(19229): [ggml] ggml_vulkan: 0 = Adreno (TM) 840 (Qualcomm Technologies Inc. Adreno Vulkan Driver) | uma: 1 | fp16: 1 | bf16: 0 | fp4: 0 | warp size: 64 | shared memory: 32768 | int dot: 0 | matrix cores: none
10-07 23:13:40.468 I/NpuProbe(19229): [ggml] ggml_opencl: selected platform: 'QUALCOMM Snapdragon(TM)'
10-07 23:13:40.469 I/NpuProbe(19229): [ggml] 
10-07 23:13:40.469 I/NpuProbe(19229): ggml_opencl: device: 'QUALCOMM Adreno(TM) 840 (OpenCL 3.0 Adreno(TM) 840)'
10-07 23:13:40.469 I/NpuProbe(19229): [ggml] ggml_opencl: default device: 'QUALCOMM Adreno(TM) 840 (OpenCL 3.0 Adreno(TM) 840)'
10-07 23:13:40.469 I/NpuProbe(19229): [ggml] ggml-hex: Loading driver libcdsprpc.so
10-07 23:13:40.474 I/NpuProbe(19229): [ggml] ggml-hex: Hexagon backend (experimental) : allocating new registry : ndev 1
10-07 23:13:40.474 I/NpuProbe(19229): [ggml] ggml-hex: Hexagon Arch version v81
10-07 23:13:40.474 I/NpuProbe(19229): [ggml] ggml-hex: HTP0 allocating new session
10-07 23:13:40.510 I/NpuProbe(19229): [ggml] ggml-hex: HTP0 hwinfo: threads 8, hvx 8, hmx 1, vtcm 8 MB
10-07 23:13:40.511 I/NpuProbe(19229): [ggml] ggml-hex: HTP0 new session : session-id 0 domain-id 3 uri file:///libggml-htp-v81.so?htp_iface_skel_handle_invoke&_modver=1.0&_dom=cdsp&_session=0 handle 0xb4000077d9ab5c00
10-07 23:13:40.515 I/NpuProbe(19229): [ggml] ggml-hex: HTP0 op batching: n-bufs 16 n-tensors 7168 n-ops 1024 vmem 3355443200
10-07 23:13:40.522 I/NpuProbe(19229): SESSAO(7246d5e): 3 requests na mesma sessao (roles separados; JSON nativo em files/r6-sess.jsonl)
10-07 23:13:40.522 I/NpuProbe(19229): PROMPT[0]: arquivo proprio (len=1101)
10-07 23:13:41.245 I/NpuProbe(19229): [ggml] ggml_opencl: kernel cache enabled at '/data/user/0/br.gov.sp.pcsp.npuprobe/cache/llama.cpp/cl-cache'
10-07 23:13:41.245 I/NpuProbe(19229): [ggml] ggml_opencl: loading OpenCL kernels
10-07 23:13:41.246 I/NpuProbe(19229): [ggml] .
10-07 23:13:41.246 I/NpuProbe(19229): [ggml] .
10-07 23:13:41.246 I/NpuProbe(19229): [ggml] .
10-07 23:13:41.246 I/NpuProbe(19229): [ggml] .
10-07 23:13:41.247 I/NpuProbe(19229): [ggml] .
10-07 23:13:41.248 I/NpuProbe(19229): [ggml] .
10-07 23:13:41.249 I/NpuProbe(19229): [ggml] .
10-07 23:13:41.250 I/NpuProbe(19229): [ggml] .
10-07 23:13:41.250 I/NpuProbe(19229): [ggml] .
10-07 23:13:41.250 I/NpuProbe(19229): [ggml] .
10-07 23:13:41.251 I/NpuProbe(19229): [ggml] .
10-07 23:13:41.251 I/NpuProbe(19229): [ggml] .
10-07 23:13:41.251 I/NpuProbe(19229): [ggml] .
10-07 23:13:41.251 I/NpuProbe(19229): [ggml] .
10-07 23:13:41.251 I/NpuProbe(19229): [ggml] .
10-07 23:13:41.252 I/NpuProbe(19229): [ggml] .
10-07 23:13:41.252 I/NpuProbe(19229): [ggml] .
10-07 23:13:41.252 I/NpuProbe(19229): [ggml] .
10-07 23:13:41.252 I/NpuProbe(19229): [ggml] .
10-07 23:13:41.253 I/NpuProbe(19229): [ggml] .
10-07 23:13:41.253 I/NpuProbe(19229): [ggml] .
10-07 23:13:41.253 I/NpuProbe(19229): [ggml] .
10-07 23:13:41.253 I/NpuProbe(19229): [ggml] .
10-07 23:13:41.253 I/NpuProbe(19229): [ggml] .
10-07 23:13:41.254 I/NpuProbe(19229): [ggml] .
10-07 23:13:41.254 I/NpuProbe(19229): [ggml] .
10-07 23:13:41.254 I/NpuProbe(19229): [ggml] .
10-07 23:13:41.254 I/NpuProbe(19229): [ggml] .
10-07 23:13:41.255 I/NpuProbe(19229): [ggml] .
10-07 23:13:41.255 I/NpuProbe(19229): [ggml] .
10-07 23:13:41.256 I/NpuProbe(19229): [ggml] .
10-07 23:13:41.256 I/NpuProbe(19229): [ggml] .
10-07 23:13:41.256 I/NpuProbe(19229): [ggml] .
10-07 23:13:41.256 I/NpuProbe(19229): [ggml] .
10-07 23:13:41.257 I/NpuProbe(19229): [ggml] .
10-07 23:13:41.257 I/NpuProbe(19229): [ggml] .
10-07 23:13:41.257 I/NpuProbe(19229): [ggml] .
10-07 23:13:41.257 I/NpuProbe(19229): [ggml] .
10-07 23:13:41.257 I/NpuProbe(19229): [ggml] .
10-07 23:13:41.257 I/NpuProbe(19229): [ggml] .
10-07 23:13:41.257 I/NpuProbe(19229): [ggml] .
10-07 23:13:41.258 I/NpuProbe(19229): [ggml] .
10-07 23:13:41.259 I/NpuProbe(19229): [ggml] .
10-07 23:13:41.259 I/NpuProbe(19229): [ggml] .
10-07 23:13:41.259 I/NpuProbe(19229): [ggml] .
10-07 23:13:41.259 I/NpuProbe(19229): [ggml] .
10-07 23:13:41.259 I/NpuProbe(19229): [ggml] .
10-07 23:13:41.260 I/NpuProbe(19229): [ggml] .
10-07 23:13:41.260 I/NpuProbe(19229): [ggml] .
10-07 23:13:41.260 I/NpuProbe(19229): [ggml] .
10-07 23:13:41.260 I/NpuProbe(19229): [ggml] .
10-07 23:13:41.260 I/NpuProbe(19229): [ggml] .
10-07 23:13:41.261 I/NpuProbe(19229): [ggml] .
10-07 23:13:41.261 I/NpuProbe(19229): [ggml] .
10-07 23:13:41.261 I/NpuProbe(19229): [ggml] .
10-07 23:13:41.261 I/NpuProbe(19229): [ggml] .
10-07 23:13:41.262 I/NpuProbe(19229): [ggml] .
10-07 23:13:41.262 I/NpuProbe(19229): [ggml] .
10-07 23:13:41.262 I/NpuProbe(19229): [ggml] .
10-07 23:13:41.263 I/NpuProbe(19229): [ggml] .
10-07 23:13:41.263 I/NpuProbe(19229): [ggml] .
10-07 23:13:41.263 I/NpuProbe(19229): [ggml] .
10-07 23:13:41.263 I/NpuProbe(19229): [ggml] .
10-07 23:13:41.263 I/NpuProbe(19229): [ggml] .
10-07 23:13:41.264 I/NpuProbe(19229): [ggml] .
10-07 23:13:41.264 I/NpuProbe(19229): [ggml] .
10-07 23:13:41.264 I/NpuProbe(19229): [ggml] .
10-07 23:13:41.264 I/NpuProbe(19229): [ggml] .
10-07 23:13:41.264 I/NpuProbe(19229): [ggml] .
10-07 23:13:41.265 I/NpuProbe(19229): [ggml] .
10-07 23:13:41.265 I/NpuProbe(19229): [ggml] .
10-07 23:13:41.265 I/NpuProbe(19229): [ggml] .
10-07 23:13:41.265 I/NpuProbe(19229): [ggml] .
10-07 23:13:41.265 I/NpuProbe(19229): [ggml] .
10-07 23:13:41.265 I/NpuProbe(19229): [ggml] .
10-07 23:13:41.266 I/NpuProbe(19229): [ggml] .
10-07 23:13:41.266 I/NpuProbe(19229): [ggml] .
10-07 23:13:41.266 I/NpuProbe(19229): [ggml] .
10-07 23:13:41.266 I/NpuProbe(19229): [ggml] .
10-07 23:13:41.266 I/NpuProbe(19229): [ggml] .
10-07 23:13:41.266 I/NpuProbe(19229): [ggml] .
10-07 23:13:41.266 I/NpuProbe(19229): [ggml] .
10-07 23:13:41.266 I/NpuProbe(19229): [ggml] .
10-07 23:13:41.267 I/NpuProbe(19229): [ggml] .
10-07 23:13:41.267 I/NpuProbe(19229): [ggml] .
10-07 23:13:41.267 I/NpuProbe(19229): [ggml] .
10-07 23:13:41.267 I/NpuProbe(19229): [ggml] .
10-07 23:13:44.940 I/NpuProbe(19229): [ggml] ggml_opencl: OpenCL driver: OpenCL 3.0 QUALCOMM build: 0842.41 Compiler E031.50.19.27
10-07 23:13:44.940 I/NpuProbe(19229): [ggml] ggml_opencl: vector subgroup broadcast support: true
10-07 23:13:44.940 I/NpuProbe(19229): [ggml] ggml_opencl: subgroup shuffle support: true
10-07 23:13:44.940 I/NpuProbe(19229): [ggml] ggml_opencl: device FP16 support: true
10-07 23:13:44.940 I/NpuProbe(19229): [ggml] ggml_opencl: khr dot product support: true
10-07 23:13:44.940 I/NpuProbe(19229): [ggml] ggml_opencl: mem base addr align: 128
10-07 23:13:44.940 I/NpuProbe(19229): [ggml] ggml_opencl: global mem size: 7555 MB
10-07 23:13:44.940 I/NpuProbe(19229): [ggml] ggml_opencl: max mem alloc size: 2048 MB
10-07 23:13:44.940 I/NpuProbe(19229): [ggml] ggml_opencl: device max image buffer size (pixels): 2147483648
10-07 23:13:44.940 I/NpuProbe(19229): [ggml] ggml_opencl: device max image2d size: 16384 x 16384
10-07 23:13:44.940 I/NpuProbe(19229): [ggml] ggml_opencl: device max workgroup size: 1024
10-07 23:13:44.940 I/NpuProbe(19229): [ggml] ggml_opencl: SVM coarse grain buffer support: true
10-07 23:13:44.940 I/NpuProbe(19229): [ggml] ggml_opencl: SVM fine grain buffer support: true
10-07 23:13:44.940 I/NpuProbe(19229): [ggml] ggml_opencl: SVM fine grain system support: false
10-07 23:13:44.940 I/NpuProbe(19229): [ggml] ggml_opencl: SVM atomics support: true
10-07 23:13:44.940 I/NpuProbe(19229): [ggml] ggml_opencl: cl_qcom_subgroup_shuffle support: true
10-07 23:13:44.940 I/NpuProbe(19229): [ggml] ggml_opencl: flattening quantized weights representation as struct of arrays (GGML_OPENCL_SOA_Q)
10-07 23:13:44.940 I/NpuProbe(19229): [ggml] ggml_opencl: using kernels optimized for Adreno (GGML_OPENCL_USE_ADRENO_KERNELS)
10-07 23:13:49.531 I/NpuProbe(19229): [ggml] ggml_opencl: lazy-compiling flash_attn prepass for DK=128 DV=128
10-07 23:13:49.531 I/NpuProbe(19229): [ggml] ggml_opencl: compiling fa prepass f16
10-07 23:13:49.565 I/NpuProbe(19229): [ggml] ggml_opencl: compiling fa f32_f16
10-07 23:13:50.071 I/NpuProbe(19229): [ggml] ggml_opencl: flash_attn_f32_f16_q1_vec_mq_split_c8 DK=128 DV=128 per-kernel max 128 < required 256; skipping registration (will fall back)
10-07 23:13:50.071 I/NpuProbe(19229): [ggml] ggml_opencl: compiling fa f32_f16 MQ_GQA=8
10-07 23:13:50.322 I/NpuProbe(19229): [ggml] ggml_opencl: flash_attn_f32_f16_q1_vec_mq_split_c8 (g8) DK=128 DV=128 per-kernel max 128 < required 192; skipping registration (will fall back)
10-07 23:13:50.322 I/NpuProbe(19229): [ggml] ggml_opencl: compiling fa f32_f16 c8 NSG2
10-07 23:13:50.495 I/NpuProbe(19229): [ggml] ggml_opencl: compiling fa f32_f16 c8 g8 NSG2
10-07 23:13:50.744 I/NpuProbe(19229): [ggml] ggml_opencl: compiling fa f32_f16 split
10-07 23:14:31.291 I/NpuProbe(19229): DIV_DET: pos=264 tokD=305 tokS=11 | topD=[305:26.6921 11:26.6825 26:16.0612 13:15.5356 739:13.9387 ] topS=[11:26.7165 305:26.5443 26:16.1251 13:15.5035 739:14.0038 ] | margemD=0.0096 margemS=0.1723 finite=1
--------- beginning of main
10-07 23:13:40.449 I/NpuProbe(19229): nativeLibraryDir=/data/app/~~6qAvQXc5OL5-55E8urH23Q==/br.gov.sp.pcsp.npuprobe-WF5H_5jWiXgwuyh9oVF0vg==/lib/arm64
10-07 23:13:40.449 I/NpuProbe(19229): runProbe PULADO (p4-auto presente; preinit do tune)
10-07 23:13:40.449 I/NpuProbe(19229): REPORT:
10-07 23:13:40.449 I/NpuProbe(19229): (runProbe PULADO: p4-auto presente; evita init Hexagon pre-tune - R8)
10-07 23:13:40.450 I/NpuProbe(19229): AUTO-GATILHO='smart:sessao'
10-07 23:13:40.450 I/NpuProbe(19229): SMART iniciando rota=sessao com /data/local/tmp/hymt2_app.gguf
10-07 23:13:40.450 I/NpuProbe(19229): SMARTv2 rota='sessao' mutante=(none)
10-07 23:13:40.452 I/NpuProbe(19229): [ggml] ggml_vulkan: Found 1 Vulkan devices:
10-07 23:13:40.452 I/NpuProbe(19229): [ggml] ggml_vulkan: 0 = Adreno (TM) 840 (Qualcomm Technologies Inc. Adreno Vulkan Driver) | uma: 1 | fp16: 1 | bf16: 0 | fp4: 0 | warp size: 64 | shared memory: 32768 | int dot: 0 | matrix cores: none
10-07 23:13:40.468 I/NpuProbe(19229): [ggml] ggml_opencl: selected platform: 'QUALCOMM Snapdragon(TM)'
10-07 23:13:40.469 I/NpuProbe(19229): [ggml] 
10-07 23:13:40.469 I/NpuProbe(19229): ggml_opencl: device: 'QUALCOMM Adreno(TM) 840 (OpenCL 3.0 Adreno(TM) 840)'
10-07 23:13:40.469 I/NpuProbe(19229): [ggml] ggml_opencl: default device: 'QUALCOMM Adreno(TM) 840 (OpenCL 3.0 Adreno(TM) 840)'
10-07 23:13:40.469 I/NpuProbe(19229): [ggml] ggml-hex: Loading driver libcdsprpc.so
10-07 23:13:40.474 I/NpuProbe(19229): [ggml] ggml-hex: Hexagon backend (experimental) : allocating new registry : ndev 1
10-07 23:13:40.474 I/NpuProbe(19229): [ggml] ggml-hex: Hexagon Arch version v81
10-07 23:13:40.474 I/NpuProbe(19229): [ggml] ggml-hex: HTP0 allocating new session
10-07 23:13:40.510 I/NpuProbe(19229): [ggml] ggml-hex: HTP0 hwinfo: threads 8, hvx 8, hmx 1, vtcm 8 MB
10-07 23:13:40.511 I/NpuProbe(19229): [ggml] ggml-hex: HTP0 new session : session-id 0 domain-id 3 uri file:///libggml-htp-v81.so?htp_iface_skel_handle_invoke&_modver=1.0&_dom=cdsp&_session=0 handle 0xb4000077d9ab5c00
10-07 23:13:40.515 I/NpuProbe(19229): [ggml] ggml-hex: HTP0 op batching: n-bufs 16 n-tensors 7168 n-ops 1024 vmem 3355443200
10-07 23:13:40.522 I/NpuProbe(19229): SESSAO(7246d5e): 3 requests na mesma sessao (roles separados; JSON nativo em files/r6-sess.jsonl)
10-07 23:13:40.522 I/NpuProbe(19229): PROMPT[0]: arquivo proprio (len=1101)
10-07 23:13:41.245 I/NpuProbe(19229): [ggml] ggml_opencl: kernel cache enabled at '/data/user/0/br.gov.sp.pcsp.npuprobe/cache/llama.cpp/cl-cache'
10-07 23:13:41.245 I/NpuProbe(19229): [ggml] ggml_opencl: loading OpenCL kernels
10-07 23:13:41.246 I/NpuProbe(19229): [ggml] .
10-07 23:13:41.246 I/NpuProbe(19229): [ggml] .
10-07 23:13:41.246 I/NpuProbe(19229): [ggml] .
10-07 23:13:41.246 I/NpuProbe(19229): [ggml] .
10-07 23:13:41.247 I/NpuProbe(19229): [ggml] .
10-07 23:13:41.248 I/NpuProbe(19229): [ggml] .
10-07 23:13:41.249 I/NpuProbe(19229): [ggml] .
10-07 23:13:41.250 I/NpuProbe(19229): [ggml] .
10-07 23:13:41.250 I/NpuProbe(19229): [ggml] .
10-07 23:13:41.250 I/NpuProbe(19229): [ggml] .
10-07 23:13:41.251 I/NpuProbe(19229): [ggml] .
10-07 23:13:41.251 I/NpuProbe(19229): [ggml] .
10-07 23:13:41.251 I/NpuProbe(19229): [ggml] .
10-07 23:13:41.251 I/NpuProbe(19229): [ggml] .
10-07 23:13:41.251 I/NpuProbe(19229): [ggml] .
10-07 23:13:41.252 I/NpuProbe(19229): [ggml] .
10-07 23:13:41.252 I/NpuProbe(19229): [ggml] .
10-07 23:13:41.252 I/NpuProbe(19229): [ggml] .
10-07 23:13:41.252 I/NpuProbe(19229): [ggml] .
10-07 23:13:41.253 I/NpuProbe(19229): [ggml] .
10-07 23:13:41.253 I/NpuProbe(19229): [ggml] .
10-07 23:13:41.253 I/NpuProbe(19229): [ggml] .
10-07 23:13:41.253 I/NpuProbe(19229): [ggml] .
10-07 23:13:41.253 I/NpuProbe(19229): [ggml] .
10-07 23:13:41.254 I/NpuProbe(19229): [ggml] .
10-07 23:13:41.254 I/NpuProbe(19229): [ggml] .
10-07 23:13:41.254 I/NpuProbe(19229): [ggml] .
10-07 23:13:41.254 I/NpuProbe(19229): [ggml] .
10-07 23:13:41.255 I/NpuProbe(19229): [ggml] .
10-07 23:13:41.255 I/NpuProbe(19229): [ggml] .
10-07 23:13:41.256 I/NpuProbe(19229): [ggml] .
10-07 23:13:41.256 I/NpuProbe(19229): [ggml] .
10-07 23:13:41.256 I/NpuProbe(19229): [ggml] .
10-07 23:13:41.256 I/NpuProbe(19229): [ggml] .
10-07 23:13:41.257 I/NpuProbe(19229): [ggml] .
10-07 23:13:41.257 I/NpuProbe(19229): [ggml] .
10-07 23:13:41.257 I/NpuProbe(19229): [ggml] .
10-07 23:13:41.257 I/NpuProbe(19229): [ggml] .
10-07 23:13:41.257 I/NpuProbe(19229): [ggml] .
10-07 23:13:41.257 I/NpuProbe(19229): [ggml] .
10-07 23:13:41.257 I/NpuProbe(19229): [ggml] .
10-07 23:13:41.258 I/NpuProbe(19229): [ggml] .
10-07 23:13:41.259 I/NpuProbe(19229): [ggml] .
10-07 23:13:41.259 I/NpuProbe(19229): [ggml] .
10-07 23:13:41.259 I/NpuProbe(19229): [ggml] .
10-07 23:13:41.259 I/NpuProbe(19229): [ggml] .
10-07 23:13:41.259 I/NpuProbe(19229): [ggml] .
10-07 23:13:41.260 I/NpuProbe(19229): [ggml] .
10-07 23:13:41.260 I/NpuProbe(19229): [ggml] .
10-07 23:13:41.260 I/NpuProbe(19229): [ggml] .
10-07 23:13:41.260 I/NpuProbe(19229): [ggml] .
10-07 23:13:41.260 I/NpuProbe(19229): [ggml] .
10-07 23:13:41.261 I/NpuProbe(19229): [ggml] .
10-07 23:13:41.261 I/NpuProbe(19229): [ggml] .
10-07 23:13:41.261 I/NpuProbe(19229): [ggml] .
10-07 23:13:41.261 I/NpuProbe(19229): [ggml] .
10-07 23:13:41.262 I/NpuProbe(19229): [ggml] .
10-07 23:13:41.262 I/NpuProbe(19229): [ggml] .
10-07 23:13:41.262 I/NpuProbe(19229): [ggml] .
10-07 23:13:41.263 I/NpuProbe(19229): [ggml] .
10-07 23:13:41.263 I/NpuProbe(19229): [ggml] .
10-07 23:13:41.263 I/NpuProbe(19229): [ggml] .
10-07 23:13:41.263 I/NpuProbe(19229): [ggml] .
10-07 23:13:41.263 I/NpuProbe(19229): [ggml] .
10-07 23:13:41.264 I/NpuProbe(19229): [ggml] .
10-07 23:13:41.264 I/NpuProbe(19229): [ggml] .
10-07 23:13:41.264 I/NpuProbe(19229): [ggml] .
10-07 23:13:41.264 I/NpuProbe(19229): [ggml] .
10-07 23:13:41.264 I/NpuProbe(19229): [ggml] .
10-07 23:13:41.265 I/NpuProbe(19229): [ggml] .
10-07 23:13:41.265 I/NpuProbe(19229): [ggml] .
10-07 23:13:41.265 I/NpuProbe(19229): [ggml] .
10-07 23:13:41.265 I/NpuProbe(19229): [ggml] .
10-07 23:13:41.265 I/NpuProbe(19229): [ggml] .
10-07 23:13:41.265 I/NpuProbe(19229): [ggml] .
10-07 23:13:41.266 I/NpuProbe(19229): [ggml] .
10-07 23:13:41.266 I/NpuProbe(19229): [ggml] .
10-07 23:13:41.266 I/NpuProbe(19229): [ggml] .
10-07 23:13:41.266 I/NpuProbe(19229): [ggml] .
10-07 23:13:41.266 I/NpuProbe(19229): [ggml] .
10-07 23:13:41.266 I/NpuProbe(19229): [ggml] .
10-07 23:13:41.266 I/NpuProbe(19229): [ggml] .
10-07 23:13:41.266 I/NpuProbe(19229): [ggml] .
10-07 23:13:41.267 I/NpuProbe(19229): [ggml] .
10-07 23:13:41.267 I/NpuProbe(19229): [ggml] .
10-07 23:13:41.267 I/NpuProbe(19229): [ggml] .
10-07 23:13:41.267 I/NpuProbe(19229): [ggml] .
10-07 23:13:44.940 I/NpuProbe(19229): [ggml] ggml_opencl: OpenCL driver: OpenCL 3.0 QUALCOMM build: 0842.41 Compiler E031.50.19.27
10-07 23:13:44.940 I/NpuProbe(19229): [ggml] ggml_opencl: vector subgroup broadcast support: true
10-07 23:13:44.940 I/NpuProbe(19229): [ggml] ggml_opencl: subgroup shuffle support: true
10-07 23:13:44.940 I/NpuProbe(19229): [ggml] ggml_opencl: device FP16 support: true
10-07 23:13:44.940 I/NpuProbe(19229): [ggml] ggml_opencl: khr dot product support: true
10-07 23:13:44.940 I/NpuProbe(19229): [ggml] ggml_opencl: mem base addr align: 128
10-07 23:13:44.940 I/NpuProbe(19229): [ggml] ggml_opencl: global mem size: 7555 MB
10-07 23:13:44.940 I/NpuProbe(19229): [ggml] ggml_opencl: max mem alloc size: 2048 MB
10-07 23:13:44.940 I/NpuProbe(19229): [ggml] ggml_opencl: device max image buffer size (pixels): 2147483648
10-07 23:13:44.940 I/NpuProbe(19229): [ggml] ggml_opencl: device max image2d size: 16384 x 16384
10-07 23:13:44.940 I/NpuProbe(19229): [ggml] ggml_opencl: device max workgroup size: 1024
10-07 23:13:44.940 I/NpuProbe(19229): [ggml] ggml_opencl: SVM coarse grain buffer support: true
10-07 23:13:44.940 I/NpuProbe(19229): [ggml] ggml_opencl: SVM fine grain buffer support: true
10-07 23:13:44.940 I/NpuProbe(19229): [ggml] ggml_opencl: SVM fine grain system support: false
10-07 23:13:44.940 I/NpuProbe(19229): [ggml] ggml_opencl: SVM atomics support: true
10-07 23:13:44.940 I/NpuProbe(19229): [ggml] ggml_opencl: cl_qcom_subgroup_shuffle support: true
10-07 23:13:44.940 I/NpuProbe(19229): [ggml] ggml_opencl: flattening quantized weights representation as struct of arrays (GGML_OPENCL_SOA_Q)
10-07 23:13:44.940 I/NpuProbe(19229): [ggml] ggml_opencl: using kernels optimized for Adreno (GGML_OPENCL_USE_ADRENO_KERNELS)
10-07 23:13:49.531 I/NpuProbe(19229): [ggml] ggml_opencl: lazy-compiling flash_attn prepass for DK=128 DV=128
10-07 23:13:49.531 I/NpuProbe(19229): [ggml] ggml_opencl: compiling fa prepass f16
10-07 23:13:49.565 I/NpuProbe(19229): [ggml] ggml_opencl: compiling fa f32_f16
10-07 23:13:50.071 I/NpuProbe(19229): [ggml] ggml_opencl: flash_attn_f32_f16_q1_vec_mq_split_c8 DK=128 DV=128 per-kernel max 128 < required 256; skipping registration (will fall back)
10-07 23:13:50.071 I/NpuProbe(19229): [ggml] ggml_opencl: compiling fa f32_f16 MQ_GQA=8
10-07 23:13:50.322 I/NpuProbe(19229): [ggml] ggml_opencl: flash_attn_f32_f16_q1_vec_mq_split_c8 (g8) DK=128 DV=128 per-kernel max 128 < required 192; skipping registration (will fall back)
10-07 23:13:50.322 I/NpuProbe(19229): [ggml] ggml_opencl: compiling fa f32_f16 c8 NSG2
10-07 23:13:50.495 I/NpuProbe(19229): [ggml] ggml_opencl: compiling fa f32_f16 c8 g8 NSG2
10-07 23:13:50.744 I/NpuProbe(19229): [ggml] ggml_opencl: compiling fa f32_f16 split
10-07 23:14:31.291 I/NpuProbe(19229): DIV_DET: pos=264 tokD=305 tokS=11 | topD=[305:26.6921 11:26.6825 26:16.0612 13:15.5356 739:13.9387 ] topS=[11:26.7165 305:26.5443 26:16.1251 13:15.5035 739:14.0038 ] | margemD=0.0096 margemS=0.1723 finite=1
10-07 23:14:36.919 I/NpuProbe(19229): SESS[0] opencl valid: ok=1 cap=0 eog_tok1=0 tok1=14533 emitidos=301 consumidos=301 dec_s=301
10-07 23:14:36.919 I/NpuProbe(19229): SESS[0] opencl tempos: prefill=4282.46ms export=0.37ms(12586017B) import=11.02ms gen=47325.63ms
10-07 23:14:36.919 I/NpuProbe(19229): SESS[0] opencl fronteiras(ms): prefdone=4283.4 tok1r=4349.4 impdone=4360.5 tok2r=5996.4 fim=51686.1 wall=51686.1 reset=11.95
10-07 23:14:36.919 I/NpuProbe(19229): SESS[0] opencl texto_len=1061 (integral no JSON)
10-07 23:14:36.919 I/NpuProbe(19229): SESS[0] opencl lifecycle: load_dst=4449ms load_src=184ms (0=WARM)
10-07 23:14:36.919 I/NpuProbe(19229): SESS[0] opencl RESULTADO: SMART-DIVERGENTE
10-07 23:14:36.922 I/NpuProbe(19229): PROMPT[1]: arquivo proprio (len=205)
10-07 23:14:41.313 I/NpuProbe(19229): SESS[1] opencl valid: ok=1 cap=0 eog_tok1=0 tok1=46 emitidos=26 consumidos=26 dec_s=26
10-07 23:14:41.313 I/NpuProbe(19229): SESS[1] opencl tempos: prefill=755.44ms export=0.09ms(1770597B) import=8.85ms gen=3594.47ms
10-07 23:14:41.313 I/NpuProbe(19229): SESS[1] opencl fronteiras(ms): prefdone=755.7 tok1r=765.3 impdone=774.2 tok2r=803.2 fim=4368.7 wall=4368.7 reset=12.11
10-07 23:14:41.313 I/NpuProbe(19229): SESS[1] opencl texto_len=77 (integral no JSON)
10-07 23:14:41.313 I/NpuProbe(19229): SESS[1] opencl lifecycle: load_dst=0ms load_src=0ms (0=WARM)
10-07 23:14:41.313 I/NpuProbe(19229): SESS[1] opencl RESULTADO: SMART-ACEITO
10-07 23:14:41.315 I/NpuProbe(19229): PROMPT[2]: arquivo proprio (len=1101)
--------- beginning of main
10-07 23:13:40.449 I/NpuProbe(19229): nativeLibraryDir=/data/app/~~6qAvQXc5OL5-55E8urH23Q==/br.gov.sp.pcsp.npuprobe-WF5H_5jWiXgwuyh9oVF0vg==/lib/arm64
10-07 23:13:40.449 I/NpuProbe(19229): runProbe PULADO (p4-auto presente; preinit do tune)
10-07 23:13:40.449 I/NpuProbe(19229): REPORT:
10-07 23:13:40.449 I/NpuProbe(19229): (runProbe PULADO: p4-auto presente; evita init Hexagon pre-tune - R8)
10-07 23:13:40.450 I/NpuProbe(19229): AUTO-GATILHO='smart:sessao'
10-07 23:13:40.450 I/NpuProbe(19229): SMART iniciando rota=sessao com /data/local/tmp/hymt2_app.gguf
10-07 23:13:40.450 I/NpuProbe(19229): SMARTv2 rota='sessao' mutante=(none)
10-07 23:13:40.452 I/NpuProbe(19229): [ggml] ggml_vulkan: Found 1 Vulkan devices:
10-07 23:13:40.452 I/NpuProbe(19229): [ggml] ggml_vulkan: 0 = Adreno (TM) 840 (Qualcomm Technologies Inc. Adreno Vulkan Driver) | uma: 1 | fp16: 1 | bf16: 0 | fp4: 0 | warp size: 64 | shared memory: 32768 | int dot: 0 | matrix cores: none
10-07 23:13:40.468 I/NpuProbe(19229): [ggml] ggml_opencl: selected platform: 'QUALCOMM Snapdragon(TM)'
10-07 23:13:40.469 I/NpuProbe(19229): [ggml] 
10-07 23:13:40.469 I/NpuProbe(19229): ggml_opencl: device: 'QUALCOMM Adreno(TM) 840 (OpenCL 3.0 Adreno(TM) 840)'
10-07 23:13:40.469 I/NpuProbe(19229): [ggml] ggml_opencl: default device: 'QUALCOMM Adreno(TM) 840 (OpenCL 3.0 Adreno(TM) 840)'
10-07 23:13:40.469 I/NpuProbe(19229): [ggml] ggml-hex: Loading driver libcdsprpc.so
10-07 23:13:40.474 I/NpuProbe(19229): [ggml] ggml-hex: Hexagon backend (experimental) : allocating new registry : ndev 1
10-07 23:13:40.474 I/NpuProbe(19229): [ggml] ggml-hex: Hexagon Arch version v81
10-07 23:13:40.474 I/NpuProbe(19229): [ggml] ggml-hex: HTP0 allocating new session
10-07 23:13:40.510 I/NpuProbe(19229): [ggml] ggml-hex: HTP0 hwinfo: threads 8, hvx 8, hmx 1, vtcm 8 MB
10-07 23:13:40.511 I/NpuProbe(19229): [ggml] ggml-hex: HTP0 new session : session-id 0 domain-id 3 uri file:///libggml-htp-v81.so?htp_iface_skel_handle_invoke&_modver=1.0&_dom=cdsp&_session=0 handle 0xb4000077d9ab5c00
10-07 23:13:40.515 I/NpuProbe(19229): [ggml] ggml-hex: HTP0 op batching: n-bufs 16 n-tensors 7168 n-ops 1024 vmem 3355443200
10-07 23:13:40.522 I/NpuProbe(19229): SESSAO(7246d5e): 3 requests na mesma sessao (roles separados; JSON nativo em files/r6-sess.jsonl)
10-07 23:13:40.522 I/NpuProbe(19229): PROMPT[0]: arquivo proprio (len=1101)
10-07 23:13:41.245 I/NpuProbe(19229): [ggml] ggml_opencl: kernel cache enabled at '/data/user/0/br.gov.sp.pcsp.npuprobe/cache/llama.cpp/cl-cache'
10-07 23:13:41.245 I/NpuProbe(19229): [ggml] ggml_opencl: loading OpenCL kernels
10-07 23:13:41.246 I/NpuProbe(19229): [ggml] .
10-07 23:13:41.246 I/NpuProbe(19229): [ggml] .
10-07 23:13:41.246 I/NpuProbe(19229): [ggml] .
10-07 23:13:41.246 I/NpuProbe(19229): [ggml] .
10-07 23:13:41.247 I/NpuProbe(19229): [ggml] .
10-07 23:13:41.248 I/NpuProbe(19229): [ggml] .
10-07 23:13:41.249 I/NpuProbe(19229): [ggml] .
10-07 23:13:41.250 I/NpuProbe(19229): [ggml] .
10-07 23:13:41.250 I/NpuProbe(19229): [ggml] .
10-07 23:13:41.250 I/NpuProbe(19229): [ggml] .
10-07 23:13:41.251 I/NpuProbe(19229): [ggml] .
10-07 23:13:41.251 I/NpuProbe(19229): [ggml] .
10-07 23:13:41.251 I/NpuProbe(19229): [ggml] .
10-07 23:13:41.251 I/NpuProbe(19229): [ggml] .
10-07 23:13:41.251 I/NpuProbe(19229): [ggml] .
10-07 23:13:41.252 I/NpuProbe(19229): [ggml] .
10-07 23:13:41.252 I/NpuProbe(19229): [ggml] .
10-07 23:13:41.252 I/NpuProbe(19229): [ggml] .
10-07 23:13:41.252 I/NpuProbe(19229): [ggml] .
10-07 23:13:41.253 I/NpuProbe(19229): [ggml] .
10-07 23:13:41.253 I/NpuProbe(19229): [ggml] .
10-07 23:13:41.253 I/NpuProbe(19229): [ggml] .
10-07 23:13:41.253 I/NpuProbe(19229): [ggml] .
10-07 23:13:41.253 I/NpuProbe(19229): [ggml] .
10-07 23:13:41.254 I/NpuProbe(19229): [ggml] .
10-07 23:13:41.254 I/NpuProbe(19229): [ggml] .
10-07 23:13:41.254 I/NpuProbe(19229): [ggml] .
10-07 23:13:41.254 I/NpuProbe(19229): [ggml] .
10-07 23:13:41.255 I/NpuProbe(19229): [ggml] .
10-07 23:13:41.255 I/NpuProbe(19229): [ggml] .
10-07 23:13:41.256 I/NpuProbe(19229): [ggml] .
10-07 23:13:41.256 I/NpuProbe(19229): [ggml] .
10-07 23:13:41.256 I/NpuProbe(19229): [ggml] .
10-07 23:13:41.256 I/NpuProbe(19229): [ggml] .
10-07 23:13:41.257 I/NpuProbe(19229): [ggml] .
10-07 23:13:41.257 I/NpuProbe(19229): [ggml] .
10-07 23:13:41.257 I/NpuProbe(19229): [ggml] .
10-07 23:13:41.257 I/NpuProbe(19229): [ggml] .
10-07 23:13:41.257 I/NpuProbe(19229): [ggml] .
10-07 23:13:41.257 I/NpuProbe(19229): [ggml] .
10-07 23:13:41.257 I/NpuProbe(19229): [ggml] .
10-07 23:13:41.258 I/NpuProbe(19229): [ggml] .
10-07 23:13:41.259 I/NpuProbe(19229): [ggml] .
10-07 23:13:41.259 I/NpuProbe(19229): [ggml] .
10-07 23:13:41.259 I/NpuProbe(19229): [ggml] .
10-07 23:13:41.259 I/NpuProbe(19229): [ggml] .
10-07 23:13:41.259 I/NpuProbe(19229): [ggml] .
10-07 23:13:41.260 I/NpuProbe(19229): [ggml] .
10-07 23:13:41.260 I/NpuProbe(19229): [ggml] .
10-07 23:13:41.260 I/NpuProbe(19229): [ggml] .
10-07 23:13:41.260 I/NpuProbe(19229): [ggml] .
10-07 23:13:41.260 I/NpuProbe(19229): [ggml] .
10-07 23:13:41.261 I/NpuProbe(19229): [ggml] .
10-07 23:13:41.261 I/NpuProbe(19229): [ggml] .
10-07 23:13:41.261 I/NpuProbe(19229): [ggml] .
10-07 23:13:41.261 I/NpuProbe(19229): [ggml] .
10-07 23:13:41.262 I/NpuProbe(19229): [ggml] .
10-07 23:13:41.262 I/NpuProbe(19229): [ggml] .
10-07 23:13:41.262 I/NpuProbe(19229): [ggml] .
10-07 23:13:41.263 I/NpuProbe(19229): [ggml] .
10-07 23:13:41.263 I/NpuProbe(19229): [ggml] .
10-07 23:13:41.263 I/NpuProbe(19229): [ggml] .
10-07 23:13:41.263 I/NpuProbe(19229): [ggml] .
10-07 23:13:41.263 I/NpuProbe(19229): [ggml] .
10-07 23:13:41.264 I/NpuProbe(19229): [ggml] .
10-07 23:13:41.264 I/NpuProbe(19229): [ggml] .
10-07 23:13:41.264 I/NpuProbe(19229): [ggml] .
10-07 23:13:41.264 I/NpuProbe(19229): [ggml] .
10-07 23:13:41.264 I/NpuProbe(19229): [ggml] .
10-07 23:13:41.265 I/NpuProbe(19229): [ggml] .
10-07 23:13:41.265 I/NpuProbe(19229): [ggml] .
10-07 23:13:41.265 I/NpuProbe(19229): [ggml] .
10-07 23:13:41.265 I/NpuProbe(19229): [ggml] .
10-07 23:13:41.265 I/NpuProbe(19229): [ggml] .
10-07 23:13:41.265 I/NpuProbe(19229): [ggml] .
10-07 23:13:41.266 I/NpuProbe(19229): [ggml] .
10-07 23:13:41.266 I/NpuProbe(19229): [ggml] .
10-07 23:13:41.266 I/NpuProbe(19229): [ggml] .
10-07 23:13:41.266 I/NpuProbe(19229): [ggml] .
10-07 23:13:41.266 I/NpuProbe(19229): [ggml] .
10-07 23:13:41.266 I/NpuProbe(19229): [ggml] .
10-07 23:13:41.266 I/NpuProbe(19229): [ggml] .
10-07 23:13:41.266 I/NpuProbe(19229): [ggml] .
10-07 23:13:41.267 I/NpuProbe(19229): [ggml] .
10-07 23:13:41.267 I/NpuProbe(19229): [ggml] .
10-07 23:13:41.267 I/NpuProbe(19229): [ggml] .
10-07 23:13:41.267 I/NpuProbe(19229): [ggml] .
10-07 23:13:44.940 I/NpuProbe(19229): [ggml] ggml_opencl: OpenCL driver: OpenCL 3.0 QUALCOMM build: 0842.41 Compiler E031.50.19.27
10-07 23:13:44.940 I/NpuProbe(19229): [ggml] ggml_opencl: vector subgroup broadcast support: true
10-07 23:13:44.940 I/NpuProbe(19229): [ggml] ggml_opencl: subgroup shuffle support: true
10-07 23:13:44.940 I/NpuProbe(19229): [ggml] ggml_opencl: device FP16 support: true
10-07 23:13:44.940 I/NpuProbe(19229): [ggml] ggml_opencl: khr dot product support: true
10-07 23:13:44.940 I/NpuProbe(19229): [ggml] ggml_opencl: mem base addr align: 128
10-07 23:13:44.940 I/NpuProbe(19229): [ggml] ggml_opencl: global mem size: 7555 MB
10-07 23:13:44.940 I/NpuProbe(19229): [ggml] ggml_opencl: max mem alloc size: 2048 MB
10-07 23:13:44.940 I/NpuProbe(19229): [ggml] ggml_opencl: device max image buffer size (pixels): 2147483648
10-07 23:13:44.940 I/NpuProbe(19229): [ggml] ggml_opencl: device max image2d size: 16384 x 16384
10-07 23:13:44.940 I/NpuProbe(19229): [ggml] ggml_opencl: device max workgroup size: 1024
10-07 23:13:44.940 I/NpuProbe(19229): [ggml] ggml_opencl: SVM coarse grain buffer support: true
10-07 23:13:44.940 I/NpuProbe(19229): [ggml] ggml_opencl: SVM fine grain buffer support: true
10-07 23:13:44.940 I/NpuProbe(19229): [ggml] ggml_opencl: SVM fine grain system support: false
10-07 23:13:44.940 I/NpuProbe(19229): [ggml] ggml_opencl: SVM atomics support: true
10-07 23:13:44.940 I/NpuProbe(19229): [ggml] ggml_opencl: cl_qcom_subgroup_shuffle support: true
10-07 23:13:44.940 I/NpuProbe(19229): [ggml] ggml_opencl: flattening quantized weights representation as struct of arrays (GGML_OPENCL_SOA_Q)
10-07 23:13:44.940 I/NpuProbe(19229): [ggml] ggml_opencl: using kernels optimized for Adreno (GGML_OPENCL_USE_ADRENO_KERNELS)
10-07 23:13:49.531 I/NpuProbe(19229): [ggml] ggml_opencl: lazy-compiling flash_attn prepass for DK=128 DV=128
10-07 23:13:49.531 I/NpuProbe(19229): [ggml] ggml_opencl: compiling fa prepass f16
10-07 23:13:49.565 I/NpuProbe(19229): [ggml] ggml_opencl: compiling fa f32_f16
10-07 23:13:50.071 I/NpuProbe(19229): [ggml] ggml_opencl: flash_attn_f32_f16_q1_vec_mq_split_c8 DK=128 DV=128 per-kernel max 128 < required 256; skipping registration (will fall back)
10-07 23:13:50.071 I/NpuProbe(19229): [ggml] ggml_opencl: compiling fa f32_f16 MQ_GQA=8
10-07 23:13:50.322 I/NpuProbe(19229): [ggml] ggml_opencl: flash_attn_f32_f16_q1_vec_mq_split_c8 (g8) DK=128 DV=128 per-kernel max 128 < required 192; skipping registration (will fall back)
10-07 23:13:50.322 I/NpuProbe(19229): [ggml] ggml_opencl: compiling fa f32_f16 c8 NSG2
10-07 23:13:50.495 I/NpuProbe(19229): [ggml] ggml_opencl: compiling fa f32_f16 c8 g8 NSG2
10-07 23:13:50.744 I/NpuProbe(19229): [ggml] ggml_opencl: compiling fa f32_f16 split
10-07 23:14:31.291 I/NpuProbe(19229): DIV_DET: pos=264 tokD=305 tokS=11 | topD=[305:26.6921 11:26.6825 26:16.0612 13:15.5356 739:13.9387 ] topS=[11:26.7165 305:26.5443 26:16.1251 13:15.5035 739:14.0038 ] | margemD=0.0096 margemS=0.1723 finite=1
10-07 23:14:36.919 I/NpuProbe(19229): SESS[0] opencl valid: ok=1 cap=0 eog_tok1=0 tok1=14533 emitidos=301 consumidos=301 dec_s=301
10-07 23:14:36.919 I/NpuProbe(19229): SESS[0] opencl tempos: prefill=4282.46ms export=0.37ms(12586017B) import=11.02ms gen=47325.63ms
10-07 23:14:36.919 I/NpuProbe(19229): SESS[0] opencl fronteiras(ms): prefdone=4283.4 tok1r=4349.4 impdone=4360.5 tok2r=5996.4 fim=51686.1 wall=51686.1 reset=11.95
10-07 23:14:36.919 I/NpuProbe(19229): SESS[0] opencl texto_len=1061 (integral no JSON)
10-07 23:14:36.919 I/NpuProbe(19229): SESS[0] opencl lifecycle: load_dst=4449ms load_src=184ms (0=WARM)
10-07 23:14:36.919 I/NpuProbe(19229): SESS[0] opencl RESULTADO: SMART-DIVERGENTE
10-07 23:14:36.922 I/NpuProbe(19229): PROMPT[1]: arquivo proprio (len=205)
10-07 23:14:41.313 I/NpuProbe(19229): SESS[1] opencl valid: ok=1 cap=0 eog_tok1=0 tok1=46 emitidos=26 consumidos=26 dec_s=26
10-07 23:14:41.313 I/NpuProbe(19229): SESS[1] opencl tempos: prefill=755.44ms export=0.09ms(1770597B) import=8.85ms gen=3594.47ms
10-07 23:14:41.313 I/NpuProbe(19229): SESS[1] opencl fronteiras(ms): prefdone=755.7 tok1r=765.3 impdone=774.2 tok2r=803.2 fim=4368.7 wall=4368.7 reset=12.11
10-07 23:14:41.313 I/NpuProbe(19229): SESS[1] opencl texto_len=77 (integral no JSON)
10-07 23:14:41.313 I/NpuProbe(19229): SESS[1] opencl lifecycle: load_dst=0ms load_src=0ms (0=WARM)
10-07 23:14:41.313 I/NpuProbe(19229): SESS[1] opencl RESULTADO: SMART-ACEITO
10-07 23:14:41.315 I/NpuProbe(19229): PROMPT[2]: arquivo proprio (len=1101)
--------- beginning of main
10-07 23:13:40.449 I/NpuProbe(19229): nativeLibraryDir=/data/app/~~6qAvQXc5OL5-55E8urH23Q==/br.gov.sp.pcsp.npuprobe-WF5H_5jWiXgwuyh9oVF0vg==/lib/arm64
10-07 23:13:40.449 I/NpuProbe(19229): runProbe PULADO (p4-auto presente; preinit do tune)
10-07 23:13:40.449 I/NpuProbe(19229): REPORT:
10-07 23:13:40.449 I/NpuProbe(19229): (runProbe PULADO: p4-auto presente; evita init Hexagon pre-tune - R8)
10-07 23:13:40.450 I/NpuProbe(19229): AUTO-GATILHO='smart:sessao'
10-07 23:13:40.450 I/NpuProbe(19229): SMART iniciando rota=sessao com /data/local/tmp/hymt2_app.gguf
10-07 23:13:40.450 I/NpuProbe(19229): SMARTv2 rota='sessao' mutante=(none)
10-07 23:13:40.452 I/NpuProbe(19229): [ggml] ggml_vulkan: Found 1 Vulkan devices:
10-07 23:13:40.452 I/NpuProbe(19229): [ggml] ggml_vulkan: 0 = Adreno (TM) 840 (Qualcomm Technologies Inc. Adreno Vulkan Driver) | uma: 1 | fp16: 1 | bf16: 0 | fp4: 0 | warp size: 64 | shared memory: 32768 | int dot: 0 | matrix cores: none
10-07 23:13:40.468 I/NpuProbe(19229): [ggml] ggml_opencl: selected platform: 'QUALCOMM Snapdragon(TM)'
10-07 23:13:40.469 I/NpuProbe(19229): [ggml] 
10-07 23:13:40.469 I/NpuProbe(19229): ggml_opencl: device: 'QUALCOMM Adreno(TM) 840 (OpenCL 3.0 Adreno(TM) 840)'
10-07 23:13:40.469 I/NpuProbe(19229): [ggml] ggml_opencl: default device: 'QUALCOMM Adreno(TM) 840 (OpenCL 3.0 Adreno(TM) 840)'
10-07 23:13:40.469 I/NpuProbe(19229): [ggml] ggml-hex: Loading driver libcdsprpc.so
10-07 23:13:40.474 I/NpuProbe(19229): [ggml] ggml-hex: Hexagon backend (experimental) : allocating new registry : ndev 1
10-07 23:13:40.474 I/NpuProbe(19229): [ggml] ggml-hex: Hexagon Arch version v81
10-07 23:13:40.474 I/NpuProbe(19229): [ggml] ggml-hex: HTP0 allocating new session
10-07 23:13:40.510 I/NpuProbe(19229): [ggml] ggml-hex: HTP0 hwinfo: threads 8, hvx 8, hmx 1, vtcm 8 MB
10-07 23:13:40.511 I/NpuProbe(19229): [ggml] ggml-hex: HTP0 new session : session-id 0 domain-id 3 uri file:///libggml-htp-v81.so?htp_iface_skel_handle_invoke&_modver=1.0&_dom=cdsp&_session=0 handle 0xb4000077d9ab5c00
10-07 23:13:40.515 I/NpuProbe(19229): [ggml] ggml-hex: HTP0 op batching: n-bufs 16 n-tensors 7168 n-ops 1024 vmem 3355443200
10-07 23:13:40.522 I/NpuProbe(19229): SESSAO(7246d5e): 3 requests na mesma sessao (roles separados; JSON nativo em files/r6-sess.jsonl)
10-07 23:13:40.522 I/NpuProbe(19229): PROMPT[0]: arquivo proprio (len=1101)
10-07 23:13:41.245 I/NpuProbe(19229): [ggml] ggml_opencl: kernel cache enabled at '/data/user/0/br.gov.sp.pcsp.npuprobe/cache/llama.cpp/cl-cache'
10-07 23:13:41.245 I/NpuProbe(19229): [ggml] ggml_opencl: loading OpenCL kernels
10-07 23:13:41.246 I/NpuProbe(19229): [ggml] .
10-07 23:13:41.246 I/NpuProbe(19229): [ggml] .
10-07 23:13:41.246 I/NpuProbe(19229): [ggml] .
10-07 23:13:41.246 I/NpuProbe(19229): [ggml] .
10-07 23:13:41.247 I/NpuProbe(19229): [ggml] .
10-07 23:13:41.248 I/NpuProbe(19229): [ggml] .
10-07 23:13:41.249 I/NpuProbe(19229): [ggml] .
10-07 23:13:41.250 I/NpuProbe(19229): [ggml] .
10-07 23:13:41.250 I/NpuProbe(19229): [ggml] .
10-07 23:13:41.250 I/NpuProbe(19229): [ggml] .
10-07 23:13:41.251 I/NpuProbe(19229): [ggml] .
10-07 23:13:41.251 I/NpuProbe(19229): [ggml] .
10-07 23:13:41.251 I/NpuProbe(19229): [ggml] .
10-07 23:13:41.251 I/NpuProbe(19229): [ggml] .
10-07 23:13:41.251 I/NpuProbe(19229): [ggml] .
10-07 23:13:41.252 I/NpuProbe(19229): [ggml] .
10-07 23:13:41.252 I/NpuProbe(19229): [ggml] .
10-07 23:13:41.252 I/NpuProbe(19229): [ggml] .
10-07 23:13:41.252 I/NpuProbe(19229): [ggml] .
10-07 23:13:41.253 I/NpuProbe(19229): [ggml] .
10-07 23:13:41.253 I/NpuProbe(19229): [ggml] .
10-07 23:13:41.253 I/NpuProbe(19229): [ggml] .
10-07 23:13:41.253 I/NpuProbe(19229): [ggml] .
10-07 23:13:41.253 I/NpuProbe(19229): [ggml] .
10-07 23:13:41.254 I/NpuProbe(19229): [ggml] .
10-07 23:13:41.254 I/NpuProbe(19229): [ggml] .
10-07 23:13:41.254 I/NpuProbe(19229): [ggml] .
10-07 23:13:41.254 I/NpuProbe(19229): [ggml] .
10-07 23:13:41.255 I/NpuProbe(19229): [ggml] .
10-07 23:13:41.255 I/NpuProbe(19229): [ggml] .
10-07 23:13:41.256 I/NpuProbe(19229): [ggml] .
10-07 23:13:41.256 I/NpuProbe(19229): [ggml] .
10-07 23:13:41.256 I/NpuProbe(19229): [ggml] .
10-07 23:13:41.256 I/NpuProbe(19229): [ggml] .
10-07 23:13:41.257 I/NpuProbe(19229): [ggml] .
10-07 23:13:41.257 I/NpuProbe(19229): [ggml] .
10-07 23:13:41.257 I/NpuProbe(19229): [ggml] .
10-07 23:13:41.257 I/NpuProbe(19229): [ggml] .
10-07 23:13:41.257 I/NpuProbe(19229): [ggml] .
10-07 23:13:41.257 I/NpuProbe(19229): [ggml] .
10-07 23:13:41.257 I/NpuProbe(19229): [ggml] .
10-07 23:13:41.258 I/NpuProbe(19229): [ggml] .
10-07 23:13:41.259 I/NpuProbe(19229): [ggml] .
10-07 23:13:41.259 I/NpuProbe(19229): [ggml] .
10-07 23:13:41.259 I/NpuProbe(19229): [ggml] .
10-07 23:13:41.259 I/NpuProbe(19229): [ggml] .
10-07 23:13:41.259 I/NpuProbe(19229): [ggml] .
10-07 23:13:41.260 I/NpuProbe(19229): [ggml] .
10-07 23:13:41.260 I/NpuProbe(19229): [ggml] .
10-07 23:13:41.260 I/NpuProbe(19229): [ggml] .
10-07 23:13:41.260 I/NpuProbe(19229): [ggml] .
10-07 23:13:41.260 I/NpuProbe(19229): [ggml] .
10-07 23:13:41.261 I/NpuProbe(19229): [ggml] .
10-07 23:13:41.261 I/NpuProbe(19229): [ggml] .
10-07 23:13:41.261 I/NpuProbe(19229): [ggml] .
10-07 23:13:41.261 I/NpuProbe(19229): [ggml] .
10-07 23:13:41.262 I/NpuProbe(19229): [ggml] .
10-07 23:13:41.262 I/NpuProbe(19229): [ggml] .
10-07 23:13:41.262 I/NpuProbe(19229): [ggml] .
10-07 23:13:41.263 I/NpuProbe(19229): [ggml] .
10-07 23:13:41.263 I/NpuProbe(19229): [ggml] .
10-07 23:13:41.263 I/NpuProbe(19229): [ggml] .
10-07 23:13:41.263 I/NpuProbe(19229): [ggml] .
10-07 23:13:41.263 I/NpuProbe(19229): [ggml] .
10-07 23:13:41.264 I/NpuProbe(19229): [ggml] .
10-07 23:13:41.264 I/NpuProbe(19229): [ggml] .
10-07 23:13:41.264 I/NpuProbe(19229): [ggml] .
10-07 23:13:41.264 I/NpuProbe(19229): [ggml] .
10-07 23:13:41.264 I/NpuProbe(19229): [ggml] .
10-07 23:13:41.265 I/NpuProbe(19229): [ggml] .
10-07 23:13:41.265 I/NpuProbe(19229): [ggml] .
10-07 23:13:41.265 I/NpuProbe(19229): [ggml] .
10-07 23:13:41.265 I/NpuProbe(19229): [ggml] .
10-07 23:13:41.265 I/NpuProbe(19229): [ggml] .
10-07 23:13:41.265 I/NpuProbe(19229): [ggml] .
10-07 23:13:41.266 I/NpuProbe(19229): [ggml] .
10-07 23:13:41.266 I/NpuProbe(19229): [ggml] .
10-07 23:13:41.266 I/NpuProbe(19229): [ggml] .
10-07 23:13:41.266 I/NpuProbe(19229): [ggml] .
10-07 23:13:41.266 I/NpuProbe(19229): [ggml] .
10-07 23:13:41.266 I/NpuProbe(19229): [ggml] .
10-07 23:13:41.266 I/NpuProbe(19229): [ggml] .
10-07 23:13:41.266 I/NpuProbe(19229): [ggml] .
10-07 23:13:41.267 I/NpuProbe(19229): [ggml] .
10-07 23:13:41.267 I/NpuProbe(19229): [ggml] .
10-07 23:13:41.267 I/NpuProbe(19229): [ggml] .
10-07 23:13:41.267 I/NpuProbe(19229): [ggml] .
10-07 23:13:44.940 I/NpuProbe(19229): [ggml] ggml_opencl: OpenCL driver: OpenCL 3.0 QUALCOMM build: 0842.41 Compiler E031.50.19.27
10-07 23:13:44.940 I/NpuProbe(19229): [ggml] ggml_opencl: vector subgroup broadcast support: true
10-07 23:13:44.940 I/NpuProbe(19229): [ggml] ggml_opencl: subgroup shuffle support: true
10-07 23:13:44.940 I/NpuProbe(19229): [ggml] ggml_opencl: device FP16 support: true
10-07 23:13:44.940 I/NpuProbe(19229): [ggml] ggml_opencl: khr dot product support: true
10-07 23:13:44.940 I/NpuProbe(19229): [ggml] ggml_opencl: mem base addr align: 128
10-07 23:13:44.940 I/NpuProbe(19229): [ggml] ggml_opencl: global mem size: 7555 MB
10-07 23:13:44.940 I/NpuProbe(19229): [ggml] ggml_opencl: max mem alloc size: 2048 MB
10-07 23:13:44.940 I/NpuProbe(19229): [ggml] ggml_opencl: device max image buffer size (pixels): 2147483648
10-07 23:13:44.940 I/NpuProbe(19229): [ggml] ggml_opencl: device max image2d size: 16384 x 16384
10-07 23:13:44.940 I/NpuProbe(19229): [ggml] ggml_opencl: device max workgroup size: 1024
10-07 23:13:44.940 I/NpuProbe(19229): [ggml] ggml_opencl: SVM coarse grain buffer support: true
10-07 23:13:44.940 I/NpuProbe(19229): [ggml] ggml_opencl: SVM fine grain buffer support: true
10-07 23:13:44.940 I/NpuProbe(19229): [ggml] ggml_opencl: SVM fine grain system support: false
10-07 23:13:44.940 I/NpuProbe(19229): [ggml] ggml_opencl: SVM atomics support: true
10-07 23:13:44.940 I/NpuProbe(19229): [ggml] ggml_opencl: cl_qcom_subgroup_shuffle support: true
10-07 23:13:44.940 I/NpuProbe(19229): [ggml] ggml_opencl: flattening quantized weights representation as struct of arrays (GGML_OPENCL_SOA_Q)
10-07 23:13:44.940 I/NpuProbe(19229): [ggml] ggml_opencl: using kernels optimized for Adreno (GGML_OPENCL_USE_ADRENO_KERNELS)
10-07 23:13:49.531 I/NpuProbe(19229): [ggml] ggml_opencl: lazy-compiling flash_attn prepass for DK=128 DV=128
10-07 23:13:49.531 I/NpuProbe(19229): [ggml] ggml_opencl: compiling fa prepass f16
10-07 23:13:49.565 I/NpuProbe(19229): [ggml] ggml_opencl: compiling fa f32_f16
10-07 23:13:50.071 I/NpuProbe(19229): [ggml] ggml_opencl: flash_attn_f32_f16_q1_vec_mq_split_c8 DK=128 DV=128 per-kernel max 128 < required 256; skipping registration (will fall back)
10-07 23:13:50.071 I/NpuProbe(19229): [ggml] ggml_opencl: compiling fa f32_f16 MQ_GQA=8
10-07 23:13:50.322 I/NpuProbe(19229): [ggml] ggml_opencl: flash_attn_f32_f16_q1_vec_mq_split_c8 (g8) DK=128 DV=128 per-kernel max 128 < required 192; skipping registration (will fall back)
10-07 23:13:50.322 I/NpuProbe(19229): [ggml] ggml_opencl: compiling fa f32_f16 c8 NSG2
10-07 23:13:50.495 I/NpuProbe(19229): [ggml] ggml_opencl: compiling fa f32_f16 c8 g8 NSG2
10-07 23:13:50.744 I/NpuProbe(19229): [ggml] ggml_opencl: compiling fa f32_f16 split
10-07 23:14:31.291 I/NpuProbe(19229): DIV_DET: pos=264 tokD=305 tokS=11 | topD=[305:26.6921 11:26.6825 26:16.0612 13:15.5356 739:13.9387 ] topS=[11:26.7165 305:26.5443 26:16.1251 13:15.5035 739:14.0038 ] | margemD=0.0096 margemS=0.1723 finite=1
10-07 23:14:36.919 I/NpuProbe(19229): SESS[0] opencl valid: ok=1 cap=0 eog_tok1=0 tok1=14533 emitidos=301 consumidos=301 dec_s=301
10-07 23:14:36.919 I/NpuProbe(19229): SESS[0] opencl tempos: prefill=4282.46ms export=0.37ms(12586017B) import=11.02ms gen=47325.63ms
10-07 23:14:36.919 I/NpuProbe(19229): SESS[0] opencl fronteiras(ms): prefdone=4283.4 tok1r=4349.4 impdone=4360.5 tok2r=5996.4 fim=51686.1 wall=51686.1 reset=11.95
10-07 23:14:36.919 I/NpuProbe(19229): SESS[0] opencl texto_len=1061 (integral no JSON)
10-07 23:14:36.919 I/NpuProbe(19229): SESS[0] opencl lifecycle: load_dst=4449ms load_src=184ms (0=WARM)
10-07 23:14:36.919 I/NpuProbe(19229): SESS[0] opencl RESULTADO: SMART-DIVERGENTE
10-07 23:14:36.922 I/NpuProbe(19229): PROMPT[1]: arquivo proprio (len=205)
10-07 23:14:41.313 I/NpuProbe(19229): SESS[1] opencl valid: ok=1 cap=0 eog_tok1=0 tok1=46 emitidos=26 consumidos=26 dec_s=26
10-07 23:14:41.313 I/NpuProbe(19229): SESS[1] opencl tempos: prefill=755.44ms export=0.09ms(1770597B) import=8.85ms gen=3594.47ms
10-07 23:14:41.313 I/NpuProbe(19229): SESS[1] opencl fronteiras(ms): prefdone=755.7 tok1r=765.3 impdone=774.2 tok2r=803.2 fim=4368.7 wall=4368.7 reset=12.11
10-07 23:14:41.313 I/NpuProbe(19229): SESS[1] opencl texto_len=77 (integral no JSON)
10-07 23:14:41.313 I/NpuProbe(19229): SESS[1] opencl lifecycle: load_dst=0ms load_src=0ms (0=WARM)
10-07 23:14:41.313 I/NpuProbe(19229): SESS[1] opencl RESULTADO: SMART-ACEITO
10-07 23:14:41.315 I/NpuProbe(19229): PROMPT[2]: arquivo proprio (len=1101)
10-07 23:15:26.102 I/NpuProbe(19229): DIV_DET: pos=264 tokD=305 tokS=11 | topD=[305:26.6921 11:26.6825 26:16.0612 13:15.5356 739:13.9387 ] topS=[11:26.7165 305:26.5443 26:16.1251 13:15.5035 739:14.0038 ] | margemD=0.0096 margemS=0.1723 finite=1
10-07 23:15:31.868 I/NpuProbe(19229): SESS[2] opencl valid: ok=1 cap=0 eog_tok1=0 tok1=14533 emitidos=301 consumidos=301 dec_s=301
10-07 23:15:31.868 I/NpuProbe(19229): SESS[2] opencl tempos: prefill=4461.34ms export=0.37ms(12586017B) import=8.60ms gen=45941.51ms
10-07 23:15:31.868 I/NpuProbe(19229): SESS[2] opencl fronteiras(ms): prefdone=4462.7 tok1r=4528.7 impdone=4537.3 tok2r=4565.9 fim=50478.8 wall=50478.8 reset=10.05
10-07 23:15:31.868 I/NpuProbe(19229): SESS[2] opencl texto_len=1061 (integral no JSON)
10-07 23:15:31.868 I/NpuProbe(19229): SESS[2] opencl lifecycle: load_dst=0ms load_src=0ms (0=WARM)
10-07 23:15:31.868 I/NpuProbe(19229): SESS[2] opencl RESULTADO: SMART-DIVERGENTE
10-07 23:15:32.012 I/NpuProbe(19229): SESSAO(7246d5e): fim (3 requests)
10-07 23:15:32.012 I/NpuProbe(19229): SMART REPORT:
10-07 23:15:32.012 I/NpuProbe(19229): SMART (sessao)
10-07 23:15:32.012 I/NpuProbe(19229): 
10-07 23:15:32.012 I/NpuProbe(19229): SMARTv2 rota='sessao' mutante=(none)
10-07 23:15:32.012 I/NpuProbe(19229): SESSAO(7246d5e): 3 requests na mesma sessao (roles separados; JSON nativo em files/r6-sess.jsonl)
10-07 23:15:32.012 I/NpuProbe(19229): PROMPT[0]: arquivo proprio (len=1101)
10-07 23:15:32.012 I/NpuProbe(19229): DIV_DET: pos=264 tokD=305 tokS=11 | topD=[305:26.6921 11:26.6825 26:16.0612 13:15.5356 739:13.9387 ] topS=[11:26.7165 305:26.5443 26:16.1251 13:15.5035 739:14.0038 ] | margemD=0.0096 margemS=0.1723 finite=1
10-07 23:15:32.012 I/NpuProbe(19229): SESS[0] opencl valid: ok=1 cap=0 eog_tok1=0 tok1=14533 emitidos=301 consumidos=301 dec_s=301
10-07 23:15:32.012 I/NpuProbe(19229): SESS[0] opencl tempos: prefill=4282.46ms export=0.37ms(12586017B) import=11.02ms gen=47325.63ms
10-07 23:15:32.012 I/NpuProbe(19229): SESS[0] opencl fronteiras(ms): prefdone=4283.4 tok1r=4349.4 impdone=4360.5 tok2r=5996.4 fim=51686.1 wall=51686.1 reset=11.95
10-07 23:15:32.012 I/NpuProbe(19229): SESS[0] opencl texto_len=1061 (integral no JSON)
10-07 23:15:32.012 I/NpuProbe(19229): SESS[0] opencl lifecycle: load_dst=4449ms load_src=184ms (0=WARM)
10-07 23:15:32.012 I/NpuProbe(19229): SESS[0] opencl RESULTADO: SMART-DIVERGENTE
10-07 23:15:32.012 I/NpuProbe(19229): PROMPT[1]: arquivo proprio (len=205)
10-07 23:15:32.012 I/NpuProbe(19229): SESS[1] opencl valid: ok=1 cap=0 eog_tok1=0 tok1=46 emitidos=26 consumidos=26 dec_s=26
10-07 23:15:32.012 I/NpuProbe(19229): SESS[1] opencl tempos: prefill=755.44ms export=0.09ms(1770597B) import=8.85ms gen=3594.47ms
10-07 23:15:32.012 I/NpuProbe(19229): SESS[1] opencl fronteiras(ms): prefdone=755.7 tok1r=765.3 impdone=774.2 tok2r=803.2 fim=4368.7 wall=4368.7 reset=12.11
10-07 23:15:32.012 I/NpuProbe(19229): SESS[1] opencl texto_len=77 (integral no JSON)
10-07 23:15:32.012 I/NpuProbe(19229): SESS[1] opencl lifecycle: load_dst=0ms load_src=0ms (0=WARM)
10-07 23:15:32.012 I/NpuProbe(19229): SESS[1] opencl RESULTADO: SMART-ACEITO
10-07 23:15:32.012 I/NpuProbe(19229): PROMPT[2]: arquivo proprio (len=1101)
10-07 23:15:32.012 I/NpuProbe(19229): DIV_DET: pos=264 tokD=305 tokS=11 | topD=[305:26.6921 11:26.6825 26:16.0612 13:15.5356 739:13.9387 ] topS=[11:26.7165 305:26.5443 26:16.1251 13:15.5035 739:14.0038 ] | margemD=0.0096 margemS=0.1723 finite=1
10-07 23:15:32.012 I/NpuProbe(19229): SESS[2] opencl valid: ok=1 cap=0 eog_tok1=0 tok1=14533 emitidos=301 consumidos=301 dec_s=301
10-07 23:15:32.012 I/NpuProbe(19229): SESS[2] opencl tempos: prefill=4461.34ms export=0.37ms(12586017B) import=8.60ms gen=45941.51ms
10-07 23:15:32.012 I/NpuProbe(19229): SESS[2] opencl fronteiras(ms): prefdone=4462.7 tok1r=4528.7 impdone=4537.3 tok2r=4565.9 fim=50478.8 wall=50478.8 reset=10.05
10-07 23:15:32.012 I/NpuProbe(19229): SESS[2] opencl texto_len=1061 (integral no JSON)
10-07 23:15:32.012 I/NpuProbe(19229): SESS[2] opencl lifecycle: load_dst=0ms load_src=0ms (0=WARM)
10-07 23:15:32.012 I/NpuProbe(19229): SESS[2] opencl RESULTADO: SMART-DIVERGENTE
10-07 23:15:32.012 I/NpuProbe(19229): SESSAO(7246d5e): fim (3 requests)
--------- beginning of main
10-07 23:13:40.449 I/NpuProbe(19229): nativeLibraryDir=/data/app/~~6qAvQXc5OL5-55E8urH23Q==/br.gov.sp.pcsp.npuprobe-WF5H_5jWiXgwuyh9oVF0vg==/lib/arm64
10-07 23:13:40.449 I/NpuProbe(19229): runProbe PULADO (p4-auto presente; preinit do tune)
10-07 23:13:40.449 I/NpuProbe(19229): REPORT:
10-07 23:13:40.449 I/NpuProbe(19229): (runProbe PULADO: p4-auto presente; evita init Hexagon pre-tune - R8)
10-07 23:13:40.450 I/NpuProbe(19229): AUTO-GATILHO='smart:sessao'
10-07 23:13:40.450 I/NpuProbe(19229): SMART iniciando rota=sessao com /data/local/tmp/hymt2_app.gguf
10-07 23:13:40.450 I/NpuProbe(19229): SMARTv2 rota='sessao' mutante=(none)
10-07 23:13:40.452 I/NpuProbe(19229): [ggml] ggml_vulkan: Found 1 Vulkan devices:
10-07 23:13:40.452 I/NpuProbe(19229): [ggml] ggml_vulkan: 0 = Adreno (TM) 840 (Qualcomm Technologies Inc. Adreno Vulkan Driver) | uma: 1 | fp16: 1 | bf16: 0 | fp4: 0 | warp size: 64 | shared memory: 32768 | int dot: 0 | matrix cores: none
10-07 23:13:40.468 I/NpuProbe(19229): [ggml] ggml_opencl: selected platform: 'QUALCOMM Snapdragon(TM)'
10-07 23:13:40.469 I/NpuProbe(19229): [ggml] 
10-07 23:13:40.469 I/NpuProbe(19229): ggml_opencl: device: 'QUALCOMM Adreno(TM) 840 (OpenCL 3.0 Adreno(TM) 840)'
10-07 23:13:40.469 I/NpuProbe(19229): [ggml] ggml_opencl: default device: 'QUALCOMM Adreno(TM) 840 (OpenCL 3.0 Adreno(TM) 840)'
10-07 23:13:40.469 I/NpuProbe(19229): [ggml] ggml-hex: Loading driver libcdsprpc.so
10-07 23:13:40.474 I/NpuProbe(19229): [ggml] ggml-hex: Hexagon backend (experimental) : allocating new registry : ndev 1
10-07 23:13:40.474 I/NpuProbe(19229): [ggml] ggml-hex: Hexagon Arch version v81
10-07 23:13:40.474 I/NpuProbe(19229): [ggml] ggml-hex: HTP0 allocating new session
10-07 23:13:40.510 I/NpuProbe(19229): [ggml] ggml-hex: HTP0 hwinfo: threads 8, hvx 8, hmx 1, vtcm 8 MB
10-07 23:13:40.511 I/NpuProbe(19229): [ggml] ggml-hex: HTP0 new session : session-id 0 domain-id 3 uri file:///libggml-htp-v81.so?htp_iface_skel_handle_invoke&_modver=1.0&_dom=cdsp&_session=0 handle 0xb4000077d9ab5c00
10-07 23:13:40.515 I/NpuProbe(19229): [ggml] ggml-hex: HTP0 op batching: n-bufs 16 n-tensors 7168 n-ops 1024 vmem 3355443200
10-07 23:13:40.522 I/NpuProbe(19229): SESSAO(7246d5e): 3 requests na mesma sessao (roles separados; JSON nativo em files/r6-sess.jsonl)
10-07 23:13:40.522 I/NpuProbe(19229): PROMPT[0]: arquivo proprio (len=1101)
10-07 23:13:41.245 I/NpuProbe(19229): [ggml] ggml_opencl: kernel cache enabled at '/data/user/0/br.gov.sp.pcsp.npuprobe/cache/llama.cpp/cl-cache'
10-07 23:13:41.245 I/NpuProbe(19229): [ggml] ggml_opencl: loading OpenCL kernels
10-07 23:13:41.246 I/NpuProbe(19229): [ggml] .
10-07 23:13:41.246 I/NpuProbe(19229): [ggml] .
10-07 23:13:41.246 I/NpuProbe(19229): [ggml] .
10-07 23:13:41.246 I/NpuProbe(19229): [ggml] .
10-07 23:13:41.247 I/NpuProbe(19229): [ggml] .
10-07 23:13:41.248 I/NpuProbe(19229): [ggml] .
10-07 23:13:41.249 I/NpuProbe(19229): [ggml] .
10-07 23:13:41.250 I/NpuProbe(19229): [ggml] .
10-07 23:13:41.250 I/NpuProbe(19229): [ggml] .
10-07 23:13:41.250 I/NpuProbe(19229): [ggml] .
10-07 23:13:41.251 I/NpuProbe(19229): [ggml] .
10-07 23:13:41.251 I/NpuProbe(19229): [ggml] .
10-07 23:13:41.251 I/NpuProbe(19229): [ggml] .
10-07 23:13:41.251 I/NpuProbe(19229): [ggml] .
10-07 23:13:41.251 I/NpuProbe(19229): [ggml] .
10-07 23:13:41.252 I/NpuProbe(19229): [ggml] .
10-07 23:13:41.252 I/NpuProbe(19229): [ggml] .
10-07 23:13:41.252 I/NpuProbe(19229): [ggml] .
10-07 23:13:41.252 I/NpuProbe(19229): [ggml] .
10-07 23:13:41.253 I/NpuProbe(19229): [ggml] .
10-07 23:13:41.253 I/NpuProbe(19229): [ggml] .
10-07 23:13:41.253 I/NpuProbe(19229): [ggml] .
10-07 23:13:41.253 I/NpuProbe(19229): [ggml] .
10-07 23:13:41.253 I/NpuProbe(19229): [ggml] .
10-07 23:13:41.254 I/NpuProbe(19229): [ggml] .
10-07 23:13:41.254 I/NpuProbe(19229): [ggml] .
10-07 23:13:41.254 I/NpuProbe(19229): [ggml] .
10-07 23:13:41.254 I/NpuProbe(19229): [ggml] .
10-07 23:13:41.255 I/NpuProbe(19229): [ggml] .
10-07 23:13:41.255 I/NpuProbe(19229): [ggml] .
10-07 23:13:41.256 I/NpuProbe(19229): [ggml] .
10-07 23:13:41.256 I/NpuProbe(19229): [ggml] .
10-07 23:13:41.256 I/NpuProbe(19229): [ggml] .
10-07 23:13:41.256 I/NpuProbe(19229): [ggml] .
10-07 23:13:41.257 I/NpuProbe(19229): [ggml] .
10-07 23:13:41.257 I/NpuProbe(19229): [ggml] .
10-07 23:13:41.257 I/NpuProbe(19229): [ggml] .
10-07 23:13:41.257 I/NpuProbe(19229): [ggml] .
10-07 23:13:41.257 I/NpuProbe(19229): [ggml] .
10-07 23:13:41.257 I/NpuProbe(19229): [ggml] .
10-07 23:13:41.257 I/NpuProbe(19229): [ggml] .
10-07 23:13:41.258 I/NpuProbe(19229): [ggml] .
10-07 23:13:41.259 I/NpuProbe(19229): [ggml] .
10-07 23:13:41.259 I/NpuProbe(19229): [ggml] .
10-07 23:13:41.259 I/NpuProbe(19229): [ggml] .
10-07 23:13:41.259 I/NpuProbe(19229): [ggml] .
10-07 23:13:41.259 I/NpuProbe(19229): [ggml] .
10-07 23:13:41.260 I/NpuProbe(19229): [ggml] .
10-07 23:13:41.260 I/NpuProbe(19229): [ggml] .
10-07 23:13:41.260 I/NpuProbe(19229): [ggml] .
10-07 23:13:41.260 I/NpuProbe(19229): [ggml] .
10-07 23:13:41.260 I/NpuProbe(19229): [ggml] .
10-07 23:13:41.261 I/NpuProbe(19229): [ggml] .
10-07 23:13:41.261 I/NpuProbe(19229): [ggml] .
10-07 23:13:41.261 I/NpuProbe(19229): [ggml] .
10-07 23:13:41.261 I/NpuProbe(19229): [ggml] .
10-07 23:13:41.262 I/NpuProbe(19229): [ggml] .
10-07 23:13:41.262 I/NpuProbe(19229): [ggml] .
10-07 23:13:41.262 I/NpuProbe(19229): [ggml] .
10-07 23:13:41.263 I/NpuProbe(19229): [ggml] .
10-07 23:13:41.263 I/NpuProbe(19229): [ggml] .
10-07 23:13:41.263 I/NpuProbe(19229): [ggml] .
10-07 23:13:41.263 I/NpuProbe(19229): [ggml] .
10-07 23:13:41.263 I/NpuProbe(19229): [ggml] .
10-07 23:13:41.264 I/NpuProbe(19229): [ggml] .
10-07 23:13:41.264 I/NpuProbe(19229): [ggml] .
10-07 23:13:41.264 I/NpuProbe(19229): [ggml] .
10-07 23:13:41.264 I/NpuProbe(19229): [ggml] .
10-07 23:13:41.264 I/NpuProbe(19229): [ggml] .
10-07 23:13:41.265 I/NpuProbe(19229): [ggml] .
10-07 23:13:41.265 I/NpuProbe(19229): [ggml] .
10-07 23:13:41.265 I/NpuProbe(19229): [ggml] .
10-07 23:13:41.265 I/NpuProbe(19229): [ggml] .
10-07 23:13:41.265 I/NpuProbe(19229): [ggml] .
10-07 23:13:41.265 I/NpuProbe(19229): [ggml] .
10-07 23:13:41.266 I/NpuProbe(19229): [ggml] .
10-07 23:13:41.266 I/NpuProbe(19229): [ggml] .
10-07 23:13:41.266 I/NpuProbe(19229): [ggml] .
10-07 23:13:41.266 I/NpuProbe(19229): [ggml] .
10-07 23:13:41.266 I/NpuProbe(19229): [ggml] .
10-07 23:13:41.266 I/NpuProbe(19229): [ggml] .
10-07 23:13:41.266 I/NpuProbe(19229): [ggml] .
10-07 23:13:41.266 I/NpuProbe(19229): [ggml] .
10-07 23:13:41.267 I/NpuProbe(19229): [ggml] .
10-07 23:13:41.267 I/NpuProbe(19229): [ggml] .
10-07 23:13:41.267 I/NpuProbe(19229): [ggml] .
10-07 23:13:41.267 I/NpuProbe(19229): [ggml] .
10-07 23:13:44.940 I/NpuProbe(19229): [ggml] ggml_opencl: OpenCL driver: OpenCL 3.0 QUALCOMM build: 0842.41 Compiler E031.50.19.27
10-07 23:13:44.940 I/NpuProbe(19229): [ggml] ggml_opencl: vector subgroup broadcast support: true
10-07 23:13:44.940 I/NpuProbe(19229): [ggml] ggml_opencl: subgroup shuffle support: true
10-07 23:13:44.940 I/NpuProbe(19229): [ggml] ggml_opencl: device FP16 support: true
10-07 23:13:44.940 I/NpuProbe(19229): [ggml] ggml_opencl: khr dot product support: true
10-07 23:13:44.940 I/NpuProbe(19229): [ggml] ggml_opencl: mem base addr align: 128
10-07 23:13:44.940 I/NpuProbe(19229): [ggml] ggml_opencl: global mem size: 7555 MB
10-07 23:13:44.940 I/NpuProbe(19229): [ggml] ggml_opencl: max mem alloc size: 2048 MB
10-07 23:13:44.940 I/NpuProbe(19229): [ggml] ggml_opencl: device max image buffer size (pixels): 2147483648
10-07 23:13:44.940 I/NpuProbe(19229): [ggml] ggml_opencl: device max image2d size: 16384 x 16384
10-07 23:13:44.940 I/NpuProbe(19229): [ggml] ggml_opencl: device max workgroup size: 1024
10-07 23:13:44.940 I/NpuProbe(19229): [ggml] ggml_opencl: SVM coarse grain buffer support: true
10-07 23:13:44.940 I/NpuProbe(19229): [ggml] ggml_opencl: SVM fine grain buffer support: true
10-07 23:13:44.940 I/NpuProbe(19229): [ggml] ggml_opencl: SVM fine grain system support: false
10-07 23:13:44.940 I/NpuProbe(19229): [ggml] ggml_opencl: SVM atomics support: true
10-07 23:13:44.940 I/NpuProbe(19229): [ggml] ggml_opencl: cl_qcom_subgroup_shuffle support: true
10-07 23:13:44.940 I/NpuProbe(19229): [ggml] ggml_opencl: flattening quantized weights representation as struct of arrays (GGML_OPENCL_SOA_Q)
10-07 23:13:44.940 I/NpuProbe(19229): [ggml] ggml_opencl: using kernels optimized for Adreno (GGML_OPENCL_USE_ADRENO_KERNELS)
10-07 23:13:49.531 I/NpuProbe(19229): [ggml] ggml_opencl: lazy-compiling flash_attn prepass for DK=128 DV=128
10-07 23:13:49.531 I/NpuProbe(19229): [ggml] ggml_opencl: compiling fa prepass f16
10-07 23:13:49.565 I/NpuProbe(19229): [ggml] ggml_opencl: compiling fa f32_f16
10-07 23:13:50.071 I/NpuProbe(19229): [ggml] ggml_opencl: flash_attn_f32_f16_q1_vec_mq_split_c8 DK=128 DV=128 per-kernel max 128 < required 256; skipping registration (will fall back)
10-07 23:13:50.071 I/NpuProbe(19229): [ggml] ggml_opencl: compiling fa f32_f16 MQ_GQA=8
10-07 23:13:50.322 I/NpuProbe(19229): [ggml] ggml_opencl: flash_attn_f32_f16_q1_vec_mq_split_c8 (g8) DK=128 DV=128 per-kernel max 128 < required 192; skipping registration (will fall back)
10-07 23:13:50.322 I/NpuProbe(19229): [ggml] ggml_opencl: compiling fa f32_f16 c8 NSG2
10-07 23:13:50.495 I/NpuProbe(19229): [ggml] ggml_opencl: compiling fa f32_f16 c8 g8 NSG2
10-07 23:13:50.744 I/NpuProbe(19229): [ggml] ggml_opencl: compiling fa f32_f16 split
10-07 23:14:31.291 I/NpuProbe(19229): DIV_DET: pos=264 tokD=305 tokS=11 | topD=[305:26.6921 11:26.6825 26:16.0612 13:15.5356 739:13.9387 ] topS=[11:26.7165 305:26.5443 26:16.1251 13:15.5035 739:14.0038 ] | margemD=0.0096 margemS=0.1723 finite=1
10-07 23:14:36.919 I/NpuProbe(19229): SESS[0] opencl valid: ok=1 cap=0 eog_tok1=0 tok1=14533 emitidos=301 consumidos=301 dec_s=301
10-07 23:14:36.919 I/NpuProbe(19229): SESS[0] opencl tempos: prefill=4282.46ms export=0.37ms(12586017B) import=11.02ms gen=47325.63ms
10-07 23:14:36.919 I/NpuProbe(19229): SESS[0] opencl fronteiras(ms): prefdone=4283.4 tok1r=4349.4 impdone=4360.5 tok2r=5996.4 fim=51686.1 wall=51686.1 reset=11.95
10-07 23:14:36.919 I/NpuProbe(19229): SESS[0] opencl texto_len=1061 (integral no JSON)
10-07 23:14:36.919 I/NpuProbe(19229): SESS[0] opencl lifecycle: load_dst=4449ms load_src=184ms (0=WARM)
10-07 23:14:36.919 I/NpuProbe(19229): SESS[0] opencl RESULTADO: SMART-DIVERGENTE
10-07 23:14:36.922 I/NpuProbe(19229): PROMPT[1]: arquivo proprio (len=205)
10-07 23:14:41.313 I/NpuProbe(19229): SESS[1] opencl valid: ok=1 cap=0 eog_tok1=0 tok1=46 emitidos=26 consumidos=26 dec_s=26
10-07 23:14:41.313 I/NpuProbe(19229): SESS[1] opencl tempos: prefill=755.44ms export=0.09ms(1770597B) import=8.85ms gen=3594.47ms
10-07 23:14:41.313 I/NpuProbe(19229): SESS[1] opencl fronteiras(ms): prefdone=755.7 tok1r=765.3 impdone=774.2 tok2r=803.2 fim=4368.7 wall=4368.7 reset=12.11
10-07 23:14:41.313 I/NpuProbe(19229): SESS[1] opencl texto_len=77 (integral no JSON)
10-07 23:14:41.313 I/NpuProbe(19229): SESS[1] opencl lifecycle: load_dst=0ms load_src=0ms (0=WARM)
10-07 23:14:41.313 I/NpuProbe(19229): SESS[1] opencl RESULTADO: SMART-ACEITO
10-07 23:14:41.315 I/NpuProbe(19229): PROMPT[2]: arquivo proprio (len=1101)
10-07 23:15:26.102 I/NpuProbe(19229): DIV_DET: pos=264 tokD=305 tokS=11 | topD=[305:26.6921 11:26.6825 26:16.0612 13:15.5356 739:13.9387 ] topS=[11:26.7165 305:26.5443 26:16.1251 13:15.5035 739:14.0038 ] | margemD=0.0096 margemS=0.1723 finite=1
10-07 23:15:31.868 I/NpuProbe(19229): SESS[2] opencl valid: ok=1 cap=0 eog_tok1=0 tok1=14533 emitidos=301 consumidos=301 dec_s=301
10-07 23:15:31.868 I/NpuProbe(19229): SESS[2] opencl tempos: prefill=4461.34ms export=0.37ms(12586017B) import=8.60ms gen=45941.51ms
10-07 23:15:31.868 I/NpuProbe(19229): SESS[2] opencl fronteiras(ms): prefdone=4462.7 tok1r=4528.7 impdone=4537.3 tok2r=4565.9 fim=50478.8 wall=50478.8 reset=10.05
10-07 23:15:31.868 I/NpuProbe(19229): SESS[2] opencl texto_len=1061 (integral no JSON)
10-07 23:15:31.868 I/NpuProbe(19229): SESS[2] opencl lifecycle: load_dst=0ms load_src=0ms (0=WARM)
10-07 23:15:31.868 I/NpuProbe(19229): SESS[2] opencl RESULTADO: SMART-DIVERGENTE
10-07 23:15:32.012 I/NpuProbe(19229): SESSAO(7246d5e): fim (3 requests)
10-07 23:15:32.012 I/NpuProbe(19229): SMART REPORT:
10-07 23:15:32.012 I/NpuProbe(19229): SMART (sessao)
10-07 23:15:32.012 I/NpuProbe(19229): 
10-07 23:15:32.012 I/NpuProbe(19229): SMARTv2 rota='sessao' mutante=(none)
10-07 23:15:32.012 I/NpuProbe(19229): SESSAO(7246d5e): 3 requests na mesma sessao (roles separados; JSON nativo em files/r6-sess.jsonl)
10-07 23:15:32.012 I/NpuProbe(19229): PROMPT[0]: arquivo proprio (len=1101)
10-07 23:15:32.012 I/NpuProbe(19229): DIV_DET: pos=264 tokD=305 tokS=11 | topD=[305:26.6921 11:26.6825 26:16.0612 13:15.5356 739:13.9387 ] topS=[11:26.7165 305:26.5443 26:16.1251 13:15.5035 739:14.0038 ] | margemD=0.0096 margemS=0.1723 finite=1
10-07 23:15:32.012 I/NpuProbe(19229): SESS[0] opencl valid: ok=1 cap=0 eog_tok1=0 tok1=14533 emitidos=301 consumidos=301 dec_s=301
10-07 23:15:32.012 I/NpuProbe(19229): SESS[0] opencl tempos: prefill=4282.46ms export=0.37ms(12586017B) import=11.02ms gen=47325.63ms
10-07 23:15:32.012 I/NpuProbe(19229): SESS[0] opencl fronteiras(ms): prefdone=4283.4 tok1r=4349.4 impdone=4360.5 tok2r=5996.4 fim=51686.1 wall=51686.1 reset=11.95
10-07 23:15:32.012 I/NpuProbe(19229): SESS[0] opencl texto_len=1061 (integral no JSON)
10-07 23:15:32.012 I/NpuProbe(19229): SESS[0] opencl lifecycle: load_dst=4449ms load_src=184ms (0=WARM)
10-07 23:15:32.012 I/NpuProbe(19229): SESS[0] opencl RESULTADO: SMART-DIVERGENTE
10-07 23:15:32.012 I/NpuProbe(19229): PROMPT[1]: arquivo proprio (len=205)
10-07 23:15:32.012 I/NpuProbe(19229): SESS[1] opencl valid: ok=1 cap=0 eog_tok1=0 tok1=46 emitidos=26 consumidos=26 dec_s=26
10-07 23:15:32.012 I/NpuProbe(19229): SESS[1] opencl tempos: prefill=755.44ms export=0.09ms(1770597B) import=8.85ms gen=3594.47ms
10-07 23:15:32.012 I/NpuProbe(19229): SESS[1] opencl fronteiras(ms): prefdone=755.7 tok1r=765.3 impdone=774.2 tok2r=803.2 fim=4368.7 wall=4368.7 reset=12.11
10-07 23:15:32.012 I/NpuProbe(19229): SESS[1] opencl texto_len=77 (integral no JSON)
10-07 23:15:32.012 I/NpuProbe(19229): SESS[1] opencl lifecycle: load_dst=0ms load_src=0ms (0=WARM)
10-07 23:15:32.012 I/NpuProbe(19229): SESS[1] opencl RESULTADO: SMART-ACEITO
10-07 23:15:32.012 I/NpuProbe(19229): PROMPT[2]: arquivo proprio (len=1101)
10-07 23:15:32.012 I/NpuProbe(19229): DIV_DET: pos=264 tokD=305 tokS=11 | topD=[305:26.6921 11:26.6825 26:16.0612 13:15.5356 739:13.9387 ] topS=[11:26.7165 305:26.5443 26:16.1251 13:15.5035 739:14.0038 ] | margemD=0.0096 margemS=0.1723 finite=1
10-07 23:15:32.012 I/NpuProbe(19229): SESS[2] opencl valid: ok=1 cap=0 eog_tok1=0 tok1=14533 emitidos=301 consumidos=301 dec_s=301
10-07 23:15:32.012 I/NpuProbe(19229): SESS[2] opencl tempos: prefill=4461.34ms export=0.37ms(12586017B) import=8.60ms gen=45941.51ms
10-07 23:15:32.012 I/NpuProbe(19229): SESS[2] opencl fronteiras(ms): prefdone=4462.7 tok1r=4528.7 impdone=4537.3 tok2r=4565.9 fim=50478.8 wall=50478.8 reset=10.05
10-07 23:15:32.012 I/NpuProbe(19229): SESS[2] opencl texto_len=1061 (integral no JSON)
10-07 23:15:32.012 I/NpuProbe(19229): SESS[2] opencl lifecycle: load_dst=0ms load_src=0ms (0=WARM)
10-07 23:15:32.012 I/NpuProbe(19229): SESS[2] opencl RESULTADO: SMART-DIVERGENTE
10-07 23:15:32.012 I/NpuProbe(19229): SESSAO(7246d5e): fim (3 requests)
--------- beginning of main
10-07 23:18:44.879 I/NpuProbe( 8565): nativeLibraryDir=/data/app/~~6qAvQXc5OL5-55E8urH23Q==/br.gov.sp.pcsp.npuprobe-WF5H_5jWiXgwuyh9oVF0vg==/lib/arm64
10-07 23:18:44.879 I/NpuProbe( 8565): runProbe PULADO (p4-auto presente; preinit do tune)
10-07 23:18:44.879 I/NpuProbe( 8565): REPORT:
10-07 23:18:44.879 I/NpuProbe( 8565): (runProbe PULADO: p4-auto presente; evita init Hexagon pre-tune - R8)
10-07 23:18:44.880 I/NpuProbe( 8565): AUTO-GATILHO='smart:sessao'
10-07 23:18:44.880 I/NpuProbe( 8565): SMART iniciando rota=sessao com /data/local/tmp/hymt2_app.gguf
10-07 23:18:44.880 I/NpuProbe( 8565): SMARTv2 rota='sessao' mutante=(none)
10-07 23:18:44.883 I/NpuProbe( 8565): [ggml] ggml_vulkan: Found 1 Vulkan devices:
10-07 23:18:44.883 I/NpuProbe( 8565): [ggml] ggml_vulkan: 0 = Adreno (TM) 840 (Qualcomm Technologies Inc. Adreno Vulkan Driver) | uma: 1 | fp16: 1 | bf16: 0 | fp4: 0 | warp size: 64 | shared memory: 32768 | int dot: 0 | matrix cores: none
10-07 23:18:44.912 I/NpuProbe( 8565): [ggml] ggml_opencl: selected platform: 'QUALCOMM Snapdragon(TM)'
10-07 23:18:44.913 I/NpuProbe( 8565): [ggml] 
10-07 23:18:44.913 I/NpuProbe( 8565): ggml_opencl: device: 'QUALCOMM Adreno(TM) 840 (OpenCL 3.0 Adreno(TM) 840)'
10-07 23:18:44.913 I/NpuProbe( 8565): [ggml] ggml_opencl: default device: 'QUALCOMM Adreno(TM) 840 (OpenCL 3.0 Adreno(TM) 840)'
10-07 23:18:44.913 I/NpuProbe( 8565): [ggml] ggml-hex: Loading driver libcdsprpc.so
10-07 23:18:44.918 I/NpuProbe( 8565): [ggml] ggml-hex: Hexagon backend (experimental) : allocating new registry : ndev 1
10-07 23:18:44.918 I/NpuProbe( 8565): [ggml] ggml-hex: Hexagon Arch version v81
10-07 23:18:44.918 I/NpuProbe( 8565): [ggml] ggml-hex: HTP0 allocating new session
10-07 23:18:44.952 I/NpuProbe( 8565): [ggml] ggml-hex: HTP0 hwinfo: threads 8, hvx 8, hmx 1, vtcm 8 MB
10-07 23:18:44.953 I/NpuProbe( 8565): [ggml] ggml-hex: HTP0 new session : session-id 0 domain-id 3 uri file:///libggml-htp-v81.so?htp_iface_skel_handle_invoke&_modver=1.0&_dom=cdsp&_session=0 handle 0xb4000077d9ab5d00
10-07 23:18:44.957 I/NpuProbe( 8565): [ggml] ggml-hex: HTP0 op batching: n-bufs 16 n-tensors 7168 n-ops 1024 vmem 3355443200
10-07 23:18:44.962 I/NpuProbe( 8565): SESSAO(7291297): 3 requests na mesma sessao (roles separados; JSON nativo em files/r6-sess.jsonl)
10-07 23:18:44.965 I/NpuProbe( 8565): PROMPT[0]: arquivo proprio (len=1101)
--------- beginning of main
10-07 23:18:44.879 I/NpuProbe( 8565): nativeLibraryDir=/data/app/~~6qAvQXc5OL5-55E8urH23Q==/br.gov.sp.pcsp.npuprobe-WF5H_5jWiXgwuyh9oVF0vg==/lib/arm64
10-07 23:18:44.879 I/NpuProbe( 8565): runProbe PULADO (p4-auto presente; preinit do tune)
10-07 23:18:44.879 I/NpuProbe( 8565): REPORT:
10-07 23:18:44.879 I/NpuProbe( 8565): (runProbe PULADO: p4-auto presente; evita init Hexagon pre-tune - R8)
10-07 23:18:44.880 I/NpuProbe( 8565): AUTO-GATILHO='smart:sessao'
10-07 23:18:44.880 I/NpuProbe( 8565): SMART iniciando rota=sessao com /data/local/tmp/hymt2_app.gguf
10-07 23:18:44.880 I/NpuProbe( 8565): SMARTv2 rota='sessao' mutante=(none)
10-07 23:18:44.883 I/NpuProbe( 8565): [ggml] ggml_vulkan: Found 1 Vulkan devices:
10-07 23:18:44.883 I/NpuProbe( 8565): [ggml] ggml_vulkan: 0 = Adreno (TM) 840 (Qualcomm Technologies Inc. Adreno Vulkan Driver) | uma: 1 | fp16: 1 | bf16: 0 | fp4: 0 | warp size: 64 | shared memory: 32768 | int dot: 0 | matrix cores: none
10-07 23:18:44.912 I/NpuProbe( 8565): [ggml] ggml_opencl: selected platform: 'QUALCOMM Snapdragon(TM)'
10-07 23:18:44.913 I/NpuProbe( 8565): [ggml] 
10-07 23:18:44.913 I/NpuProbe( 8565): ggml_opencl: device: 'QUALCOMM Adreno(TM) 840 (OpenCL 3.0 Adreno(TM) 840)'
10-07 23:18:44.913 I/NpuProbe( 8565): [ggml] ggml_opencl: default device: 'QUALCOMM Adreno(TM) 840 (OpenCL 3.0 Adreno(TM) 840)'
10-07 23:18:44.913 I/NpuProbe( 8565): [ggml] ggml-hex: Loading driver libcdsprpc.so
10-07 23:18:44.918 I/NpuProbe( 8565): [ggml] ggml-hex: Hexagon backend (experimental) : allocating new registry : ndev 1
10-07 23:18:44.918 I/NpuProbe( 8565): [ggml] ggml-hex: Hexagon Arch version v81
10-07 23:18:44.918 I/NpuProbe( 8565): [ggml] ggml-hex: HTP0 allocating new session
10-07 23:18:44.952 I/NpuProbe( 8565): [ggml] ggml-hex: HTP0 hwinfo: threads 8, hvx 8, hmx 1, vtcm 8 MB
10-07 23:18:44.953 I/NpuProbe( 8565): [ggml] ggml-hex: HTP0 new session : session-id 0 domain-id 3 uri file:///libggml-htp-v81.so?htp_iface_skel_handle_invoke&_modver=1.0&_dom=cdsp&_session=0 handle 0xb4000077d9ab5d00
10-07 23:18:44.957 I/NpuProbe( 8565): [ggml] ggml-hex: HTP0 op batching: n-bufs 16 n-tensors 7168 n-ops 1024 vmem 3355443200
10-07 23:18:44.962 I/NpuProbe( 8565): SESSAO(7291297): 3 requests na mesma sessao (roles separados; JSON nativo em files/r6-sess.jsonl)
10-07 23:18:44.965 I/NpuProbe( 8565): PROMPT[0]: arquivo proprio (len=1101)
--------- beginning of main
10-07 23:18:44.879 I/NpuProbe( 8565): nativeLibraryDir=/data/app/~~6qAvQXc5OL5-55E8urH23Q==/br.gov.sp.pcsp.npuprobe-WF5H_5jWiXgwuyh9oVF0vg==/lib/arm64
10-07 23:18:44.879 I/NpuProbe( 8565): runProbe PULADO (p4-auto presente; preinit do tune)
10-07 23:18:44.879 I/NpuProbe( 8565): REPORT:
10-07 23:18:44.879 I/NpuProbe( 8565): (runProbe PULADO: p4-auto presente; evita init Hexagon pre-tune - R8)
10-07 23:18:44.880 I/NpuProbe( 8565): AUTO-GATILHO='smart:sessao'
10-07 23:18:44.880 I/NpuProbe( 8565): SMART iniciando rota=sessao com /data/local/tmp/hymt2_app.gguf
10-07 23:18:44.880 I/NpuProbe( 8565): SMARTv2 rota='sessao' mutante=(none)
10-07 23:18:44.883 I/NpuProbe( 8565): [ggml] ggml_vulkan: Found 1 Vulkan devices:
10-07 23:18:44.883 I/NpuProbe( 8565): [ggml] ggml_vulkan: 0 = Adreno (TM) 840 (Qualcomm Technologies Inc. Adreno Vulkan Driver) | uma: 1 | fp16: 1 | bf16: 0 | fp4: 0 | warp size: 64 | shared memory: 32768 | int dot: 0 | matrix cores: none
10-07 23:18:44.912 I/NpuProbe( 8565): [ggml] ggml_opencl: selected platform: 'QUALCOMM Snapdragon(TM)'
10-07 23:18:44.913 I/NpuProbe( 8565): [ggml] 
10-07 23:18:44.913 I/NpuProbe( 8565): ggml_opencl: device: 'QUALCOMM Adreno(TM) 840 (OpenCL 3.0 Adreno(TM) 840)'
10-07 23:18:44.913 I/NpuProbe( 8565): [ggml] ggml_opencl: default device: 'QUALCOMM Adreno(TM) 840 (OpenCL 3.0 Adreno(TM) 840)'
10-07 23:18:44.913 I/NpuProbe( 8565): [ggml] ggml-hex: Loading driver libcdsprpc.so
10-07 23:18:44.918 I/NpuProbe( 8565): [ggml] ggml-hex: Hexagon backend (experimental) : allocating new registry : ndev 1
10-07 23:18:44.918 I/NpuProbe( 8565): [ggml] ggml-hex: Hexagon Arch version v81
10-07 23:18:44.918 I/NpuProbe( 8565): [ggml] ggml-hex: HTP0 allocating new session
10-07 23:18:44.952 I/NpuProbe( 8565): [ggml] ggml-hex: HTP0 hwinfo: threads 8, hvx 8, hmx 1, vtcm 8 MB
10-07 23:18:44.953 I/NpuProbe( 8565): [ggml] ggml-hex: HTP0 new session : session-id 0 domain-id 3 uri file:///libggml-htp-v81.so?htp_iface_skel_handle_invoke&_modver=1.0&_dom=cdsp&_session=0 handle 0xb4000077d9ab5d00
10-07 23:18:44.957 I/NpuProbe( 8565): [ggml] ggml-hex: HTP0 op batching: n-bufs 16 n-tensors 7168 n-ops 1024 vmem 3355443200
10-07 23:18:44.962 I/NpuProbe( 8565): SESSAO(7291297): 3 requests na mesma sessao (roles separados; JSON nativo em files/r6-sess.jsonl)
10-07 23:18:44.965 I/NpuProbe( 8565): PROMPT[0]: arquivo proprio (len=1101)
10-07 23:19:29.953 I/NpuProbe( 8565): DIV_DET: pos=264 tokD=305 tokS=11 | topD=[305:26.6961 11:26.6733 26:16.0760 13:15.5419 739:13.9314 ] topS=[11:26.7165 305:26.5443 26:16.1251 13:15.5035 739:14.0038 ] | margemD=0.0229 margemS=0.1723 finite=1
10-07 23:19:34.955 I/NpuProbe( 8565): SESS[0] vulkan valid: ok=1 cap=0 eog_tok1=0 tok1=14533 emitidos=301 consumidos=301 dec_s=301
10-07 23:19:34.955 I/NpuProbe( 8565): SESS[0] vulkan tempos: prefill=4351.20ms export=0.51ms(12586017B) import=3.36ms gen=44423.41ms
10-07 23:19:34.955 I/NpuProbe( 8565): SESS[0] vulkan fronteiras(ms): prefdone=4352.1 tok1r=4438.3 impdone=4441.7 tok2r=5005.3 fim=48865.1 wall=48865.1 reset=4.00
10-07 23:19:34.955 I/NpuProbe( 8565): SESS[0] vulkan texto_len=1061 (integral no JSON)
10-07 23:19:34.955 I/NpuProbe( 8565): SESS[0] vulkan lifecycle: load_dst=856ms load_src=170ms (0=WARM)
10-07 23:19:34.955 I/NpuProbe( 8565): SESS[0] vulkan RESULTADO: SMART-DIVERGENTE
10-07 23:19:34.960 I/NpuProbe( 8565): PROMPT[1]: arquivo proprio (len=205)
10-07 23:19:39.676 I/NpuProbe( 8565): SESS[1] vulkan valid: ok=1 cap=0 eog_tok1=0 tok1=46 emitidos=26 consumidos=26 dec_s=26
10-07 23:19:39.676 I/NpuProbe( 8565): SESS[1] vulkan tempos: prefill=1057.20ms export=0.12ms(1770597B) import=1.93ms gen=3621.30ms
10-07 23:19:39.676 I/NpuProbe( 8565): SESS[1] vulkan fronteiras(ms): prefdone=1057.6 tok1r=1075.7 impdone=1077.7 tok2r=1109.8 fim=4699.0 wall=4699.0 reset=3.68
10-07 23:19:39.676 I/NpuProbe( 8565): SESS[1] vulkan texto_len=77 (integral no JSON)
10-07 23:19:39.676 I/NpuProbe( 8565): SESS[1] vulkan lifecycle: load_dst=0ms load_src=0ms (0=WARM)
10-07 23:19:39.676 I/NpuProbe( 8565): SESS[1] vulkan RESULTADO: SMART-ACEITO
10-07 23:19:39.682 I/NpuProbe( 8565): PROMPT[2]: arquivo proprio (len=1101)
--------- beginning of main
10-07 23:18:44.879 I/NpuProbe( 8565): nativeLibraryDir=/data/app/~~6qAvQXc5OL5-55E8urH23Q==/br.gov.sp.pcsp.npuprobe-WF5H_5jWiXgwuyh9oVF0vg==/lib/arm64
10-07 23:18:44.879 I/NpuProbe( 8565): runProbe PULADO (p4-auto presente; preinit do tune)
10-07 23:18:44.879 I/NpuProbe( 8565): REPORT:
10-07 23:18:44.879 I/NpuProbe( 8565): (runProbe PULADO: p4-auto presente; evita init Hexagon pre-tune - R8)
10-07 23:18:44.880 I/NpuProbe( 8565): AUTO-GATILHO='smart:sessao'
10-07 23:18:44.880 I/NpuProbe( 8565): SMART iniciando rota=sessao com /data/local/tmp/hymt2_app.gguf
10-07 23:18:44.880 I/NpuProbe( 8565): SMARTv2 rota='sessao' mutante=(none)
10-07 23:18:44.883 I/NpuProbe( 8565): [ggml] ggml_vulkan: Found 1 Vulkan devices:
10-07 23:18:44.883 I/NpuProbe( 8565): [ggml] ggml_vulkan: 0 = Adreno (TM) 840 (Qualcomm Technologies Inc. Adreno Vulkan Driver) | uma: 1 | fp16: 1 | bf16: 0 | fp4: 0 | warp size: 64 | shared memory: 32768 | int dot: 0 | matrix cores: none
10-07 23:18:44.912 I/NpuProbe( 8565): [ggml] ggml_opencl: selected platform: 'QUALCOMM Snapdragon(TM)'
10-07 23:18:44.913 I/NpuProbe( 8565): [ggml] 
10-07 23:18:44.913 I/NpuProbe( 8565): ggml_opencl: device: 'QUALCOMM Adreno(TM) 840 (OpenCL 3.0 Adreno(TM) 840)'
10-07 23:18:44.913 I/NpuProbe( 8565): [ggml] ggml_opencl: default device: 'QUALCOMM Adreno(TM) 840 (OpenCL 3.0 Adreno(TM) 840)'
10-07 23:18:44.913 I/NpuProbe( 8565): [ggml] ggml-hex: Loading driver libcdsprpc.so
10-07 23:18:44.918 I/NpuProbe( 8565): [ggml] ggml-hex: Hexagon backend (experimental) : allocating new registry : ndev 1
10-07 23:18:44.918 I/NpuProbe( 8565): [ggml] ggml-hex: Hexagon Arch version v81
10-07 23:18:44.918 I/NpuProbe( 8565): [ggml] ggml-hex: HTP0 allocating new session
10-07 23:18:44.952 I/NpuProbe( 8565): [ggml] ggml-hex: HTP0 hwinfo: threads 8, hvx 8, hmx 1, vtcm 8 MB
10-07 23:18:44.953 I/NpuProbe( 8565): [ggml] ggml-hex: HTP0 new session : session-id 0 domain-id 3 uri file:///libggml-htp-v81.so?htp_iface_skel_handle_invoke&_modver=1.0&_dom=cdsp&_session=0 handle 0xb4000077d9ab5d00
10-07 23:18:44.957 I/NpuProbe( 8565): [ggml] ggml-hex: HTP0 op batching: n-bufs 16 n-tensors 7168 n-ops 1024 vmem 3355443200
10-07 23:18:44.962 I/NpuProbe( 8565): SESSAO(7291297): 3 requests na mesma sessao (roles separados; JSON nativo em files/r6-sess.jsonl)
10-07 23:18:44.965 I/NpuProbe( 8565): PROMPT[0]: arquivo proprio (len=1101)
10-07 23:19:29.953 I/NpuProbe( 8565): DIV_DET: pos=264 tokD=305 tokS=11 | topD=[305:26.6961 11:26.6733 26:16.0760 13:15.5419 739:13.9314 ] topS=[11:26.7165 305:26.5443 26:16.1251 13:15.5035 739:14.0038 ] | margemD=0.0229 margemS=0.1723 finite=1
10-07 23:19:34.955 I/NpuProbe( 8565): SESS[0] vulkan valid: ok=1 cap=0 eog_tok1=0 tok1=14533 emitidos=301 consumidos=301 dec_s=301
10-07 23:19:34.955 I/NpuProbe( 8565): SESS[0] vulkan tempos: prefill=4351.20ms export=0.51ms(12586017B) import=3.36ms gen=44423.41ms
10-07 23:19:34.955 I/NpuProbe( 8565): SESS[0] vulkan fronteiras(ms): prefdone=4352.1 tok1r=4438.3 impdone=4441.7 tok2r=5005.3 fim=48865.1 wall=48865.1 reset=4.00
10-07 23:19:34.955 I/NpuProbe( 8565): SESS[0] vulkan texto_len=1061 (integral no JSON)
10-07 23:19:34.955 I/NpuProbe( 8565): SESS[0] vulkan lifecycle: load_dst=856ms load_src=170ms (0=WARM)
10-07 23:19:34.955 I/NpuProbe( 8565): SESS[0] vulkan RESULTADO: SMART-DIVERGENTE
10-07 23:19:34.960 I/NpuProbe( 8565): PROMPT[1]: arquivo proprio (len=205)
10-07 23:19:39.676 I/NpuProbe( 8565): SESS[1] vulkan valid: ok=1 cap=0 eog_tok1=0 tok1=46 emitidos=26 consumidos=26 dec_s=26
10-07 23:19:39.676 I/NpuProbe( 8565): SESS[1] vulkan tempos: prefill=1057.20ms export=0.12ms(1770597B) import=1.93ms gen=3621.30ms
10-07 23:19:39.676 I/NpuProbe( 8565): SESS[1] vulkan fronteiras(ms): prefdone=1057.6 tok1r=1075.7 impdone=1077.7 tok2r=1109.8 fim=4699.0 wall=4699.0 reset=3.68
10-07 23:19:39.676 I/NpuProbe( 8565): SESS[1] vulkan texto_len=77 (integral no JSON)
10-07 23:19:39.676 I/NpuProbe( 8565): SESS[1] vulkan lifecycle: load_dst=0ms load_src=0ms (0=WARM)
10-07 23:19:39.676 I/NpuProbe( 8565): SESS[1] vulkan RESULTADO: SMART-ACEITO
10-07 23:19:39.682 I/NpuProbe( 8565): PROMPT[2]: arquivo proprio (len=1101)
--------- beginning of main
10-07 23:18:44.879 I/NpuProbe( 8565): nativeLibraryDir=/data/app/~~6qAvQXc5OL5-55E8urH23Q==/br.gov.sp.pcsp.npuprobe-WF5H_5jWiXgwuyh9oVF0vg==/lib/arm64
10-07 23:18:44.879 I/NpuProbe( 8565): runProbe PULADO (p4-auto presente; preinit do tune)
10-07 23:18:44.879 I/NpuProbe( 8565): REPORT:
10-07 23:18:44.879 I/NpuProbe( 8565): (runProbe PULADO: p4-auto presente; evita init Hexagon pre-tune - R8)
10-07 23:18:44.880 I/NpuProbe( 8565): AUTO-GATILHO='smart:sessao'
10-07 23:18:44.880 I/NpuProbe( 8565): SMART iniciando rota=sessao com /data/local/tmp/hymt2_app.gguf
10-07 23:18:44.880 I/NpuProbe( 8565): SMARTv2 rota='sessao' mutante=(none)
10-07 23:18:44.883 I/NpuProbe( 8565): [ggml] ggml_vulkan: Found 1 Vulkan devices:
10-07 23:18:44.883 I/NpuProbe( 8565): [ggml] ggml_vulkan: 0 = Adreno (TM) 840 (Qualcomm Technologies Inc. Adreno Vulkan Driver) | uma: 1 | fp16: 1 | bf16: 0 | fp4: 0 | warp size: 64 | shared memory: 32768 | int dot: 0 | matrix cores: none
10-07 23:18:44.912 I/NpuProbe( 8565): [ggml] ggml_opencl: selected platform: 'QUALCOMM Snapdragon(TM)'
10-07 23:18:44.913 I/NpuProbe( 8565): [ggml] 
10-07 23:18:44.913 I/NpuProbe( 8565): ggml_opencl: device: 'QUALCOMM Adreno(TM) 840 (OpenCL 3.0 Adreno(TM) 840)'
10-07 23:18:44.913 I/NpuProbe( 8565): [ggml] ggml_opencl: default device: 'QUALCOMM Adreno(TM) 840 (OpenCL 3.0 Adreno(TM) 840)'
10-07 23:18:44.913 I/NpuProbe( 8565): [ggml] ggml-hex: Loading driver libcdsprpc.so
10-07 23:18:44.918 I/NpuProbe( 8565): [ggml] ggml-hex: Hexagon backend (experimental) : allocating new registry : ndev 1
10-07 23:18:44.918 I/NpuProbe( 8565): [ggml] ggml-hex: Hexagon Arch version v81
10-07 23:18:44.918 I/NpuProbe( 8565): [ggml] ggml-hex: HTP0 allocating new session
10-07 23:18:44.952 I/NpuProbe( 8565): [ggml] ggml-hex: HTP0 hwinfo: threads 8, hvx 8, hmx 1, vtcm 8 MB
10-07 23:18:44.953 I/NpuProbe( 8565): [ggml] ggml-hex: HTP0 new session : session-id 0 domain-id 3 uri file:///libggml-htp-v81.so?htp_iface_skel_handle_invoke&_modver=1.0&_dom=cdsp&_session=0 handle 0xb4000077d9ab5d00
10-07 23:18:44.957 I/NpuProbe( 8565): [ggml] ggml-hex: HTP0 op batching: n-bufs 16 n-tensors 7168 n-ops 1024 vmem 3355443200
10-07 23:18:44.962 I/NpuProbe( 8565): SESSAO(7291297): 3 requests na mesma sessao (roles separados; JSON nativo em files/r6-sess.jsonl)
10-07 23:18:44.965 I/NpuProbe( 8565): PROMPT[0]: arquivo proprio (len=1101)
10-07 23:19:29.953 I/NpuProbe( 8565): DIV_DET: pos=264 tokD=305 tokS=11 | topD=[305:26.6961 11:26.6733 26:16.0760 13:15.5419 739:13.9314 ] topS=[11:26.7165 305:26.5443 26:16.1251 13:15.5035 739:14.0038 ] | margemD=0.0229 margemS=0.1723 finite=1
10-07 23:19:34.955 I/NpuProbe( 8565): SESS[0] vulkan valid: ok=1 cap=0 eog_tok1=0 tok1=14533 emitidos=301 consumidos=301 dec_s=301
10-07 23:19:34.955 I/NpuProbe( 8565): SESS[0] vulkan tempos: prefill=4351.20ms export=0.51ms(12586017B) import=3.36ms gen=44423.41ms
10-07 23:19:34.955 I/NpuProbe( 8565): SESS[0] vulkan fronteiras(ms): prefdone=4352.1 tok1r=4438.3 impdone=4441.7 tok2r=5005.3 fim=48865.1 wall=48865.1 reset=4.00
10-07 23:19:34.955 I/NpuProbe( 8565): SESS[0] vulkan texto_len=1061 (integral no JSON)
10-07 23:19:34.955 I/NpuProbe( 8565): SESS[0] vulkan lifecycle: load_dst=856ms load_src=170ms (0=WARM)
10-07 23:19:34.955 I/NpuProbe( 8565): SESS[0] vulkan RESULTADO: SMART-DIVERGENTE
10-07 23:19:34.960 I/NpuProbe( 8565): PROMPT[1]: arquivo proprio (len=205)
10-07 23:19:39.676 I/NpuProbe( 8565): SESS[1] vulkan valid: ok=1 cap=0 eog_tok1=0 tok1=46 emitidos=26 consumidos=26 dec_s=26
10-07 23:19:39.676 I/NpuProbe( 8565): SESS[1] vulkan tempos: prefill=1057.20ms export=0.12ms(1770597B) import=1.93ms gen=3621.30ms
10-07 23:19:39.676 I/NpuProbe( 8565): SESS[1] vulkan fronteiras(ms): prefdone=1057.6 tok1r=1075.7 impdone=1077.7 tok2r=1109.8 fim=4699.0 wall=4699.0 reset=3.68
10-07 23:19:39.676 I/NpuProbe( 8565): SESS[1] vulkan texto_len=77 (integral no JSON)
10-07 23:19:39.676 I/NpuProbe( 8565): SESS[1] vulkan lifecycle: load_dst=0ms load_src=0ms (0=WARM)
10-07 23:19:39.676 I/NpuProbe( 8565): SESS[1] vulkan RESULTADO: SMART-ACEITO
10-07 23:19:39.682 I/NpuProbe( 8565): PROMPT[2]: arquivo proprio (len=1101)
10-07 23:20:22.799 I/NpuProbe( 8565): DIV_DET: pos=264 tokD=305 tokS=11 | topD=[305:26.6961 11:26.6733 26:16.0760 13:15.5419 739:13.9314 ] topS=[11:26.7165 305:26.5443 26:16.1251 13:15.5035 739:14.0038 ] | margemD=0.0229 margemS=0.1723 finite=1
10-07 23:20:28.109 I/NpuProbe( 8565): SESS[2] vulkan valid: ok=1 cap=0 eog_tok1=0 tok1=14533 emitidos=301 consumidos=301 dec_s=301
10-07 23:20:28.110 I/NpuProbe( 8565): SESS[2] vulkan tempos: prefill=7010.28ms export=0.84ms(12586017B) import=2.29ms gen=41186.82ms
10-07 23:20:28.110 I/NpuProbe( 8565): SESS[2] vulkan fronteiras(ms): prefdone=7011.7 tok1r=7140.2 impdone=7142.5 tok2r=7172.5 fim=48329.4 wall=48329.4 reset=3.69
10-07 23:20:28.110 I/NpuProbe( 8565): SESS[2] vulkan texto_len=1061 (integral no JSON)
10-07 23:20:28.110 I/NpuProbe( 8565): SESS[2] vulkan lifecycle: load_dst=0ms load_src=0ms (0=WARM)
10-07 23:20:28.110 I/NpuProbe( 8565): SESS[2] vulkan RESULTADO: SMART-DIVERGENTE
10-07 23:20:28.260 I/NpuProbe( 8565): SESSAO(7291297): fim (3 requests)
10-07 23:20:28.260 I/NpuProbe( 8565): SMART REPORT:
10-07 23:20:28.260 I/NpuProbe( 8565): SMART (sessao)
10-07 23:20:28.260 I/NpuProbe( 8565): 
10-07 23:20:28.260 I/NpuProbe( 8565): SMARTv2 rota='sessao' mutante=(none)
10-07 23:20:28.260 I/NpuProbe( 8565): SESSAO(7291297): 3 requests na mesma sessao (roles separados; JSON nativo em files/r6-sess.jsonl)
10-07 23:20:28.260 I/NpuProbe( 8565): PROMPT[0]: arquivo proprio (len=1101)
10-07 23:20:28.260 I/NpuProbe( 8565): DIV_DET: pos=264 tokD=305 tokS=11 | topD=[305:26.6961 11:26.6733 26:16.0760 13:15.5419 739:13.9314 ] topS=[11:26.7165 305:26.5443 26:16.1251 13:15.5035 739:14.0038 ] | margemD=0.0229 margemS=0.1723 finite=1
10-07 23:20:28.260 I/NpuProbe( 8565): SESS[0] vulkan valid: ok=1 cap=0 eog_tok1=0 tok1=14533 emitidos=301 consumidos=301 dec_s=301
10-07 23:20:28.260 I/NpuProbe( 8565): SESS[0] vulkan tempos: prefill=4351.20ms export=0.51ms(12586017B) import=3.36ms gen=44423.41ms
10-07 23:20:28.260 I/NpuProbe( 8565): SESS[0] vulkan fronteiras(ms): prefdone=4352.1 tok1r=4438.3 impdone=4441.7 tok2r=5005.3 fim=48865.1 wall=48865.1 reset=4.00
10-07 23:20:28.260 I/NpuProbe( 8565): SESS[0] vulkan texto_len=1061 (integral no JSON)
10-07 23:20:28.260 I/NpuProbe( 8565): SESS[0] vulkan lifecycle: load_dst=856ms load_src=170ms (0=WARM)
10-07 23:20:28.260 I/NpuProbe( 8565): SESS[0] vulkan RESULTADO: SMART-DIVERGENTE
10-07 23:20:28.260 I/NpuProbe( 8565): PROMPT[1]: arquivo proprio (len=205)
10-07 23:20:28.260 I/NpuProbe( 8565): SESS[1] vulkan valid: ok=1 cap=0 eog_tok1=0 tok1=46 emitidos=26 consumidos=26 dec_s=26
10-07 23:20:28.260 I/NpuProbe( 8565): SESS[1] vulkan tempos: prefill=1057.20ms export=0.12ms(1770597B) import=1.93ms gen=3621.30ms
10-07 23:20:28.260 I/NpuProbe( 8565): SESS[1] vulkan fronteiras(ms): prefdone=1057.6 tok1r=1075.7 impdone=1077.7 tok2r=1109.8 fim=4699.0 wall=4699.0 reset=3.68
10-07 23:20:28.260 I/NpuProbe( 8565): SESS[1] vulkan texto_len=77 (integral no JSON)
10-07 23:20:28.260 I/NpuProbe( 8565): SESS[1] vulkan lifecycle: load_dst=0ms load_src=0ms (0=WARM)
10-07 23:20:28.260 I/NpuProbe( 8565): SESS[1] vulkan RESULTADO: SMART-ACEITO
10-07 23:20:28.260 I/NpuProbe( 8565): PROMPT[2]: arquivo proprio (len=1101)
10-07 23:20:28.260 I/NpuProbe( 8565): DIV_DET: pos=264 tokD=305 tokS=11 | topD=[305:26.6961 11:26.6733 26:16.0760 13:15.5419 739:13.9314 ] topS=[11:26.7165 305:26.5443 26:16.1251 13:15.5035 739:14.0038 ] | margemD=0.0229 margemS=0.1723 finite=1
10-07 23:20:28.260 I/NpuProbe( 8565): SESS[2] vulkan valid: ok=1 cap=0 eog_tok1=0 tok1=14533 emitidos=301 consumidos=301 dec_s=301
10-07 23:20:28.260 I/NpuProbe( 8565): SESS[2] vulkan tempos: prefill=7010.28ms export=0.84ms(12586017B) import=2.29ms gen=41186.82ms
10-07 23:20:28.260 I/NpuProbe( 8565): SESS[2] vulkan fronteiras(ms): prefdone=7011.7 tok1r=7140.2 impdone=7142.5 tok2r=7172.5 fim=48329.4 wall=48329.4 reset=3.69
10-07 23:20:28.260 I/NpuProbe( 8565): SESS[2] vulkan texto_len=1061 (integral no JSON)
10-07 23:20:28.260 I/NpuProbe( 8565): SESS[2] vulkan lifecycle: load_dst=0ms load_src=0ms (0=WARM)
10-07 23:20:28.260 I/NpuProbe( 8565): SESS[2] vulkan RESULTADO: SMART-DIVERGENTE
10-07 23:20:28.260 I/NpuProbe( 8565): SESSAO(7291297): fim (3 requests)
--------- beginning of main
10-07 23:18:44.879 I/NpuProbe( 8565): nativeLibraryDir=/data/app/~~6qAvQXc5OL5-55E8urH23Q==/br.gov.sp.pcsp.npuprobe-WF5H_5jWiXgwuyh9oVF0vg==/lib/arm64
10-07 23:18:44.879 I/NpuProbe( 8565): runProbe PULADO (p4-auto presente; preinit do tune)
10-07 23:18:44.879 I/NpuProbe( 8565): REPORT:
10-07 23:18:44.879 I/NpuProbe( 8565): (runProbe PULADO: p4-auto presente; evita init Hexagon pre-tune - R8)
10-07 23:18:44.880 I/NpuProbe( 8565): AUTO-GATILHO='smart:sessao'
10-07 23:18:44.880 I/NpuProbe( 8565): SMART iniciando rota=sessao com /data/local/tmp/hymt2_app.gguf
10-07 23:18:44.880 I/NpuProbe( 8565): SMARTv2 rota='sessao' mutante=(none)
10-07 23:18:44.883 I/NpuProbe( 8565): [ggml] ggml_vulkan: Found 1 Vulkan devices:
10-07 23:18:44.883 I/NpuProbe( 8565): [ggml] ggml_vulkan: 0 = Adreno (TM) 840 (Qualcomm Technologies Inc. Adreno Vulkan Driver) | uma: 1 | fp16: 1 | bf16: 0 | fp4: 0 | warp size: 64 | shared memory: 32768 | int dot: 0 | matrix cores: none
10-07 23:18:44.912 I/NpuProbe( 8565): [ggml] ggml_opencl: selected platform: 'QUALCOMM Snapdragon(TM)'
10-07 23:18:44.913 I/NpuProbe( 8565): [ggml] 
10-07 23:18:44.913 I/NpuProbe( 8565): ggml_opencl: device: 'QUALCOMM Adreno(TM) 840 (OpenCL 3.0 Adreno(TM) 840)'
10-07 23:18:44.913 I/NpuProbe( 8565): [ggml] ggml_opencl: default device: 'QUALCOMM Adreno(TM) 840 (OpenCL 3.0 Adreno(TM) 840)'
10-07 23:18:44.913 I/NpuProbe( 8565): [ggml] ggml-hex: Loading driver libcdsprpc.so
10-07 23:18:44.918 I/NpuProbe( 8565): [ggml] ggml-hex: Hexagon backend (experimental) : allocating new registry : ndev 1
10-07 23:18:44.918 I/NpuProbe( 8565): [ggml] ggml-hex: Hexagon Arch version v81
10-07 23:18:44.918 I/NpuProbe( 8565): [ggml] ggml-hex: HTP0 allocating new session
10-07 23:18:44.952 I/NpuProbe( 8565): [ggml] ggml-hex: HTP0 hwinfo: threads 8, hvx 8, hmx 1, vtcm 8 MB
10-07 23:18:44.953 I/NpuProbe( 8565): [ggml] ggml-hex: HTP0 new session : session-id 0 domain-id 3 uri file:///libggml-htp-v81.so?htp_iface_skel_handle_invoke&_modver=1.0&_dom=cdsp&_session=0 handle 0xb4000077d9ab5d00
10-07 23:18:44.957 I/NpuProbe( 8565): [ggml] ggml-hex: HTP0 op batching: n-bufs 16 n-tensors 7168 n-ops 1024 vmem 3355443200
10-07 23:18:44.962 I/NpuProbe( 8565): SESSAO(7291297): 3 requests na mesma sessao (roles separados; JSON nativo em files/r6-sess.jsonl)
10-07 23:18:44.965 I/NpuProbe( 8565): PROMPT[0]: arquivo proprio (len=1101)
10-07 23:19:29.953 I/NpuProbe( 8565): DIV_DET: pos=264 tokD=305 tokS=11 | topD=[305:26.6961 11:26.6733 26:16.0760 13:15.5419 739:13.9314 ] topS=[11:26.7165 305:26.5443 26:16.1251 13:15.5035 739:14.0038 ] | margemD=0.0229 margemS=0.1723 finite=1
10-07 23:19:34.955 I/NpuProbe( 8565): SESS[0] vulkan valid: ok=1 cap=0 eog_tok1=0 tok1=14533 emitidos=301 consumidos=301 dec_s=301
10-07 23:19:34.955 I/NpuProbe( 8565): SESS[0] vulkan tempos: prefill=4351.20ms export=0.51ms(12586017B) import=3.36ms gen=44423.41ms
10-07 23:19:34.955 I/NpuProbe( 8565): SESS[0] vulkan fronteiras(ms): prefdone=4352.1 tok1r=4438.3 impdone=4441.7 tok2r=5005.3 fim=48865.1 wall=48865.1 reset=4.00
10-07 23:19:34.955 I/NpuProbe( 8565): SESS[0] vulkan texto_len=1061 (integral no JSON)
10-07 23:19:34.955 I/NpuProbe( 8565): SESS[0] vulkan lifecycle: load_dst=856ms load_src=170ms (0=WARM)
10-07 23:19:34.955 I/NpuProbe( 8565): SESS[0] vulkan RESULTADO: SMART-DIVERGENTE
10-07 23:19:34.960 I/NpuProbe( 8565): PROMPT[1]: arquivo proprio (len=205)
10-07 23:19:39.676 I/NpuProbe( 8565): SESS[1] vulkan valid: ok=1 cap=0 eog_tok1=0 tok1=46 emitidos=26 consumidos=26 dec_s=26
10-07 23:19:39.676 I/NpuProbe( 8565): SESS[1] vulkan tempos: prefill=1057.20ms export=0.12ms(1770597B) import=1.93ms gen=3621.30ms
10-07 23:19:39.676 I/NpuProbe( 8565): SESS[1] vulkan fronteiras(ms): prefdone=1057.6 tok1r=1075.7 impdone=1077.7 tok2r=1109.8 fim=4699.0 wall=4699.0 reset=3.68
10-07 23:19:39.676 I/NpuProbe( 8565): SESS[1] vulkan texto_len=77 (integral no JSON)
10-07 23:19:39.676 I/NpuProbe( 8565): SESS[1] vulkan lifecycle: load_dst=0ms load_src=0ms (0=WARM)
10-07 23:19:39.676 I/NpuProbe( 8565): SESS[1] vulkan RESULTADO: SMART-ACEITO
10-07 23:19:39.682 I/NpuProbe( 8565): PROMPT[2]: arquivo proprio (len=1101)
10-07 23:20:22.799 I/NpuProbe( 8565): DIV_DET: pos=264 tokD=305 tokS=11 | topD=[305:26.6961 11:26.6733 26:16.0760 13:15.5419 739:13.9314 ] topS=[11:26.7165 305:26.5443 26:16.1251 13:15.5035 739:14.0038 ] | margemD=0.0229 margemS=0.1723 finite=1
10-07 23:20:28.109 I/NpuProbe( 8565): SESS[2] vulkan valid: ok=1 cap=0 eog_tok1=0 tok1=14533 emitidos=301 consumidos=301 dec_s=301
10-07 23:20:28.110 I/NpuProbe( 8565): SESS[2] vulkan tempos: prefill=7010.28ms export=0.84ms(12586017B) import=2.29ms gen=41186.82ms
10-07 23:20:28.110 I/NpuProbe( 8565): SESS[2] vulkan fronteiras(ms): prefdone=7011.7 tok1r=7140.2 impdone=7142.5 tok2r=7172.5 fim=48329.4 wall=48329.4 reset=3.69
10-07 23:20:28.110 I/NpuProbe( 8565): SESS[2] vulkan texto_len=1061 (integral no JSON)
10-07 23:20:28.110 I/NpuProbe( 8565): SESS[2] vulkan lifecycle: load_dst=0ms load_src=0ms (0=WARM)
10-07 23:20:28.110 I/NpuProbe( 8565): SESS[2] vulkan RESULTADO: SMART-DIVERGENTE
10-07 23:20:28.260 I/NpuProbe( 8565): SESSAO(7291297): fim (3 requests)
10-07 23:20:28.260 I/NpuProbe( 8565): SMART REPORT:
10-07 23:20:28.260 I/NpuProbe( 8565): SMART (sessao)
10-07 23:20:28.260 I/NpuProbe( 8565): 
10-07 23:20:28.260 I/NpuProbe( 8565): SMARTv2 rota='sessao' mutante=(none)
10-07 23:20:28.260 I/NpuProbe( 8565): SESSAO(7291297): 3 requests na mesma sessao (roles separados; JSON nativo em files/r6-sess.jsonl)
10-07 23:20:28.260 I/NpuProbe( 8565): PROMPT[0]: arquivo proprio (len=1101)
10-07 23:20:28.260 I/NpuProbe( 8565): DIV_DET: pos=264 tokD=305 tokS=11 | topD=[305:26.6961 11:26.6733 26:16.0760 13:15.5419 739:13.9314 ] topS=[11:26.7165 305:26.5443 26:16.1251 13:15.5035 739:14.0038 ] | margemD=0.0229 margemS=0.1723 finite=1
10-07 23:20:28.260 I/NpuProbe( 8565): SESS[0] vulkan valid: ok=1 cap=0 eog_tok1=0 tok1=14533 emitidos=301 consumidos=301 dec_s=301
10-07 23:20:28.260 I/NpuProbe( 8565): SESS[0] vulkan tempos: prefill=4351.20ms export=0.51ms(12586017B) import=3.36ms gen=44423.41ms
10-07 23:20:28.260 I/NpuProbe( 8565): SESS[0] vulkan fronteiras(ms): prefdone=4352.1 tok1r=4438.3 impdone=4441.7 tok2r=5005.3 fim=48865.1 wall=48865.1 reset=4.00
10-07 23:20:28.260 I/NpuProbe( 8565): SESS[0] vulkan texto_len=1061 (integral no JSON)
10-07 23:20:28.260 I/NpuProbe( 8565): SESS[0] vulkan lifecycle: load_dst=856ms load_src=170ms (0=WARM)
10-07 23:20:28.260 I/NpuProbe( 8565): SESS[0] vulkan RESULTADO: SMART-DIVERGENTE
10-07 23:20:28.260 I/NpuProbe( 8565): PROMPT[1]: arquivo proprio (len=205)
10-07 23:20:28.260 I/NpuProbe( 8565): SESS[1] vulkan valid: ok=1 cap=0 eog_tok1=0 tok1=46 emitidos=26 consumidos=26 dec_s=26
10-07 23:20:28.260 I/NpuProbe( 8565): SESS[1] vulkan tempos: prefill=1057.20ms export=0.12ms(1770597B) import=1.93ms gen=3621.30ms
10-07 23:20:28.260 I/NpuProbe( 8565): SESS[1] vulkan fronteiras(ms): prefdone=1057.6 tok1r=1075.7 impdone=1077.7 tok2r=1109.8 fim=4699.0 wall=4699.0 reset=3.68
10-07 23:20:28.260 I/NpuProbe( 8565): SESS[1] vulkan texto_len=77 (integral no JSON)
10-07 23:20:28.260 I/NpuProbe( 8565): SESS[1] vulkan lifecycle: load_dst=0ms load_src=0ms (0=WARM)
10-07 23:20:28.260 I/NpuProbe( 8565): SESS[1] vulkan RESULTADO: SMART-ACEITO
10-07 23:20:28.260 I/NpuProbe( 8565): PROMPT[2]: arquivo proprio (len=1101)
10-07 23:20:28.260 I/NpuProbe( 8565): DIV_DET: pos=264 tokD=305 tokS=11 | topD=[305:26.6961 11:26.6733 26:16.0760 13:15.5419 739:13.9314 ] topS=[11:26.7165 305:26.5443 26:16.1251 13:15.5035 739:14.0038 ] | margemD=0.0229 margemS=0.1723 finite=1
10-07 23:20:28.260 I/NpuProbe( 8565): SESS[2] vulkan valid: ok=1 cap=0 eog_tok1=0 tok1=14533 emitidos=301 consumidos=301 dec_s=301
10-07 23:20:28.260 I/NpuProbe( 8565): SESS[2] vulkan tempos: prefill=7010.28ms export=0.84ms(12586017B) import=2.29ms gen=41186.82ms
10-07 23:20:28.260 I/NpuProbe( 8565): SESS[2] vulkan fronteiras(ms): prefdone=7011.7 tok1r=7140.2 impdone=7142.5 tok2r=7172.5 fim=48329.4 wall=48329.4 reset=3.69
10-07 23:20:28.260 I/NpuProbe( 8565): SESS[2] vulkan texto_len=1061 (integral no JSON)
10-07 23:20:28.260 I/NpuProbe( 8565): SESS[2] vulkan lifecycle: load_dst=0ms load_src=0ms (0=WARM)
10-07 23:20:28.260 I/NpuProbe( 8565): SESS[2] vulkan RESULTADO: SMART-DIVERGENTE
10-07 23:20:28.260 I/NpuProbe( 8565): SESSAO(7291297): fim (3 requests)
--------- beginning of main
10-07 23:27:49.669 I/NpuProbe( 1724): nativeLibraryDir=/data/app/~~lpRbazBN5YZmky3PSTRBxw==/br.gov.sp.pcsp.npuprobe-TxoI9sAkGUKDb2hYH9j-kg==/lib/arm64
10-07 23:27:49.669 I/NpuProbe( 1724): runProbe PULADO (p4-auto presente; preinit do tune)
10-07 23:27:49.669 I/NpuProbe( 1724): REPORT:
10-07 23:27:49.669 I/NpuProbe( 1724): (runProbe PULADO: p4-auto presente; evita init Hexagon pre-tune - R8)
10-07 23:27:49.669 I/NpuProbe( 1724): AUTO-GATILHO='smart:sessao'
10-07 23:27:49.670 I/NpuProbe( 1724): SMART iniciando rota=sessao com /data/local/tmp/hymt2_app.gguf
10-07 23:27:49.670 I/NpuProbe( 1724): SMARTv2 rota='sessao' mutante=(none)
10-07 23:27:49.674 I/NpuProbe( 1724): [ggml] ggml_vulkan: Found 1 Vulkan devices:
10-07 23:27:49.675 I/NpuProbe( 1724): [ggml] ggml_vulkan: 0 = Adreno (TM) 840 (Qualcomm Technologies Inc. Adreno Vulkan Driver) | uma: 1 | fp16: 1 | bf16: 0 | fp4: 0 | warp size: 64 | shared memory: 32768 | int dot: 0 | matrix cores: none
10-07 23:27:49.705 I/NpuProbe( 1724): [ggml] ggml_opencl: selected platform: 'QUALCOMM Snapdragon(TM)'
10-07 23:27:49.705 I/NpuProbe( 1724): [ggml] 
10-07 23:27:49.705 I/NpuProbe( 1724): ggml_opencl: device: 'QUALCOMM Adreno(TM) 840 (OpenCL 3.0 Adreno(TM) 840)'
10-07 23:27:49.706 I/NpuProbe( 1724): [ggml] ggml_opencl: default device: 'QUALCOMM Adreno(TM) 840 (OpenCL 3.0 Adreno(TM) 840)'
10-07 23:27:49.706 I/NpuProbe( 1724): [ggml] ggml-hex: Loading driver libcdsprpc.so
10-07 23:27:49.715 I/NpuProbe( 1724): [ggml] ggml-hex: Hexagon backend (experimental) : allocating new registry : ndev 1
10-07 23:27:49.715 I/NpuProbe( 1724): [ggml] ggml-hex: Hexagon Arch version v81
10-07 23:27:49.715 I/NpuProbe( 1724): [ggml] ggml-hex: HTP0 allocating new session
10-07 23:27:49.752 I/NpuProbe( 1724): [ggml] ggml-hex: HTP0 hwinfo: threads 8, hvx 8, hmx 1, vtcm 8 MB
10-07 23:27:49.752 I/NpuProbe( 1724): [ggml] ggml-hex: HTP0 new session : session-id 0 domain-id 3 uri file:///libggml-htp-v81.so?htp_iface_skel_handle_invoke&_modver=1.0&_dom=cdsp&_session=0 handle 0xb4000077d9ab5c00
10-07 23:27:49.756 I/NpuProbe( 1724): [ggml] ggml-hex: HTP0 op batching: n-bufs 16 n-tensors 7168 n-ops 1024 vmem 3355443200
10-07 23:27:49.762 I/NpuProbe( 1724): SESSAO(730e599): 3 requests na mesma sessao (roles separados; JSON nativo em files/r6-sess.jsonl)
10-07 23:27:49.763 I/NpuProbe( 1724): PROMPT[0]: arquivo proprio (len=1101)
10-07 23:27:50.323 I/NpuProbe( 1724): [ggml] ggml_opencl: kernel cache enabled at '/data/user/0/br.gov.sp.pcsp.npuprobe/cache/llama.cpp/cl-cache'
10-07 23:27:50.323 I/NpuProbe( 1724): [ggml] ggml_opencl: loading OpenCL kernels
10-07 23:27:50.324 I/NpuProbe( 1724): [ggml] .
10-07 23:27:50.325 I/NpuProbe( 1724): [ggml] .
10-07 23:27:50.325 I/NpuProbe( 1724): [ggml] .
10-07 23:27:50.325 I/NpuProbe( 1724): [ggml] .
10-07 23:27:50.325 I/NpuProbe( 1724): [ggml] .
10-07 23:27:50.326 I/NpuProbe( 1724): [ggml] .
10-07 23:27:50.328 I/NpuProbe( 1724): [ggml] .
10-07 23:27:50.329 I/NpuProbe( 1724): [ggml] .
10-07 23:27:50.329 I/NpuProbe( 1724): [ggml] .
10-07 23:27:50.329 I/NpuProbe( 1724): [ggml] .
10-07 23:27:50.330 I/NpuProbe( 1724): [ggml] .
10-07 23:27:50.330 I/NpuProbe( 1724): [ggml] .
10-07 23:27:50.330 I/NpuProbe( 1724): [ggml] .
10-07 23:27:50.330 I/NpuProbe( 1724): [ggml] .
10-07 23:27:50.331 I/NpuProbe( 1724): [ggml] .
10-07 23:27:50.331 I/NpuProbe( 1724): [ggml] .
10-07 23:27:50.331 I/NpuProbe( 1724): [ggml] .
10-07 23:27:50.331 I/NpuProbe( 1724): [ggml] .
10-07 23:27:50.333 I/NpuProbe( 1724): [ggml] .
10-07 23:27:50.333 I/NpuProbe( 1724): [ggml] .
10-07 23:27:50.333 I/NpuProbe( 1724): [ggml] .
10-07 23:27:50.334 I/NpuProbe( 1724): [ggml] .
10-07 23:27:50.334 I/NpuProbe( 1724): [ggml] .
10-07 23:27:50.334 I/NpuProbe( 1724): [ggml] .
10-07 23:27:50.334 I/NpuProbe( 1724): [ggml] .
10-07 23:27:50.335 I/NpuProbe( 1724): [ggml] .
10-07 23:27:50.335 I/NpuProbe( 1724): [ggml] .
10-07 23:27:50.335 I/NpuProbe( 1724): [ggml] .
10-07 23:27:50.335 I/NpuProbe( 1724): [ggml] .
10-07 23:27:50.336 I/NpuProbe( 1724): [ggml] .
10-07 23:27:50.337 I/NpuProbe( 1724): [ggml] .
10-07 23:27:50.337 I/NpuProbe( 1724): [ggml] .
10-07 23:27:50.337 I/NpuProbe( 1724): [ggml] .
10-07 23:27:50.337 I/NpuProbe( 1724): [ggml] .
10-07 23:27:50.338 I/NpuProbe( 1724): [ggml] .
10-07 23:27:50.338 I/NpuProbe( 1724): [ggml] .
10-07 23:27:50.338 I/NpuProbe( 1724): [ggml] .
10-07 23:27:50.338 I/NpuProbe( 1724): [ggml] .
10-07 23:27:50.339 I/NpuProbe( 1724): [ggml] .
10-07 23:27:50.339 I/NpuProbe( 1724): [ggml] .
10-07 23:27:50.339 I/NpuProbe( 1724): [ggml] .
10-07 23:27:50.340 I/NpuProbe( 1724): [ggml] .
10-07 23:27:50.340 I/NpuProbe( 1724): [ggml] .
10-07 23:27:50.340 I/NpuProbe( 1724): [ggml] .
10-07 23:27:50.341 I/NpuProbe( 1724): [ggml] .
10-07 23:27:50.341 I/NpuProbe( 1724): [ggml] .
10-07 23:27:50.341 I/NpuProbe( 1724): [ggml] .
10-07 23:27:50.341 I/NpuProbe( 1724): [ggml] .
10-07 23:27:50.342 I/NpuProbe( 1724): [ggml] .
10-07 23:27:50.342 I/NpuProbe( 1724): [ggml] .
10-07 23:27:50.342 I/NpuProbe( 1724): [ggml] .
10-07 23:27:50.342 I/NpuProbe( 1724): [ggml] .
10-07 23:27:50.342 I/NpuProbe( 1724): [ggml] .
10-07 23:27:50.343 I/NpuProbe( 1724): [ggml] .
10-07 23:27:50.343 I/NpuProbe( 1724): [ggml] .
10-07 23:27:50.343 I/NpuProbe( 1724): [ggml] .
10-07 23:27:50.344 I/NpuProbe( 1724): [ggml] .
10-07 23:27:50.344 I/NpuProbe( 1724): [ggml] .
10-07 23:27:50.345 I/NpuProbe( 1724): [ggml] .
10-07 23:27:50.345 I/NpuProbe( 1724): [ggml] .
10-07 23:27:50.345 I/NpuProbe( 1724): [ggml] .
10-07 23:27:50.345 I/NpuProbe( 1724): [ggml] .
10-07 23:27:50.346 I/NpuProbe( 1724): [ggml] .
10-07 23:27:50.346 I/NpuProbe( 1724): [ggml] .
10-07 23:27:50.347 I/NpuProbe( 1724): [ggml] .
10-07 23:27:50.347 I/NpuProbe( 1724): [ggml] .
10-07 23:27:50.347 I/NpuProbe( 1724): [ggml] .
10-07 23:27:50.347 I/NpuProbe( 1724): [ggml] .
10-07 23:27:50.347 I/NpuProbe( 1724): [ggml] .
10-07 23:27:50.348 I/NpuProbe( 1724): [ggml] .
10-07 23:27:50.348 I/NpuProbe( 1724): [ggml] .
10-07 23:27:50.348 I/NpuProbe( 1724): [ggml] .
10-07 23:27:50.348 I/NpuProbe( 1724): [ggml] .
10-07 23:27:50.348 I/NpuProbe( 1724): [ggml] .
10-07 23:27:50.348 I/NpuProbe( 1724): [ggml] .
10-07 23:27:50.349 I/NpuProbe( 1724): [ggml] .
10-07 23:27:53.961 I/NpuProbe( 1724): [ggml] ggml_opencl: OpenCL driver: OpenCL 3.0 QUALCOMM build: 0842.41 Compiler E031.50.19.27
10-07 23:27:53.961 I/NpuProbe( 1724): [ggml] ggml_opencl: vector subgroup broadcast support: true
10-07 23:27:53.961 I/NpuProbe( 1724): [ggml] ggml_opencl: subgroup shuffle support: true
10-07 23:27:53.961 I/NpuProbe( 1724): [ggml] ggml_opencl: device FP16 support: true
10-07 23:27:53.961 I/NpuProbe( 1724): [ggml] ggml_opencl: khr dot product support: true
10-07 23:27:53.961 I/NpuProbe( 1724): [ggml] ggml_opencl: mem base addr align: 128
10-07 23:27:53.961 I/NpuProbe( 1724): [ggml] ggml_opencl: global mem size: 7555 MB
10-07 23:27:53.961 I/NpuProbe( 1724): [ggml] ggml_opencl: max mem alloc size: 2048 MB
10-07 23:27:53.961 I/NpuProbe( 1724): [ggml] ggml_opencl: device max image buffer size (pixels): 2147483648
10-07 23:27:53.961 I/NpuProbe( 1724): [ggml] ggml_opencl: device max image2d size: 16384 x 16384
10-07 23:27:53.961 I/NpuProbe( 1724): [ggml] ggml_opencl: device max workgroup size: 1024
10-07 23:27:53.961 I/NpuProbe( 1724): [ggml] ggml_opencl: SVM coarse grain buffer support: true
10-07 23:27:53.961 I/NpuProbe( 1724): [ggml] ggml_opencl: SVM fine grain buffer support: true
10-07 23:27:53.961 I/NpuProbe( 1724): [ggml] ggml_opencl: SVM fine grain system support: false
10-07 23:27:53.961 I/NpuProbe( 1724): [ggml] ggml_opencl: SVM atomics support: true
10-07 23:27:53.961 I/NpuProbe( 1724): [ggml] ggml_opencl: cl_qcom_subgroup_shuffle support: true
10-07 23:27:53.961 I/NpuProbe( 1724): [ggml] ggml_opencl: flattening quantized weights representation as struct of arrays (GGML_OPENCL_SOA_Q)
10-07 23:27:53.961 I/NpuProbe( 1724): [ggml] ggml_opencl: using kernels optimized for Adreno (GGML_OPENCL_USE_ADRENO_KERNELS)
--------- beginning of main
10-07 23:27:49.669 I/NpuProbe( 1724): nativeLibraryDir=/data/app/~~lpRbazBN5YZmky3PSTRBxw==/br.gov.sp.pcsp.npuprobe-TxoI9sAkGUKDb2hYH9j-kg==/lib/arm64
10-07 23:27:49.669 I/NpuProbe( 1724): runProbe PULADO (p4-auto presente; preinit do tune)
10-07 23:27:49.669 I/NpuProbe( 1724): REPORT:
10-07 23:27:49.669 I/NpuProbe( 1724): (runProbe PULADO: p4-auto presente; evita init Hexagon pre-tune - R8)
10-07 23:27:49.669 I/NpuProbe( 1724): AUTO-GATILHO='smart:sessao'
10-07 23:27:49.670 I/NpuProbe( 1724): SMART iniciando rota=sessao com /data/local/tmp/hymt2_app.gguf
10-07 23:27:49.670 I/NpuProbe( 1724): SMARTv2 rota='sessao' mutante=(none)
10-07 23:27:49.674 I/NpuProbe( 1724): [ggml] ggml_vulkan: Found 1 Vulkan devices:
10-07 23:27:49.675 I/NpuProbe( 1724): [ggml] ggml_vulkan: 0 = Adreno (TM) 840 (Qualcomm Technologies Inc. Adreno Vulkan Driver) | uma: 1 | fp16: 1 | bf16: 0 | fp4: 0 | warp size: 64 | shared memory: 32768 | int dot: 0 | matrix cores: none
10-07 23:27:49.705 I/NpuProbe( 1724): [ggml] ggml_opencl: selected platform: 'QUALCOMM Snapdragon(TM)'
10-07 23:27:49.705 I/NpuProbe( 1724): [ggml] 
10-07 23:27:49.705 I/NpuProbe( 1724): ggml_opencl: device: 'QUALCOMM Adreno(TM) 840 (OpenCL 3.0 Adreno(TM) 840)'
10-07 23:27:49.706 I/NpuProbe( 1724): [ggml] ggml_opencl: default device: 'QUALCOMM Adreno(TM) 840 (OpenCL 3.0 Adreno(TM) 840)'
10-07 23:27:49.706 I/NpuProbe( 1724): [ggml] ggml-hex: Loading driver libcdsprpc.so
10-07 23:27:49.715 I/NpuProbe( 1724): [ggml] ggml-hex: Hexagon backend (experimental) : allocating new registry : ndev 1
10-07 23:27:49.715 I/NpuProbe( 1724): [ggml] ggml-hex: Hexagon Arch version v81
10-07 23:27:49.715 I/NpuProbe( 1724): [ggml] ggml-hex: HTP0 allocating new session
10-07 23:27:49.752 I/NpuProbe( 1724): [ggml] ggml-hex: HTP0 hwinfo: threads 8, hvx 8, hmx 1, vtcm 8 MB
10-07 23:27:49.752 I/NpuProbe( 1724): [ggml] ggml-hex: HTP0 new session : session-id 0 domain-id 3 uri file:///libggml-htp-v81.so?htp_iface_skel_handle_invoke&_modver=1.0&_dom=cdsp&_session=0 handle 0xb4000077d9ab5c00
10-07 23:27:49.756 I/NpuProbe( 1724): [ggml] ggml-hex: HTP0 op batching: n-bufs 16 n-tensors 7168 n-ops 1024 vmem 3355443200
10-07 23:27:49.762 I/NpuProbe( 1724): SESSAO(730e599): 3 requests na mesma sessao (roles separados; JSON nativo em files/r6-sess.jsonl)
10-07 23:27:49.763 I/NpuProbe( 1724): PROMPT[0]: arquivo proprio (len=1101)
10-07 23:27:50.323 I/NpuProbe( 1724): [ggml] ggml_opencl: kernel cache enabled at '/data/user/0/br.gov.sp.pcsp.npuprobe/cache/llama.cpp/cl-cache'
10-07 23:27:50.323 I/NpuProbe( 1724): [ggml] ggml_opencl: loading OpenCL kernels
10-07 23:27:50.324 I/NpuProbe( 1724): [ggml] .
10-07 23:27:50.325 I/NpuProbe( 1724): [ggml] .
10-07 23:27:50.325 I/NpuProbe( 1724): [ggml] .
10-07 23:27:50.325 I/NpuProbe( 1724): [ggml] .
10-07 23:27:50.325 I/NpuProbe( 1724): [ggml] .
10-07 23:27:50.326 I/NpuProbe( 1724): [ggml] .
10-07 23:27:50.328 I/NpuProbe( 1724): [ggml] .
10-07 23:27:50.329 I/NpuProbe( 1724): [ggml] .
10-07 23:27:50.329 I/NpuProbe( 1724): [ggml] .
10-07 23:27:50.329 I/NpuProbe( 1724): [ggml] .
10-07 23:27:50.330 I/NpuProbe( 1724): [ggml] .
10-07 23:27:50.330 I/NpuProbe( 1724): [ggml] .
10-07 23:27:50.330 I/NpuProbe( 1724): [ggml] .
10-07 23:27:50.330 I/NpuProbe( 1724): [ggml] .
10-07 23:27:50.331 I/NpuProbe( 1724): [ggml] .
10-07 23:27:50.331 I/NpuProbe( 1724): [ggml] .
10-07 23:27:50.331 I/NpuProbe( 1724): [ggml] .
10-07 23:27:50.331 I/NpuProbe( 1724): [ggml] .
10-07 23:27:50.333 I/NpuProbe( 1724): [ggml] .
10-07 23:27:50.333 I/NpuProbe( 1724): [ggml] .
10-07 23:27:50.333 I/NpuProbe( 1724): [ggml] .
10-07 23:27:50.334 I/NpuProbe( 1724): [ggml] .
10-07 23:27:50.334 I/NpuProbe( 1724): [ggml] .
10-07 23:27:50.334 I/NpuProbe( 1724): [ggml] .
10-07 23:27:50.334 I/NpuProbe( 1724): [ggml] .
10-07 23:27:50.335 I/NpuProbe( 1724): [ggml] .
10-07 23:27:50.335 I/NpuProbe( 1724): [ggml] .
10-07 23:27:50.335 I/NpuProbe( 1724): [ggml] .
10-07 23:27:50.335 I/NpuProbe( 1724): [ggml] .
10-07 23:27:50.336 I/NpuProbe( 1724): [ggml] .
10-07 23:27:50.337 I/NpuProbe( 1724): [ggml] .
10-07 23:27:50.337 I/NpuProbe( 1724): [ggml] .
10-07 23:27:50.337 I/NpuProbe( 1724): [ggml] .
10-07 23:27:50.337 I/NpuProbe( 1724): [ggml] .
10-07 23:27:50.338 I/NpuProbe( 1724): [ggml] .
10-07 23:27:50.338 I/NpuProbe( 1724): [ggml] .
10-07 23:27:50.338 I/NpuProbe( 1724): [ggml] .
10-07 23:27:50.338 I/NpuProbe( 1724): [ggml] .
10-07 23:27:50.339 I/NpuProbe( 1724): [ggml] .
10-07 23:27:50.339 I/NpuProbe( 1724): [ggml] .
10-07 23:27:50.339 I/NpuProbe( 1724): [ggml] .
10-07 23:27:50.340 I/NpuProbe( 1724): [ggml] .
10-07 23:27:50.340 I/NpuProbe( 1724): [ggml] .
10-07 23:27:50.340 I/NpuProbe( 1724): [ggml] .
10-07 23:27:50.341 I/NpuProbe( 1724): [ggml] .
10-07 23:27:50.341 I/NpuProbe( 1724): [ggml] .
10-07 23:27:50.341 I/NpuProbe( 1724): [ggml] .
10-07 23:27:50.341 I/NpuProbe( 1724): [ggml] .
10-07 23:27:50.342 I/NpuProbe( 1724): [ggml] .
10-07 23:27:50.342 I/NpuProbe( 1724): [ggml] .
10-07 23:27:50.342 I/NpuProbe( 1724): [ggml] .
10-07 23:27:50.342 I/NpuProbe( 1724): [ggml] .
10-07 23:27:50.342 I/NpuProbe( 1724): [ggml] .
10-07 23:27:50.343 I/NpuProbe( 1724): [ggml] .
10-07 23:27:50.343 I/NpuProbe( 1724): [ggml] .
10-07 23:27:50.343 I/NpuProbe( 1724): [ggml] .
10-07 23:27:50.344 I/NpuProbe( 1724): [ggml] .
10-07 23:27:50.344 I/NpuProbe( 1724): [ggml] .
10-07 23:27:50.345 I/NpuProbe( 1724): [ggml] .
10-07 23:27:50.345 I/NpuProbe( 1724): [ggml] .
10-07 23:27:50.345 I/NpuProbe( 1724): [ggml] .
10-07 23:27:50.345 I/NpuProbe( 1724): [ggml] .
10-07 23:27:50.346 I/NpuProbe( 1724): [ggml] .
10-07 23:27:50.346 I/NpuProbe( 1724): [ggml] .
10-07 23:27:50.347 I/NpuProbe( 1724): [ggml] .
10-07 23:27:50.347 I/NpuProbe( 1724): [ggml] .
10-07 23:27:50.347 I/NpuProbe( 1724): [ggml] .
10-07 23:27:50.347 I/NpuProbe( 1724): [ggml] .
10-07 23:27:50.347 I/NpuProbe( 1724): [ggml] .
10-07 23:27:50.348 I/NpuProbe( 1724): [ggml] .
10-07 23:27:50.348 I/NpuProbe( 1724): [ggml] .
10-07 23:27:50.348 I/NpuProbe( 1724): [ggml] .
10-07 23:27:50.348 I/NpuProbe( 1724): [ggml] .
10-07 23:27:50.348 I/NpuProbe( 1724): [ggml] .
10-07 23:27:50.348 I/NpuProbe( 1724): [ggml] .
10-07 23:27:50.349 I/NpuProbe( 1724): [ggml] .
10-07 23:27:53.961 I/NpuProbe( 1724): [ggml] ggml_opencl: OpenCL driver: OpenCL 3.0 QUALCOMM build: 0842.41 Compiler E031.50.19.27
10-07 23:27:53.961 I/NpuProbe( 1724): [ggml] ggml_opencl: vector subgroup broadcast support: true
10-07 23:27:53.961 I/NpuProbe( 1724): [ggml] ggml_opencl: subgroup shuffle support: true
10-07 23:27:53.961 I/NpuProbe( 1724): [ggml] ggml_opencl: device FP16 support: true
10-07 23:27:53.961 I/NpuProbe( 1724): [ggml] ggml_opencl: khr dot product support: true
10-07 23:27:53.961 I/NpuProbe( 1724): [ggml] ggml_opencl: mem base addr align: 128
10-07 23:27:53.961 I/NpuProbe( 1724): [ggml] ggml_opencl: global mem size: 7555 MB
10-07 23:27:53.961 I/NpuProbe( 1724): [ggml] ggml_opencl: max mem alloc size: 2048 MB
10-07 23:27:53.961 I/NpuProbe( 1724): [ggml] ggml_opencl: device max image buffer size (pixels): 2147483648
10-07 23:27:53.961 I/NpuProbe( 1724): [ggml] ggml_opencl: device max image2d size: 16384 x 16384
10-07 23:27:53.961 I/NpuProbe( 1724): [ggml] ggml_opencl: device max workgroup size: 1024
10-07 23:27:53.961 I/NpuProbe( 1724): [ggml] ggml_opencl: SVM coarse grain buffer support: true
10-07 23:27:53.961 I/NpuProbe( 1724): [ggml] ggml_opencl: SVM fine grain buffer support: true
10-07 23:27:53.961 I/NpuProbe( 1724): [ggml] ggml_opencl: SVM fine grain system support: false
10-07 23:27:53.961 I/NpuProbe( 1724): [ggml] ggml_opencl: SVM atomics support: true
10-07 23:27:53.961 I/NpuProbe( 1724): [ggml] ggml_opencl: cl_qcom_subgroup_shuffle support: true
10-07 23:27:53.961 I/NpuProbe( 1724): [ggml] ggml_opencl: flattening quantized weights representation as struct of arrays (GGML_OPENCL_SOA_Q)
10-07 23:27:53.961 I/NpuProbe( 1724): [ggml] ggml_opencl: using kernels optimized for Adreno (GGML_OPENCL_USE_ADRENO_KERNELS)
10-07 23:28:13.399 I/NpuProbe( 1724): [ggml] ggml_opencl: lazy-compiling flash_attn prepass for DK=128 DV=128
10-07 23:28:13.399 I/NpuProbe( 1724): [ggml] ggml_opencl: compiling fa prepass f16
10-07 23:28:13.911 I/NpuProbe( 1724): [ggml] ggml_opencl: compiling fa f32_f16
10-07 23:28:16.368 I/NpuProbe( 1724): [ggml] ggml_opencl: flash_attn_f32_f16_q1_vec_mq_split_c8 DK=128 DV=128 per-kernel max 128 < required 256; skipping registration (will fall back)
10-07 23:28:16.368 I/NpuProbe( 1724): [ggml] ggml_opencl: compiling fa f32_f16 MQ_GQA=8
10-07 23:28:17.208 I/NpuProbe( 1724): [ggml] ggml_opencl: flash_attn_f32_f16_q1_vec_mq_split_c8 (g8) DK=128 DV=128 per-kernel max 128 < required 192; skipping registration (will fall back)
10-07 23:28:17.208 I/NpuProbe( 1724): [ggml] ggml_opencl: compiling fa f32_f16 c8 NSG2
10-07 23:28:17.459 I/NpuProbe( 1724): [ggml] ggml_opencl: compiling fa f32_f16 c8 g8 NSG2
10-07 23:28:17.852 I/NpuProbe( 1724): [ggml] ggml_opencl: compiling fa f32_f16 split
--------- beginning of main
10-07 23:27:49.669 I/NpuProbe( 1724): nativeLibraryDir=/data/app/~~lpRbazBN5YZmky3PSTRBxw==/br.gov.sp.pcsp.npuprobe-TxoI9sAkGUKDb2hYH9j-kg==/lib/arm64
10-07 23:27:49.669 I/NpuProbe( 1724): runProbe PULADO (p4-auto presente; preinit do tune)
10-07 23:27:49.669 I/NpuProbe( 1724): REPORT:
10-07 23:27:49.669 I/NpuProbe( 1724): (runProbe PULADO: p4-auto presente; evita init Hexagon pre-tune - R8)
10-07 23:27:49.669 I/NpuProbe( 1724): AUTO-GATILHO='smart:sessao'
10-07 23:27:49.670 I/NpuProbe( 1724): SMART iniciando rota=sessao com /data/local/tmp/hymt2_app.gguf
10-07 23:27:49.670 I/NpuProbe( 1724): SMARTv2 rota='sessao' mutante=(none)
10-07 23:27:49.674 I/NpuProbe( 1724): [ggml] ggml_vulkan: Found 1 Vulkan devices:
10-07 23:27:49.675 I/NpuProbe( 1724): [ggml] ggml_vulkan: 0 = Adreno (TM) 840 (Qualcomm Technologies Inc. Adreno Vulkan Driver) | uma: 1 | fp16: 1 | bf16: 0 | fp4: 0 | warp size: 64 | shared memory: 32768 | int dot: 0 | matrix cores: none
10-07 23:27:49.705 I/NpuProbe( 1724): [ggml] ggml_opencl: selected platform: 'QUALCOMM Snapdragon(TM)'
10-07 23:27:49.705 I/NpuProbe( 1724): [ggml] 
10-07 23:27:49.705 I/NpuProbe( 1724): ggml_opencl: device: 'QUALCOMM Adreno(TM) 840 (OpenCL 3.0 Adreno(TM) 840)'
10-07 23:27:49.706 I/NpuProbe( 1724): [ggml] ggml_opencl: default device: 'QUALCOMM Adreno(TM) 840 (OpenCL 3.0 Adreno(TM) 840)'
10-07 23:27:49.706 I/NpuProbe( 1724): [ggml] ggml-hex: Loading driver libcdsprpc.so
10-07 23:27:49.715 I/NpuProbe( 1724): [ggml] ggml-hex: Hexagon backend (experimental) : allocating new registry : ndev 1
10-07 23:27:49.715 I/NpuProbe( 1724): [ggml] ggml-hex: Hexagon Arch version v81
10-07 23:27:49.715 I/NpuProbe( 1724): [ggml] ggml-hex: HTP0 allocating new session
10-07 23:27:49.752 I/NpuProbe( 1724): [ggml] ggml-hex: HTP0 hwinfo: threads 8, hvx 8, hmx 1, vtcm 8 MB
10-07 23:27:49.752 I/NpuProbe( 1724): [ggml] ggml-hex: HTP0 new session : session-id 0 domain-id 3 uri file:///libggml-htp-v81.so?htp_iface_skel_handle_invoke&_modver=1.0&_dom=cdsp&_session=0 handle 0xb4000077d9ab5c00
10-07 23:27:49.756 I/NpuProbe( 1724): [ggml] ggml-hex: HTP0 op batching: n-bufs 16 n-tensors 7168 n-ops 1024 vmem 3355443200
10-07 23:27:49.762 I/NpuProbe( 1724): SESSAO(730e599): 3 requests na mesma sessao (roles separados; JSON nativo em files/r6-sess.jsonl)
10-07 23:27:49.763 I/NpuProbe( 1724): PROMPT[0]: arquivo proprio (len=1101)
10-07 23:27:50.323 I/NpuProbe( 1724): [ggml] ggml_opencl: kernel cache enabled at '/data/user/0/br.gov.sp.pcsp.npuprobe/cache/llama.cpp/cl-cache'
10-07 23:27:50.323 I/NpuProbe( 1724): [ggml] ggml_opencl: loading OpenCL kernels
10-07 23:27:50.324 I/NpuProbe( 1724): [ggml] .
10-07 23:27:50.325 I/NpuProbe( 1724): [ggml] .
10-07 23:27:50.325 I/NpuProbe( 1724): [ggml] .
10-07 23:27:50.325 I/NpuProbe( 1724): [ggml] .
10-07 23:27:50.325 I/NpuProbe( 1724): [ggml] .
10-07 23:27:50.326 I/NpuProbe( 1724): [ggml] .
10-07 23:27:50.328 I/NpuProbe( 1724): [ggml] .
10-07 23:27:50.329 I/NpuProbe( 1724): [ggml] .
10-07 23:27:50.329 I/NpuProbe( 1724): [ggml] .
10-07 23:27:50.329 I/NpuProbe( 1724): [ggml] .
10-07 23:27:50.330 I/NpuProbe( 1724): [ggml] .
10-07 23:27:50.330 I/NpuProbe( 1724): [ggml] .
10-07 23:27:50.330 I/NpuProbe( 1724): [ggml] .
10-07 23:27:50.330 I/NpuProbe( 1724): [ggml] .
10-07 23:27:50.331 I/NpuProbe( 1724): [ggml] .
10-07 23:27:50.331 I/NpuProbe( 1724): [ggml] .
10-07 23:27:50.331 I/NpuProbe( 1724): [ggml] .
10-07 23:27:50.331 I/NpuProbe( 1724): [ggml] .
10-07 23:27:50.333 I/NpuProbe( 1724): [ggml] .
10-07 23:27:50.333 I/NpuProbe( 1724): [ggml] .
10-07 23:27:50.333 I/NpuProbe( 1724): [ggml] .
10-07 23:27:50.334 I/NpuProbe( 1724): [ggml] .
10-07 23:27:50.334 I/NpuProbe( 1724): [ggml] .
10-07 23:27:50.334 I/NpuProbe( 1724): [ggml] .
10-07 23:27:50.334 I/NpuProbe( 1724): [ggml] .
10-07 23:27:50.335 I/NpuProbe( 1724): [ggml] .
10-07 23:27:50.335 I/NpuProbe( 1724): [ggml] .
10-07 23:27:50.335 I/NpuProbe( 1724): [ggml] .
10-07 23:27:50.335 I/NpuProbe( 1724): [ggml] .
10-07 23:27:50.336 I/NpuProbe( 1724): [ggml] .
10-07 23:27:50.337 I/NpuProbe( 1724): [ggml] .
10-07 23:27:50.337 I/NpuProbe( 1724): [ggml] .
10-07 23:27:50.337 I/NpuProbe( 1724): [ggml] .
10-07 23:27:50.337 I/NpuProbe( 1724): [ggml] .
10-07 23:27:50.338 I/NpuProbe( 1724): [ggml] .
10-07 23:27:50.338 I/NpuProbe( 1724): [ggml] .
10-07 23:27:50.338 I/NpuProbe( 1724): [ggml] .
10-07 23:27:50.338 I/NpuProbe( 1724): [ggml] .
10-07 23:27:50.339 I/NpuProbe( 1724): [ggml] .
10-07 23:27:50.339 I/NpuProbe( 1724): [ggml] .
10-07 23:27:50.339 I/NpuProbe( 1724): [ggml] .
10-07 23:27:50.340 I/NpuProbe( 1724): [ggml] .
10-07 23:27:50.340 I/NpuProbe( 1724): [ggml] .
10-07 23:27:50.340 I/NpuProbe( 1724): [ggml] .
10-07 23:27:50.341 I/NpuProbe( 1724): [ggml] .
10-07 23:27:50.341 I/NpuProbe( 1724): [ggml] .
10-07 23:27:50.341 I/NpuProbe( 1724): [ggml] .
10-07 23:27:50.341 I/NpuProbe( 1724): [ggml] .
10-07 23:27:50.342 I/NpuProbe( 1724): [ggml] .
10-07 23:27:50.342 I/NpuProbe( 1724): [ggml] .
10-07 23:27:50.342 I/NpuProbe( 1724): [ggml] .
10-07 23:27:50.342 I/NpuProbe( 1724): [ggml] .
10-07 23:27:50.342 I/NpuProbe( 1724): [ggml] .
10-07 23:27:50.343 I/NpuProbe( 1724): [ggml] .
10-07 23:27:50.343 I/NpuProbe( 1724): [ggml] .
10-07 23:27:50.343 I/NpuProbe( 1724): [ggml] .
10-07 23:27:50.344 I/NpuProbe( 1724): [ggml] .
10-07 23:27:50.344 I/NpuProbe( 1724): [ggml] .
10-07 23:27:50.345 I/NpuProbe( 1724): [ggml] .
10-07 23:27:50.345 I/NpuProbe( 1724): [ggml] .
10-07 23:27:50.345 I/NpuProbe( 1724): [ggml] .
10-07 23:27:50.345 I/NpuProbe( 1724): [ggml] .
10-07 23:27:50.346 I/NpuProbe( 1724): [ggml] .
10-07 23:27:50.346 I/NpuProbe( 1724): [ggml] .
10-07 23:27:50.347 I/NpuProbe( 1724): [ggml] .
10-07 23:27:50.347 I/NpuProbe( 1724): [ggml] .
10-07 23:27:50.347 I/NpuProbe( 1724): [ggml] .
10-07 23:27:50.347 I/NpuProbe( 1724): [ggml] .
10-07 23:27:50.347 I/NpuProbe( 1724): [ggml] .
10-07 23:27:50.348 I/NpuProbe( 1724): [ggml] .
10-07 23:27:50.348 I/NpuProbe( 1724): [ggml] .
10-07 23:27:50.348 I/NpuProbe( 1724): [ggml] .
10-07 23:27:50.348 I/NpuProbe( 1724): [ggml] .
10-07 23:27:50.348 I/NpuProbe( 1724): [ggml] .
10-07 23:27:50.348 I/NpuProbe( 1724): [ggml] .
10-07 23:27:50.349 I/NpuProbe( 1724): [ggml] .
10-07 23:27:53.961 I/NpuProbe( 1724): [ggml] ggml_opencl: OpenCL driver: OpenCL 3.0 QUALCOMM build: 0842.41 Compiler E031.50.19.27
10-07 23:27:53.961 I/NpuProbe( 1724): [ggml] ggml_opencl: vector subgroup broadcast support: true
10-07 23:27:53.961 I/NpuProbe( 1724): [ggml] ggml_opencl: subgroup shuffle support: true
10-07 23:27:53.961 I/NpuProbe( 1724): [ggml] ggml_opencl: device FP16 support: true
10-07 23:27:53.961 I/NpuProbe( 1724): [ggml] ggml_opencl: khr dot product support: true
10-07 23:27:53.961 I/NpuProbe( 1724): [ggml] ggml_opencl: mem base addr align: 128
10-07 23:27:53.961 I/NpuProbe( 1724): [ggml] ggml_opencl: global mem size: 7555 MB
10-07 23:27:53.961 I/NpuProbe( 1724): [ggml] ggml_opencl: max mem alloc size: 2048 MB
10-07 23:27:53.961 I/NpuProbe( 1724): [ggml] ggml_opencl: device max image buffer size (pixels): 2147483648
10-07 23:27:53.961 I/NpuProbe( 1724): [ggml] ggml_opencl: device max image2d size: 16384 x 16384
10-07 23:27:53.961 I/NpuProbe( 1724): [ggml] ggml_opencl: device max workgroup size: 1024
10-07 23:27:53.961 I/NpuProbe( 1724): [ggml] ggml_opencl: SVM coarse grain buffer support: true
10-07 23:27:53.961 I/NpuProbe( 1724): [ggml] ggml_opencl: SVM fine grain buffer support: true
10-07 23:27:53.961 I/NpuProbe( 1724): [ggml] ggml_opencl: SVM fine grain system support: false
10-07 23:27:53.961 I/NpuProbe( 1724): [ggml] ggml_opencl: SVM atomics support: true
10-07 23:27:53.961 I/NpuProbe( 1724): [ggml] ggml_opencl: cl_qcom_subgroup_shuffle support: true
10-07 23:27:53.961 I/NpuProbe( 1724): [ggml] ggml_opencl: flattening quantized weights representation as struct of arrays (GGML_OPENCL_SOA_Q)
10-07 23:27:53.961 I/NpuProbe( 1724): [ggml] ggml_opencl: using kernels optimized for Adreno (GGML_OPENCL_USE_ADRENO_KERNELS)
10-07 23:28:13.399 I/NpuProbe( 1724): [ggml] ggml_opencl: lazy-compiling flash_attn prepass for DK=128 DV=128
10-07 23:28:13.399 I/NpuProbe( 1724): [ggml] ggml_opencl: compiling fa prepass f16
10-07 23:28:13.911 I/NpuProbe( 1724): [ggml] ggml_opencl: compiling fa f32_f16
10-07 23:28:16.368 I/NpuProbe( 1724): [ggml] ggml_opencl: flash_attn_f32_f16_q1_vec_mq_split_c8 DK=128 DV=128 per-kernel max 128 < required 256; skipping registration (will fall back)
10-07 23:28:16.368 I/NpuProbe( 1724): [ggml] ggml_opencl: compiling fa f32_f16 MQ_GQA=8
10-07 23:28:17.208 I/NpuProbe( 1724): [ggml] ggml_opencl: flash_attn_f32_f16_q1_vec_mq_split_c8 (g8) DK=128 DV=128 per-kernel max 128 < required 192; skipping registration (will fall back)
10-07 23:28:17.208 I/NpuProbe( 1724): [ggml] ggml_opencl: compiling fa f32_f16 c8 NSG2
10-07 23:28:17.459 I/NpuProbe( 1724): [ggml] ggml_opencl: compiling fa f32_f16 c8 g8 NSG2
10-07 23:28:17.852 I/NpuProbe( 1724): [ggml] ggml_opencl: compiling fa f32_f16 split
--------- beginning of main
10-07 23:27:49.669 I/NpuProbe( 1724): nativeLibraryDir=/data/app/~~lpRbazBN5YZmky3PSTRBxw==/br.gov.sp.pcsp.npuprobe-TxoI9sAkGUKDb2hYH9j-kg==/lib/arm64
10-07 23:27:49.669 I/NpuProbe( 1724): runProbe PULADO (p4-auto presente; preinit do tune)
10-07 23:27:49.669 I/NpuProbe( 1724): REPORT:
10-07 23:27:49.669 I/NpuProbe( 1724): (runProbe PULADO: p4-auto presente; evita init Hexagon pre-tune - R8)
10-07 23:27:49.669 I/NpuProbe( 1724): AUTO-GATILHO='smart:sessao'
10-07 23:27:49.670 I/NpuProbe( 1724): SMART iniciando rota=sessao com /data/local/tmp/hymt2_app.gguf
10-07 23:27:49.670 I/NpuProbe( 1724): SMARTv2 rota='sessao' mutante=(none)
10-07 23:27:49.674 I/NpuProbe( 1724): [ggml] ggml_vulkan: Found 1 Vulkan devices:
10-07 23:27:49.675 I/NpuProbe( 1724): [ggml] ggml_vulkan: 0 = Adreno (TM) 840 (Qualcomm Technologies Inc. Adreno Vulkan Driver) | uma: 1 | fp16: 1 | bf16: 0 | fp4: 0 | warp size: 64 | shared memory: 32768 | int dot: 0 | matrix cores: none
10-07 23:27:49.705 I/NpuProbe( 1724): [ggml] ggml_opencl: selected platform: 'QUALCOMM Snapdragon(TM)'
10-07 23:27:49.705 I/NpuProbe( 1724): [ggml] 
10-07 23:27:49.705 I/NpuProbe( 1724): ggml_opencl: device: 'QUALCOMM Adreno(TM) 840 (OpenCL 3.0 Adreno(TM) 840)'
10-07 23:27:49.706 I/NpuProbe( 1724): [ggml] ggml_opencl: default device: 'QUALCOMM Adreno(TM) 840 (OpenCL 3.0 Adreno(TM) 840)'
10-07 23:27:49.706 I/NpuProbe( 1724): [ggml] ggml-hex: Loading driver libcdsprpc.so
10-07 23:27:49.715 I/NpuProbe( 1724): [ggml] ggml-hex: Hexagon backend (experimental) : allocating new registry : ndev 1
10-07 23:27:49.715 I/NpuProbe( 1724): [ggml] ggml-hex: Hexagon Arch version v81
10-07 23:27:49.715 I/NpuProbe( 1724): [ggml] ggml-hex: HTP0 allocating new session
10-07 23:27:49.752 I/NpuProbe( 1724): [ggml] ggml-hex: HTP0 hwinfo: threads 8, hvx 8, hmx 1, vtcm 8 MB
10-07 23:27:49.752 I/NpuProbe( 1724): [ggml] ggml-hex: HTP0 new session : session-id 0 domain-id 3 uri file:///libggml-htp-v81.so?htp_iface_skel_handle_invoke&_modver=1.0&_dom=cdsp&_session=0 handle 0xb4000077d9ab5c00
10-07 23:27:49.756 I/NpuProbe( 1724): [ggml] ggml-hex: HTP0 op batching: n-bufs 16 n-tensors 7168 n-ops 1024 vmem 3355443200
10-07 23:27:49.762 I/NpuProbe( 1724): SESSAO(730e599): 3 requests na mesma sessao (roles separados; JSON nativo em files/r6-sess.jsonl)
10-07 23:27:49.763 I/NpuProbe( 1724): PROMPT[0]: arquivo proprio (len=1101)
10-07 23:27:50.323 I/NpuProbe( 1724): [ggml] ggml_opencl: kernel cache enabled at '/data/user/0/br.gov.sp.pcsp.npuprobe/cache/llama.cpp/cl-cache'
10-07 23:27:50.323 I/NpuProbe( 1724): [ggml] ggml_opencl: loading OpenCL kernels
10-07 23:27:50.324 I/NpuProbe( 1724): [ggml] .
10-07 23:27:50.325 I/NpuProbe( 1724): [ggml] .
10-07 23:27:50.325 I/NpuProbe( 1724): [ggml] .
10-07 23:27:50.325 I/NpuProbe( 1724): [ggml] .
10-07 23:27:50.325 I/NpuProbe( 1724): [ggml] .
10-07 23:27:50.326 I/NpuProbe( 1724): [ggml] .
10-07 23:27:50.328 I/NpuProbe( 1724): [ggml] .
10-07 23:27:50.329 I/NpuProbe( 1724): [ggml] .
10-07 23:27:50.329 I/NpuProbe( 1724): [ggml] .
10-07 23:27:50.329 I/NpuProbe( 1724): [ggml] .
10-07 23:27:50.330 I/NpuProbe( 1724): [ggml] .
10-07 23:27:50.330 I/NpuProbe( 1724): [ggml] .
10-07 23:27:50.330 I/NpuProbe( 1724): [ggml] .
10-07 23:27:50.330 I/NpuProbe( 1724): [ggml] .
10-07 23:27:50.331 I/NpuProbe( 1724): [ggml] .
10-07 23:27:50.331 I/NpuProbe( 1724): [ggml] .
10-07 23:27:50.331 I/NpuProbe( 1724): [ggml] .
10-07 23:27:50.331 I/NpuProbe( 1724): [ggml] .
10-07 23:27:50.333 I/NpuProbe( 1724): [ggml] .
10-07 23:27:50.333 I/NpuProbe( 1724): [ggml] .
10-07 23:27:50.333 I/NpuProbe( 1724): [ggml] .
10-07 23:27:50.334 I/NpuProbe( 1724): [ggml] .
10-07 23:27:50.334 I/NpuProbe( 1724): [ggml] .
10-07 23:27:50.334 I/NpuProbe( 1724): [ggml] .
10-07 23:27:50.334 I/NpuProbe( 1724): [ggml] .
10-07 23:27:50.335 I/NpuProbe( 1724): [ggml] .
10-07 23:27:50.335 I/NpuProbe( 1724): [ggml] .
10-07 23:27:50.335 I/NpuProbe( 1724): [ggml] .
10-07 23:27:50.335 I/NpuProbe( 1724): [ggml] .
10-07 23:27:50.336 I/NpuProbe( 1724): [ggml] .
10-07 23:27:50.337 I/NpuProbe( 1724): [ggml] .
10-07 23:27:50.337 I/NpuProbe( 1724): [ggml] .
10-07 23:27:50.337 I/NpuProbe( 1724): [ggml] .
10-07 23:27:50.337 I/NpuProbe( 1724): [ggml] .
10-07 23:27:50.338 I/NpuProbe( 1724): [ggml] .
10-07 23:27:50.338 I/NpuProbe( 1724): [ggml] .
10-07 23:27:50.338 I/NpuProbe( 1724): [ggml] .
10-07 23:27:50.338 I/NpuProbe( 1724): [ggml] .
10-07 23:27:50.339 I/NpuProbe( 1724): [ggml] .
10-07 23:27:50.339 I/NpuProbe( 1724): [ggml] .
10-07 23:27:50.339 I/NpuProbe( 1724): [ggml] .
10-07 23:27:50.340 I/NpuProbe( 1724): [ggml] .
10-07 23:27:50.340 I/NpuProbe( 1724): [ggml] .
10-07 23:27:50.340 I/NpuProbe( 1724): [ggml] .
10-07 23:27:50.341 I/NpuProbe( 1724): [ggml] .
10-07 23:27:50.341 I/NpuProbe( 1724): [ggml] .
10-07 23:27:50.341 I/NpuProbe( 1724): [ggml] .
10-07 23:27:50.341 I/NpuProbe( 1724): [ggml] .
10-07 23:27:50.342 I/NpuProbe( 1724): [ggml] .
10-07 23:27:50.342 I/NpuProbe( 1724): [ggml] .
10-07 23:27:50.342 I/NpuProbe( 1724): [ggml] .
10-07 23:27:50.342 I/NpuProbe( 1724): [ggml] .
10-07 23:27:50.342 I/NpuProbe( 1724): [ggml] .
10-07 23:27:50.343 I/NpuProbe( 1724): [ggml] .
10-07 23:27:50.343 I/NpuProbe( 1724): [ggml] .
10-07 23:27:50.343 I/NpuProbe( 1724): [ggml] .
10-07 23:27:50.344 I/NpuProbe( 1724): [ggml] .
10-07 23:27:50.344 I/NpuProbe( 1724): [ggml] .
10-07 23:27:50.345 I/NpuProbe( 1724): [ggml] .
10-07 23:27:50.345 I/NpuProbe( 1724): [ggml] .
10-07 23:27:50.345 I/NpuProbe( 1724): [ggml] .
10-07 23:27:50.345 I/NpuProbe( 1724): [ggml] .
10-07 23:27:50.346 I/NpuProbe( 1724): [ggml] .
10-07 23:27:50.346 I/NpuProbe( 1724): [ggml] .
10-07 23:27:50.347 I/NpuProbe( 1724): [ggml] .
10-07 23:27:50.347 I/NpuProbe( 1724): [ggml] .
10-07 23:27:50.347 I/NpuProbe( 1724): [ggml] .
10-07 23:27:50.347 I/NpuProbe( 1724): [ggml] .
10-07 23:27:50.347 I/NpuProbe( 1724): [ggml] .
10-07 23:27:50.348 I/NpuProbe( 1724): [ggml] .
10-07 23:27:50.348 I/NpuProbe( 1724): [ggml] .
10-07 23:27:50.348 I/NpuProbe( 1724): [ggml] .
10-07 23:27:50.348 I/NpuProbe( 1724): [ggml] .
10-07 23:27:50.348 I/NpuProbe( 1724): [ggml] .
10-07 23:27:50.348 I/NpuProbe( 1724): [ggml] .
10-07 23:27:50.349 I/NpuProbe( 1724): [ggml] .
10-07 23:27:53.961 I/NpuProbe( 1724): [ggml] ggml_opencl: OpenCL driver: OpenCL 3.0 QUALCOMM build: 0842.41 Compiler E031.50.19.27
10-07 23:27:53.961 I/NpuProbe( 1724): [ggml] ggml_opencl: vector subgroup broadcast support: true
10-07 23:27:53.961 I/NpuProbe( 1724): [ggml] ggml_opencl: subgroup shuffle support: true
10-07 23:27:53.961 I/NpuProbe( 1724): [ggml] ggml_opencl: device FP16 support: true
10-07 23:27:53.961 I/NpuProbe( 1724): [ggml] ggml_opencl: khr dot product support: true
10-07 23:27:53.961 I/NpuProbe( 1724): [ggml] ggml_opencl: mem base addr align: 128
10-07 23:27:53.961 I/NpuProbe( 1724): [ggml] ggml_opencl: global mem size: 7555 MB
10-07 23:27:53.961 I/NpuProbe( 1724): [ggml] ggml_opencl: max mem alloc size: 2048 MB
10-07 23:27:53.961 I/NpuProbe( 1724): [ggml] ggml_opencl: device max image buffer size (pixels): 2147483648
10-07 23:27:53.961 I/NpuProbe( 1724): [ggml] ggml_opencl: device max image2d size: 16384 x 16384
10-07 23:27:53.961 I/NpuProbe( 1724): [ggml] ggml_opencl: device max workgroup size: 1024
10-07 23:27:53.961 I/NpuProbe( 1724): [ggml] ggml_opencl: SVM coarse grain buffer support: true
10-07 23:27:53.961 I/NpuProbe( 1724): [ggml] ggml_opencl: SVM fine grain buffer support: true
10-07 23:27:53.961 I/NpuProbe( 1724): [ggml] ggml_opencl: SVM fine grain system support: false
10-07 23:27:53.961 I/NpuProbe( 1724): [ggml] ggml_opencl: SVM atomics support: true
10-07 23:27:53.961 I/NpuProbe( 1724): [ggml] ggml_opencl: cl_qcom_subgroup_shuffle support: true
10-07 23:27:53.961 I/NpuProbe( 1724): [ggml] ggml_opencl: flattening quantized weights representation as struct of arrays (GGML_OPENCL_SOA_Q)
10-07 23:27:53.961 I/NpuProbe( 1724): [ggml] ggml_opencl: using kernels optimized for Adreno (GGML_OPENCL_USE_ADRENO_KERNELS)
10-07 23:28:13.399 I/NpuProbe( 1724): [ggml] ggml_opencl: lazy-compiling flash_attn prepass for DK=128 DV=128
10-07 23:28:13.399 I/NpuProbe( 1724): [ggml] ggml_opencl: compiling fa prepass f16
10-07 23:28:13.911 I/NpuProbe( 1724): [ggml] ggml_opencl: compiling fa f32_f16
10-07 23:28:16.368 I/NpuProbe( 1724): [ggml] ggml_opencl: flash_attn_f32_f16_q1_vec_mq_split_c8 DK=128 DV=128 per-kernel max 128 < required 256; skipping registration (will fall back)
10-07 23:28:16.368 I/NpuProbe( 1724): [ggml] ggml_opencl: compiling fa f32_f16 MQ_GQA=8
10-07 23:28:17.208 I/NpuProbe( 1724): [ggml] ggml_opencl: flash_attn_f32_f16_q1_vec_mq_split_c8 (g8) DK=128 DV=128 per-kernel max 128 < required 192; skipping registration (will fall back)
10-07 23:28:17.208 I/NpuProbe( 1724): [ggml] ggml_opencl: compiling fa f32_f16 c8 NSG2
10-07 23:28:17.459 I/NpuProbe( 1724): [ggml] ggml_opencl: compiling fa f32_f16 c8 g8 NSG2
10-07 23:28:17.852 I/NpuProbe( 1724): [ggml] ggml_opencl: compiling fa f32_f16 split
--------- beginning of main
10-07 23:27:49.669 I/NpuProbe( 1724): nativeLibraryDir=/data/app/~~lpRbazBN5YZmky3PSTRBxw==/br.gov.sp.pcsp.npuprobe-TxoI9sAkGUKDb2hYH9j-kg==/lib/arm64
10-07 23:27:49.669 I/NpuProbe( 1724): runProbe PULADO (p4-auto presente; preinit do tune)
10-07 23:27:49.669 I/NpuProbe( 1724): REPORT:
10-07 23:27:49.669 I/NpuProbe( 1724): (runProbe PULADO: p4-auto presente; evita init Hexagon pre-tune - R8)
10-07 23:27:49.669 I/NpuProbe( 1724): AUTO-GATILHO='smart:sessao'
10-07 23:27:49.670 I/NpuProbe( 1724): SMART iniciando rota=sessao com /data/local/tmp/hymt2_app.gguf
10-07 23:27:49.670 I/NpuProbe( 1724): SMARTv2 rota='sessao' mutante=(none)
10-07 23:27:49.674 I/NpuProbe( 1724): [ggml] ggml_vulkan: Found 1 Vulkan devices:
10-07 23:27:49.675 I/NpuProbe( 1724): [ggml] ggml_vulkan: 0 = Adreno (TM) 840 (Qualcomm Technologies Inc. Adreno Vulkan Driver) | uma: 1 | fp16: 1 | bf16: 0 | fp4: 0 | warp size: 64 | shared memory: 32768 | int dot: 0 | matrix cores: none
10-07 23:27:49.705 I/NpuProbe( 1724): [ggml] ggml_opencl: selected platform: 'QUALCOMM Snapdragon(TM)'
10-07 23:27:49.705 I/NpuProbe( 1724): [ggml] 
10-07 23:27:49.705 I/NpuProbe( 1724): ggml_opencl: device: 'QUALCOMM Adreno(TM) 840 (OpenCL 3.0 Adreno(TM) 840)'
10-07 23:27:49.706 I/NpuProbe( 1724): [ggml] ggml_opencl: default device: 'QUALCOMM Adreno(TM) 840 (OpenCL 3.0 Adreno(TM) 840)'
10-07 23:27:49.706 I/NpuProbe( 1724): [ggml] ggml-hex: Loading driver libcdsprpc.so
10-07 23:27:49.715 I/NpuProbe( 1724): [ggml] ggml-hex: Hexagon backend (experimental) : allocating new registry : ndev 1
10-07 23:27:49.715 I/NpuProbe( 1724): [ggml] ggml-hex: Hexagon Arch version v81
10-07 23:27:49.715 I/NpuProbe( 1724): [ggml] ggml-hex: HTP0 allocating new session
10-07 23:27:49.752 I/NpuProbe( 1724): [ggml] ggml-hex: HTP0 hwinfo: threads 8, hvx 8, hmx 1, vtcm 8 MB
10-07 23:27:49.752 I/NpuProbe( 1724): [ggml] ggml-hex: HTP0 new session : session-id 0 domain-id 3 uri file:///libggml-htp-v81.so?htp_iface_skel_handle_invoke&_modver=1.0&_dom=cdsp&_session=0 handle 0xb4000077d9ab5c00
10-07 23:27:49.756 I/NpuProbe( 1724): [ggml] ggml-hex: HTP0 op batching: n-bufs 16 n-tensors 7168 n-ops 1024 vmem 3355443200
10-07 23:27:49.762 I/NpuProbe( 1724): SESSAO(730e599): 3 requests na mesma sessao (roles separados; JSON nativo em files/r6-sess.jsonl)
10-07 23:27:49.763 I/NpuProbe( 1724): PROMPT[0]: arquivo proprio (len=1101)
10-07 23:27:50.323 I/NpuProbe( 1724): [ggml] ggml_opencl: kernel cache enabled at '/data/user/0/br.gov.sp.pcsp.npuprobe/cache/llama.cpp/cl-cache'
10-07 23:27:50.323 I/NpuProbe( 1724): [ggml] ggml_opencl: loading OpenCL kernels
10-07 23:27:50.324 I/NpuProbe( 1724): [ggml] .
10-07 23:27:50.325 I/NpuProbe( 1724): [ggml] .
10-07 23:27:50.325 I/NpuProbe( 1724): [ggml] .
10-07 23:27:50.325 I/NpuProbe( 1724): [ggml] .
10-07 23:27:50.325 I/NpuProbe( 1724): [ggml] .
10-07 23:27:50.326 I/NpuProbe( 1724): [ggml] .
10-07 23:27:50.328 I/NpuProbe( 1724): [ggml] .
10-07 23:27:50.329 I/NpuProbe( 1724): [ggml] .
10-07 23:27:50.329 I/NpuProbe( 1724): [ggml] .
10-07 23:27:50.329 I/NpuProbe( 1724): [ggml] .
10-07 23:27:50.330 I/NpuProbe( 1724): [ggml] .
10-07 23:27:50.330 I/NpuProbe( 1724): [ggml] .
10-07 23:27:50.330 I/NpuProbe( 1724): [ggml] .
10-07 23:27:50.330 I/NpuProbe( 1724): [ggml] .
10-07 23:27:50.331 I/NpuProbe( 1724): [ggml] .
10-07 23:27:50.331 I/NpuProbe( 1724): [ggml] .
10-07 23:27:50.331 I/NpuProbe( 1724): [ggml] .
10-07 23:27:50.331 I/NpuProbe( 1724): [ggml] .
10-07 23:27:50.333 I/NpuProbe( 1724): [ggml] .
10-07 23:27:50.333 I/NpuProbe( 1724): [ggml] .
10-07 23:27:50.333 I/NpuProbe( 1724): [ggml] .
10-07 23:27:50.334 I/NpuProbe( 1724): [ggml] .
10-07 23:27:50.334 I/NpuProbe( 1724): [ggml] .
10-07 23:27:50.334 I/NpuProbe( 1724): [ggml] .
10-07 23:27:50.334 I/NpuProbe( 1724): [ggml] .
10-07 23:27:50.335 I/NpuProbe( 1724): [ggml] .
10-07 23:27:50.335 I/NpuProbe( 1724): [ggml] .
10-07 23:27:50.335 I/NpuProbe( 1724): [ggml] .
10-07 23:27:50.335 I/NpuProbe( 1724): [ggml] .
10-07 23:27:50.336 I/NpuProbe( 1724): [ggml] .
10-07 23:27:50.337 I/NpuProbe( 1724): [ggml] .
10-07 23:27:50.337 I/NpuProbe( 1724): [ggml] .
10-07 23:27:50.337 I/NpuProbe( 1724): [ggml] .
10-07 23:27:50.337 I/NpuProbe( 1724): [ggml] .
10-07 23:27:50.338 I/NpuProbe( 1724): [ggml] .
10-07 23:27:50.338 I/NpuProbe( 1724): [ggml] .
10-07 23:27:50.338 I/NpuProbe( 1724): [ggml] .
10-07 23:27:50.338 I/NpuProbe( 1724): [ggml] .
10-07 23:27:50.339 I/NpuProbe( 1724): [ggml] .
10-07 23:27:50.339 I/NpuProbe( 1724): [ggml] .
10-07 23:27:50.339 I/NpuProbe( 1724): [ggml] .
10-07 23:27:50.340 I/NpuProbe( 1724): [ggml] .
10-07 23:27:50.340 I/NpuProbe( 1724): [ggml] .
10-07 23:27:50.340 I/NpuProbe( 1724): [ggml] .
10-07 23:27:50.341 I/NpuProbe( 1724): [ggml] .
10-07 23:27:50.341 I/NpuProbe( 1724): [ggml] .
10-07 23:27:50.341 I/NpuProbe( 1724): [ggml] .
10-07 23:27:50.341 I/NpuProbe( 1724): [ggml] .
10-07 23:27:50.342 I/NpuProbe( 1724): [ggml] .
10-07 23:27:50.342 I/NpuProbe( 1724): [ggml] .
10-07 23:27:50.342 I/NpuProbe( 1724): [ggml] .
10-07 23:27:50.342 I/NpuProbe( 1724): [ggml] .
10-07 23:27:50.342 I/NpuProbe( 1724): [ggml] .
10-07 23:27:50.343 I/NpuProbe( 1724): [ggml] .
10-07 23:27:50.343 I/NpuProbe( 1724): [ggml] .
10-07 23:27:50.343 I/NpuProbe( 1724): [ggml] .
10-07 23:27:50.344 I/NpuProbe( 1724): [ggml] .
10-07 23:27:50.344 I/NpuProbe( 1724): [ggml] .
10-07 23:27:50.345 I/NpuProbe( 1724): [ggml] .
10-07 23:27:50.345 I/NpuProbe( 1724): [ggml] .
10-07 23:27:50.345 I/NpuProbe( 1724): [ggml] .
10-07 23:27:50.345 I/NpuProbe( 1724): [ggml] .
10-07 23:27:50.346 I/NpuProbe( 1724): [ggml] .
10-07 23:27:50.346 I/NpuProbe( 1724): [ggml] .
10-07 23:27:50.347 I/NpuProbe( 1724): [ggml] .
10-07 23:27:50.347 I/NpuProbe( 1724): [ggml] .
10-07 23:27:50.347 I/NpuProbe( 1724): [ggml] .
10-07 23:27:50.347 I/NpuProbe( 1724): [ggml] .
10-07 23:27:50.347 I/NpuProbe( 1724): [ggml] .
10-07 23:27:50.348 I/NpuProbe( 1724): [ggml] .
10-07 23:27:50.348 I/NpuProbe( 1724): [ggml] .
10-07 23:27:50.348 I/NpuProbe( 1724): [ggml] .
10-07 23:27:50.348 I/NpuProbe( 1724): [ggml] .
10-07 23:27:50.348 I/NpuProbe( 1724): [ggml] .
10-07 23:27:50.348 I/NpuProbe( 1724): [ggml] .
10-07 23:27:50.349 I/NpuProbe( 1724): [ggml] .
10-07 23:27:53.961 I/NpuProbe( 1724): [ggml] ggml_opencl: OpenCL driver: OpenCL 3.0 QUALCOMM build: 0842.41 Compiler E031.50.19.27
10-07 23:27:53.961 I/NpuProbe( 1724): [ggml] ggml_opencl: vector subgroup broadcast support: true
10-07 23:27:53.961 I/NpuProbe( 1724): [ggml] ggml_opencl: subgroup shuffle support: true
10-07 23:27:53.961 I/NpuProbe( 1724): [ggml] ggml_opencl: device FP16 support: true
10-07 23:27:53.961 I/NpuProbe( 1724): [ggml] ggml_opencl: khr dot product support: true
10-07 23:27:53.961 I/NpuProbe( 1724): [ggml] ggml_opencl: mem base addr align: 128
10-07 23:27:53.961 I/NpuProbe( 1724): [ggml] ggml_opencl: global mem size: 7555 MB
10-07 23:27:53.961 I/NpuProbe( 1724): [ggml] ggml_opencl: max mem alloc size: 2048 MB
10-07 23:27:53.961 I/NpuProbe( 1724): [ggml] ggml_opencl: device max image buffer size (pixels): 2147483648
10-07 23:27:53.961 I/NpuProbe( 1724): [ggml] ggml_opencl: device max image2d size: 16384 x 16384
10-07 23:27:53.961 I/NpuProbe( 1724): [ggml] ggml_opencl: device max workgroup size: 1024
10-07 23:27:53.961 I/NpuProbe( 1724): [ggml] ggml_opencl: SVM coarse grain buffer support: true
10-07 23:27:53.961 I/NpuProbe( 1724): [ggml] ggml_opencl: SVM fine grain buffer support: true
10-07 23:27:53.961 I/NpuProbe( 1724): [ggml] ggml_opencl: SVM fine grain system support: false
10-07 23:27:53.961 I/NpuProbe( 1724): [ggml] ggml_opencl: SVM atomics support: true
10-07 23:27:53.961 I/NpuProbe( 1724): [ggml] ggml_opencl: cl_qcom_subgroup_shuffle support: true
10-07 23:27:53.961 I/NpuProbe( 1724): [ggml] ggml_opencl: flattening quantized weights representation as struct of arrays (GGML_OPENCL_SOA_Q)
10-07 23:27:53.961 I/NpuProbe( 1724): [ggml] ggml_opencl: using kernels optimized for Adreno (GGML_OPENCL_USE_ADRENO_KERNELS)
10-07 23:28:13.399 I/NpuProbe( 1724): [ggml] ggml_opencl: lazy-compiling flash_attn prepass for DK=128 DV=128
10-07 23:28:13.399 I/NpuProbe( 1724): [ggml] ggml_opencl: compiling fa prepass f16
10-07 23:28:13.911 I/NpuProbe( 1724): [ggml] ggml_opencl: compiling fa f32_f16
10-07 23:28:16.368 I/NpuProbe( 1724): [ggml] ggml_opencl: flash_attn_f32_f16_q1_vec_mq_split_c8 DK=128 DV=128 per-kernel max 128 < required 256; skipping registration (will fall back)
10-07 23:28:16.368 I/NpuProbe( 1724): [ggml] ggml_opencl: compiling fa f32_f16 MQ_GQA=8
10-07 23:28:17.208 I/NpuProbe( 1724): [ggml] ggml_opencl: flash_attn_f32_f16_q1_vec_mq_split_c8 (g8) DK=128 DV=128 per-kernel max 128 < required 192; skipping registration (will fall back)
10-07 23:28:17.208 I/NpuProbe( 1724): [ggml] ggml_opencl: compiling fa f32_f16 c8 NSG2
10-07 23:28:17.459 I/NpuProbe( 1724): [ggml] ggml_opencl: compiling fa f32_f16 c8 g8 NSG2
10-07 23:28:17.852 I/NpuProbe( 1724): [ggml] ggml_opencl: compiling fa f32_f16 split
--------- beginning of main
10-07 23:27:49.669 I/NpuProbe( 1724): nativeLibraryDir=/data/app/~~lpRbazBN5YZmky3PSTRBxw==/br.gov.sp.pcsp.npuprobe-TxoI9sAkGUKDb2hYH9j-kg==/lib/arm64
10-07 23:27:49.669 I/NpuProbe( 1724): runProbe PULADO (p4-auto presente; preinit do tune)
10-07 23:27:49.669 I/NpuProbe( 1724): REPORT:
10-07 23:27:49.669 I/NpuProbe( 1724): (runProbe PULADO: p4-auto presente; evita init Hexagon pre-tune - R8)
10-07 23:27:49.669 I/NpuProbe( 1724): AUTO-GATILHO='smart:sessao'
10-07 23:27:49.670 I/NpuProbe( 1724): SMART iniciando rota=sessao com /data/local/tmp/hymt2_app.gguf
10-07 23:27:49.670 I/NpuProbe( 1724): SMARTv2 rota='sessao' mutante=(none)
10-07 23:27:49.674 I/NpuProbe( 1724): [ggml] ggml_vulkan: Found 1 Vulkan devices:
10-07 23:27:49.675 I/NpuProbe( 1724): [ggml] ggml_vulkan: 0 = Adreno (TM) 840 (Qualcomm Technologies Inc. Adreno Vulkan Driver) | uma: 1 | fp16: 1 | bf16: 0 | fp4: 0 | warp size: 64 | shared memory: 32768 | int dot: 0 | matrix cores: none
10-07 23:27:49.705 I/NpuProbe( 1724): [ggml] ggml_opencl: selected platform: 'QUALCOMM Snapdragon(TM)'
10-07 23:27:49.705 I/NpuProbe( 1724): [ggml] 
10-07 23:27:49.705 I/NpuProbe( 1724): ggml_opencl: device: 'QUALCOMM Adreno(TM) 840 (OpenCL 3.0 Adreno(TM) 840)'
10-07 23:27:49.706 I/NpuProbe( 1724): [ggml] ggml_opencl: default device: 'QUALCOMM Adreno(TM) 840 (OpenCL 3.0 Adreno(TM) 840)'
10-07 23:27:49.706 I/NpuProbe( 1724): [ggml] ggml-hex: Loading driver libcdsprpc.so
10-07 23:27:49.715 I/NpuProbe( 1724): [ggml] ggml-hex: Hexagon backend (experimental) : allocating new registry : ndev 1
10-07 23:27:49.715 I/NpuProbe( 1724): [ggml] ggml-hex: Hexagon Arch version v81
10-07 23:27:49.715 I/NpuProbe( 1724): [ggml] ggml-hex: HTP0 allocating new session
10-07 23:27:49.752 I/NpuProbe( 1724): [ggml] ggml-hex: HTP0 hwinfo: threads 8, hvx 8, hmx 1, vtcm 8 MB
10-07 23:27:49.752 I/NpuProbe( 1724): [ggml] ggml-hex: HTP0 new session : session-id 0 domain-id 3 uri file:///libggml-htp-v81.so?htp_iface_skel_handle_invoke&_modver=1.0&_dom=cdsp&_session=0 handle 0xb4000077d9ab5c00
10-07 23:27:49.756 I/NpuProbe( 1724): [ggml] ggml-hex: HTP0 op batching: n-bufs 16 n-tensors 7168 n-ops 1024 vmem 3355443200
10-07 23:27:49.762 I/NpuProbe( 1724): SESSAO(730e599): 3 requests na mesma sessao (roles separados; JSON nativo em files/r6-sess.jsonl)
10-07 23:27:49.763 I/NpuProbe( 1724): PROMPT[0]: arquivo proprio (len=1101)
10-07 23:27:50.323 I/NpuProbe( 1724): [ggml] ggml_opencl: kernel cache enabled at '/data/user/0/br.gov.sp.pcsp.npuprobe/cache/llama.cpp/cl-cache'
10-07 23:27:50.323 I/NpuProbe( 1724): [ggml] ggml_opencl: loading OpenCL kernels
10-07 23:27:50.324 I/NpuProbe( 1724): [ggml] .
10-07 23:27:50.325 I/NpuProbe( 1724): [ggml] .
10-07 23:27:50.325 I/NpuProbe( 1724): [ggml] .
10-07 23:27:50.325 I/NpuProbe( 1724): [ggml] .
10-07 23:27:50.325 I/NpuProbe( 1724): [ggml] .
10-07 23:27:50.326 I/NpuProbe( 1724): [ggml] .
10-07 23:27:50.328 I/NpuProbe( 1724): [ggml] .
10-07 23:27:50.329 I/NpuProbe( 1724): [ggml] .
10-07 23:27:50.329 I/NpuProbe( 1724): [ggml] .
10-07 23:27:50.329 I/NpuProbe( 1724): [ggml] .
10-07 23:27:50.330 I/NpuProbe( 1724): [ggml] .
10-07 23:27:50.330 I/NpuProbe( 1724): [ggml] .
10-07 23:27:50.330 I/NpuProbe( 1724): [ggml] .
10-07 23:27:50.330 I/NpuProbe( 1724): [ggml] .
10-07 23:27:50.331 I/NpuProbe( 1724): [ggml] .
10-07 23:27:50.331 I/NpuProbe( 1724): [ggml] .
10-07 23:27:50.331 I/NpuProbe( 1724): [ggml] .
10-07 23:27:50.331 I/NpuProbe( 1724): [ggml] .
10-07 23:27:50.333 I/NpuProbe( 1724): [ggml] .
10-07 23:27:50.333 I/NpuProbe( 1724): [ggml] .
10-07 23:27:50.333 I/NpuProbe( 1724): [ggml] .
10-07 23:27:50.334 I/NpuProbe( 1724): [ggml] .
10-07 23:27:50.334 I/NpuProbe( 1724): [ggml] .
10-07 23:27:50.334 I/NpuProbe( 1724): [ggml] .
10-07 23:27:50.334 I/NpuProbe( 1724): [ggml] .
10-07 23:27:50.335 I/NpuProbe( 1724): [ggml] .
10-07 23:27:50.335 I/NpuProbe( 1724): [ggml] .
10-07 23:27:50.335 I/NpuProbe( 1724): [ggml] .
10-07 23:27:50.335 I/NpuProbe( 1724): [ggml] .
10-07 23:27:50.336 I/NpuProbe( 1724): [ggml] .
10-07 23:27:50.337 I/NpuProbe( 1724): [ggml] .
10-07 23:27:50.337 I/NpuProbe( 1724): [ggml] .
10-07 23:27:50.337 I/NpuProbe( 1724): [ggml] .
10-07 23:27:50.337 I/NpuProbe( 1724): [ggml] .
10-07 23:27:50.338 I/NpuProbe( 1724): [ggml] .
10-07 23:27:50.338 I/NpuProbe( 1724): [ggml] .
10-07 23:27:50.338 I/NpuProbe( 1724): [ggml] .
10-07 23:27:50.338 I/NpuProbe( 1724): [ggml] .
10-07 23:27:50.339 I/NpuProbe( 1724): [ggml] .
10-07 23:27:50.339 I/NpuProbe( 1724): [ggml] .
10-07 23:27:50.339 I/NpuProbe( 1724): [ggml] .
10-07 23:27:50.340 I/NpuProbe( 1724): [ggml] .
10-07 23:27:50.340 I/NpuProbe( 1724): [ggml] .
10-07 23:27:50.340 I/NpuProbe( 1724): [ggml] .
10-07 23:27:50.341 I/NpuProbe( 1724): [ggml] .
10-07 23:27:50.341 I/NpuProbe( 1724): [ggml] .
10-07 23:27:50.341 I/NpuProbe( 1724): [ggml] .
10-07 23:27:50.341 I/NpuProbe( 1724): [ggml] .
10-07 23:27:50.342 I/NpuProbe( 1724): [ggml] .
10-07 23:27:50.342 I/NpuProbe( 1724): [ggml] .
10-07 23:27:50.342 I/NpuProbe( 1724): [ggml] .
10-07 23:27:50.342 I/NpuProbe( 1724): [ggml] .
10-07 23:27:50.342 I/NpuProbe( 1724): [ggml] .
10-07 23:27:50.343 I/NpuProbe( 1724): [ggml] .
10-07 23:27:50.343 I/NpuProbe( 1724): [ggml] .
10-07 23:27:50.343 I/NpuProbe( 1724): [ggml] .
10-07 23:27:50.344 I/NpuProbe( 1724): [ggml] .
10-07 23:27:50.344 I/NpuProbe( 1724): [ggml] .
10-07 23:27:50.345 I/NpuProbe( 1724): [ggml] .
10-07 23:27:50.345 I/NpuProbe( 1724): [ggml] .
10-07 23:27:50.345 I/NpuProbe( 1724): [ggml] .
10-07 23:27:50.345 I/NpuProbe( 1724): [ggml] .
10-07 23:27:50.346 I/NpuProbe( 1724): [ggml] .
10-07 23:27:50.346 I/NpuProbe( 1724): [ggml] .
10-07 23:27:50.347 I/NpuProbe( 1724): [ggml] .
10-07 23:27:50.347 I/NpuProbe( 1724): [ggml] .
10-07 23:27:50.347 I/NpuProbe( 1724): [ggml] .
10-07 23:27:50.347 I/NpuProbe( 1724): [ggml] .
10-07 23:27:50.347 I/NpuProbe( 1724): [ggml] .
10-07 23:27:50.348 I/NpuProbe( 1724): [ggml] .
10-07 23:27:50.348 I/NpuProbe( 1724): [ggml] .
10-07 23:27:50.348 I/NpuProbe( 1724): [ggml] .
10-07 23:27:50.348 I/NpuProbe( 1724): [ggml] .
10-07 23:27:50.348 I/NpuProbe( 1724): [ggml] .
10-07 23:27:50.348 I/NpuProbe( 1724): [ggml] .
10-07 23:27:50.349 I/NpuProbe( 1724): [ggml] .
10-07 23:27:53.961 I/NpuProbe( 1724): [ggml] ggml_opencl: OpenCL driver: OpenCL 3.0 QUALCOMM build: 0842.41 Compiler E031.50.19.27
10-07 23:27:53.961 I/NpuProbe( 1724): [ggml] ggml_opencl: vector subgroup broadcast support: true
10-07 23:27:53.961 I/NpuProbe( 1724): [ggml] ggml_opencl: subgroup shuffle support: true
10-07 23:27:53.961 I/NpuProbe( 1724): [ggml] ggml_opencl: device FP16 support: true
10-07 23:27:53.961 I/NpuProbe( 1724): [ggml] ggml_opencl: khr dot product support: true
10-07 23:27:53.961 I/NpuProbe( 1724): [ggml] ggml_opencl: mem base addr align: 128
10-07 23:27:53.961 I/NpuProbe( 1724): [ggml] ggml_opencl: global mem size: 7555 MB
10-07 23:27:53.961 I/NpuProbe( 1724): [ggml] ggml_opencl: max mem alloc size: 2048 MB
10-07 23:27:53.961 I/NpuProbe( 1724): [ggml] ggml_opencl: device max image buffer size (pixels): 2147483648
10-07 23:27:53.961 I/NpuProbe( 1724): [ggml] ggml_opencl: device max image2d size: 16384 x 16384
10-07 23:27:53.961 I/NpuProbe( 1724): [ggml] ggml_opencl: device max workgroup size: 1024
10-07 23:27:53.961 I/NpuProbe( 1724): [ggml] ggml_opencl: SVM coarse grain buffer support: true
10-07 23:27:53.961 I/NpuProbe( 1724): [ggml] ggml_opencl: SVM fine grain buffer support: true
10-07 23:27:53.961 I/NpuProbe( 1724): [ggml] ggml_opencl: SVM fine grain system support: false
10-07 23:27:53.961 I/NpuProbe( 1724): [ggml] ggml_opencl: SVM atomics support: true
10-07 23:27:53.961 I/NpuProbe( 1724): [ggml] ggml_opencl: cl_qcom_subgroup_shuffle support: true
10-07 23:27:53.961 I/NpuProbe( 1724): [ggml] ggml_opencl: flattening quantized weights representation as struct of arrays (GGML_OPENCL_SOA_Q)
10-07 23:27:53.961 I/NpuProbe( 1724): [ggml] ggml_opencl: using kernels optimized for Adreno (GGML_OPENCL_USE_ADRENO_KERNELS)
10-07 23:28:13.399 I/NpuProbe( 1724): [ggml] ggml_opencl: lazy-compiling flash_attn prepass for DK=128 DV=128
10-07 23:28:13.399 I/NpuProbe( 1724): [ggml] ggml_opencl: compiling fa prepass f16
10-07 23:28:13.911 I/NpuProbe( 1724): [ggml] ggml_opencl: compiling fa f32_f16
10-07 23:28:16.368 I/NpuProbe( 1724): [ggml] ggml_opencl: flash_attn_f32_f16_q1_vec_mq_split_c8 DK=128 DV=128 per-kernel max 128 < required 256; skipping registration (will fall back)
10-07 23:28:16.368 I/NpuProbe( 1724): [ggml] ggml_opencl: compiling fa f32_f16 MQ_GQA=8
10-07 23:28:17.208 I/NpuProbe( 1724): [ggml] ggml_opencl: flash_attn_f32_f16_q1_vec_mq_split_c8 (g8) DK=128 DV=128 per-kernel max 128 < required 192; skipping registration (will fall back)
10-07 23:28:17.208 I/NpuProbe( 1724): [ggml] ggml_opencl: compiling fa f32_f16 c8 NSG2
10-07 23:28:17.459 I/NpuProbe( 1724): [ggml] ggml_opencl: compiling fa f32_f16 c8 g8 NSG2
10-07 23:28:17.852 I/NpuProbe( 1724): [ggml] ggml_opencl: compiling fa f32_f16 split
--------- beginning of main
10-07 23:27:49.669 I/NpuProbe( 1724): nativeLibraryDir=/data/app/~~lpRbazBN5YZmky3PSTRBxw==/br.gov.sp.pcsp.npuprobe-TxoI9sAkGUKDb2hYH9j-kg==/lib/arm64
10-07 23:27:49.669 I/NpuProbe( 1724): runProbe PULADO (p4-auto presente; preinit do tune)
10-07 23:27:49.669 I/NpuProbe( 1724): REPORT:
10-07 23:27:49.669 I/NpuProbe( 1724): (runProbe PULADO: p4-auto presente; evita init Hexagon pre-tune - R8)
10-07 23:27:49.669 I/NpuProbe( 1724): AUTO-GATILHO='smart:sessao'
10-07 23:27:49.670 I/NpuProbe( 1724): SMART iniciando rota=sessao com /data/local/tmp/hymt2_app.gguf
10-07 23:27:49.670 I/NpuProbe( 1724): SMARTv2 rota='sessao' mutante=(none)
10-07 23:27:49.674 I/NpuProbe( 1724): [ggml] ggml_vulkan: Found 1 Vulkan devices:
10-07 23:27:49.675 I/NpuProbe( 1724): [ggml] ggml_vulkan: 0 = Adreno (TM) 840 (Qualcomm Technologies Inc. Adreno Vulkan Driver) | uma: 1 | fp16: 1 | bf16: 0 | fp4: 0 | warp size: 64 | shared memory: 32768 | int dot: 0 | matrix cores: none
10-07 23:27:49.705 I/NpuProbe( 1724): [ggml] ggml_opencl: selected platform: 'QUALCOMM Snapdragon(TM)'
10-07 23:27:49.705 I/NpuProbe( 1724): [ggml] 
10-07 23:27:49.705 I/NpuProbe( 1724): ggml_opencl: device: 'QUALCOMM Adreno(TM) 840 (OpenCL 3.0 Adreno(TM) 840)'
10-07 23:27:49.706 I/NpuProbe( 1724): [ggml] ggml_opencl: default device: 'QUALCOMM Adreno(TM) 840 (OpenCL 3.0 Adreno(TM) 840)'
10-07 23:27:49.706 I/NpuProbe( 1724): [ggml] ggml-hex: Loading driver libcdsprpc.so
10-07 23:27:49.715 I/NpuProbe( 1724): [ggml] ggml-hex: Hexagon backend (experimental) : allocating new registry : ndev 1
10-07 23:27:49.715 I/NpuProbe( 1724): [ggml] ggml-hex: Hexagon Arch version v81
10-07 23:27:49.715 I/NpuProbe( 1724): [ggml] ggml-hex: HTP0 allocating new session
10-07 23:27:49.752 I/NpuProbe( 1724): [ggml] ggml-hex: HTP0 hwinfo: threads 8, hvx 8, hmx 1, vtcm 8 MB
10-07 23:27:49.752 I/NpuProbe( 1724): [ggml] ggml-hex: HTP0 new session : session-id 0 domain-id 3 uri file:///libggml-htp-v81.so?htp_iface_skel_handle_invoke&_modver=1.0&_dom=cdsp&_session=0 handle 0xb4000077d9ab5c00
10-07 23:27:49.756 I/NpuProbe( 1724): [ggml] ggml-hex: HTP0 op batching: n-bufs 16 n-tensors 7168 n-ops 1024 vmem 3355443200
10-07 23:27:49.762 I/NpuProbe( 1724): SESSAO(730e599): 3 requests na mesma sessao (roles separados; JSON nativo em files/r6-sess.jsonl)
10-07 23:27:49.763 I/NpuProbe( 1724): PROMPT[0]: arquivo proprio (len=1101)
10-07 23:27:50.323 I/NpuProbe( 1724): [ggml] ggml_opencl: kernel cache enabled at '/data/user/0/br.gov.sp.pcsp.npuprobe/cache/llama.cpp/cl-cache'
10-07 23:27:50.323 I/NpuProbe( 1724): [ggml] ggml_opencl: loading OpenCL kernels
10-07 23:27:50.324 I/NpuProbe( 1724): [ggml] .
10-07 23:27:50.325 I/NpuProbe( 1724): [ggml] .
10-07 23:27:50.325 I/NpuProbe( 1724): [ggml] .
10-07 23:27:50.325 I/NpuProbe( 1724): [ggml] .
10-07 23:27:50.325 I/NpuProbe( 1724): [ggml] .
10-07 23:27:50.326 I/NpuProbe( 1724): [ggml] .
10-07 23:27:50.328 I/NpuProbe( 1724): [ggml] .
10-07 23:27:50.329 I/NpuProbe( 1724): [ggml] .
10-07 23:27:50.329 I/NpuProbe( 1724): [ggml] .
10-07 23:27:50.329 I/NpuProbe( 1724): [ggml] .
10-07 23:27:50.330 I/NpuProbe( 1724): [ggml] .
10-07 23:27:50.330 I/NpuProbe( 1724): [ggml] .
10-07 23:27:50.330 I/NpuProbe( 1724): [ggml] .
10-07 23:27:50.330 I/NpuProbe( 1724): [ggml] .
10-07 23:27:50.331 I/NpuProbe( 1724): [ggml] .
10-07 23:27:50.331 I/NpuProbe( 1724): [ggml] .
10-07 23:27:50.331 I/NpuProbe( 1724): [ggml] .
10-07 23:27:50.331 I/NpuProbe( 1724): [ggml] .
10-07 23:27:50.333 I/NpuProbe( 1724): [ggml] .
10-07 23:27:50.333 I/NpuProbe( 1724): [ggml] .
10-07 23:27:50.333 I/NpuProbe( 1724): [ggml] .
10-07 23:27:50.334 I/NpuProbe( 1724): [ggml] .
10-07 23:27:50.334 I/NpuProbe( 1724): [ggml] .
10-07 23:27:50.334 I/NpuProbe( 1724): [ggml] .
10-07 23:27:50.334 I/NpuProbe( 1724): [ggml] .
10-07 23:27:50.335 I/NpuProbe( 1724): [ggml] .
10-07 23:27:50.335 I/NpuProbe( 1724): [ggml] .
10-07 23:27:50.335 I/NpuProbe( 1724): [ggml] .
10-07 23:27:50.335 I/NpuProbe( 1724): [ggml] .
10-07 23:27:50.336 I/NpuProbe( 1724): [ggml] .
10-07 23:27:50.337 I/NpuProbe( 1724): [ggml] .
10-07 23:27:50.337 I/NpuProbe( 1724): [ggml] .
10-07 23:27:50.337 I/NpuProbe( 1724): [ggml] .
10-07 23:27:50.337 I/NpuProbe( 1724): [ggml] .
10-07 23:27:50.338 I/NpuProbe( 1724): [ggml] .
10-07 23:27:50.338 I/NpuProbe( 1724): [ggml] .
10-07 23:27:50.338 I/NpuProbe( 1724): [ggml] .
10-07 23:27:50.338 I/NpuProbe( 1724): [ggml] .
10-07 23:27:50.339 I/NpuProbe( 1724): [ggml] .
10-07 23:27:50.339 I/NpuProbe( 1724): [ggml] .
10-07 23:27:50.339 I/NpuProbe( 1724): [ggml] .
10-07 23:27:50.340 I/NpuProbe( 1724): [ggml] .
10-07 23:27:50.340 I/NpuProbe( 1724): [ggml] .
10-07 23:27:50.340 I/NpuProbe( 1724): [ggml] .
10-07 23:27:50.341 I/NpuProbe( 1724): [ggml] .
10-07 23:27:50.341 I/NpuProbe( 1724): [ggml] .
10-07 23:27:50.341 I/NpuProbe( 1724): [ggml] .
10-07 23:27:50.341 I/NpuProbe( 1724): [ggml] .
10-07 23:27:50.342 I/NpuProbe( 1724): [ggml] .
10-07 23:27:50.342 I/NpuProbe( 1724): [ggml] .
10-07 23:27:50.342 I/NpuProbe( 1724): [ggml] .
10-07 23:27:50.342 I/NpuProbe( 1724): [ggml] .
10-07 23:27:50.342 I/NpuProbe( 1724): [ggml] .
10-07 23:27:50.343 I/NpuProbe( 1724): [ggml] .
10-07 23:27:50.343 I/NpuProbe( 1724): [ggml] .
10-07 23:27:50.343 I/NpuProbe( 1724): [ggml] .
10-07 23:27:50.344 I/NpuProbe( 1724): [ggml] .
10-07 23:27:50.344 I/NpuProbe( 1724): [ggml] .
10-07 23:27:50.345 I/NpuProbe( 1724): [ggml] .
10-07 23:27:50.345 I/NpuProbe( 1724): [ggml] .
10-07 23:27:50.345 I/NpuProbe( 1724): [ggml] .
10-07 23:27:50.345 I/NpuProbe( 1724): [ggml] .
10-07 23:27:50.346 I/NpuProbe( 1724): [ggml] .
10-07 23:27:50.346 I/NpuProbe( 1724): [ggml] .
10-07 23:27:50.347 I/NpuProbe( 1724): [ggml] .
10-07 23:27:50.347 I/NpuProbe( 1724): [ggml] .
10-07 23:27:50.347 I/NpuProbe( 1724): [ggml] .
10-07 23:27:50.347 I/NpuProbe( 1724): [ggml] .
10-07 23:27:50.347 I/NpuProbe( 1724): [ggml] .
10-07 23:27:50.348 I/NpuProbe( 1724): [ggml] .
10-07 23:27:50.348 I/NpuProbe( 1724): [ggml] .
10-07 23:27:50.348 I/NpuProbe( 1724): [ggml] .
10-07 23:27:50.348 I/NpuProbe( 1724): [ggml] .
10-07 23:27:50.348 I/NpuProbe( 1724): [ggml] .
10-07 23:27:50.348 I/NpuProbe( 1724): [ggml] .
10-07 23:27:50.349 I/NpuProbe( 1724): [ggml] .
10-07 23:27:53.961 I/NpuProbe( 1724): [ggml] ggml_opencl: OpenCL driver: OpenCL 3.0 QUALCOMM build: 0842.41 Compiler E031.50.19.27
10-07 23:27:53.961 I/NpuProbe( 1724): [ggml] ggml_opencl: vector subgroup broadcast support: true
10-07 23:27:53.961 I/NpuProbe( 1724): [ggml] ggml_opencl: subgroup shuffle support: true
10-07 23:27:53.961 I/NpuProbe( 1724): [ggml] ggml_opencl: device FP16 support: true
10-07 23:27:53.961 I/NpuProbe( 1724): [ggml] ggml_opencl: khr dot product support: true
10-07 23:27:53.961 I/NpuProbe( 1724): [ggml] ggml_opencl: mem base addr align: 128
10-07 23:27:53.961 I/NpuProbe( 1724): [ggml] ggml_opencl: global mem size: 7555 MB
10-07 23:27:53.961 I/NpuProbe( 1724): [ggml] ggml_opencl: max mem alloc size: 2048 MB
10-07 23:27:53.961 I/NpuProbe( 1724): [ggml] ggml_opencl: device max image buffer size (pixels): 2147483648
10-07 23:27:53.961 I/NpuProbe( 1724): [ggml] ggml_opencl: device max image2d size: 16384 x 16384
10-07 23:27:53.961 I/NpuProbe( 1724): [ggml] ggml_opencl: device max workgroup size: 1024
10-07 23:27:53.961 I/NpuProbe( 1724): [ggml] ggml_opencl: SVM coarse grain buffer support: true
10-07 23:27:53.961 I/NpuProbe( 1724): [ggml] ggml_opencl: SVM fine grain buffer support: true
10-07 23:27:53.961 I/NpuProbe( 1724): [ggml] ggml_opencl: SVM fine grain system support: false
10-07 23:27:53.961 I/NpuProbe( 1724): [ggml] ggml_opencl: SVM atomics support: true
10-07 23:27:53.961 I/NpuProbe( 1724): [ggml] ggml_opencl: cl_qcom_subgroup_shuffle support: true
10-07 23:27:53.961 I/NpuProbe( 1724): [ggml] ggml_opencl: flattening quantized weights representation as struct of arrays (GGML_OPENCL_SOA_Q)
10-07 23:27:53.961 I/NpuProbe( 1724): [ggml] ggml_opencl: using kernels optimized for Adreno (GGML_OPENCL_USE_ADRENO_KERNELS)
10-07 23:28:13.399 I/NpuProbe( 1724): [ggml] ggml_opencl: lazy-compiling flash_attn prepass for DK=128 DV=128
10-07 23:28:13.399 I/NpuProbe( 1724): [ggml] ggml_opencl: compiling fa prepass f16
10-07 23:28:13.911 I/NpuProbe( 1724): [ggml] ggml_opencl: compiling fa f32_f16
10-07 23:28:16.368 I/NpuProbe( 1724): [ggml] ggml_opencl: flash_attn_f32_f16_q1_vec_mq_split_c8 DK=128 DV=128 per-kernel max 128 < required 256; skipping registration (will fall back)
10-07 23:28:16.368 I/NpuProbe( 1724): [ggml] ggml_opencl: compiling fa f32_f16 MQ_GQA=8
10-07 23:28:17.208 I/NpuProbe( 1724): [ggml] ggml_opencl: flash_attn_f32_f16_q1_vec_mq_split_c8 (g8) DK=128 DV=128 per-kernel max 128 < required 192; skipping registration (will fall back)
10-07 23:28:17.208 I/NpuProbe( 1724): [ggml] ggml_opencl: compiling fa f32_f16 c8 NSG2
10-07 23:28:17.459 I/NpuProbe( 1724): [ggml] ggml_opencl: compiling fa f32_f16 c8 g8 NSG2
10-07 23:28:17.852 I/NpuProbe( 1724): [ggml] ggml_opencl: compiling fa f32_f16 split
10-07 23:30:54.790 I/NpuProbe( 1724): DIV_DET: pos=264 tokD=305 tokS=11 | topD=[305:26.6921 11:26.6825 26:16.0612 13:15.5356 739:13.9387 ] topS=[11:26.7165 305:26.5443 26:16.1251 13:15.5035 739:14.0038 ] | margemD=0.0096 margemS=0.1723 finite=1
--------- beginning of main
10-07 23:27:49.669 I/NpuProbe( 1724): nativeLibraryDir=/data/app/~~lpRbazBN5YZmky3PSTRBxw==/br.gov.sp.pcsp.npuprobe-TxoI9sAkGUKDb2hYH9j-kg==/lib/arm64
10-07 23:27:49.669 I/NpuProbe( 1724): runProbe PULADO (p4-auto presente; preinit do tune)
10-07 23:27:49.669 I/NpuProbe( 1724): REPORT:
10-07 23:27:49.669 I/NpuProbe( 1724): (runProbe PULADO: p4-auto presente; evita init Hexagon pre-tune - R8)
10-07 23:27:49.669 I/NpuProbe( 1724): AUTO-GATILHO='smart:sessao'
10-07 23:27:49.670 I/NpuProbe( 1724): SMART iniciando rota=sessao com /data/local/tmp/hymt2_app.gguf
10-07 23:27:49.670 I/NpuProbe( 1724): SMARTv2 rota='sessao' mutante=(none)
10-07 23:27:49.674 I/NpuProbe( 1724): [ggml] ggml_vulkan: Found 1 Vulkan devices:
10-07 23:27:49.675 I/NpuProbe( 1724): [ggml] ggml_vulkan: 0 = Adreno (TM) 840 (Qualcomm Technologies Inc. Adreno Vulkan Driver) | uma: 1 | fp16: 1 | bf16: 0 | fp4: 0 | warp size: 64 | shared memory: 32768 | int dot: 0 | matrix cores: none
10-07 23:27:49.705 I/NpuProbe( 1724): [ggml] ggml_opencl: selected platform: 'QUALCOMM Snapdragon(TM)'
10-07 23:27:49.705 I/NpuProbe( 1724): [ggml] 
10-07 23:27:49.705 I/NpuProbe( 1724): ggml_opencl: device: 'QUALCOMM Adreno(TM) 840 (OpenCL 3.0 Adreno(TM) 840)'
10-07 23:27:49.706 I/NpuProbe( 1724): [ggml] ggml_opencl: default device: 'QUALCOMM Adreno(TM) 840 (OpenCL 3.0 Adreno(TM) 840)'
10-07 23:27:49.706 I/NpuProbe( 1724): [ggml] ggml-hex: Loading driver libcdsprpc.so
10-07 23:27:49.715 I/NpuProbe( 1724): [ggml] ggml-hex: Hexagon backend (experimental) : allocating new registry : ndev 1
10-07 23:27:49.715 I/NpuProbe( 1724): [ggml] ggml-hex: Hexagon Arch version v81
10-07 23:27:49.715 I/NpuProbe( 1724): [ggml] ggml-hex: HTP0 allocating new session
10-07 23:27:49.752 I/NpuProbe( 1724): [ggml] ggml-hex: HTP0 hwinfo: threads 8, hvx 8, hmx 1, vtcm 8 MB
10-07 23:27:49.752 I/NpuProbe( 1724): [ggml] ggml-hex: HTP0 new session : session-id 0 domain-id 3 uri file:///libggml-htp-v81.so?htp_iface_skel_handle_invoke&_modver=1.0&_dom=cdsp&_session=0 handle 0xb4000077d9ab5c00
10-07 23:27:49.756 I/NpuProbe( 1724): [ggml] ggml-hex: HTP0 op batching: n-bufs 16 n-tensors 7168 n-ops 1024 vmem 3355443200
10-07 23:27:49.762 I/NpuProbe( 1724): SESSAO(730e599): 3 requests na mesma sessao (roles separados; JSON nativo em files/r6-sess.jsonl)
10-07 23:27:49.763 I/NpuProbe( 1724): PROMPT[0]: arquivo proprio (len=1101)
10-07 23:27:50.323 I/NpuProbe( 1724): [ggml] ggml_opencl: kernel cache enabled at '/data/user/0/br.gov.sp.pcsp.npuprobe/cache/llama.cpp/cl-cache'
10-07 23:27:50.323 I/NpuProbe( 1724): [ggml] ggml_opencl: loading OpenCL kernels
10-07 23:27:50.324 I/NpuProbe( 1724): [ggml] .
10-07 23:27:50.325 I/NpuProbe( 1724): [ggml] .
10-07 23:27:50.325 I/NpuProbe( 1724): [ggml] .
10-07 23:27:50.325 I/NpuProbe( 1724): [ggml] .
10-07 23:27:50.325 I/NpuProbe( 1724): [ggml] .
10-07 23:27:50.326 I/NpuProbe( 1724): [ggml] .
10-07 23:27:50.328 I/NpuProbe( 1724): [ggml] .
10-07 23:27:50.329 I/NpuProbe( 1724): [ggml] .
10-07 23:27:50.329 I/NpuProbe( 1724): [ggml] .
10-07 23:27:50.329 I/NpuProbe( 1724): [ggml] .
10-07 23:27:50.330 I/NpuProbe( 1724): [ggml] .
10-07 23:27:50.330 I/NpuProbe( 1724): [ggml] .
10-07 23:27:50.330 I/NpuProbe( 1724): [ggml] .
10-07 23:27:50.330 I/NpuProbe( 1724): [ggml] .
10-07 23:27:50.331 I/NpuProbe( 1724): [ggml] .
10-07 23:27:50.331 I/NpuProbe( 1724): [ggml] .
10-07 23:27:50.331 I/NpuProbe( 1724): [ggml] .
10-07 23:27:50.331 I/NpuProbe( 1724): [ggml] .
10-07 23:27:50.333 I/NpuProbe( 1724): [ggml] .
10-07 23:27:50.333 I/NpuProbe( 1724): [ggml] .
10-07 23:27:50.333 I/NpuProbe( 1724): [ggml] .
10-07 23:27:50.334 I/NpuProbe( 1724): [ggml] .
10-07 23:27:50.334 I/NpuProbe( 1724): [ggml] .
10-07 23:27:50.334 I/NpuProbe( 1724): [ggml] .
10-07 23:27:50.334 I/NpuProbe( 1724): [ggml] .
10-07 23:27:50.335 I/NpuProbe( 1724): [ggml] .
10-07 23:27:50.335 I/NpuProbe( 1724): [ggml] .
10-07 23:27:50.335 I/NpuProbe( 1724): [ggml] .
10-07 23:27:50.335 I/NpuProbe( 1724): [ggml] .
10-07 23:27:50.336 I/NpuProbe( 1724): [ggml] .
10-07 23:27:50.337 I/NpuProbe( 1724): [ggml] .
10-07 23:27:50.337 I/NpuProbe( 1724): [ggml] .
10-07 23:27:50.337 I/NpuProbe( 1724): [ggml] .
10-07 23:27:50.337 I/NpuProbe( 1724): [ggml] .
10-07 23:27:50.338 I/NpuProbe( 1724): [ggml] .
10-07 23:27:50.338 I/NpuProbe( 1724): [ggml] .
10-07 23:27:50.338 I/NpuProbe( 1724): [ggml] .
10-07 23:27:50.338 I/NpuProbe( 1724): [ggml] .
10-07 23:27:50.339 I/NpuProbe( 1724): [ggml] .
10-07 23:27:50.339 I/NpuProbe( 1724): [ggml] .
10-07 23:27:50.339 I/NpuProbe( 1724): [ggml] .
10-07 23:27:50.340 I/NpuProbe( 1724): [ggml] .
10-07 23:27:50.340 I/NpuProbe( 1724): [ggml] .
10-07 23:27:50.340 I/NpuProbe( 1724): [ggml] .
10-07 23:27:50.341 I/NpuProbe( 1724): [ggml] .
10-07 23:27:50.341 I/NpuProbe( 1724): [ggml] .
10-07 23:27:50.341 I/NpuProbe( 1724): [ggml] .
10-07 23:27:50.341 I/NpuProbe( 1724): [ggml] .
10-07 23:27:50.342 I/NpuProbe( 1724): [ggml] .
10-07 23:27:50.342 I/NpuProbe( 1724): [ggml] .
10-07 23:27:50.342 I/NpuProbe( 1724): [ggml] .
10-07 23:27:50.342 I/NpuProbe( 1724): [ggml] .
10-07 23:27:50.342 I/NpuProbe( 1724): [ggml] .
10-07 23:27:50.343 I/NpuProbe( 1724): [ggml] .
10-07 23:27:50.343 I/NpuProbe( 1724): [ggml] .
10-07 23:27:50.343 I/NpuProbe( 1724): [ggml] .
10-07 23:27:50.344 I/NpuProbe( 1724): [ggml] .
10-07 23:27:50.344 I/NpuProbe( 1724): [ggml] .
10-07 23:27:50.345 I/NpuProbe( 1724): [ggml] .
10-07 23:27:50.345 I/NpuProbe( 1724): [ggml] .
10-07 23:27:50.345 I/NpuProbe( 1724): [ggml] .
10-07 23:27:50.345 I/NpuProbe( 1724): [ggml] .
10-07 23:27:50.346 I/NpuProbe( 1724): [ggml] .
10-07 23:27:50.346 I/NpuProbe( 1724): [ggml] .
10-07 23:27:50.347 I/NpuProbe( 1724): [ggml] .
10-07 23:27:50.347 I/NpuProbe( 1724): [ggml] .
10-07 23:27:50.347 I/NpuProbe( 1724): [ggml] .
10-07 23:27:50.347 I/NpuProbe( 1724): [ggml] .
10-07 23:27:50.347 I/NpuProbe( 1724): [ggml] .
10-07 23:27:50.348 I/NpuProbe( 1724): [ggml] .
10-07 23:27:50.348 I/NpuProbe( 1724): [ggml] .
10-07 23:27:50.348 I/NpuProbe( 1724): [ggml] .
10-07 23:27:50.348 I/NpuProbe( 1724): [ggml] .
10-07 23:27:50.348 I/NpuProbe( 1724): [ggml] .
10-07 23:27:50.348 I/NpuProbe( 1724): [ggml] .
10-07 23:27:50.349 I/NpuProbe( 1724): [ggml] .
10-07 23:27:53.961 I/NpuProbe( 1724): [ggml] ggml_opencl: OpenCL driver: OpenCL 3.0 QUALCOMM build: 0842.41 Compiler E031.50.19.27
10-07 23:27:53.961 I/NpuProbe( 1724): [ggml] ggml_opencl: vector subgroup broadcast support: true
10-07 23:27:53.961 I/NpuProbe( 1724): [ggml] ggml_opencl: subgroup shuffle support: true
10-07 23:27:53.961 I/NpuProbe( 1724): [ggml] ggml_opencl: device FP16 support: true
10-07 23:27:53.961 I/NpuProbe( 1724): [ggml] ggml_opencl: khr dot product support: true
10-07 23:27:53.961 I/NpuProbe( 1724): [ggml] ggml_opencl: mem base addr align: 128
10-07 23:27:53.961 I/NpuProbe( 1724): [ggml] ggml_opencl: global mem size: 7555 MB
10-07 23:27:53.961 I/NpuProbe( 1724): [ggml] ggml_opencl: max mem alloc size: 2048 MB
10-07 23:27:53.961 I/NpuProbe( 1724): [ggml] ggml_opencl: device max image buffer size (pixels): 2147483648
10-07 23:27:53.961 I/NpuProbe( 1724): [ggml] ggml_opencl: device max image2d size: 16384 x 16384
10-07 23:27:53.961 I/NpuProbe( 1724): [ggml] ggml_opencl: device max workgroup size: 1024
10-07 23:27:53.961 I/NpuProbe( 1724): [ggml] ggml_opencl: SVM coarse grain buffer support: true
10-07 23:27:53.961 I/NpuProbe( 1724): [ggml] ggml_opencl: SVM fine grain buffer support: true
10-07 23:27:53.961 I/NpuProbe( 1724): [ggml] ggml_opencl: SVM fine grain system support: false
10-07 23:27:53.961 I/NpuProbe( 1724): [ggml] ggml_opencl: SVM atomics support: true
10-07 23:27:53.961 I/NpuProbe( 1724): [ggml] ggml_opencl: cl_qcom_subgroup_shuffle support: true
10-07 23:27:53.961 I/NpuProbe( 1724): [ggml] ggml_opencl: flattening quantized weights representation as struct of arrays (GGML_OPENCL_SOA_Q)
10-07 23:27:53.961 I/NpuProbe( 1724): [ggml] ggml_opencl: using kernels optimized for Adreno (GGML_OPENCL_USE_ADRENO_KERNELS)
10-07 23:28:13.399 I/NpuProbe( 1724): [ggml] ggml_opencl: lazy-compiling flash_attn prepass for DK=128 DV=128
10-07 23:28:13.399 I/NpuProbe( 1724): [ggml] ggml_opencl: compiling fa prepass f16
10-07 23:28:13.911 I/NpuProbe( 1724): [ggml] ggml_opencl: compiling fa f32_f16
10-07 23:28:16.368 I/NpuProbe( 1724): [ggml] ggml_opencl: flash_attn_f32_f16_q1_vec_mq_split_c8 DK=128 DV=128 per-kernel max 128 < required 256; skipping registration (will fall back)
10-07 23:28:16.368 I/NpuProbe( 1724): [ggml] ggml_opencl: compiling fa f32_f16 MQ_GQA=8
10-07 23:28:17.208 I/NpuProbe( 1724): [ggml] ggml_opencl: flash_attn_f32_f16_q1_vec_mq_split_c8 (g8) DK=128 DV=128 per-kernel max 128 < required 192; skipping registration (will fall back)
10-07 23:28:17.208 I/NpuProbe( 1724): [ggml] ggml_opencl: compiling fa f32_f16 c8 NSG2
10-07 23:28:17.459 I/NpuProbe( 1724): [ggml] ggml_opencl: compiling fa f32_f16 c8 g8 NSG2
10-07 23:28:17.852 I/NpuProbe( 1724): [ggml] ggml_opencl: compiling fa f32_f16 split
10-07 23:30:54.790 I/NpuProbe( 1724): DIV_DET: pos=264 tokD=305 tokS=11 | topD=[305:26.6921 11:26.6825 26:16.0612 13:15.5356 739:13.9387 ] topS=[11:26.7165 305:26.5443 26:16.1251 13:15.5035 739:14.0038 ] | margemD=0.0096 margemS=0.1723 finite=1
10-07 23:31:16.111 I/NpuProbe( 1724): SESS[0] opencl valid: ok=1 cap=0 eog_tok1=0 tok1=14533 emitidos=301 consumidos=301 dec_s=301
10-07 23:31:16.111 I/NpuProbe( 1724): SESS[0] opencl tempos: prefill=9692.99ms export=1.01ms(12586017B) import=14.42ms gen=90234.55ms
10-07 23:31:16.111 I/NpuProbe( 1724): SESS[0] opencl fronteiras(ms): prefdone=9695.5 tok1r=9794.9 impdone=9809.3 tok2r=13347.9 fim=100043.9 wall=100043.9 reset=12.22
10-07 23:31:16.111 I/NpuProbe( 1724): SESS[0] opencl texto_len=1061 (integral no JSON)
10-07 23:31:16.111 I/NpuProbe( 1724): SESS[0] opencl lifecycle: load_dst=4269ms load_src=275ms (0=WARM)
10-07 23:31:16.111 I/NpuProbe( 1724): SESS[0] opencl RESULTADO: SMART-DIVERGENTE
10-07 23:31:16.114 I/NpuProbe( 1724): PROMPT[1]: arquivo proprio (len=205)
--------- beginning of main
10-07 23:27:49.669 I/NpuProbe( 1724): nativeLibraryDir=/data/app/~~lpRbazBN5YZmky3PSTRBxw==/br.gov.sp.pcsp.npuprobe-TxoI9sAkGUKDb2hYH9j-kg==/lib/arm64
10-07 23:27:49.669 I/NpuProbe( 1724): runProbe PULADO (p4-auto presente; preinit do tune)
10-07 23:27:49.669 I/NpuProbe( 1724): REPORT:
10-07 23:27:49.669 I/NpuProbe( 1724): (runProbe PULADO: p4-auto presente; evita init Hexagon pre-tune - R8)
10-07 23:27:49.669 I/NpuProbe( 1724): AUTO-GATILHO='smart:sessao'
10-07 23:27:49.670 I/NpuProbe( 1724): SMART iniciando rota=sessao com /data/local/tmp/hymt2_app.gguf
10-07 23:27:49.670 I/NpuProbe( 1724): SMARTv2 rota='sessao' mutante=(none)
10-07 23:27:49.674 I/NpuProbe( 1724): [ggml] ggml_vulkan: Found 1 Vulkan devices:
10-07 23:27:49.675 I/NpuProbe( 1724): [ggml] ggml_vulkan: 0 = Adreno (TM) 840 (Qualcomm Technologies Inc. Adreno Vulkan Driver) | uma: 1 | fp16: 1 | bf16: 0 | fp4: 0 | warp size: 64 | shared memory: 32768 | int dot: 0 | matrix cores: none
10-07 23:27:49.705 I/NpuProbe( 1724): [ggml] ggml_opencl: selected platform: 'QUALCOMM Snapdragon(TM)'
10-07 23:27:49.705 I/NpuProbe( 1724): [ggml] 
10-07 23:27:49.705 I/NpuProbe( 1724): ggml_opencl: device: 'QUALCOMM Adreno(TM) 840 (OpenCL 3.0 Adreno(TM) 840)'
10-07 23:27:49.706 I/NpuProbe( 1724): [ggml] ggml_opencl: default device: 'QUALCOMM Adreno(TM) 840 (OpenCL 3.0 Adreno(TM) 840)'
10-07 23:27:49.706 I/NpuProbe( 1724): [ggml] ggml-hex: Loading driver libcdsprpc.so
10-07 23:27:49.715 I/NpuProbe( 1724): [ggml] ggml-hex: Hexagon backend (experimental) : allocating new registry : ndev 1
10-07 23:27:49.715 I/NpuProbe( 1724): [ggml] ggml-hex: Hexagon Arch version v81
10-07 23:27:49.715 I/NpuProbe( 1724): [ggml] ggml-hex: HTP0 allocating new session
10-07 23:27:49.752 I/NpuProbe( 1724): [ggml] ggml-hex: HTP0 hwinfo: threads 8, hvx 8, hmx 1, vtcm 8 MB
10-07 23:27:49.752 I/NpuProbe( 1724): [ggml] ggml-hex: HTP0 new session : session-id 0 domain-id 3 uri file:///libggml-htp-v81.so?htp_iface_skel_handle_invoke&_modver=1.0&_dom=cdsp&_session=0 handle 0xb4000077d9ab5c00
10-07 23:27:49.756 I/NpuProbe( 1724): [ggml] ggml-hex: HTP0 op batching: n-bufs 16 n-tensors 7168 n-ops 1024 vmem 3355443200
10-07 23:27:49.762 I/NpuProbe( 1724): SESSAO(730e599): 3 requests na mesma sessao (roles separados; JSON nativo em files/r6-sess.jsonl)
10-07 23:27:49.763 I/NpuProbe( 1724): PROMPT[0]: arquivo proprio (len=1101)
10-07 23:27:50.323 I/NpuProbe( 1724): [ggml] ggml_opencl: kernel cache enabled at '/data/user/0/br.gov.sp.pcsp.npuprobe/cache/llama.cpp/cl-cache'
10-07 23:27:50.323 I/NpuProbe( 1724): [ggml] ggml_opencl: loading OpenCL kernels
10-07 23:27:50.324 I/NpuProbe( 1724): [ggml] .
10-07 23:27:50.325 I/NpuProbe( 1724): [ggml] .
10-07 23:27:50.325 I/NpuProbe( 1724): [ggml] .
10-07 23:27:50.325 I/NpuProbe( 1724): [ggml] .
10-07 23:27:50.325 I/NpuProbe( 1724): [ggml] .
10-07 23:27:50.326 I/NpuProbe( 1724): [ggml] .
10-07 23:27:50.328 I/NpuProbe( 1724): [ggml] .
10-07 23:27:50.329 I/NpuProbe( 1724): [ggml] .
10-07 23:27:50.329 I/NpuProbe( 1724): [ggml] .
10-07 23:27:50.329 I/NpuProbe( 1724): [ggml] .
10-07 23:27:50.330 I/NpuProbe( 1724): [ggml] .
10-07 23:27:50.330 I/NpuProbe( 1724): [ggml] .
10-07 23:27:50.330 I/NpuProbe( 1724): [ggml] .
10-07 23:27:50.330 I/NpuProbe( 1724): [ggml] .
10-07 23:27:50.331 I/NpuProbe( 1724): [ggml] .
10-07 23:27:50.331 I/NpuProbe( 1724): [ggml] .
10-07 23:27:50.331 I/NpuProbe( 1724): [ggml] .
10-07 23:27:50.331 I/NpuProbe( 1724): [ggml] .
10-07 23:27:50.333 I/NpuProbe( 1724): [ggml] .
10-07 23:27:50.333 I/NpuProbe( 1724): [ggml] .
10-07 23:27:50.333 I/NpuProbe( 1724): [ggml] .
10-07 23:27:50.334 I/NpuProbe( 1724): [ggml] .
10-07 23:27:50.334 I/NpuProbe( 1724): [ggml] .
10-07 23:27:50.334 I/NpuProbe( 1724): [ggml] .
10-07 23:27:50.334 I/NpuProbe( 1724): [ggml] .
10-07 23:27:50.335 I/NpuProbe( 1724): [ggml] .
10-07 23:27:50.335 I/NpuProbe( 1724): [ggml] .
10-07 23:27:50.335 I/NpuProbe( 1724): [ggml] .
10-07 23:27:50.335 I/NpuProbe( 1724): [ggml] .
10-07 23:27:50.336 I/NpuProbe( 1724): [ggml] .
10-07 23:27:50.337 I/NpuProbe( 1724): [ggml] .
10-07 23:27:50.337 I/NpuProbe( 1724): [ggml] .
10-07 23:27:50.337 I/NpuProbe( 1724): [ggml] .
10-07 23:27:50.337 I/NpuProbe( 1724): [ggml] .
10-07 23:27:50.338 I/NpuProbe( 1724): [ggml] .
10-07 23:27:50.338 I/NpuProbe( 1724): [ggml] .
10-07 23:27:50.338 I/NpuProbe( 1724): [ggml] .
10-07 23:27:50.338 I/NpuProbe( 1724): [ggml] .
10-07 23:27:50.339 I/NpuProbe( 1724): [ggml] .
10-07 23:27:50.339 I/NpuProbe( 1724): [ggml] .
10-07 23:27:50.339 I/NpuProbe( 1724): [ggml] .
10-07 23:27:50.340 I/NpuProbe( 1724): [ggml] .
10-07 23:27:50.340 I/NpuProbe( 1724): [ggml] .
10-07 23:27:50.340 I/NpuProbe( 1724): [ggml] .
10-07 23:27:50.341 I/NpuProbe( 1724): [ggml] .
10-07 23:27:50.341 I/NpuProbe( 1724): [ggml] .
10-07 23:27:50.341 I/NpuProbe( 1724): [ggml] .
10-07 23:27:50.341 I/NpuProbe( 1724): [ggml] .
10-07 23:27:50.342 I/NpuProbe( 1724): [ggml] .
10-07 23:27:50.342 I/NpuProbe( 1724): [ggml] .
10-07 23:27:50.342 I/NpuProbe( 1724): [ggml] .
10-07 23:27:50.342 I/NpuProbe( 1724): [ggml] .
10-07 23:27:50.342 I/NpuProbe( 1724): [ggml] .
10-07 23:27:50.343 I/NpuProbe( 1724): [ggml] .
10-07 23:27:50.343 I/NpuProbe( 1724): [ggml] .
10-07 23:27:50.343 I/NpuProbe( 1724): [ggml] .
10-07 23:27:50.344 I/NpuProbe( 1724): [ggml] .
10-07 23:27:50.344 I/NpuProbe( 1724): [ggml] .
10-07 23:27:50.345 I/NpuProbe( 1724): [ggml] .
10-07 23:27:50.345 I/NpuProbe( 1724): [ggml] .
10-07 23:27:50.345 I/NpuProbe( 1724): [ggml] .
10-07 23:27:50.345 I/NpuProbe( 1724): [ggml] .
10-07 23:27:50.346 I/NpuProbe( 1724): [ggml] .
10-07 23:27:50.346 I/NpuProbe( 1724): [ggml] .
10-07 23:27:50.347 I/NpuProbe( 1724): [ggml] .
10-07 23:27:50.347 I/NpuProbe( 1724): [ggml] .
10-07 23:27:50.347 I/NpuProbe( 1724): [ggml] .
10-07 23:27:50.347 I/NpuProbe( 1724): [ggml] .
10-07 23:27:50.347 I/NpuProbe( 1724): [ggml] .
10-07 23:27:50.348 I/NpuProbe( 1724): [ggml] .
10-07 23:27:50.348 I/NpuProbe( 1724): [ggml] .
10-07 23:27:50.348 I/NpuProbe( 1724): [ggml] .
10-07 23:27:50.348 I/NpuProbe( 1724): [ggml] .
10-07 23:27:50.348 I/NpuProbe( 1724): [ggml] .
10-07 23:27:50.348 I/NpuProbe( 1724): [ggml] .
10-07 23:27:50.349 I/NpuProbe( 1724): [ggml] .
10-07 23:27:53.961 I/NpuProbe( 1724): [ggml] ggml_opencl: OpenCL driver: OpenCL 3.0 QUALCOMM build: 0842.41 Compiler E031.50.19.27
10-07 23:27:53.961 I/NpuProbe( 1724): [ggml] ggml_opencl: vector subgroup broadcast support: true
10-07 23:27:53.961 I/NpuProbe( 1724): [ggml] ggml_opencl: subgroup shuffle support: true
10-07 23:27:53.961 I/NpuProbe( 1724): [ggml] ggml_opencl: device FP16 support: true
10-07 23:27:53.961 I/NpuProbe( 1724): [ggml] ggml_opencl: khr dot product support: true
10-07 23:27:53.961 I/NpuProbe( 1724): [ggml] ggml_opencl: mem base addr align: 128
10-07 23:27:53.961 I/NpuProbe( 1724): [ggml] ggml_opencl: global mem size: 7555 MB
10-07 23:27:53.961 I/NpuProbe( 1724): [ggml] ggml_opencl: max mem alloc size: 2048 MB
10-07 23:27:53.961 I/NpuProbe( 1724): [ggml] ggml_opencl: device max image buffer size (pixels): 2147483648
10-07 23:27:53.961 I/NpuProbe( 1724): [ggml] ggml_opencl: device max image2d size: 16384 x 16384
10-07 23:27:53.961 I/NpuProbe( 1724): [ggml] ggml_opencl: device max workgroup size: 1024
10-07 23:27:53.961 I/NpuProbe( 1724): [ggml] ggml_opencl: SVM coarse grain buffer support: true
10-07 23:27:53.961 I/NpuProbe( 1724): [ggml] ggml_opencl: SVM fine grain buffer support: true
10-07 23:27:53.961 I/NpuProbe( 1724): [ggml] ggml_opencl: SVM fine grain system support: false
10-07 23:27:53.961 I/NpuProbe( 1724): [ggml] ggml_opencl: SVM atomics support: true
10-07 23:27:53.961 I/NpuProbe( 1724): [ggml] ggml_opencl: cl_qcom_subgroup_shuffle support: true
10-07 23:27:53.961 I/NpuProbe( 1724): [ggml] ggml_opencl: flattening quantized weights representation as struct of arrays (GGML_OPENCL_SOA_Q)
10-07 23:27:53.961 I/NpuProbe( 1724): [ggml] ggml_opencl: using kernels optimized for Adreno (GGML_OPENCL_USE_ADRENO_KERNELS)
10-07 23:28:13.399 I/NpuProbe( 1724): [ggml] ggml_opencl: lazy-compiling flash_attn prepass for DK=128 DV=128
10-07 23:28:13.399 I/NpuProbe( 1724): [ggml] ggml_opencl: compiling fa prepass f16
10-07 23:28:13.911 I/NpuProbe( 1724): [ggml] ggml_opencl: compiling fa f32_f16
10-07 23:28:16.368 I/NpuProbe( 1724): [ggml] ggml_opencl: flash_attn_f32_f16_q1_vec_mq_split_c8 DK=128 DV=128 per-kernel max 128 < required 256; skipping registration (will fall back)
10-07 23:28:16.368 I/NpuProbe( 1724): [ggml] ggml_opencl: compiling fa f32_f16 MQ_GQA=8
10-07 23:28:17.208 I/NpuProbe( 1724): [ggml] ggml_opencl: flash_attn_f32_f16_q1_vec_mq_split_c8 (g8) DK=128 DV=128 per-kernel max 128 < required 192; skipping registration (will fall back)
10-07 23:28:17.208 I/NpuProbe( 1724): [ggml] ggml_opencl: compiling fa f32_f16 c8 NSG2
10-07 23:28:17.459 I/NpuProbe( 1724): [ggml] ggml_opencl: compiling fa f32_f16 c8 g8 NSG2
10-07 23:28:17.852 I/NpuProbe( 1724): [ggml] ggml_opencl: compiling fa f32_f16 split
10-07 23:30:54.790 I/NpuProbe( 1724): DIV_DET: pos=264 tokD=305 tokS=11 | topD=[305:26.6921 11:26.6825 26:16.0612 13:15.5356 739:13.9387 ] topS=[11:26.7165 305:26.5443 26:16.1251 13:15.5035 739:14.0038 ] | margemD=0.0096 margemS=0.1723 finite=1
10-07 23:31:16.111 I/NpuProbe( 1724): SESS[0] opencl valid: ok=1 cap=0 eog_tok1=0 tok1=14533 emitidos=301 consumidos=301 dec_s=301
10-07 23:31:16.111 I/NpuProbe( 1724): SESS[0] opencl tempos: prefill=9692.99ms export=1.01ms(12586017B) import=14.42ms gen=90234.55ms
10-07 23:31:16.111 I/NpuProbe( 1724): SESS[0] opencl fronteiras(ms): prefdone=9695.5 tok1r=9794.9 impdone=9809.3 tok2r=13347.9 fim=100043.9 wall=100043.9 reset=12.22
10-07 23:31:16.111 I/NpuProbe( 1724): SESS[0] opencl texto_len=1061 (integral no JSON)
10-07 23:31:16.111 I/NpuProbe( 1724): SESS[0] opencl lifecycle: load_dst=4269ms load_src=275ms (0=WARM)
10-07 23:31:16.111 I/NpuProbe( 1724): SESS[0] opencl RESULTADO: SMART-DIVERGENTE
10-07 23:31:16.114 I/NpuProbe( 1724): PROMPT[1]: arquivo proprio (len=205)
10-07 23:31:39.089 I/NpuProbe( 1724): SESS[1] opencl valid: ok=1 cap=0 eog_tok1=0 tok1=46 emitidos=26 consumidos=26 dec_s=26
10-07 23:31:39.090 I/NpuProbe( 1724): SESS[1] opencl tempos: prefill=2015.37ms export=0.10ms(1770597B) import=10.47ms gen=7797.48ms
10-07 23:31:39.090 I/NpuProbe( 1724): SESS[1] opencl fronteiras(ms): prefdone=2015.7 tok1r=2029.9 impdone=2040.4 tok2r=2076.4 fim=9837.9 wall=9837.9 reset=11.79
10-07 23:31:39.090 I/NpuProbe( 1724): SESS[1] opencl texto_len=77 (integral no JSON)
10-07 23:31:39.090 I/NpuProbe( 1724): SESS[1] opencl lifecycle: load_dst=0ms load_src=0ms (0=WARM)
10-07 23:31:39.090 I/NpuProbe( 1724): SESS[1] opencl RESULTADO: SMART-ACEITO
10-07 23:31:39.093 I/NpuProbe( 1724): PROMPT[2]: arquivo proprio (len=1101)
--------- beginning of main
10-07 23:27:49.669 I/NpuProbe( 1724): nativeLibraryDir=/data/app/~~lpRbazBN5YZmky3PSTRBxw==/br.gov.sp.pcsp.npuprobe-TxoI9sAkGUKDb2hYH9j-kg==/lib/arm64
10-07 23:27:49.669 I/NpuProbe( 1724): runProbe PULADO (p4-auto presente; preinit do tune)
10-07 23:27:49.669 I/NpuProbe( 1724): REPORT:
10-07 23:27:49.669 I/NpuProbe( 1724): (runProbe PULADO: p4-auto presente; evita init Hexagon pre-tune - R8)
10-07 23:27:49.669 I/NpuProbe( 1724): AUTO-GATILHO='smart:sessao'
10-07 23:27:49.670 I/NpuProbe( 1724): SMART iniciando rota=sessao com /data/local/tmp/hymt2_app.gguf
10-07 23:27:49.670 I/NpuProbe( 1724): SMARTv2 rota='sessao' mutante=(none)
10-07 23:27:49.674 I/NpuProbe( 1724): [ggml] ggml_vulkan: Found 1 Vulkan devices:
10-07 23:27:49.675 I/NpuProbe( 1724): [ggml] ggml_vulkan: 0 = Adreno (TM) 840 (Qualcomm Technologies Inc. Adreno Vulkan Driver) | uma: 1 | fp16: 1 | bf16: 0 | fp4: 0 | warp size: 64 | shared memory: 32768 | int dot: 0 | matrix cores: none
10-07 23:27:49.705 I/NpuProbe( 1724): [ggml] ggml_opencl: selected platform: 'QUALCOMM Snapdragon(TM)'
10-07 23:27:49.705 I/NpuProbe( 1724): [ggml] 
10-07 23:27:49.705 I/NpuProbe( 1724): ggml_opencl: device: 'QUALCOMM Adreno(TM) 840 (OpenCL 3.0 Adreno(TM) 840)'
10-07 23:27:49.706 I/NpuProbe( 1724): [ggml] ggml_opencl: default device: 'QUALCOMM Adreno(TM) 840 (OpenCL 3.0 Adreno(TM) 840)'
10-07 23:27:49.706 I/NpuProbe( 1724): [ggml] ggml-hex: Loading driver libcdsprpc.so
10-07 23:27:49.715 I/NpuProbe( 1724): [ggml] ggml-hex: Hexagon backend (experimental) : allocating new registry : ndev 1
10-07 23:27:49.715 I/NpuProbe( 1724): [ggml] ggml-hex: Hexagon Arch version v81
10-07 23:27:49.715 I/NpuProbe( 1724): [ggml] ggml-hex: HTP0 allocating new session
10-07 23:27:49.752 I/NpuProbe( 1724): [ggml] ggml-hex: HTP0 hwinfo: threads 8, hvx 8, hmx 1, vtcm 8 MB
10-07 23:27:49.752 I/NpuProbe( 1724): [ggml] ggml-hex: HTP0 new session : session-id 0 domain-id 3 uri file:///libggml-htp-v81.so?htp_iface_skel_handle_invoke&_modver=1.0&_dom=cdsp&_session=0 handle 0xb4000077d9ab5c00
10-07 23:27:49.756 I/NpuProbe( 1724): [ggml] ggml-hex: HTP0 op batching: n-bufs 16 n-tensors 7168 n-ops 1024 vmem 3355443200
10-07 23:27:49.762 I/NpuProbe( 1724): SESSAO(730e599): 3 requests na mesma sessao (roles separados; JSON nativo em files/r6-sess.jsonl)
10-07 23:27:49.763 I/NpuProbe( 1724): PROMPT[0]: arquivo proprio (len=1101)
10-07 23:27:50.323 I/NpuProbe( 1724): [ggml] ggml_opencl: kernel cache enabled at '/data/user/0/br.gov.sp.pcsp.npuprobe/cache/llama.cpp/cl-cache'
10-07 23:27:50.323 I/NpuProbe( 1724): [ggml] ggml_opencl: loading OpenCL kernels
10-07 23:27:50.324 I/NpuProbe( 1724): [ggml] .
10-07 23:27:50.325 I/NpuProbe( 1724): [ggml] .
10-07 23:27:50.325 I/NpuProbe( 1724): [ggml] .
10-07 23:27:50.325 I/NpuProbe( 1724): [ggml] .
10-07 23:27:50.325 I/NpuProbe( 1724): [ggml] .
10-07 23:27:50.326 I/NpuProbe( 1724): [ggml] .
10-07 23:27:50.328 I/NpuProbe( 1724): [ggml] .
10-07 23:27:50.329 I/NpuProbe( 1724): [ggml] .
10-07 23:27:50.329 I/NpuProbe( 1724): [ggml] .
10-07 23:27:50.329 I/NpuProbe( 1724): [ggml] .
10-07 23:27:50.330 I/NpuProbe( 1724): [ggml] .
10-07 23:27:50.330 I/NpuProbe( 1724): [ggml] .
10-07 23:27:50.330 I/NpuProbe( 1724): [ggml] .
10-07 23:27:50.330 I/NpuProbe( 1724): [ggml] .
10-07 23:27:50.331 I/NpuProbe( 1724): [ggml] .
10-07 23:27:50.331 I/NpuProbe( 1724): [ggml] .
10-07 23:27:50.331 I/NpuProbe( 1724): [ggml] .
10-07 23:27:50.331 I/NpuProbe( 1724): [ggml] .
10-07 23:27:50.333 I/NpuProbe( 1724): [ggml] .
10-07 23:27:50.333 I/NpuProbe( 1724): [ggml] .
10-07 23:27:50.333 I/NpuProbe( 1724): [ggml] .
10-07 23:27:50.334 I/NpuProbe( 1724): [ggml] .
10-07 23:27:50.334 I/NpuProbe( 1724): [ggml] .
10-07 23:27:50.334 I/NpuProbe( 1724): [ggml] .
10-07 23:27:50.334 I/NpuProbe( 1724): [ggml] .
10-07 23:27:50.335 I/NpuProbe( 1724): [ggml] .
10-07 23:27:50.335 I/NpuProbe( 1724): [ggml] .
10-07 23:27:50.335 I/NpuProbe( 1724): [ggml] .
10-07 23:27:50.335 I/NpuProbe( 1724): [ggml] .
10-07 23:27:50.336 I/NpuProbe( 1724): [ggml] .
10-07 23:27:50.337 I/NpuProbe( 1724): [ggml] .
10-07 23:27:50.337 I/NpuProbe( 1724): [ggml] .
10-07 23:27:50.337 I/NpuProbe( 1724): [ggml] .
10-07 23:27:50.337 I/NpuProbe( 1724): [ggml] .
10-07 23:27:50.338 I/NpuProbe( 1724): [ggml] .
10-07 23:27:50.338 I/NpuProbe( 1724): [ggml] .
10-07 23:27:50.338 I/NpuProbe( 1724): [ggml] .
10-07 23:27:50.338 I/NpuProbe( 1724): [ggml] .
10-07 23:27:50.339 I/NpuProbe( 1724): [ggml] .
10-07 23:27:50.339 I/NpuProbe( 1724): [ggml] .
10-07 23:27:50.339 I/NpuProbe( 1724): [ggml] .
10-07 23:27:50.340 I/NpuProbe( 1724): [ggml] .
10-07 23:27:50.340 I/NpuProbe( 1724): [ggml] .
10-07 23:27:50.340 I/NpuProbe( 1724): [ggml] .
10-07 23:27:50.341 I/NpuProbe( 1724): [ggml] .
10-07 23:27:50.341 I/NpuProbe( 1724): [ggml] .
10-07 23:27:50.341 I/NpuProbe( 1724): [ggml] .
10-07 23:27:50.341 I/NpuProbe( 1724): [ggml] .
10-07 23:27:50.342 I/NpuProbe( 1724): [ggml] .
10-07 23:27:50.342 I/NpuProbe( 1724): [ggml] .
10-07 23:27:50.342 I/NpuProbe( 1724): [ggml] .
10-07 23:27:50.342 I/NpuProbe( 1724): [ggml] .
10-07 23:27:50.342 I/NpuProbe( 1724): [ggml] .
10-07 23:27:50.343 I/NpuProbe( 1724): [ggml] .
10-07 23:27:50.343 I/NpuProbe( 1724): [ggml] .
10-07 23:27:50.343 I/NpuProbe( 1724): [ggml] .
10-07 23:27:50.344 I/NpuProbe( 1724): [ggml] .
10-07 23:27:50.344 I/NpuProbe( 1724): [ggml] .
10-07 23:27:50.345 I/NpuProbe( 1724): [ggml] .
10-07 23:27:50.345 I/NpuProbe( 1724): [ggml] .
10-07 23:27:50.345 I/NpuProbe( 1724): [ggml] .
10-07 23:27:50.345 I/NpuProbe( 1724): [ggml] .
10-07 23:27:50.346 I/NpuProbe( 1724): [ggml] .
10-07 23:27:50.346 I/NpuProbe( 1724): [ggml] .
10-07 23:27:50.347 I/NpuProbe( 1724): [ggml] .
10-07 23:27:50.347 I/NpuProbe( 1724): [ggml] .
10-07 23:27:50.347 I/NpuProbe( 1724): [ggml] .
10-07 23:27:50.347 I/NpuProbe( 1724): [ggml] .
10-07 23:27:50.347 I/NpuProbe( 1724): [ggml] .
10-07 23:27:50.348 I/NpuProbe( 1724): [ggml] .
10-07 23:27:50.348 I/NpuProbe( 1724): [ggml] .
10-07 23:27:50.348 I/NpuProbe( 1724): [ggml] .
10-07 23:27:50.348 I/NpuProbe( 1724): [ggml] .
10-07 23:27:50.348 I/NpuProbe( 1724): [ggml] .
10-07 23:27:50.348 I/NpuProbe( 1724): [ggml] .
10-07 23:27:50.349 I/NpuProbe( 1724): [ggml] .
10-07 23:27:53.961 I/NpuProbe( 1724): [ggml] ggml_opencl: OpenCL driver: OpenCL 3.0 QUALCOMM build: 0842.41 Compiler E031.50.19.27
10-07 23:27:53.961 I/NpuProbe( 1724): [ggml] ggml_opencl: vector subgroup broadcast support: true
10-07 23:27:53.961 I/NpuProbe( 1724): [ggml] ggml_opencl: subgroup shuffle support: true
10-07 23:27:53.961 I/NpuProbe( 1724): [ggml] ggml_opencl: device FP16 support: true
10-07 23:27:53.961 I/NpuProbe( 1724): [ggml] ggml_opencl: khr dot product support: true
10-07 23:27:53.961 I/NpuProbe( 1724): [ggml] ggml_opencl: mem base addr align: 128
10-07 23:27:53.961 I/NpuProbe( 1724): [ggml] ggml_opencl: global mem size: 7555 MB
10-07 23:27:53.961 I/NpuProbe( 1724): [ggml] ggml_opencl: max mem alloc size: 2048 MB
10-07 23:27:53.961 I/NpuProbe( 1724): [ggml] ggml_opencl: device max image buffer size (pixels): 2147483648
10-07 23:27:53.961 I/NpuProbe( 1724): [ggml] ggml_opencl: device max image2d size: 16384 x 16384
10-07 23:27:53.961 I/NpuProbe( 1724): [ggml] ggml_opencl: device max workgroup size: 1024
10-07 23:27:53.961 I/NpuProbe( 1724): [ggml] ggml_opencl: SVM coarse grain buffer support: true
10-07 23:27:53.961 I/NpuProbe( 1724): [ggml] ggml_opencl: SVM fine grain buffer support: true
10-07 23:27:53.961 I/NpuProbe( 1724): [ggml] ggml_opencl: SVM fine grain system support: false
10-07 23:27:53.961 I/NpuProbe( 1724): [ggml] ggml_opencl: SVM atomics support: true
10-07 23:27:53.961 I/NpuProbe( 1724): [ggml] ggml_opencl: cl_qcom_subgroup_shuffle support: true
10-07 23:27:53.961 I/NpuProbe( 1724): [ggml] ggml_opencl: flattening quantized weights representation as struct of arrays (GGML_OPENCL_SOA_Q)
10-07 23:27:53.961 I/NpuProbe( 1724): [ggml] ggml_opencl: using kernels optimized for Adreno (GGML_OPENCL_USE_ADRENO_KERNELS)
10-07 23:28:13.399 I/NpuProbe( 1724): [ggml] ggml_opencl: lazy-compiling flash_attn prepass for DK=128 DV=128
10-07 23:28:13.399 I/NpuProbe( 1724): [ggml] ggml_opencl: compiling fa prepass f16
10-07 23:28:13.911 I/NpuProbe( 1724): [ggml] ggml_opencl: compiling fa f32_f16
10-07 23:28:16.368 I/NpuProbe( 1724): [ggml] ggml_opencl: flash_attn_f32_f16_q1_vec_mq_split_c8 DK=128 DV=128 per-kernel max 128 < required 256; skipping registration (will fall back)
10-07 23:28:16.368 I/NpuProbe( 1724): [ggml] ggml_opencl: compiling fa f32_f16 MQ_GQA=8
10-07 23:28:17.208 I/NpuProbe( 1724): [ggml] ggml_opencl: flash_attn_f32_f16_q1_vec_mq_split_c8 (g8) DK=128 DV=128 per-kernel max 128 < required 192; skipping registration (will fall back)
10-07 23:28:17.208 I/NpuProbe( 1724): [ggml] ggml_opencl: compiling fa f32_f16 c8 NSG2
10-07 23:28:17.459 I/NpuProbe( 1724): [ggml] ggml_opencl: compiling fa f32_f16 c8 g8 NSG2
10-07 23:28:17.852 I/NpuProbe( 1724): [ggml] ggml_opencl: compiling fa f32_f16 split
10-07 23:30:54.790 I/NpuProbe( 1724): DIV_DET: pos=264 tokD=305 tokS=11 | topD=[305:26.6921 11:26.6825 26:16.0612 13:15.5356 739:13.9387 ] topS=[11:26.7165 305:26.5443 26:16.1251 13:15.5035 739:14.0038 ] | margemD=0.0096 margemS=0.1723 finite=1
10-07 23:31:16.111 I/NpuProbe( 1724): SESS[0] opencl valid: ok=1 cap=0 eog_tok1=0 tok1=14533 emitidos=301 consumidos=301 dec_s=301
10-07 23:31:16.111 I/NpuProbe( 1724): SESS[0] opencl tempos: prefill=9692.99ms export=1.01ms(12586017B) import=14.42ms gen=90234.55ms
10-07 23:31:16.111 I/NpuProbe( 1724): SESS[0] opencl fronteiras(ms): prefdone=9695.5 tok1r=9794.9 impdone=9809.3 tok2r=13347.9 fim=100043.9 wall=100043.9 reset=12.22
10-07 23:31:16.111 I/NpuProbe( 1724): SESS[0] opencl texto_len=1061 (integral no JSON)
10-07 23:31:16.111 I/NpuProbe( 1724): SESS[0] opencl lifecycle: load_dst=4269ms load_src=275ms (0=WARM)
10-07 23:31:16.111 I/NpuProbe( 1724): SESS[0] opencl RESULTADO: SMART-DIVERGENTE
10-07 23:31:16.114 I/NpuProbe( 1724): PROMPT[1]: arquivo proprio (len=205)
10-07 23:31:39.089 I/NpuProbe( 1724): SESS[1] opencl valid: ok=1 cap=0 eog_tok1=0 tok1=46 emitidos=26 consumidos=26 dec_s=26
10-07 23:31:39.090 I/NpuProbe( 1724): SESS[1] opencl tempos: prefill=2015.37ms export=0.10ms(1770597B) import=10.47ms gen=7797.48ms
10-07 23:31:39.090 I/NpuProbe( 1724): SESS[1] opencl fronteiras(ms): prefdone=2015.7 tok1r=2029.9 impdone=2040.4 tok2r=2076.4 fim=9837.9 wall=9837.9 reset=11.79
10-07 23:31:39.090 I/NpuProbe( 1724): SESS[1] opencl texto_len=77 (integral no JSON)
10-07 23:31:39.090 I/NpuProbe( 1724): SESS[1] opencl lifecycle: load_dst=0ms load_src=0ms (0=WARM)
10-07 23:31:39.090 I/NpuProbe( 1724): SESS[1] opencl RESULTADO: SMART-ACEITO
10-07 23:31:39.093 I/NpuProbe( 1724): PROMPT[2]: arquivo proprio (len=1101)
--------- beginning of main
10-07 23:27:49.669 I/NpuProbe( 1724): nativeLibraryDir=/data/app/~~lpRbazBN5YZmky3PSTRBxw==/br.gov.sp.pcsp.npuprobe-TxoI9sAkGUKDb2hYH9j-kg==/lib/arm64
10-07 23:27:49.669 I/NpuProbe( 1724): runProbe PULADO (p4-auto presente; preinit do tune)
10-07 23:27:49.669 I/NpuProbe( 1724): REPORT:
10-07 23:27:49.669 I/NpuProbe( 1724): (runProbe PULADO: p4-auto presente; evita init Hexagon pre-tune - R8)
10-07 23:27:49.669 I/NpuProbe( 1724): AUTO-GATILHO='smart:sessao'
10-07 23:27:49.670 I/NpuProbe( 1724): SMART iniciando rota=sessao com /data/local/tmp/hymt2_app.gguf
10-07 23:27:49.670 I/NpuProbe( 1724): SMARTv2 rota='sessao' mutante=(none)
10-07 23:27:49.674 I/NpuProbe( 1724): [ggml] ggml_vulkan: Found 1 Vulkan devices:
10-07 23:27:49.675 I/NpuProbe( 1724): [ggml] ggml_vulkan: 0 = Adreno (TM) 840 (Qualcomm Technologies Inc. Adreno Vulkan Driver) | uma: 1 | fp16: 1 | bf16: 0 | fp4: 0 | warp size: 64 | shared memory: 32768 | int dot: 0 | matrix cores: none
10-07 23:27:49.705 I/NpuProbe( 1724): [ggml] ggml_opencl: selected platform: 'QUALCOMM Snapdragon(TM)'
10-07 23:27:49.705 I/NpuProbe( 1724): [ggml] 
10-07 23:27:49.705 I/NpuProbe( 1724): ggml_opencl: device: 'QUALCOMM Adreno(TM) 840 (OpenCL 3.0 Adreno(TM) 840)'
10-07 23:27:49.706 I/NpuProbe( 1724): [ggml] ggml_opencl: default device: 'QUALCOMM Adreno(TM) 840 (OpenCL 3.0 Adreno(TM) 840)'
10-07 23:27:49.706 I/NpuProbe( 1724): [ggml] ggml-hex: Loading driver libcdsprpc.so
10-07 23:27:49.715 I/NpuProbe( 1724): [ggml] ggml-hex: Hexagon backend (experimental) : allocating new registry : ndev 1
10-07 23:27:49.715 I/NpuProbe( 1724): [ggml] ggml-hex: Hexagon Arch version v81
10-07 23:27:49.715 I/NpuProbe( 1724): [ggml] ggml-hex: HTP0 allocating new session
10-07 23:27:49.752 I/NpuProbe( 1724): [ggml] ggml-hex: HTP0 hwinfo: threads 8, hvx 8, hmx 1, vtcm 8 MB
10-07 23:27:49.752 I/NpuProbe( 1724): [ggml] ggml-hex: HTP0 new session : session-id 0 domain-id 3 uri file:///libggml-htp-v81.so?htp_iface_skel_handle_invoke&_modver=1.0&_dom=cdsp&_session=0 handle 0xb4000077d9ab5c00
10-07 23:27:49.756 I/NpuProbe( 1724): [ggml] ggml-hex: HTP0 op batching: n-bufs 16 n-tensors 7168 n-ops 1024 vmem 3355443200
10-07 23:27:49.762 I/NpuProbe( 1724): SESSAO(730e599): 3 requests na mesma sessao (roles separados; JSON nativo em files/r6-sess.jsonl)
10-07 23:27:49.763 I/NpuProbe( 1724): PROMPT[0]: arquivo proprio (len=1101)
10-07 23:27:50.323 I/NpuProbe( 1724): [ggml] ggml_opencl: kernel cache enabled at '/data/user/0/br.gov.sp.pcsp.npuprobe/cache/llama.cpp/cl-cache'
10-07 23:27:50.323 I/NpuProbe( 1724): [ggml] ggml_opencl: loading OpenCL kernels
10-07 23:27:50.324 I/NpuProbe( 1724): [ggml] .
10-07 23:27:50.325 I/NpuProbe( 1724): [ggml] .
10-07 23:27:50.325 I/NpuProbe( 1724): [ggml] .
10-07 23:27:50.325 I/NpuProbe( 1724): [ggml] .
10-07 23:27:50.325 I/NpuProbe( 1724): [ggml] .
10-07 23:27:50.326 I/NpuProbe( 1724): [ggml] .
10-07 23:27:50.328 I/NpuProbe( 1724): [ggml] .
10-07 23:27:50.329 I/NpuProbe( 1724): [ggml] .
10-07 23:27:50.329 I/NpuProbe( 1724): [ggml] .
10-07 23:27:50.329 I/NpuProbe( 1724): [ggml] .
10-07 23:27:50.330 I/NpuProbe( 1724): [ggml] .
10-07 23:27:50.330 I/NpuProbe( 1724): [ggml] .
10-07 23:27:50.330 I/NpuProbe( 1724): [ggml] .
10-07 23:27:50.330 I/NpuProbe( 1724): [ggml] .
10-07 23:27:50.331 I/NpuProbe( 1724): [ggml] .
10-07 23:27:50.331 I/NpuProbe( 1724): [ggml] .
10-07 23:27:50.331 I/NpuProbe( 1724): [ggml] .
10-07 23:27:50.331 I/NpuProbe( 1724): [ggml] .
10-07 23:27:50.333 I/NpuProbe( 1724): [ggml] .
10-07 23:27:50.333 I/NpuProbe( 1724): [ggml] .
10-07 23:27:50.333 I/NpuProbe( 1724): [ggml] .
10-07 23:27:50.334 I/NpuProbe( 1724): [ggml] .
10-07 23:27:50.334 I/NpuProbe( 1724): [ggml] .
10-07 23:27:50.334 I/NpuProbe( 1724): [ggml] .
10-07 23:27:50.334 I/NpuProbe( 1724): [ggml] .
10-07 23:27:50.335 I/NpuProbe( 1724): [ggml] .
10-07 23:27:50.335 I/NpuProbe( 1724): [ggml] .
10-07 23:27:50.335 I/NpuProbe( 1724): [ggml] .
10-07 23:27:50.335 I/NpuProbe( 1724): [ggml] .
10-07 23:27:50.336 I/NpuProbe( 1724): [ggml] .
10-07 23:27:50.337 I/NpuProbe( 1724): [ggml] .
10-07 23:27:50.337 I/NpuProbe( 1724): [ggml] .
10-07 23:27:50.337 I/NpuProbe( 1724): [ggml] .
10-07 23:27:50.337 I/NpuProbe( 1724): [ggml] .
10-07 23:27:50.338 I/NpuProbe( 1724): [ggml] .
10-07 23:27:50.338 I/NpuProbe( 1724): [ggml] .
10-07 23:27:50.338 I/NpuProbe( 1724): [ggml] .
10-07 23:27:50.338 I/NpuProbe( 1724): [ggml] .
10-07 23:27:50.339 I/NpuProbe( 1724): [ggml] .
10-07 23:27:50.339 I/NpuProbe( 1724): [ggml] .
10-07 23:27:50.339 I/NpuProbe( 1724): [ggml] .
10-07 23:27:50.340 I/NpuProbe( 1724): [ggml] .
10-07 23:27:50.340 I/NpuProbe( 1724): [ggml] .
10-07 23:27:50.340 I/NpuProbe( 1724): [ggml] .
10-07 23:27:50.341 I/NpuProbe( 1724): [ggml] .
10-07 23:27:50.341 I/NpuProbe( 1724): [ggml] .
10-07 23:27:50.341 I/NpuProbe( 1724): [ggml] .
10-07 23:27:50.341 I/NpuProbe( 1724): [ggml] .
10-07 23:27:50.342 I/NpuProbe( 1724): [ggml] .
10-07 23:27:50.342 I/NpuProbe( 1724): [ggml] .
10-07 23:27:50.342 I/NpuProbe( 1724): [ggml] .
10-07 23:27:50.342 I/NpuProbe( 1724): [ggml] .
10-07 23:27:50.342 I/NpuProbe( 1724): [ggml] .
10-07 23:27:50.343 I/NpuProbe( 1724): [ggml] .
10-07 23:27:50.343 I/NpuProbe( 1724): [ggml] .
10-07 23:27:50.343 I/NpuProbe( 1724): [ggml] .
10-07 23:27:50.344 I/NpuProbe( 1724): [ggml] .
10-07 23:27:50.344 I/NpuProbe( 1724): [ggml] .
10-07 23:27:50.345 I/NpuProbe( 1724): [ggml] .
10-07 23:27:50.345 I/NpuProbe( 1724): [ggml] .
10-07 23:27:50.345 I/NpuProbe( 1724): [ggml] .
10-07 23:27:50.345 I/NpuProbe( 1724): [ggml] .
10-07 23:27:50.346 I/NpuProbe( 1724): [ggml] .
10-07 23:27:50.346 I/NpuProbe( 1724): [ggml] .
10-07 23:27:50.347 I/NpuProbe( 1724): [ggml] .
10-07 23:27:50.347 I/NpuProbe( 1724): [ggml] .
10-07 23:27:50.347 I/NpuProbe( 1724): [ggml] .
10-07 23:27:50.347 I/NpuProbe( 1724): [ggml] .
10-07 23:27:50.347 I/NpuProbe( 1724): [ggml] .
10-07 23:27:50.348 I/NpuProbe( 1724): [ggml] .
10-07 23:27:50.348 I/NpuProbe( 1724): [ggml] .
10-07 23:27:50.348 I/NpuProbe( 1724): [ggml] .
10-07 23:27:50.348 I/NpuProbe( 1724): [ggml] .
10-07 23:27:50.348 I/NpuProbe( 1724): [ggml] .
10-07 23:27:50.348 I/NpuProbe( 1724): [ggml] .
10-07 23:27:50.349 I/NpuProbe( 1724): [ggml] .
10-07 23:27:53.961 I/NpuProbe( 1724): [ggml] ggml_opencl: OpenCL driver: OpenCL 3.0 QUALCOMM build: 0842.41 Compiler E031.50.19.27
10-07 23:27:53.961 I/NpuProbe( 1724): [ggml] ggml_opencl: vector subgroup broadcast support: true
10-07 23:27:53.961 I/NpuProbe( 1724): [ggml] ggml_opencl: subgroup shuffle support: true
10-07 23:27:53.961 I/NpuProbe( 1724): [ggml] ggml_opencl: device FP16 support: true
10-07 23:27:53.961 I/NpuProbe( 1724): [ggml] ggml_opencl: khr dot product support: true
10-07 23:27:53.961 I/NpuProbe( 1724): [ggml] ggml_opencl: mem base addr align: 128
10-07 23:27:53.961 I/NpuProbe( 1724): [ggml] ggml_opencl: global mem size: 7555 MB
10-07 23:27:53.961 I/NpuProbe( 1724): [ggml] ggml_opencl: max mem alloc size: 2048 MB
10-07 23:27:53.961 I/NpuProbe( 1724): [ggml] ggml_opencl: device max image buffer size (pixels): 2147483648
10-07 23:27:53.961 I/NpuProbe( 1724): [ggml] ggml_opencl: device max image2d size: 16384 x 16384
10-07 23:27:53.961 I/NpuProbe( 1724): [ggml] ggml_opencl: device max workgroup size: 1024
10-07 23:27:53.961 I/NpuProbe( 1724): [ggml] ggml_opencl: SVM coarse grain buffer support: true
10-07 23:27:53.961 I/NpuProbe( 1724): [ggml] ggml_opencl: SVM fine grain buffer support: true
10-07 23:27:53.961 I/NpuProbe( 1724): [ggml] ggml_opencl: SVM fine grain system support: false
10-07 23:27:53.961 I/NpuProbe( 1724): [ggml] ggml_opencl: SVM atomics support: true
10-07 23:27:53.961 I/NpuProbe( 1724): [ggml] ggml_opencl: cl_qcom_subgroup_shuffle support: true
10-07 23:27:53.961 I/NpuProbe( 1724): [ggml] ggml_opencl: flattening quantized weights representation as struct of arrays (GGML_OPENCL_SOA_Q)
10-07 23:27:53.961 I/NpuProbe( 1724): [ggml] ggml_opencl: using kernels optimized for Adreno (GGML_OPENCL_USE_ADRENO_KERNELS)
10-07 23:28:13.399 I/NpuProbe( 1724): [ggml] ggml_opencl: lazy-compiling flash_attn prepass for DK=128 DV=128
10-07 23:28:13.399 I/NpuProbe( 1724): [ggml] ggml_opencl: compiling fa prepass f16
10-07 23:28:13.911 I/NpuProbe( 1724): [ggml] ggml_opencl: compiling fa f32_f16
10-07 23:28:16.368 I/NpuProbe( 1724): [ggml] ggml_opencl: flash_attn_f32_f16_q1_vec_mq_split_c8 DK=128 DV=128 per-kernel max 128 < required 256; skipping registration (will fall back)
10-07 23:28:16.368 I/NpuProbe( 1724): [ggml] ggml_opencl: compiling fa f32_f16 MQ_GQA=8
10-07 23:28:17.208 I/NpuProbe( 1724): [ggml] ggml_opencl: flash_attn_f32_f16_q1_vec_mq_split_c8 (g8) DK=128 DV=128 per-kernel max 128 < required 192; skipping registration (will fall back)
10-07 23:28:17.208 I/NpuProbe( 1724): [ggml] ggml_opencl: compiling fa f32_f16 c8 NSG2
10-07 23:28:17.459 I/NpuProbe( 1724): [ggml] ggml_opencl: compiling fa f32_f16 c8 g8 NSG2
10-07 23:28:17.852 I/NpuProbe( 1724): [ggml] ggml_opencl: compiling fa f32_f16 split
10-07 23:30:54.790 I/NpuProbe( 1724): DIV_DET: pos=264 tokD=305 tokS=11 | topD=[305:26.6921 11:26.6825 26:16.0612 13:15.5356 739:13.9387 ] topS=[11:26.7165 305:26.5443 26:16.1251 13:15.5035 739:14.0038 ] | margemD=0.0096 margemS=0.1723 finite=1
10-07 23:31:16.111 I/NpuProbe( 1724): SESS[0] opencl valid: ok=1 cap=0 eog_tok1=0 tok1=14533 emitidos=301 consumidos=301 dec_s=301
10-07 23:31:16.111 I/NpuProbe( 1724): SESS[0] opencl tempos: prefill=9692.99ms export=1.01ms(12586017B) import=14.42ms gen=90234.55ms
10-07 23:31:16.111 I/NpuProbe( 1724): SESS[0] opencl fronteiras(ms): prefdone=9695.5 tok1r=9794.9 impdone=9809.3 tok2r=13347.9 fim=100043.9 wall=100043.9 reset=12.22
10-07 23:31:16.111 I/NpuProbe( 1724): SESS[0] opencl texto_len=1061 (integral no JSON)
10-07 23:31:16.111 I/NpuProbe( 1724): SESS[0] opencl lifecycle: load_dst=4269ms load_src=275ms (0=WARM)
10-07 23:31:16.111 I/NpuProbe( 1724): SESS[0] opencl RESULTADO: SMART-DIVERGENTE
10-07 23:31:16.114 I/NpuProbe( 1724): PROMPT[1]: arquivo proprio (len=205)
10-07 23:31:39.089 I/NpuProbe( 1724): SESS[1] opencl valid: ok=1 cap=0 eog_tok1=0 tok1=46 emitidos=26 consumidos=26 dec_s=26
10-07 23:31:39.090 I/NpuProbe( 1724): SESS[1] opencl tempos: prefill=2015.37ms export=0.10ms(1770597B) import=10.47ms gen=7797.48ms
10-07 23:31:39.090 I/NpuProbe( 1724): SESS[1] opencl fronteiras(ms): prefdone=2015.7 tok1r=2029.9 impdone=2040.4 tok2r=2076.4 fim=9837.9 wall=9837.9 reset=11.79
10-07 23:31:39.090 I/NpuProbe( 1724): SESS[1] opencl texto_len=77 (integral no JSON)
10-07 23:31:39.090 I/NpuProbe( 1724): SESS[1] opencl lifecycle: load_dst=0ms load_src=0ms (0=WARM)
10-07 23:31:39.090 I/NpuProbe( 1724): SESS[1] opencl RESULTADO: SMART-ACEITO
10-07 23:31:39.093 I/NpuProbe( 1724): PROMPT[2]: arquivo proprio (len=1101)
--------- beginning of main
10-07 23:27:53.961 I/NpuProbe( 1724): [ggml] ggml_opencl: OpenCL driver: OpenCL 3.0 QUALCOMM build: 0842.41 Compiler E031.50.19.27
10-07 23:27:53.961 I/NpuProbe( 1724): [ggml] ggml_opencl: vector subgroup broadcast support: true
10-07 23:27:53.961 I/NpuProbe( 1724): [ggml] ggml_opencl: subgroup shuffle support: true
10-07 23:27:53.961 I/NpuProbe( 1724): [ggml] ggml_opencl: device FP16 support: true
10-07 23:27:53.961 I/NpuProbe( 1724): [ggml] ggml_opencl: khr dot product support: true
10-07 23:27:53.961 I/NpuProbe( 1724): [ggml] ggml_opencl: mem base addr align: 128
10-07 23:27:53.961 I/NpuProbe( 1724): [ggml] ggml_opencl: global mem size: 7555 MB
10-07 23:27:53.961 I/NpuProbe( 1724): [ggml] ggml_opencl: max mem alloc size: 2048 MB
10-07 23:27:53.961 I/NpuProbe( 1724): [ggml] ggml_opencl: device max image buffer size (pixels): 2147483648
10-07 23:27:53.961 I/NpuProbe( 1724): [ggml] ggml_opencl: device max image2d size: 16384 x 16384
10-07 23:27:53.961 I/NpuProbe( 1724): [ggml] ggml_opencl: device max workgroup size: 1024
10-07 23:27:53.961 I/NpuProbe( 1724): [ggml] ggml_opencl: SVM coarse grain buffer support: true
10-07 23:27:53.961 I/NpuProbe( 1724): [ggml] ggml_opencl: SVM fine grain buffer support: true
10-07 23:27:53.961 I/NpuProbe( 1724): [ggml] ggml_opencl: SVM fine grain system support: false
10-07 23:27:53.961 I/NpuProbe( 1724): [ggml] ggml_opencl: SVM atomics support: true
10-07 23:27:53.961 I/NpuProbe( 1724): [ggml] ggml_opencl: cl_qcom_subgroup_shuffle support: true
10-07 23:27:53.961 I/NpuProbe( 1724): [ggml] ggml_opencl: flattening quantized weights representation as struct of arrays (GGML_OPENCL_SOA_Q)
10-07 23:27:53.961 I/NpuProbe( 1724): [ggml] ggml_opencl: using kernels optimized for Adreno (GGML_OPENCL_USE_ADRENO_KERNELS)
10-07 23:28:13.399 I/NpuProbe( 1724): [ggml] ggml_opencl: lazy-compiling flash_attn prepass for DK=128 DV=128
10-07 23:28:13.399 I/NpuProbe( 1724): [ggml] ggml_opencl: compiling fa prepass f16
10-07 23:28:13.911 I/NpuProbe( 1724): [ggml] ggml_opencl: compiling fa f32_f16
10-07 23:28:16.368 I/NpuProbe( 1724): [ggml] ggml_opencl: flash_attn_f32_f16_q1_vec_mq_split_c8 DK=128 DV=128 per-kernel max 128 < required 256; skipping registration (will fall back)
10-07 23:28:16.368 I/NpuProbe( 1724): [ggml] ggml_opencl: compiling fa f32_f16 MQ_GQA=8
10-07 23:28:17.208 I/NpuProbe( 1724): [ggml] ggml_opencl: flash_attn_f32_f16_q1_vec_mq_split_c8 (g8) DK=128 DV=128 per-kernel max 128 < required 192; skipping registration (will fall back)
10-07 23:28:17.208 I/NpuProbe( 1724): [ggml] ggml_opencl: compiling fa f32_f16 c8 NSG2
10-07 23:28:17.459 I/NpuProbe( 1724): [ggml] ggml_opencl: compiling fa f32_f16 c8 g8 NSG2
10-07 23:28:17.852 I/NpuProbe( 1724): [ggml] ggml_opencl: compiling fa f32_f16 split
10-07 23:30:54.790 I/NpuProbe( 1724): DIV_DET: pos=264 tokD=305 tokS=11 | topD=[305:26.6921 11:26.6825 26:16.0612 13:15.5356 739:13.9387 ] topS=[11:26.7165 305:26.5443 26:16.1251 13:15.5035 739:14.0038 ] | margemD=0.0096 margemS=0.1723 finite=1
10-07 23:31:16.111 I/NpuProbe( 1724): SESS[0] opencl valid: ok=1 cap=0 eog_tok1=0 tok1=14533 emitidos=301 consumidos=301 dec_s=301
10-07 23:31:16.111 I/NpuProbe( 1724): SESS[0] opencl tempos: prefill=9692.99ms export=1.01ms(12586017B) import=14.42ms gen=90234.55ms
10-07 23:31:16.111 I/NpuProbe( 1724): SESS[0] opencl fronteiras(ms): prefdone=9695.5 tok1r=9794.9 impdone=9809.3 tok2r=13347.9 fim=100043.9 wall=100043.9 reset=12.22
10-07 23:31:16.111 I/NpuProbe( 1724): SESS[0] opencl texto_len=1061 (integral no JSON)
10-07 23:31:16.111 I/NpuProbe( 1724): SESS[0] opencl lifecycle: load_dst=4269ms load_src=275ms (0=WARM)
10-07 23:31:16.111 I/NpuProbe( 1724): SESS[0] opencl RESULTADO: SMART-DIVERGENTE
10-07 23:31:16.114 I/NpuProbe( 1724): PROMPT[1]: arquivo proprio (len=205)
10-07 23:31:39.089 I/NpuProbe( 1724): SESS[1] opencl valid: ok=1 cap=0 eog_tok1=0 tok1=46 emitidos=26 consumidos=26 dec_s=26
10-07 23:31:39.090 I/NpuProbe( 1724): SESS[1] opencl tempos: prefill=2015.37ms export=0.10ms(1770597B) import=10.47ms gen=7797.48ms
10-07 23:31:39.090 I/NpuProbe( 1724): SESS[1] opencl fronteiras(ms): prefdone=2015.7 tok1r=2029.9 impdone=2040.4 tok2r=2076.4 fim=9837.9 wall=9837.9 reset=11.79
10-07 23:31:39.090 I/NpuProbe( 1724): SESS[1] opencl texto_len=77 (integral no JSON)
10-07 23:31:39.090 I/NpuProbe( 1724): SESS[1] opencl lifecycle: load_dst=0ms load_src=0ms (0=WARM)
10-07 23:31:39.090 I/NpuProbe( 1724): SESS[1] opencl RESULTADO: SMART-ACEITO
10-07 23:31:39.093 I/NpuProbe( 1724): PROMPT[2]: arquivo proprio (len=1101)
10-07 23:33:01.111 I/NpuProbe(21995): nativeLibraryDir=/data/app/~~lpRbazBN5YZmky3PSTRBxw==/br.gov.sp.pcsp.npuprobe-TxoI9sAkGUKDb2hYH9j-kg==/lib/arm64
10-07 23:33:01.111 I/NpuProbe(21995): runProbe PULADO (p4-auto presente; preinit do tune)
10-07 23:33:01.111 I/NpuProbe(21995): REPORT:
10-07 23:33:01.111 I/NpuProbe(21995): (runProbe PULADO: p4-auto presente; evita init Hexagon pre-tune - R8)
10-07 23:33:01.111 I/NpuProbe(21995): AUTO-GATILHO='smart:sessao'
10-07 23:33:01.112 I/NpuProbe(21995): SMART iniciando rota=sessao com /data/local/tmp/hymt2_app.gguf
10-07 23:33:01.112 I/NpuProbe(21995): SMARTv2 rota='sessao' mutante=(none)
10-07 23:33:01.115 I/NpuProbe(21995): [ggml] ggml_vulkan: Found 1 Vulkan devices:
10-07 23:33:01.116 I/NpuProbe(21995): [ggml] ggml_vulkan: 0 = Adreno (TM) 840 (Qualcomm Technologies Inc. Adreno Vulkan Driver) | uma: 1 | fp16: 1 | bf16: 0 | fp4: 0 | warp size: 64 | shared memory: 32768 | int dot: 0 | matrix cores: none
10-07 23:33:01.143 I/NpuProbe(21995): [ggml] ggml_opencl: selected platform: 'QUALCOMM Snapdragon(TM)'
10-07 23:33:01.144 I/NpuProbe(21995): [ggml] 
10-07 23:33:01.144 I/NpuProbe(21995): ggml_opencl: device: 'QUALCOMM Adreno(TM) 840 (OpenCL 3.0 Adreno(TM) 840)'
10-07 23:33:01.144 I/NpuProbe(21995): [ggml] ggml_opencl: default device: 'QUALCOMM Adreno(TM) 840 (OpenCL 3.0 Adreno(TM) 840)'
10-07 23:33:01.144 I/NpuProbe(21995): [ggml] ggml-hex: Loading driver libcdsprpc.so
10-07 23:33:01.150 I/NpuProbe(21995): [ggml] ggml-hex: Hexagon backend (experimental) : allocating new registry : ndev 1
10-07 23:33:01.150 I/NpuProbe(21995): [ggml] ggml-hex: Hexagon Arch version v81
10-07 23:33:01.150 I/NpuProbe(21995): [ggml] ggml-hex: HTP0 allocating new session
10-07 23:33:01.184 I/NpuProbe(21995): [ggml] ggml-hex: HTP0 hwinfo: threads 8, hvx 8, hmx 1, vtcm 8 MB
10-07 23:33:01.184 I/NpuProbe(21995): [ggml] ggml-hex: HTP0 new session : session-id 0 domain-id 3 uri file:///libggml-htp-v81.so?htp_iface_skel_handle_invoke&_modver=1.0&_dom=cdsp&_session=0 handle 0xb4000077d53013c0
10-07 23:33:01.189 I/NpuProbe(21995): [ggml] ggml-hex: HTP0 op batching: n-bufs 16 n-tensors 7168 n-ops 1024 vmem 3355443200
10-07 23:33:01.195 I/NpuProbe(21995): SESSAO(7334d57): 3 requests na mesma sessao (roles separados; JSON nativo em files/r6-sess.jsonl)
10-07 23:33:01.196 I/NpuProbe(21995): PROMPT[0]: arquivo proprio (len=1101)
--------- beginning of main
10-07 23:30:54.790 I/NpuProbe( 1724): DIV_DET: pos=264 tokD=305 tokS=11 | topD=[305:26.6921 11:26.6825 26:16.0612 13:15.5356 739:13.9387 ] topS=[11:26.7165 305:26.5443 26:16.1251 13:15.5035 739:14.0038 ] | margemD=0.0096 margemS=0.1723 finite=1
10-07 23:31:16.111 I/NpuProbe( 1724): SESS[0] opencl valid: ok=1 cap=0 eog_tok1=0 tok1=14533 emitidos=301 consumidos=301 dec_s=301
10-07 23:31:16.111 I/NpuProbe( 1724): SESS[0] opencl tempos: prefill=9692.99ms export=1.01ms(12586017B) import=14.42ms gen=90234.55ms
10-07 23:31:16.111 I/NpuProbe( 1724): SESS[0] opencl fronteiras(ms): prefdone=9695.5 tok1r=9794.9 impdone=9809.3 tok2r=13347.9 fim=100043.9 wall=100043.9 reset=12.22
10-07 23:31:16.111 I/NpuProbe( 1724): SESS[0] opencl texto_len=1061 (integral no JSON)
10-07 23:31:16.111 I/NpuProbe( 1724): SESS[0] opencl lifecycle: load_dst=4269ms load_src=275ms (0=WARM)
10-07 23:31:16.111 I/NpuProbe( 1724): SESS[0] opencl RESULTADO: SMART-DIVERGENTE
10-07 23:31:16.114 I/NpuProbe( 1724): PROMPT[1]: arquivo proprio (len=205)
10-07 23:31:39.089 I/NpuProbe( 1724): SESS[1] opencl valid: ok=1 cap=0 eog_tok1=0 tok1=46 emitidos=26 consumidos=26 dec_s=26
10-07 23:31:39.090 I/NpuProbe( 1724): SESS[1] opencl tempos: prefill=2015.37ms export=0.10ms(1770597B) import=10.47ms gen=7797.48ms
10-07 23:31:39.090 I/NpuProbe( 1724): SESS[1] opencl fronteiras(ms): prefdone=2015.7 tok1r=2029.9 impdone=2040.4 tok2r=2076.4 fim=9837.9 wall=9837.9 reset=11.79
10-07 23:31:39.090 I/NpuProbe( 1724): SESS[1] opencl texto_len=77 (integral no JSON)
10-07 23:31:39.090 I/NpuProbe( 1724): SESS[1] opencl lifecycle: load_dst=0ms load_src=0ms (0=WARM)
10-07 23:31:39.090 I/NpuProbe( 1724): SESS[1] opencl RESULTADO: SMART-ACEITO
10-07 23:31:39.093 I/NpuProbe( 1724): PROMPT[2]: arquivo proprio (len=1101)
10-07 23:33:01.111 I/NpuProbe(21995): nativeLibraryDir=/data/app/~~lpRbazBN5YZmky3PSTRBxw==/br.gov.sp.pcsp.npuprobe-TxoI9sAkGUKDb2hYH9j-kg==/lib/arm64
10-07 23:33:01.111 I/NpuProbe(21995): runProbe PULADO (p4-auto presente; preinit do tune)
10-07 23:33:01.111 I/NpuProbe(21995): REPORT:
10-07 23:33:01.111 I/NpuProbe(21995): (runProbe PULADO: p4-auto presente; evita init Hexagon pre-tune - R8)
10-07 23:33:01.111 I/NpuProbe(21995): AUTO-GATILHO='smart:sessao'
10-07 23:33:01.112 I/NpuProbe(21995): SMART iniciando rota=sessao com /data/local/tmp/hymt2_app.gguf
10-07 23:33:01.112 I/NpuProbe(21995): SMARTv2 rota='sessao' mutante=(none)
10-07 23:33:01.115 I/NpuProbe(21995): [ggml] ggml_vulkan: Found 1 Vulkan devices:
10-07 23:33:01.116 I/NpuProbe(21995): [ggml] ggml_vulkan: 0 = Adreno (TM) 840 (Qualcomm Technologies Inc. Adreno Vulkan Driver) | uma: 1 | fp16: 1 | bf16: 0 | fp4: 0 | warp size: 64 | shared memory: 32768 | int dot: 0 | matrix cores: none
10-07 23:33:01.143 I/NpuProbe(21995): [ggml] ggml_opencl: selected platform: 'QUALCOMM Snapdragon(TM)'
10-07 23:33:01.144 I/NpuProbe(21995): [ggml] 
10-07 23:33:01.144 I/NpuProbe(21995): ggml_opencl: device: 'QUALCOMM Adreno(TM) 840 (OpenCL 3.0 Adreno(TM) 840)'
10-07 23:33:01.144 I/NpuProbe(21995): [ggml] ggml_opencl: default device: 'QUALCOMM Adreno(TM) 840 (OpenCL 3.0 Adreno(TM) 840)'
10-07 23:33:01.144 I/NpuProbe(21995): [ggml] ggml-hex: Loading driver libcdsprpc.so
10-07 23:33:01.150 I/NpuProbe(21995): [ggml] ggml-hex: Hexagon backend (experimental) : allocating new registry : ndev 1
10-07 23:33:01.150 I/NpuProbe(21995): [ggml] ggml-hex: Hexagon Arch version v81
10-07 23:33:01.150 I/NpuProbe(21995): [ggml] ggml-hex: HTP0 allocating new session
10-07 23:33:01.184 I/NpuProbe(21995): [ggml] ggml-hex: HTP0 hwinfo: threads 8, hvx 8, hmx 1, vtcm 8 MB
10-07 23:33:01.184 I/NpuProbe(21995): [ggml] ggml-hex: HTP0 new session : session-id 0 domain-id 3 uri file:///libggml-htp-v81.so?htp_iface_skel_handle_invoke&_modver=1.0&_dom=cdsp&_session=0 handle 0xb4000077d53013c0
10-07 23:33:01.189 I/NpuProbe(21995): [ggml] ggml-hex: HTP0 op batching: n-bufs 16 n-tensors 7168 n-ops 1024 vmem 3355443200
10-07 23:33:01.195 I/NpuProbe(21995): SESSAO(7334d57): 3 requests na mesma sessao (roles separados; JSON nativo em files/r6-sess.jsonl)
10-07 23:33:01.196 I/NpuProbe(21995): PROMPT[0]: arquivo proprio (len=1101)
--------- beginning of main
10-07 23:30:54.790 I/NpuProbe( 1724): DIV_DET: pos=264 tokD=305 tokS=11 | topD=[305:26.6921 11:26.6825 26:16.0612 13:15.5356 739:13.9387 ] topS=[11:26.7165 305:26.5443 26:16.1251 13:15.5035 739:14.0038 ] | margemD=0.0096 margemS=0.1723 finite=1
10-07 23:31:16.111 I/NpuProbe( 1724): SESS[0] opencl valid: ok=1 cap=0 eog_tok1=0 tok1=14533 emitidos=301 consumidos=301 dec_s=301
10-07 23:31:16.111 I/NpuProbe( 1724): SESS[0] opencl tempos: prefill=9692.99ms export=1.01ms(12586017B) import=14.42ms gen=90234.55ms
10-07 23:31:16.111 I/NpuProbe( 1724): SESS[0] opencl fronteiras(ms): prefdone=9695.5 tok1r=9794.9 impdone=9809.3 tok2r=13347.9 fim=100043.9 wall=100043.9 reset=12.22
10-07 23:31:16.111 I/NpuProbe( 1724): SESS[0] opencl texto_len=1061 (integral no JSON)
10-07 23:31:16.111 I/NpuProbe( 1724): SESS[0] opencl lifecycle: load_dst=4269ms load_src=275ms (0=WARM)
10-07 23:31:16.111 I/NpuProbe( 1724): SESS[0] opencl RESULTADO: SMART-DIVERGENTE
10-07 23:31:16.114 I/NpuProbe( 1724): PROMPT[1]: arquivo proprio (len=205)
10-07 23:31:39.089 I/NpuProbe( 1724): SESS[1] opencl valid: ok=1 cap=0 eog_tok1=0 tok1=46 emitidos=26 consumidos=26 dec_s=26
10-07 23:31:39.090 I/NpuProbe( 1724): SESS[1] opencl tempos: prefill=2015.37ms export=0.10ms(1770597B) import=10.47ms gen=7797.48ms
10-07 23:31:39.090 I/NpuProbe( 1724): SESS[1] opencl fronteiras(ms): prefdone=2015.7 tok1r=2029.9 impdone=2040.4 tok2r=2076.4 fim=9837.9 wall=9837.9 reset=11.79
10-07 23:31:39.090 I/NpuProbe( 1724): SESS[1] opencl texto_len=77 (integral no JSON)
10-07 23:31:39.090 I/NpuProbe( 1724): SESS[1] opencl lifecycle: load_dst=0ms load_src=0ms (0=WARM)
10-07 23:31:39.090 I/NpuProbe( 1724): SESS[1] opencl RESULTADO: SMART-ACEITO
10-07 23:31:39.093 I/NpuProbe( 1724): PROMPT[2]: arquivo proprio (len=1101)
10-07 23:33:01.111 I/NpuProbe(21995): nativeLibraryDir=/data/app/~~lpRbazBN5YZmky3PSTRBxw==/br.gov.sp.pcsp.npuprobe-TxoI9sAkGUKDb2hYH9j-kg==/lib/arm64
10-07 23:33:01.111 I/NpuProbe(21995): runProbe PULADO (p4-auto presente; preinit do tune)
10-07 23:33:01.111 I/NpuProbe(21995): REPORT:
10-07 23:33:01.111 I/NpuProbe(21995): (runProbe PULADO: p4-auto presente; evita init Hexagon pre-tune - R8)
10-07 23:33:01.111 I/NpuProbe(21995): AUTO-GATILHO='smart:sessao'
10-07 23:33:01.112 I/NpuProbe(21995): SMART iniciando rota=sessao com /data/local/tmp/hymt2_app.gguf
10-07 23:33:01.112 I/NpuProbe(21995): SMARTv2 rota='sessao' mutante=(none)
10-07 23:33:01.115 I/NpuProbe(21995): [ggml] ggml_vulkan: Found 1 Vulkan devices:
10-07 23:33:01.116 I/NpuProbe(21995): [ggml] ggml_vulkan: 0 = Adreno (TM) 840 (Qualcomm Technologies Inc. Adreno Vulkan Driver) | uma: 1 | fp16: 1 | bf16: 0 | fp4: 0 | warp size: 64 | shared memory: 32768 | int dot: 0 | matrix cores: none
10-07 23:33:01.143 I/NpuProbe(21995): [ggml] ggml_opencl: selected platform: 'QUALCOMM Snapdragon(TM)'
10-07 23:33:01.144 I/NpuProbe(21995): [ggml] 
10-07 23:33:01.144 I/NpuProbe(21995): ggml_opencl: device: 'QUALCOMM Adreno(TM) 840 (OpenCL 3.0 Adreno(TM) 840)'
10-07 23:33:01.144 I/NpuProbe(21995): [ggml] ggml_opencl: default device: 'QUALCOMM Adreno(TM) 840 (OpenCL 3.0 Adreno(TM) 840)'
10-07 23:33:01.144 I/NpuProbe(21995): [ggml] ggml-hex: Loading driver libcdsprpc.so
10-07 23:33:01.150 I/NpuProbe(21995): [ggml] ggml-hex: Hexagon backend (experimental) : allocating new registry : ndev 1
10-07 23:33:01.150 I/NpuProbe(21995): [ggml] ggml-hex: Hexagon Arch version v81
10-07 23:33:01.150 I/NpuProbe(21995): [ggml] ggml-hex: HTP0 allocating new session
10-07 23:33:01.184 I/NpuProbe(21995): [ggml] ggml-hex: HTP0 hwinfo: threads 8, hvx 8, hmx 1, vtcm 8 MB
10-07 23:33:01.184 I/NpuProbe(21995): [ggml] ggml-hex: HTP0 new session : session-id 0 domain-id 3 uri file:///libggml-htp-v81.so?htp_iface_skel_handle_invoke&_modver=1.0&_dom=cdsp&_session=0 handle 0xb4000077d53013c0
10-07 23:33:01.189 I/NpuProbe(21995): [ggml] ggml-hex: HTP0 op batching: n-bufs 16 n-tensors 7168 n-ops 1024 vmem 3355443200
10-07 23:33:01.195 I/NpuProbe(21995): SESSAO(7334d57): 3 requests na mesma sessao (roles separados; JSON nativo em files/r6-sess.jsonl)
10-07 23:33:01.196 I/NpuProbe(21995): PROMPT[0]: arquivo proprio (len=1101)
--------- beginning of main
10-07 23:30:54.790 I/NpuProbe( 1724): DIV_DET: pos=264 tokD=305 tokS=11 | topD=[305:26.6921 11:26.6825 26:16.0612 13:15.5356 739:13.9387 ] topS=[11:26.7165 305:26.5443 26:16.1251 13:15.5035 739:14.0038 ] | margemD=0.0096 margemS=0.1723 finite=1
10-07 23:31:16.111 I/NpuProbe( 1724): SESS[0] opencl valid: ok=1 cap=0 eog_tok1=0 tok1=14533 emitidos=301 consumidos=301 dec_s=301
10-07 23:31:16.111 I/NpuProbe( 1724): SESS[0] opencl tempos: prefill=9692.99ms export=1.01ms(12586017B) import=14.42ms gen=90234.55ms
10-07 23:31:16.111 I/NpuProbe( 1724): SESS[0] opencl fronteiras(ms): prefdone=9695.5 tok1r=9794.9 impdone=9809.3 tok2r=13347.9 fim=100043.9 wall=100043.9 reset=12.22
10-07 23:31:16.111 I/NpuProbe( 1724): SESS[0] opencl texto_len=1061 (integral no JSON)
10-07 23:31:16.111 I/NpuProbe( 1724): SESS[0] opencl lifecycle: load_dst=4269ms load_src=275ms (0=WARM)
10-07 23:31:16.111 I/NpuProbe( 1724): SESS[0] opencl RESULTADO: SMART-DIVERGENTE
10-07 23:31:16.114 I/NpuProbe( 1724): PROMPT[1]: arquivo proprio (len=205)
10-07 23:31:39.089 I/NpuProbe( 1724): SESS[1] opencl valid: ok=1 cap=0 eog_tok1=0 tok1=46 emitidos=26 consumidos=26 dec_s=26
10-07 23:31:39.090 I/NpuProbe( 1724): SESS[1] opencl tempos: prefill=2015.37ms export=0.10ms(1770597B) import=10.47ms gen=7797.48ms
10-07 23:31:39.090 I/NpuProbe( 1724): SESS[1] opencl fronteiras(ms): prefdone=2015.7 tok1r=2029.9 impdone=2040.4 tok2r=2076.4 fim=9837.9 wall=9837.9 reset=11.79
10-07 23:31:39.090 I/NpuProbe( 1724): SESS[1] opencl texto_len=77 (integral no JSON)
10-07 23:31:39.090 I/NpuProbe( 1724): SESS[1] opencl lifecycle: load_dst=0ms load_src=0ms (0=WARM)
10-07 23:31:39.090 I/NpuProbe( 1724): SESS[1] opencl RESULTADO: SMART-ACEITO
10-07 23:31:39.093 I/NpuProbe( 1724): PROMPT[2]: arquivo proprio (len=1101)
10-07 23:33:01.111 I/NpuProbe(21995): nativeLibraryDir=/data/app/~~lpRbazBN5YZmky3PSTRBxw==/br.gov.sp.pcsp.npuprobe-TxoI9sAkGUKDb2hYH9j-kg==/lib/arm64
10-07 23:33:01.111 I/NpuProbe(21995): runProbe PULADO (p4-auto presente; preinit do tune)
10-07 23:33:01.111 I/NpuProbe(21995): REPORT:
10-07 23:33:01.111 I/NpuProbe(21995): (runProbe PULADO: p4-auto presente; evita init Hexagon pre-tune - R8)
10-07 23:33:01.111 I/NpuProbe(21995): AUTO-GATILHO='smart:sessao'
10-07 23:33:01.112 I/NpuProbe(21995): SMART iniciando rota=sessao com /data/local/tmp/hymt2_app.gguf
10-07 23:33:01.112 I/NpuProbe(21995): SMARTv2 rota='sessao' mutante=(none)
10-07 23:33:01.115 I/NpuProbe(21995): [ggml] ggml_vulkan: Found 1 Vulkan devices:
10-07 23:33:01.116 I/NpuProbe(21995): [ggml] ggml_vulkan: 0 = Adreno (TM) 840 (Qualcomm Technologies Inc. Adreno Vulkan Driver) | uma: 1 | fp16: 1 | bf16: 0 | fp4: 0 | warp size: 64 | shared memory: 32768 | int dot: 0 | matrix cores: none
10-07 23:33:01.143 I/NpuProbe(21995): [ggml] ggml_opencl: selected platform: 'QUALCOMM Snapdragon(TM)'
10-07 23:33:01.144 I/NpuProbe(21995): [ggml] 
10-07 23:33:01.144 I/NpuProbe(21995): ggml_opencl: device: 'QUALCOMM Adreno(TM) 840 (OpenCL 3.0 Adreno(TM) 840)'
10-07 23:33:01.144 I/NpuProbe(21995): [ggml] ggml_opencl: default device: 'QUALCOMM Adreno(TM) 840 (OpenCL 3.0 Adreno(TM) 840)'
10-07 23:33:01.144 I/NpuProbe(21995): [ggml] ggml-hex: Loading driver libcdsprpc.so
10-07 23:33:01.150 I/NpuProbe(21995): [ggml] ggml-hex: Hexagon backend (experimental) : allocating new registry : ndev 1
10-07 23:33:01.150 I/NpuProbe(21995): [ggml] ggml-hex: Hexagon Arch version v81
10-07 23:33:01.150 I/NpuProbe(21995): [ggml] ggml-hex: HTP0 allocating new session
10-07 23:33:01.184 I/NpuProbe(21995): [ggml] ggml-hex: HTP0 hwinfo: threads 8, hvx 8, hmx 1, vtcm 8 MB
10-07 23:33:01.184 I/NpuProbe(21995): [ggml] ggml-hex: HTP0 new session : session-id 0 domain-id 3 uri file:///libggml-htp-v81.so?htp_iface_skel_handle_invoke&_modver=1.0&_dom=cdsp&_session=0 handle 0xb4000077d53013c0
10-07 23:33:01.189 I/NpuProbe(21995): [ggml] ggml-hex: HTP0 op batching: n-bufs 16 n-tensors 7168 n-ops 1024 vmem 3355443200
10-07 23:33:01.195 I/NpuProbe(21995): SESSAO(7334d57): 3 requests na mesma sessao (roles separados; JSON nativo em files/r6-sess.jsonl)
10-07 23:33:01.196 I/NpuProbe(21995): PROMPT[0]: arquivo proprio (len=1101)
--------- beginning of main
10-07 23:30:54.790 I/NpuProbe( 1724): DIV_DET: pos=264 tokD=305 tokS=11 | topD=[305:26.6921 11:26.6825 26:16.0612 13:15.5356 739:13.9387 ] topS=[11:26.7165 305:26.5443 26:16.1251 13:15.5035 739:14.0038 ] | margemD=0.0096 margemS=0.1723 finite=1
10-07 23:31:16.111 I/NpuProbe( 1724): SESS[0] opencl valid: ok=1 cap=0 eog_tok1=0 tok1=14533 emitidos=301 consumidos=301 dec_s=301
10-07 23:31:16.111 I/NpuProbe( 1724): SESS[0] opencl tempos: prefill=9692.99ms export=1.01ms(12586017B) import=14.42ms gen=90234.55ms
10-07 23:31:16.111 I/NpuProbe( 1724): SESS[0] opencl fronteiras(ms): prefdone=9695.5 tok1r=9794.9 impdone=9809.3 tok2r=13347.9 fim=100043.9 wall=100043.9 reset=12.22
10-07 23:31:16.111 I/NpuProbe( 1724): SESS[0] opencl texto_len=1061 (integral no JSON)
10-07 23:31:16.111 I/NpuProbe( 1724): SESS[0] opencl lifecycle: load_dst=4269ms load_src=275ms (0=WARM)
10-07 23:31:16.111 I/NpuProbe( 1724): SESS[0] opencl RESULTADO: SMART-DIVERGENTE
10-07 23:31:16.114 I/NpuProbe( 1724): PROMPT[1]: arquivo proprio (len=205)
10-07 23:31:39.089 I/NpuProbe( 1724): SESS[1] opencl valid: ok=1 cap=0 eog_tok1=0 tok1=46 emitidos=26 consumidos=26 dec_s=26
10-07 23:31:39.090 I/NpuProbe( 1724): SESS[1] opencl tempos: prefill=2015.37ms export=0.10ms(1770597B) import=10.47ms gen=7797.48ms
10-07 23:31:39.090 I/NpuProbe( 1724): SESS[1] opencl fronteiras(ms): prefdone=2015.7 tok1r=2029.9 impdone=2040.4 tok2r=2076.4 fim=9837.9 wall=9837.9 reset=11.79
10-07 23:31:39.090 I/NpuProbe( 1724): SESS[1] opencl texto_len=77 (integral no JSON)
10-07 23:31:39.090 I/NpuProbe( 1724): SESS[1] opencl lifecycle: load_dst=0ms load_src=0ms (0=WARM)
10-07 23:31:39.090 I/NpuProbe( 1724): SESS[1] opencl RESULTADO: SMART-ACEITO
10-07 23:31:39.093 I/NpuProbe( 1724): PROMPT[2]: arquivo proprio (len=1101)
10-07 23:33:01.111 I/NpuProbe(21995): nativeLibraryDir=/data/app/~~lpRbazBN5YZmky3PSTRBxw==/br.gov.sp.pcsp.npuprobe-TxoI9sAkGUKDb2hYH9j-kg==/lib/arm64
10-07 23:33:01.111 I/NpuProbe(21995): runProbe PULADO (p4-auto presente; preinit do tune)
10-07 23:33:01.111 I/NpuProbe(21995): REPORT:
10-07 23:33:01.111 I/NpuProbe(21995): (runProbe PULADO: p4-auto presente; evita init Hexagon pre-tune - R8)
10-07 23:33:01.111 I/NpuProbe(21995): AUTO-GATILHO='smart:sessao'
10-07 23:33:01.112 I/NpuProbe(21995): SMART iniciando rota=sessao com /data/local/tmp/hymt2_app.gguf
10-07 23:33:01.112 I/NpuProbe(21995): SMARTv2 rota='sessao' mutante=(none)
10-07 23:33:01.115 I/NpuProbe(21995): [ggml] ggml_vulkan: Found 1 Vulkan devices:
10-07 23:33:01.116 I/NpuProbe(21995): [ggml] ggml_vulkan: 0 = Adreno (TM) 840 (Qualcomm Technologies Inc. Adreno Vulkan Driver) | uma: 1 | fp16: 1 | bf16: 0 | fp4: 0 | warp size: 64 | shared memory: 32768 | int dot: 0 | matrix cores: none
10-07 23:33:01.143 I/NpuProbe(21995): [ggml] ggml_opencl: selected platform: 'QUALCOMM Snapdragon(TM)'
10-07 23:33:01.144 I/NpuProbe(21995): [ggml] 
10-07 23:33:01.144 I/NpuProbe(21995): ggml_opencl: device: 'QUALCOMM Adreno(TM) 840 (OpenCL 3.0 Adreno(TM) 840)'
10-07 23:33:01.144 I/NpuProbe(21995): [ggml] ggml_opencl: default device: 'QUALCOMM Adreno(TM) 840 (OpenCL 3.0 Adreno(TM) 840)'
10-07 23:33:01.144 I/NpuProbe(21995): [ggml] ggml-hex: Loading driver libcdsprpc.so
10-07 23:33:01.150 I/NpuProbe(21995): [ggml] ggml-hex: Hexagon backend (experimental) : allocating new registry : ndev 1
10-07 23:33:01.150 I/NpuProbe(21995): [ggml] ggml-hex: Hexagon Arch version v81
10-07 23:33:01.150 I/NpuProbe(21995): [ggml] ggml-hex: HTP0 allocating new session
10-07 23:33:01.184 I/NpuProbe(21995): [ggml] ggml-hex: HTP0 hwinfo: threads 8, hvx 8, hmx 1, vtcm 8 MB
10-07 23:33:01.184 I/NpuProbe(21995): [ggml] ggml-hex: HTP0 new session : session-id 0 domain-id 3 uri file:///libggml-htp-v81.so?htp_iface_skel_handle_invoke&_modver=1.0&_dom=cdsp&_session=0 handle 0xb4000077d53013c0
10-07 23:33:01.189 I/NpuProbe(21995): [ggml] ggml-hex: HTP0 op batching: n-bufs 16 n-tensors 7168 n-ops 1024 vmem 3355443200
10-07 23:33:01.195 I/NpuProbe(21995): SESSAO(7334d57): 3 requests na mesma sessao (roles separados; JSON nativo em files/r6-sess.jsonl)
10-07 23:33:01.196 I/NpuProbe(21995): PROMPT[0]: arquivo proprio (len=1101)
--------- beginning of main
10-07 23:31:16.111 I/NpuProbe( 1724): SESS[0] opencl valid: ok=1 cap=0 eog_tok1=0 tok1=14533 emitidos=301 consumidos=301 dec_s=301
10-07 23:31:16.111 I/NpuProbe( 1724): SESS[0] opencl tempos: prefill=9692.99ms export=1.01ms(12586017B) import=14.42ms gen=90234.55ms
10-07 23:31:16.111 I/NpuProbe( 1724): SESS[0] opencl fronteiras(ms): prefdone=9695.5 tok1r=9794.9 impdone=9809.3 tok2r=13347.9 fim=100043.9 wall=100043.9 reset=12.22
10-07 23:31:16.111 I/NpuProbe( 1724): SESS[0] opencl texto_len=1061 (integral no JSON)
10-07 23:31:16.111 I/NpuProbe( 1724): SESS[0] opencl lifecycle: load_dst=4269ms load_src=275ms (0=WARM)
10-07 23:31:16.111 I/NpuProbe( 1724): SESS[0] opencl RESULTADO: SMART-DIVERGENTE
10-07 23:31:16.114 I/NpuProbe( 1724): PROMPT[1]: arquivo proprio (len=205)
10-07 23:31:39.089 I/NpuProbe( 1724): SESS[1] opencl valid: ok=1 cap=0 eog_tok1=0 tok1=46 emitidos=26 consumidos=26 dec_s=26
10-07 23:31:39.090 I/NpuProbe( 1724): SESS[1] opencl tempos: prefill=2015.37ms export=0.10ms(1770597B) import=10.47ms gen=7797.48ms
10-07 23:31:39.090 I/NpuProbe( 1724): SESS[1] opencl fronteiras(ms): prefdone=2015.7 tok1r=2029.9 impdone=2040.4 tok2r=2076.4 fim=9837.9 wall=9837.9 reset=11.79
10-07 23:31:39.090 I/NpuProbe( 1724): SESS[1] opencl texto_len=77 (integral no JSON)
10-07 23:31:39.090 I/NpuProbe( 1724): SESS[1] opencl lifecycle: load_dst=0ms load_src=0ms (0=WARM)
10-07 23:31:39.090 I/NpuProbe( 1724): SESS[1] opencl RESULTADO: SMART-ACEITO
10-07 23:31:39.093 I/NpuProbe( 1724): PROMPT[2]: arquivo proprio (len=1101)
10-07 23:33:01.111 I/NpuProbe(21995): nativeLibraryDir=/data/app/~~lpRbazBN5YZmky3PSTRBxw==/br.gov.sp.pcsp.npuprobe-TxoI9sAkGUKDb2hYH9j-kg==/lib/arm64
10-07 23:33:01.111 I/NpuProbe(21995): runProbe PULADO (p4-auto presente; preinit do tune)
10-07 23:33:01.111 I/NpuProbe(21995): REPORT:
10-07 23:33:01.111 I/NpuProbe(21995): (runProbe PULADO: p4-auto presente; evita init Hexagon pre-tune - R8)
10-07 23:33:01.111 I/NpuProbe(21995): AUTO-GATILHO='smart:sessao'
10-07 23:33:01.112 I/NpuProbe(21995): SMART iniciando rota=sessao com /data/local/tmp/hymt2_app.gguf
10-07 23:33:01.112 I/NpuProbe(21995): SMARTv2 rota='sessao' mutante=(none)
10-07 23:33:01.115 I/NpuProbe(21995): [ggml] ggml_vulkan: Found 1 Vulkan devices:
10-07 23:33:01.116 I/NpuProbe(21995): [ggml] ggml_vulkan: 0 = Adreno (TM) 840 (Qualcomm Technologies Inc. Adreno Vulkan Driver) | uma: 1 | fp16: 1 | bf16: 0 | fp4: 0 | warp size: 64 | shared memory: 32768 | int dot: 0 | matrix cores: none
10-07 23:33:01.143 I/NpuProbe(21995): [ggml] ggml_opencl: selected platform: 'QUALCOMM Snapdragon(TM)'
10-07 23:33:01.144 I/NpuProbe(21995): [ggml] 
10-07 23:33:01.144 I/NpuProbe(21995): ggml_opencl: device: 'QUALCOMM Adreno(TM) 840 (OpenCL 3.0 Adreno(TM) 840)'
10-07 23:33:01.144 I/NpuProbe(21995): [ggml] ggml_opencl: default device: 'QUALCOMM Adreno(TM) 840 (OpenCL 3.0 Adreno(TM) 840)'
10-07 23:33:01.144 I/NpuProbe(21995): [ggml] ggml-hex: Loading driver libcdsprpc.so
10-07 23:33:01.150 I/NpuProbe(21995): [ggml] ggml-hex: Hexagon backend (experimental) : allocating new registry : ndev 1
10-07 23:33:01.150 I/NpuProbe(21995): [ggml] ggml-hex: Hexagon Arch version v81
10-07 23:33:01.150 I/NpuProbe(21995): [ggml] ggml-hex: HTP0 allocating new session
10-07 23:33:01.184 I/NpuProbe(21995): [ggml] ggml-hex: HTP0 hwinfo: threads 8, hvx 8, hmx 1, vtcm 8 MB
10-07 23:33:01.184 I/NpuProbe(21995): [ggml] ggml-hex: HTP0 new session : session-id 0 domain-id 3 uri file:///libggml-htp-v81.so?htp_iface_skel_handle_invoke&_modver=1.0&_dom=cdsp&_session=0 handle 0xb4000077d53013c0
10-07 23:33:01.189 I/NpuProbe(21995): [ggml] ggml-hex: HTP0 op batching: n-bufs 16 n-tensors 7168 n-ops 1024 vmem 3355443200
10-07 23:33:01.195 I/NpuProbe(21995): SESSAO(7334d57): 3 requests na mesma sessao (roles separados; JSON nativo em files/r6-sess.jsonl)
10-07 23:33:01.196 I/NpuProbe(21995): PROMPT[0]: arquivo proprio (len=1101)
--------- beginning of main
10-07 23:31:16.111 I/NpuProbe( 1724): SESS[0] opencl valid: ok=1 cap=0 eog_tok1=0 tok1=14533 emitidos=301 consumidos=301 dec_s=301
10-07 23:31:16.111 I/NpuProbe( 1724): SESS[0] opencl tempos: prefill=9692.99ms export=1.01ms(12586017B) import=14.42ms gen=90234.55ms
10-07 23:31:16.111 I/NpuProbe( 1724): SESS[0] opencl fronteiras(ms): prefdone=9695.5 tok1r=9794.9 impdone=9809.3 tok2r=13347.9 fim=100043.9 wall=100043.9 reset=12.22
10-07 23:31:16.111 I/NpuProbe( 1724): SESS[0] opencl texto_len=1061 (integral no JSON)
10-07 23:31:16.111 I/NpuProbe( 1724): SESS[0] opencl lifecycle: load_dst=4269ms load_src=275ms (0=WARM)
10-07 23:31:16.111 I/NpuProbe( 1724): SESS[0] opencl RESULTADO: SMART-DIVERGENTE
10-07 23:31:16.114 I/NpuProbe( 1724): PROMPT[1]: arquivo proprio (len=205)
10-07 23:31:39.089 I/NpuProbe( 1724): SESS[1] opencl valid: ok=1 cap=0 eog_tok1=0 tok1=46 emitidos=26 consumidos=26 dec_s=26
10-07 23:31:39.090 I/NpuProbe( 1724): SESS[1] opencl tempos: prefill=2015.37ms export=0.10ms(1770597B) import=10.47ms gen=7797.48ms
10-07 23:31:39.090 I/NpuProbe( 1724): SESS[1] opencl fronteiras(ms): prefdone=2015.7 tok1r=2029.9 impdone=2040.4 tok2r=2076.4 fim=9837.9 wall=9837.9 reset=11.79
10-07 23:31:39.090 I/NpuProbe( 1724): SESS[1] opencl texto_len=77 (integral no JSON)
10-07 23:31:39.090 I/NpuProbe( 1724): SESS[1] opencl lifecycle: load_dst=0ms load_src=0ms (0=WARM)
10-07 23:31:39.090 I/NpuProbe( 1724): SESS[1] opencl RESULTADO: SMART-ACEITO
10-07 23:31:39.093 I/NpuProbe( 1724): PROMPT[2]: arquivo proprio (len=1101)
10-07 23:33:01.111 I/NpuProbe(21995): nativeLibraryDir=/data/app/~~lpRbazBN5YZmky3PSTRBxw==/br.gov.sp.pcsp.npuprobe-TxoI9sAkGUKDb2hYH9j-kg==/lib/arm64
10-07 23:33:01.111 I/NpuProbe(21995): runProbe PULADO (p4-auto presente; preinit do tune)
10-07 23:33:01.111 I/NpuProbe(21995): REPORT:
10-07 23:33:01.111 I/NpuProbe(21995): (runProbe PULADO: p4-auto presente; evita init Hexagon pre-tune - R8)
10-07 23:33:01.111 I/NpuProbe(21995): AUTO-GATILHO='smart:sessao'
10-07 23:33:01.112 I/NpuProbe(21995): SMART iniciando rota=sessao com /data/local/tmp/hymt2_app.gguf
10-07 23:33:01.112 I/NpuProbe(21995): SMARTv2 rota='sessao' mutante=(none)
10-07 23:33:01.115 I/NpuProbe(21995): [ggml] ggml_vulkan: Found 1 Vulkan devices:
10-07 23:33:01.116 I/NpuProbe(21995): [ggml] ggml_vulkan: 0 = Adreno (TM) 840 (Qualcomm Technologies Inc. Adreno Vulkan Driver) | uma: 1 | fp16: 1 | bf16: 0 | fp4: 0 | warp size: 64 | shared memory: 32768 | int dot: 0 | matrix cores: none
10-07 23:33:01.143 I/NpuProbe(21995): [ggml] ggml_opencl: selected platform: 'QUALCOMM Snapdragon(TM)'
10-07 23:33:01.144 I/NpuProbe(21995): [ggml] 
10-07 23:33:01.144 I/NpuProbe(21995): ggml_opencl: device: 'QUALCOMM Adreno(TM) 840 (OpenCL 3.0 Adreno(TM) 840)'
10-07 23:33:01.144 I/NpuProbe(21995): [ggml] ggml_opencl: default device: 'QUALCOMM Adreno(TM) 840 (OpenCL 3.0 Adreno(TM) 840)'
10-07 23:33:01.144 I/NpuProbe(21995): [ggml] ggml-hex: Loading driver libcdsprpc.so
10-07 23:33:01.150 I/NpuProbe(21995): [ggml] ggml-hex: Hexagon backend (experimental) : allocating new registry : ndev 1
10-07 23:33:01.150 I/NpuProbe(21995): [ggml] ggml-hex: Hexagon Arch version v81
10-07 23:33:01.150 I/NpuProbe(21995): [ggml] ggml-hex: HTP0 allocating new session
10-07 23:33:01.184 I/NpuProbe(21995): [ggml] ggml-hex: HTP0 hwinfo: threads 8, hvx 8, hmx 1, vtcm 8 MB
10-07 23:33:01.184 I/NpuProbe(21995): [ggml] ggml-hex: HTP0 new session : session-id 0 domain-id 3 uri file:///libggml-htp-v81.so?htp_iface_skel_handle_invoke&_modver=1.0&_dom=cdsp&_session=0 handle 0xb4000077d53013c0
10-07 23:33:01.189 I/NpuProbe(21995): [ggml] ggml-hex: HTP0 op batching: n-bufs 16 n-tensors 7168 n-ops 1024 vmem 3355443200
10-07 23:33:01.195 I/NpuProbe(21995): SESSAO(7334d57): 3 requests na mesma sessao (roles separados; JSON nativo em files/r6-sess.jsonl)
10-07 23:33:01.196 I/NpuProbe(21995): PROMPT[0]: arquivo proprio (len=1101)
10-07 23:35:32.296 I/NpuProbe(21995): DIV_DET: pos=264 tokD=305 tokS=11 | topD=[305:26.6961 11:26.6733 26:16.0760 13:15.5419 739:13.9314 ] topS=[11:26.7165 305:26.5443 26:16.1251 13:15.5035 739:14.0038 ] | margemD=0.0229 margemS=0.1723 finite=1
--------- beginning of main
10-07 23:31:39.090 I/NpuProbe( 1724): SESS[1] opencl tempos: prefill=2015.37ms export=0.10ms(1770597B) import=10.47ms gen=7797.48ms
10-07 23:31:39.090 I/NpuProbe( 1724): SESS[1] opencl fronteiras(ms): prefdone=2015.7 tok1r=2029.9 impdone=2040.4 tok2r=2076.4 fim=9837.9 wall=9837.9 reset=11.79
10-07 23:31:39.090 I/NpuProbe( 1724): SESS[1] opencl texto_len=77 (integral no JSON)
10-07 23:31:39.090 I/NpuProbe( 1724): SESS[1] opencl lifecycle: load_dst=0ms load_src=0ms (0=WARM)
10-07 23:31:39.090 I/NpuProbe( 1724): SESS[1] opencl RESULTADO: SMART-ACEITO
10-07 23:31:39.093 I/NpuProbe( 1724): PROMPT[2]: arquivo proprio (len=1101)
10-07 23:33:01.111 I/NpuProbe(21995): nativeLibraryDir=/data/app/~~lpRbazBN5YZmky3PSTRBxw==/br.gov.sp.pcsp.npuprobe-TxoI9sAkGUKDb2hYH9j-kg==/lib/arm64
10-07 23:33:01.111 I/NpuProbe(21995): runProbe PULADO (p4-auto presente; preinit do tune)
10-07 23:33:01.111 I/NpuProbe(21995): REPORT:
10-07 23:33:01.111 I/NpuProbe(21995): (runProbe PULADO: p4-auto presente; evita init Hexagon pre-tune - R8)
10-07 23:33:01.111 I/NpuProbe(21995): AUTO-GATILHO='smart:sessao'
10-07 23:33:01.112 I/NpuProbe(21995): SMART iniciando rota=sessao com /data/local/tmp/hymt2_app.gguf
10-07 23:33:01.112 I/NpuProbe(21995): SMARTv2 rota='sessao' mutante=(none)
10-07 23:33:01.115 I/NpuProbe(21995): [ggml] ggml_vulkan: Found 1 Vulkan devices:
10-07 23:33:01.116 I/NpuProbe(21995): [ggml] ggml_vulkan: 0 = Adreno (TM) 840 (Qualcomm Technologies Inc. Adreno Vulkan Driver) | uma: 1 | fp16: 1 | bf16: 0 | fp4: 0 | warp size: 64 | shared memory: 32768 | int dot: 0 | matrix cores: none
10-07 23:33:01.143 I/NpuProbe(21995): [ggml] ggml_opencl: selected platform: 'QUALCOMM Snapdragon(TM)'
10-07 23:33:01.144 I/NpuProbe(21995): [ggml] 
10-07 23:33:01.144 I/NpuProbe(21995): ggml_opencl: device: 'QUALCOMM Adreno(TM) 840 (OpenCL 3.0 Adreno(TM) 840)'
10-07 23:33:01.144 I/NpuProbe(21995): [ggml] ggml_opencl: default device: 'QUALCOMM Adreno(TM) 840 (OpenCL 3.0 Adreno(TM) 840)'
10-07 23:33:01.144 I/NpuProbe(21995): [ggml] ggml-hex: Loading driver libcdsprpc.so
10-07 23:33:01.150 I/NpuProbe(21995): [ggml] ggml-hex: Hexagon backend (experimental) : allocating new registry : ndev 1
10-07 23:33:01.150 I/NpuProbe(21995): [ggml] ggml-hex: Hexagon Arch version v81
10-07 23:33:01.150 I/NpuProbe(21995): [ggml] ggml-hex: HTP0 allocating new session
10-07 23:33:01.184 I/NpuProbe(21995): [ggml] ggml-hex: HTP0 hwinfo: threads 8, hvx 8, hmx 1, vtcm 8 MB
10-07 23:33:01.184 I/NpuProbe(21995): [ggml] ggml-hex: HTP0 new session : session-id 0 domain-id 3 uri file:///libggml-htp-v81.so?htp_iface_skel_handle_invoke&_modver=1.0&_dom=cdsp&_session=0 handle 0xb4000077d53013c0
10-07 23:33:01.189 I/NpuProbe(21995): [ggml] ggml-hex: HTP0 op batching: n-bufs 16 n-tensors 7168 n-ops 1024 vmem 3355443200
10-07 23:33:01.195 I/NpuProbe(21995): SESSAO(7334d57): 3 requests na mesma sessao (roles separados; JSON nativo em files/r6-sess.jsonl)
10-07 23:33:01.196 I/NpuProbe(21995): PROMPT[0]: arquivo proprio (len=1101)
10-07 23:35:32.296 I/NpuProbe(21995): DIV_DET: pos=264 tokD=305 tokS=11 | topD=[305:26.6961 11:26.6733 26:16.0760 13:15.5419 739:13.9314 ] topS=[11:26.7165 305:26.5443 26:16.1251 13:15.5035 739:14.0038 ] | margemD=0.0229 margemS=0.1723 finite=1
10-07 23:35:59.688 I/NpuProbe(21995): SESS[0] vulkan valid: ok=1 cap=0 eog_tok1=0 tok1=14533 emitidos=301 consumidos=301 dec_s=301
10-07 23:35:59.688 I/NpuProbe(21995): SESS[0] vulkan tempos: prefill=10509.34ms export=0.39ms(12586017B) import=2.14ms gen=82205.31ms
10-07 23:35:59.688 I/NpuProbe(21995): SESS[0] vulkan fronteiras(ms): prefdone=10510.5 tok1r=10608.5 impdone=10610.6 tok2r=11637.7 fim=92815.9 wall=92815.9 reset=4.09
10-07 23:35:59.688 I/NpuProbe(21995): SESS[0] vulkan texto_len=1061 (integral no JSON)
10-07 23:35:59.688 I/NpuProbe(21995): SESS[0] vulkan lifecycle: load_dst=865ms load_src=230ms (0=WARM)
10-07 23:35:59.688 I/NpuProbe(21995): SESS[0] vulkan RESULTADO: SMART-DIVERGENTE
10-07 23:35:59.689 I/NpuProbe(21995): PROMPT[1]: arquivo proprio (len=205)
--------- beginning of main
10-07 23:33:01.111 I/NpuProbe(21995): nativeLibraryDir=/data/app/~~lpRbazBN5YZmky3PSTRBxw==/br.gov.sp.pcsp.npuprobe-TxoI9sAkGUKDb2hYH9j-kg==/lib/arm64
10-07 23:33:01.111 I/NpuProbe(21995): runProbe PULADO (p4-auto presente; preinit do tune)
10-07 23:33:01.111 I/NpuProbe(21995): REPORT:
10-07 23:33:01.111 I/NpuProbe(21995): (runProbe PULADO: p4-auto presente; evita init Hexagon pre-tune - R8)
10-07 23:33:01.111 I/NpuProbe(21995): AUTO-GATILHO='smart:sessao'
10-07 23:33:01.112 I/NpuProbe(21995): SMART iniciando rota=sessao com /data/local/tmp/hymt2_app.gguf
10-07 23:33:01.112 I/NpuProbe(21995): SMARTv2 rota='sessao' mutante=(none)
10-07 23:33:01.115 I/NpuProbe(21995): [ggml] ggml_vulkan: Found 1 Vulkan devices:
10-07 23:33:01.116 I/NpuProbe(21995): [ggml] ggml_vulkan: 0 = Adreno (TM) 840 (Qualcomm Technologies Inc. Adreno Vulkan Driver) | uma: 1 | fp16: 1 | bf16: 0 | fp4: 0 | warp size: 64 | shared memory: 32768 | int dot: 0 | matrix cores: none
10-07 23:33:01.143 I/NpuProbe(21995): [ggml] ggml_opencl: selected platform: 'QUALCOMM Snapdragon(TM)'
10-07 23:33:01.144 I/NpuProbe(21995): [ggml] 
10-07 23:33:01.144 I/NpuProbe(21995): ggml_opencl: device: 'QUALCOMM Adreno(TM) 840 (OpenCL 3.0 Adreno(TM) 840)'
10-07 23:33:01.144 I/NpuProbe(21995): [ggml] ggml_opencl: default device: 'QUALCOMM Adreno(TM) 840 (OpenCL 3.0 Adreno(TM) 840)'
10-07 23:33:01.144 I/NpuProbe(21995): [ggml] ggml-hex: Loading driver libcdsprpc.so
10-07 23:33:01.150 I/NpuProbe(21995): [ggml] ggml-hex: Hexagon backend (experimental) : allocating new registry : ndev 1
10-07 23:33:01.150 I/NpuProbe(21995): [ggml] ggml-hex: Hexagon Arch version v81
10-07 23:33:01.150 I/NpuProbe(21995): [ggml] ggml-hex: HTP0 allocating new session
10-07 23:33:01.184 I/NpuProbe(21995): [ggml] ggml-hex: HTP0 hwinfo: threads 8, hvx 8, hmx 1, vtcm 8 MB
10-07 23:33:01.184 I/NpuProbe(21995): [ggml] ggml-hex: HTP0 new session : session-id 0 domain-id 3 uri file:///libggml-htp-v81.so?htp_iface_skel_handle_invoke&_modver=1.0&_dom=cdsp&_session=0 handle 0xb4000077d53013c0
10-07 23:33:01.189 I/NpuProbe(21995): [ggml] ggml-hex: HTP0 op batching: n-bufs 16 n-tensors 7168 n-ops 1024 vmem 3355443200
10-07 23:33:01.195 I/NpuProbe(21995): SESSAO(7334d57): 3 requests na mesma sessao (roles separados; JSON nativo em files/r6-sess.jsonl)
10-07 23:33:01.196 I/NpuProbe(21995): PROMPT[0]: arquivo proprio (len=1101)
10-07 23:35:32.296 I/NpuProbe(21995): DIV_DET: pos=264 tokD=305 tokS=11 | topD=[305:26.6961 11:26.6733 26:16.0760 13:15.5419 739:13.9314 ] topS=[11:26.7165 305:26.5443 26:16.1251 13:15.5035 739:14.0038 ] | margemD=0.0229 margemS=0.1723 finite=1
10-07 23:35:59.688 I/NpuProbe(21995): SESS[0] vulkan valid: ok=1 cap=0 eog_tok1=0 tok1=14533 emitidos=301 consumidos=301 dec_s=301
10-07 23:35:59.688 I/NpuProbe(21995): SESS[0] vulkan tempos: prefill=10509.34ms export=0.39ms(12586017B) import=2.14ms gen=82205.31ms
10-07 23:35:59.688 I/NpuProbe(21995): SESS[0] vulkan fronteiras(ms): prefdone=10510.5 tok1r=10608.5 impdone=10610.6 tok2r=11637.7 fim=92815.9 wall=92815.9 reset=4.09
10-07 23:35:59.688 I/NpuProbe(21995): SESS[0] vulkan texto_len=1061 (integral no JSON)
10-07 23:35:59.688 I/NpuProbe(21995): SESS[0] vulkan lifecycle: load_dst=865ms load_src=230ms (0=WARM)
10-07 23:35:59.688 I/NpuProbe(21995): SESS[0] vulkan RESULTADO: SMART-DIVERGENTE
10-07 23:35:59.689 I/NpuProbe(21995): PROMPT[1]: arquivo proprio (len=205)
10-07 23:36:21.763 I/NpuProbe(21995): SESS[1] vulkan valid: ok=1 cap=0 eog_tok1=0 tok1=46 emitidos=26 consumidos=26 dec_s=26
10-07 23:36:21.763 I/NpuProbe(21995): SESS[1] vulkan tempos: prefill=1720.05ms export=0.10ms(1770597B) import=1.98ms gen=7725.47ms
10-07 23:36:21.763 I/NpuProbe(21995): SESS[1] vulkan fronteiras(ms): prefdone=1720.3 tok1r=1734.6 impdone=1736.6 tok2r=1906.4 fim=9462.1 wall=9462.1 reset=3.69
10-07 23:36:21.763 I/NpuProbe(21995): SESS[1] vulkan texto_len=77 (integral no JSON)
10-07 23:36:21.763 I/NpuProbe(21995): SESS[1] vulkan lifecycle: load_dst=0ms load_src=0ms (0=WARM)
10-07 23:36:21.763 I/NpuProbe(21995): SESS[1] vulkan RESULTADO: SMART-ACEITO
10-07 23:36:21.766 I/NpuProbe(21995): PROMPT[2]: arquivo proprio (len=1101)
--------- beginning of main
10-07 23:33:01.111 I/NpuProbe(21995): nativeLibraryDir=/data/app/~~lpRbazBN5YZmky3PSTRBxw==/br.gov.sp.pcsp.npuprobe-TxoI9sAkGUKDb2hYH9j-kg==/lib/arm64
10-07 23:33:01.111 I/NpuProbe(21995): runProbe PULADO (p4-auto presente; preinit do tune)
10-07 23:33:01.111 I/NpuProbe(21995): REPORT:
10-07 23:33:01.111 I/NpuProbe(21995): (runProbe PULADO: p4-auto presente; evita init Hexagon pre-tune - R8)
10-07 23:33:01.111 I/NpuProbe(21995): AUTO-GATILHO='smart:sessao'
10-07 23:33:01.112 I/NpuProbe(21995): SMART iniciando rota=sessao com /data/local/tmp/hymt2_app.gguf
10-07 23:33:01.112 I/NpuProbe(21995): SMARTv2 rota='sessao' mutante=(none)
10-07 23:33:01.115 I/NpuProbe(21995): [ggml] ggml_vulkan: Found 1 Vulkan devices:
10-07 23:33:01.116 I/NpuProbe(21995): [ggml] ggml_vulkan: 0 = Adreno (TM) 840 (Qualcomm Technologies Inc. Adreno Vulkan Driver) | uma: 1 | fp16: 1 | bf16: 0 | fp4: 0 | warp size: 64 | shared memory: 32768 | int dot: 0 | matrix cores: none
10-07 23:33:01.143 I/NpuProbe(21995): [ggml] ggml_opencl: selected platform: 'QUALCOMM Snapdragon(TM)'
10-07 23:33:01.144 I/NpuProbe(21995): [ggml] 
10-07 23:33:01.144 I/NpuProbe(21995): ggml_opencl: device: 'QUALCOMM Adreno(TM) 840 (OpenCL 3.0 Adreno(TM) 840)'
10-07 23:33:01.144 I/NpuProbe(21995): [ggml] ggml_opencl: default device: 'QUALCOMM Adreno(TM) 840 (OpenCL 3.0 Adreno(TM) 840)'
10-07 23:33:01.144 I/NpuProbe(21995): [ggml] ggml-hex: Loading driver libcdsprpc.so
10-07 23:33:01.150 I/NpuProbe(21995): [ggml] ggml-hex: Hexagon backend (experimental) : allocating new registry : ndev 1
10-07 23:33:01.150 I/NpuProbe(21995): [ggml] ggml-hex: Hexagon Arch version v81
10-07 23:33:01.150 I/NpuProbe(21995): [ggml] ggml-hex: HTP0 allocating new session
10-07 23:33:01.184 I/NpuProbe(21995): [ggml] ggml-hex: HTP0 hwinfo: threads 8, hvx 8, hmx 1, vtcm 8 MB
10-07 23:33:01.184 I/NpuProbe(21995): [ggml] ggml-hex: HTP0 new session : session-id 0 domain-id 3 uri file:///libggml-htp-v81.so?htp_iface_skel_handle_invoke&_modver=1.0&_dom=cdsp&_session=0 handle 0xb4000077d53013c0
10-07 23:33:01.189 I/NpuProbe(21995): [ggml] ggml-hex: HTP0 op batching: n-bufs 16 n-tensors 7168 n-ops 1024 vmem 3355443200
10-07 23:33:01.195 I/NpuProbe(21995): SESSAO(7334d57): 3 requests na mesma sessao (roles separados; JSON nativo em files/r6-sess.jsonl)
10-07 23:33:01.196 I/NpuProbe(21995): PROMPT[0]: arquivo proprio (len=1101)
10-07 23:35:32.296 I/NpuProbe(21995): DIV_DET: pos=264 tokD=305 tokS=11 | topD=[305:26.6961 11:26.6733 26:16.0760 13:15.5419 739:13.9314 ] topS=[11:26.7165 305:26.5443 26:16.1251 13:15.5035 739:14.0038 ] | margemD=0.0229 margemS=0.1723 finite=1
10-07 23:35:59.688 I/NpuProbe(21995): SESS[0] vulkan valid: ok=1 cap=0 eog_tok1=0 tok1=14533 emitidos=301 consumidos=301 dec_s=301
10-07 23:35:59.688 I/NpuProbe(21995): SESS[0] vulkan tempos: prefill=10509.34ms export=0.39ms(12586017B) import=2.14ms gen=82205.31ms
10-07 23:35:59.688 I/NpuProbe(21995): SESS[0] vulkan fronteiras(ms): prefdone=10510.5 tok1r=10608.5 impdone=10610.6 tok2r=11637.7 fim=92815.9 wall=92815.9 reset=4.09
10-07 23:35:59.688 I/NpuProbe(21995): SESS[0] vulkan texto_len=1061 (integral no JSON)
10-07 23:35:59.688 I/NpuProbe(21995): SESS[0] vulkan lifecycle: load_dst=865ms load_src=230ms (0=WARM)
10-07 23:35:59.688 I/NpuProbe(21995): SESS[0] vulkan RESULTADO: SMART-DIVERGENTE
10-07 23:35:59.689 I/NpuProbe(21995): PROMPT[1]: arquivo proprio (len=205)
10-07 23:36:21.763 I/NpuProbe(21995): SESS[1] vulkan valid: ok=1 cap=0 eog_tok1=0 tok1=46 emitidos=26 consumidos=26 dec_s=26
10-07 23:36:21.763 I/NpuProbe(21995): SESS[1] vulkan tempos: prefill=1720.05ms export=0.10ms(1770597B) import=1.98ms gen=7725.47ms
10-07 23:36:21.763 I/NpuProbe(21995): SESS[1] vulkan fronteiras(ms): prefdone=1720.3 tok1r=1734.6 impdone=1736.6 tok2r=1906.4 fim=9462.1 wall=9462.1 reset=3.69
10-07 23:36:21.763 I/NpuProbe(21995): SESS[1] vulkan texto_len=77 (integral no JSON)
10-07 23:36:21.763 I/NpuProbe(21995): SESS[1] vulkan lifecycle: load_dst=0ms load_src=0ms (0=WARM)
10-07 23:36:21.763 I/NpuProbe(21995): SESS[1] vulkan RESULTADO: SMART-ACEITO
10-07 23:36:21.766 I/NpuProbe(21995): PROMPT[2]: arquivo proprio (len=1101)
--------- beginning of main
10-07 23:33:01.111 I/NpuProbe(21995): nativeLibraryDir=/data/app/~~lpRbazBN5YZmky3PSTRBxw==/br.gov.sp.pcsp.npuprobe-TxoI9sAkGUKDb2hYH9j-kg==/lib/arm64
10-07 23:33:01.111 I/NpuProbe(21995): runProbe PULADO (p4-auto presente; preinit do tune)
10-07 23:33:01.111 I/NpuProbe(21995): REPORT:
10-07 23:33:01.111 I/NpuProbe(21995): (runProbe PULADO: p4-auto presente; evita init Hexagon pre-tune - R8)
10-07 23:33:01.111 I/NpuProbe(21995): AUTO-GATILHO='smart:sessao'
10-07 23:33:01.112 I/NpuProbe(21995): SMART iniciando rota=sessao com /data/local/tmp/hymt2_app.gguf
10-07 23:33:01.112 I/NpuProbe(21995): SMARTv2 rota='sessao' mutante=(none)
10-07 23:33:01.115 I/NpuProbe(21995): [ggml] ggml_vulkan: Found 1 Vulkan devices:
10-07 23:33:01.116 I/NpuProbe(21995): [ggml] ggml_vulkan: 0 = Adreno (TM) 840 (Qualcomm Technologies Inc. Adreno Vulkan Driver) | uma: 1 | fp16: 1 | bf16: 0 | fp4: 0 | warp size: 64 | shared memory: 32768 | int dot: 0 | matrix cores: none
10-07 23:33:01.143 I/NpuProbe(21995): [ggml] ggml_opencl: selected platform: 'QUALCOMM Snapdragon(TM)'
10-07 23:33:01.144 I/NpuProbe(21995): [ggml] 
10-07 23:33:01.144 I/NpuProbe(21995): ggml_opencl: device: 'QUALCOMM Adreno(TM) 840 (OpenCL 3.0 Adreno(TM) 840)'
10-07 23:33:01.144 I/NpuProbe(21995): [ggml] ggml_opencl: default device: 'QUALCOMM Adreno(TM) 840 (OpenCL 3.0 Adreno(TM) 840)'
10-07 23:33:01.144 I/NpuProbe(21995): [ggml] ggml-hex: Loading driver libcdsprpc.so
10-07 23:33:01.150 I/NpuProbe(21995): [ggml] ggml-hex: Hexagon backend (experimental) : allocating new registry : ndev 1
10-07 23:33:01.150 I/NpuProbe(21995): [ggml] ggml-hex: Hexagon Arch version v81
10-07 23:33:01.150 I/NpuProbe(21995): [ggml] ggml-hex: HTP0 allocating new session
10-07 23:33:01.184 I/NpuProbe(21995): [ggml] ggml-hex: HTP0 hwinfo: threads 8, hvx 8, hmx 1, vtcm 8 MB
10-07 23:33:01.184 I/NpuProbe(21995): [ggml] ggml-hex: HTP0 new session : session-id 0 domain-id 3 uri file:///libggml-htp-v81.so?htp_iface_skel_handle_invoke&_modver=1.0&_dom=cdsp&_session=0 handle 0xb4000077d53013c0
10-07 23:33:01.189 I/NpuProbe(21995): [ggml] ggml-hex: HTP0 op batching: n-bufs 16 n-tensors 7168 n-ops 1024 vmem 3355443200
10-07 23:33:01.195 I/NpuProbe(21995): SESSAO(7334d57): 3 requests na mesma sessao (roles separados; JSON nativo em files/r6-sess.jsonl)
10-07 23:33:01.196 I/NpuProbe(21995): PROMPT[0]: arquivo proprio (len=1101)
10-07 23:35:32.296 I/NpuProbe(21995): DIV_DET: pos=264 tokD=305 tokS=11 | topD=[305:26.6961 11:26.6733 26:16.0760 13:15.5419 739:13.9314 ] topS=[11:26.7165 305:26.5443 26:16.1251 13:15.5035 739:14.0038 ] | margemD=0.0229 margemS=0.1723 finite=1
10-07 23:35:59.688 I/NpuProbe(21995): SESS[0] vulkan valid: ok=1 cap=0 eog_tok1=0 tok1=14533 emitidos=301 consumidos=301 dec_s=301
10-07 23:35:59.688 I/NpuProbe(21995): SESS[0] vulkan tempos: prefill=10509.34ms export=0.39ms(12586017B) import=2.14ms gen=82205.31ms
10-07 23:35:59.688 I/NpuProbe(21995): SESS[0] vulkan fronteiras(ms): prefdone=10510.5 tok1r=10608.5 impdone=10610.6 tok2r=11637.7 fim=92815.9 wall=92815.9 reset=4.09
10-07 23:35:59.688 I/NpuProbe(21995): SESS[0] vulkan texto_len=1061 (integral no JSON)
10-07 23:35:59.688 I/NpuProbe(21995): SESS[0] vulkan lifecycle: load_dst=865ms load_src=230ms (0=WARM)
10-07 23:35:59.688 I/NpuProbe(21995): SESS[0] vulkan RESULTADO: SMART-DIVERGENTE
10-07 23:35:59.689 I/NpuProbe(21995): PROMPT[1]: arquivo proprio (len=205)
10-07 23:36:21.763 I/NpuProbe(21995): SESS[1] vulkan valid: ok=1 cap=0 eog_tok1=0 tok1=46 emitidos=26 consumidos=26 dec_s=26
10-07 23:36:21.763 I/NpuProbe(21995): SESS[1] vulkan tempos: prefill=1720.05ms export=0.10ms(1770597B) import=1.98ms gen=7725.47ms
10-07 23:36:21.763 I/NpuProbe(21995): SESS[1] vulkan fronteiras(ms): prefdone=1720.3 tok1r=1734.6 impdone=1736.6 tok2r=1906.4 fim=9462.1 wall=9462.1 reset=3.69
10-07 23:36:21.763 I/NpuProbe(21995): SESS[1] vulkan texto_len=77 (integral no JSON)
10-07 23:36:21.763 I/NpuProbe(21995): SESS[1] vulkan lifecycle: load_dst=0ms load_src=0ms (0=WARM)
10-07 23:36:21.763 I/NpuProbe(21995): SESS[1] vulkan RESULTADO: SMART-ACEITO
10-07 23:36:21.766 I/NpuProbe(21995): PROMPT[2]: arquivo proprio (len=1101)
--------- beginning of main
10-07 23:33:01.111 I/NpuProbe(21995): nativeLibraryDir=/data/app/~~lpRbazBN5YZmky3PSTRBxw==/br.gov.sp.pcsp.npuprobe-TxoI9sAkGUKDb2hYH9j-kg==/lib/arm64
10-07 23:33:01.111 I/NpuProbe(21995): runProbe PULADO (p4-auto presente; preinit do tune)
10-07 23:33:01.111 I/NpuProbe(21995): REPORT:
10-07 23:33:01.111 I/NpuProbe(21995): (runProbe PULADO: p4-auto presente; evita init Hexagon pre-tune - R8)
10-07 23:33:01.111 I/NpuProbe(21995): AUTO-GATILHO='smart:sessao'
10-07 23:33:01.112 I/NpuProbe(21995): SMART iniciando rota=sessao com /data/local/tmp/hymt2_app.gguf
10-07 23:33:01.112 I/NpuProbe(21995): SMARTv2 rota='sessao' mutante=(none)
10-07 23:33:01.115 I/NpuProbe(21995): [ggml] ggml_vulkan: Found 1 Vulkan devices:
10-07 23:33:01.116 I/NpuProbe(21995): [ggml] ggml_vulkan: 0 = Adreno (TM) 840 (Qualcomm Technologies Inc. Adreno Vulkan Driver) | uma: 1 | fp16: 1 | bf16: 0 | fp4: 0 | warp size: 64 | shared memory: 32768 | int dot: 0 | matrix cores: none
10-07 23:33:01.143 I/NpuProbe(21995): [ggml] ggml_opencl: selected platform: 'QUALCOMM Snapdragon(TM)'
10-07 23:33:01.144 I/NpuProbe(21995): [ggml] 
10-07 23:33:01.144 I/NpuProbe(21995): ggml_opencl: device: 'QUALCOMM Adreno(TM) 840 (OpenCL 3.0 Adreno(TM) 840)'
10-07 23:33:01.144 I/NpuProbe(21995): [ggml] ggml_opencl: default device: 'QUALCOMM Adreno(TM) 840 (OpenCL 3.0 Adreno(TM) 840)'
10-07 23:33:01.144 I/NpuProbe(21995): [ggml] ggml-hex: Loading driver libcdsprpc.so
10-07 23:33:01.150 I/NpuProbe(21995): [ggml] ggml-hex: Hexagon backend (experimental) : allocating new registry : ndev 1
10-07 23:33:01.150 I/NpuProbe(21995): [ggml] ggml-hex: Hexagon Arch version v81
10-07 23:33:01.150 I/NpuProbe(21995): [ggml] ggml-hex: HTP0 allocating new session
10-07 23:33:01.184 I/NpuProbe(21995): [ggml] ggml-hex: HTP0 hwinfo: threads 8, hvx 8, hmx 1, vtcm 8 MB
10-07 23:33:01.184 I/NpuProbe(21995): [ggml] ggml-hex: HTP0 new session : session-id 0 domain-id 3 uri file:///libggml-htp-v81.so?htp_iface_skel_handle_invoke&_modver=1.0&_dom=cdsp&_session=0 handle 0xb4000077d53013c0
10-07 23:33:01.189 I/NpuProbe(21995): [ggml] ggml-hex: HTP0 op batching: n-bufs 16 n-tensors 7168 n-ops 1024 vmem 3355443200
10-07 23:33:01.195 I/NpuProbe(21995): SESSAO(7334d57): 3 requests na mesma sessao (roles separados; JSON nativo em files/r6-sess.jsonl)
10-07 23:33:01.196 I/NpuProbe(21995): PROMPT[0]: arquivo proprio (len=1101)
10-07 23:35:32.296 I/NpuProbe(21995): DIV_DET: pos=264 tokD=305 tokS=11 | topD=[305:26.6961 11:26.6733 26:16.0760 13:15.5419 739:13.9314 ] topS=[11:26.7165 305:26.5443 26:16.1251 13:15.5035 739:14.0038 ] | margemD=0.0229 margemS=0.1723 finite=1
10-07 23:35:59.688 I/NpuProbe(21995): SESS[0] vulkan valid: ok=1 cap=0 eog_tok1=0 tok1=14533 emitidos=301 consumidos=301 dec_s=301
10-07 23:35:59.688 I/NpuProbe(21995): SESS[0] vulkan tempos: prefill=10509.34ms export=0.39ms(12586017B) import=2.14ms gen=82205.31ms
10-07 23:35:59.688 I/NpuProbe(21995): SESS[0] vulkan fronteiras(ms): prefdone=10510.5 tok1r=10608.5 impdone=10610.6 tok2r=11637.7 fim=92815.9 wall=92815.9 reset=4.09
10-07 23:35:59.688 I/NpuProbe(21995): SESS[0] vulkan texto_len=1061 (integral no JSON)
10-07 23:35:59.688 I/NpuProbe(21995): SESS[0] vulkan lifecycle: load_dst=865ms load_src=230ms (0=WARM)
10-07 23:35:59.688 I/NpuProbe(21995): SESS[0] vulkan RESULTADO: SMART-DIVERGENTE
10-07 23:35:59.689 I/NpuProbe(21995): PROMPT[1]: arquivo proprio (len=205)
10-07 23:36:21.763 I/NpuProbe(21995): SESS[1] vulkan valid: ok=1 cap=0 eog_tok1=0 tok1=46 emitidos=26 consumidos=26 dec_s=26
10-07 23:36:21.763 I/NpuProbe(21995): SESS[1] vulkan tempos: prefill=1720.05ms export=0.10ms(1770597B) import=1.98ms gen=7725.47ms
10-07 23:36:21.763 I/NpuProbe(21995): SESS[1] vulkan fronteiras(ms): prefdone=1720.3 tok1r=1734.6 impdone=1736.6 tok2r=1906.4 fim=9462.1 wall=9462.1 reset=3.69
10-07 23:36:21.763 I/NpuProbe(21995): SESS[1] vulkan texto_len=77 (integral no JSON)
10-07 23:36:21.763 I/NpuProbe(21995): SESS[1] vulkan lifecycle: load_dst=0ms load_src=0ms (0=WARM)
10-07 23:36:21.763 I/NpuProbe(21995): SESS[1] vulkan RESULTADO: SMART-ACEITO
10-07 23:36:21.766 I/NpuProbe(21995): PROMPT[2]: arquivo proprio (len=1101)
10-07 23:37:59.838 I/NpuProbe(21995): DIV_DET: pos=264 tokD=305 tokS=11 | topD=[305:26.6961 11:26.6733 26:16.0760 13:15.5419 739:13.9314 ] topS=[11:26.7165 305:26.5443 26:16.1251 13:15.5035 739:14.0038 ] | margemD=0.0229 margemS=0.1723 finite=1
10-07 23:38:08.070 I/NpuProbe(21995): SESS[2] vulkan valid: ok=1 cap=0 eog_tok1=0 tok1=14533 emitidos=301 consumidos=301 dec_s=301
10-07 23:38:08.070 I/NpuProbe(21995): SESS[2] vulkan tempos: prefill=9219.32ms export=0.42ms(12586017B) import=2.26ms gen=66413.59ms
10-07 23:38:08.070 I/NpuProbe(21995): SESS[2] vulkan fronteiras(ms): prefdone=9220.5 tok1r=9345.7 impdone=9348.0 tok2r=9378.0 fim=75761.6 wall=75761.6 reset=3.56
10-07 23:38:08.070 I/NpuProbe(21995): SESS[2] vulkan texto_len=1061 (integral no JSON)
10-07 23:38:08.070 I/NpuProbe(21995): SESS[2] vulkan lifecycle: load_dst=0ms load_src=0ms (0=WARM)
10-07 23:38:08.070 I/NpuProbe(21995): SESS[2] vulkan RESULTADO: SMART-DIVERGENTE
10-07 23:38:08.206 I/NpuProbe(21995): SESSAO(7334d57): fim (3 requests)
10-07 23:38:08.206 I/NpuProbe(21995): SMART REPORT:
10-07 23:38:08.206 I/NpuProbe(21995): SMART (sessao)
10-07 23:38:08.206 I/NpuProbe(21995): 
10-07 23:38:08.206 I/NpuProbe(21995): SMARTv2 rota='sessao' mutante=(none)
10-07 23:38:08.206 I/NpuProbe(21995): SESSAO(7334d57): 3 requests na mesma sessao (roles separados; JSON nativo em files/r6-sess.jsonl)
10-07 23:38:08.206 I/NpuProbe(21995): PROMPT[0]: arquivo proprio (len=1101)
10-07 23:38:08.206 I/NpuProbe(21995): DIV_DET: pos=264 tokD=305 tokS=11 | topD=[305:26.6961 11:26.6733 26:16.0760 13:15.5419 739:13.9314 ] topS=[11:26.7165 305:26.5443 26:16.1251 13:15.5035 739:14.0038 ] | margemD=0.0229 margemS=0.1723 finite=1
10-07 23:38:08.206 I/NpuProbe(21995): SESS[0] vulkan valid: ok=1 cap=0 eog_tok1=0 tok1=14533 emitidos=301 consumidos=301 dec_s=301
10-07 23:38:08.206 I/NpuProbe(21995): SESS[0] vulkan tempos: prefill=10509.34ms export=0.39ms(12586017B) import=2.14ms gen=82205.31ms
10-07 23:38:08.206 I/NpuProbe(21995): SESS[0] vulkan fronteiras(ms): prefdone=10510.5 tok1r=10608.5 impdone=10610.6 tok2r=11637.7 fim=92815.9 wall=92815.9 reset=4.09
10-07 23:38:08.206 I/NpuProbe(21995): SESS[0] vulkan texto_len=1061 (integral no JSON)
10-07 23:38:08.206 I/NpuProbe(21995): SESS[0] vulkan lifecycle: load_dst=865ms load_src=230ms (0=WARM)
10-07 23:38:08.206 I/NpuProbe(21995): SESS[0] vulkan RESULTADO: SMART-DIVERGENTE
10-07 23:38:08.206 I/NpuProbe(21995): PROMPT[1]: arquivo proprio (len=205)
10-07 23:38:08.206 I/NpuProbe(21995): SESS[1] vulkan valid: ok=1 cap=0 eog_tok1=0 tok1=46 emitidos=26 consumidos=26 dec_s=26
10-07 23:38:08.206 I/NpuProbe(21995): SESS[1] vulkan tempos: prefill=1720.05ms export=0.10ms(1770597B) import=1.98ms gen=7725.47ms
10-07 23:38:08.206 I/NpuProbe(21995): SESS[1] vulkan fronteiras(ms): prefdone=1720.3 tok1r=1734.6 impdone=1736.6 tok2r=1906.4 fim=9462.1 wall=9462.1 reset=3.69
10-07 23:38:08.206 I/NpuProbe(21995): SESS[1] vulkan texto_len=77 (integral no JSON)
10-07 23:38:08.206 I/NpuProbe(21995): SESS[1] vulkan lifecycle: load_dst=0ms load_src=0ms (0=WARM)
10-07 23:38:08.206 I/NpuProbe(21995): SESS[1] vulkan RESULTADO: SMART-ACEITO
10-07 23:38:08.206 I/NpuProbe(21995): PROMPT[2]: arquivo proprio (len=1101)
10-07 23:38:08.206 I/NpuProbe(21995): DIV_DET: pos=264 tokD=305 tokS=11 | topD=[305:26.6961 11:26.6733 26:16.0760 13:15.5419 739:13.9314 ] topS=[11:26.7165 305:26.5443 26:16.1251 13:15.5035 739:14.0038 ] | margemD=0.0229 margemS=0.1723 finite=1
10-07 23:38:08.206 I/NpuProbe(21995): SESS[2] vulkan valid: ok=1 cap=0 eog_tok1=0 tok1=14533 emitidos=301 consumidos=301 dec_s=301
10-07 23:38:08.206 I/NpuProbe(21995): SESS[2] vulkan tempos: prefill=9219.32ms export=0.42ms(12586017B) import=2.26ms gen=66413.59ms
10-07 23:38:08.206 I/NpuProbe(21995): SESS[2] vulkan fronteiras(ms): prefdone=9220.5 tok1r=9345.7 impdone=9348.0 tok2r=9378.0 fim=75761.6 wall=75761.6 reset=3.56
10-07 23:38:08.206 I/NpuProbe(21995): SESS[2] vulkan texto_len=1061 (integral no JSON)
10-07 23:38:08.206 I/NpuProbe(21995): SESS[2] vulkan lifecycle: load_dst=0ms load_src=0ms (0=WARM)
10-07 23:38:08.206 I/NpuProbe(21995): SESS[2] vulkan RESULTADO: SMART-DIVERGENTE
10-07 23:38:08.206 I/NpuProbe(21995): SESSAO(7334d57): fim (3 requests)
--------- beginning of main
10-07 23:33:01.111 I/NpuProbe(21995): nativeLibraryDir=/data/app/~~lpRbazBN5YZmky3PSTRBxw==/br.gov.sp.pcsp.npuprobe-TxoI9sAkGUKDb2hYH9j-kg==/lib/arm64
10-07 23:33:01.111 I/NpuProbe(21995): runProbe PULADO (p4-auto presente; preinit do tune)
10-07 23:33:01.111 I/NpuProbe(21995): REPORT:
10-07 23:33:01.111 I/NpuProbe(21995): (runProbe PULADO: p4-auto presente; evita init Hexagon pre-tune - R8)
10-07 23:33:01.111 I/NpuProbe(21995): AUTO-GATILHO='smart:sessao'
10-07 23:33:01.112 I/NpuProbe(21995): SMART iniciando rota=sessao com /data/local/tmp/hymt2_app.gguf
10-07 23:33:01.112 I/NpuProbe(21995): SMARTv2 rota='sessao' mutante=(none)
10-07 23:33:01.115 I/NpuProbe(21995): [ggml] ggml_vulkan: Found 1 Vulkan devices:
10-07 23:33:01.116 I/NpuProbe(21995): [ggml] ggml_vulkan: 0 = Adreno (TM) 840 (Qualcomm Technologies Inc. Adreno Vulkan Driver) | uma: 1 | fp16: 1 | bf16: 0 | fp4: 0 | warp size: 64 | shared memory: 32768 | int dot: 0 | matrix cores: none
10-07 23:33:01.143 I/NpuProbe(21995): [ggml] ggml_opencl: selected platform: 'QUALCOMM Snapdragon(TM)'
10-07 23:33:01.144 I/NpuProbe(21995): [ggml] 
10-07 23:33:01.144 I/NpuProbe(21995): ggml_opencl: device: 'QUALCOMM Adreno(TM) 840 (OpenCL 3.0 Adreno(TM) 840)'
10-07 23:33:01.144 I/NpuProbe(21995): [ggml] ggml_opencl: default device: 'QUALCOMM Adreno(TM) 840 (OpenCL 3.0 Adreno(TM) 840)'
10-07 23:33:01.144 I/NpuProbe(21995): [ggml] ggml-hex: Loading driver libcdsprpc.so
10-07 23:33:01.150 I/NpuProbe(21995): [ggml] ggml-hex: Hexagon backend (experimental) : allocating new registry : ndev 1
10-07 23:33:01.150 I/NpuProbe(21995): [ggml] ggml-hex: Hexagon Arch version v81
10-07 23:33:01.150 I/NpuProbe(21995): [ggml] ggml-hex: HTP0 allocating new session
10-07 23:33:01.184 I/NpuProbe(21995): [ggml] ggml-hex: HTP0 hwinfo: threads 8, hvx 8, hmx 1, vtcm 8 MB
10-07 23:33:01.184 I/NpuProbe(21995): [ggml] ggml-hex: HTP0 new session : session-id 0 domain-id 3 uri file:///libggml-htp-v81.so?htp_iface_skel_handle_invoke&_modver=1.0&_dom=cdsp&_session=0 handle 0xb4000077d53013c0
10-07 23:33:01.189 I/NpuProbe(21995): [ggml] ggml-hex: HTP0 op batching: n-bufs 16 n-tensors 7168 n-ops 1024 vmem 3355443200
10-07 23:33:01.195 I/NpuProbe(21995): SESSAO(7334d57): 3 requests na mesma sessao (roles separados; JSON nativo em files/r6-sess.jsonl)
10-07 23:33:01.196 I/NpuProbe(21995): PROMPT[0]: arquivo proprio (len=1101)
10-07 23:35:32.296 I/NpuProbe(21995): DIV_DET: pos=264 tokD=305 tokS=11 | topD=[305:26.6961 11:26.6733 26:16.0760 13:15.5419 739:13.9314 ] topS=[11:26.7165 305:26.5443 26:16.1251 13:15.5035 739:14.0038 ] | margemD=0.0229 margemS=0.1723 finite=1
10-07 23:35:59.688 I/NpuProbe(21995): SESS[0] vulkan valid: ok=1 cap=0 eog_tok1=0 tok1=14533 emitidos=301 consumidos=301 dec_s=301
10-07 23:35:59.688 I/NpuProbe(21995): SESS[0] vulkan tempos: prefill=10509.34ms export=0.39ms(12586017B) import=2.14ms gen=82205.31ms
10-07 23:35:59.688 I/NpuProbe(21995): SESS[0] vulkan fronteiras(ms): prefdone=10510.5 tok1r=10608.5 impdone=10610.6 tok2r=11637.7 fim=92815.9 wall=92815.9 reset=4.09
10-07 23:35:59.688 I/NpuProbe(21995): SESS[0] vulkan texto_len=1061 (integral no JSON)
10-07 23:35:59.688 I/NpuProbe(21995): SESS[0] vulkan lifecycle: load_dst=865ms load_src=230ms (0=WARM)
10-07 23:35:59.688 I/NpuProbe(21995): SESS[0] vulkan RESULTADO: SMART-DIVERGENTE
10-07 23:35:59.689 I/NpuProbe(21995): PROMPT[1]: arquivo proprio (len=205)
10-07 23:36:21.763 I/NpuProbe(21995): SESS[1] vulkan valid: ok=1 cap=0 eog_tok1=0 tok1=46 emitidos=26 consumidos=26 dec_s=26
10-07 23:36:21.763 I/NpuProbe(21995): SESS[1] vulkan tempos: prefill=1720.05ms export=0.10ms(1770597B) import=1.98ms gen=7725.47ms
10-07 23:36:21.763 I/NpuProbe(21995): SESS[1] vulkan fronteiras(ms): prefdone=1720.3 tok1r=1734.6 impdone=1736.6 tok2r=1906.4 fim=9462.1 wall=9462.1 reset=3.69
10-07 23:36:21.763 I/NpuProbe(21995): SESS[1] vulkan texto_len=77 (integral no JSON)
10-07 23:36:21.763 I/NpuProbe(21995): SESS[1] vulkan lifecycle: load_dst=0ms load_src=0ms (0=WARM)
10-07 23:36:21.763 I/NpuProbe(21995): SESS[1] vulkan RESULTADO: SMART-ACEITO
10-07 23:36:21.766 I/NpuProbe(21995): PROMPT[2]: arquivo proprio (len=1101)
10-07 23:37:59.838 I/NpuProbe(21995): DIV_DET: pos=264 tokD=305 tokS=11 | topD=[305:26.6961 11:26.6733 26:16.0760 13:15.5419 739:13.9314 ] topS=[11:26.7165 305:26.5443 26:16.1251 13:15.5035 739:14.0038 ] | margemD=0.0229 margemS=0.1723 finite=1
10-07 23:38:08.070 I/NpuProbe(21995): SESS[2] vulkan valid: ok=1 cap=0 eog_tok1=0 tok1=14533 emitidos=301 consumidos=301 dec_s=301
10-07 23:38:08.070 I/NpuProbe(21995): SESS[2] vulkan tempos: prefill=9219.32ms export=0.42ms(12586017B) import=2.26ms gen=66413.59ms
10-07 23:38:08.070 I/NpuProbe(21995): SESS[2] vulkan fronteiras(ms): prefdone=9220.5 tok1r=9345.7 impdone=9348.0 tok2r=9378.0 fim=75761.6 wall=75761.6 reset=3.56
10-07 23:38:08.070 I/NpuProbe(21995): SESS[2] vulkan texto_len=1061 (integral no JSON)
10-07 23:38:08.070 I/NpuProbe(21995): SESS[2] vulkan lifecycle: load_dst=0ms load_src=0ms (0=WARM)
10-07 23:38:08.070 I/NpuProbe(21995): SESS[2] vulkan RESULTADO: SMART-DIVERGENTE
10-07 23:38:08.206 I/NpuProbe(21995): SESSAO(7334d57): fim (3 requests)
10-07 23:38:08.206 I/NpuProbe(21995): SMART REPORT:
10-07 23:38:08.206 I/NpuProbe(21995): SMART (sessao)
10-07 23:38:08.206 I/NpuProbe(21995): 
10-07 23:38:08.206 I/NpuProbe(21995): SMARTv2 rota='sessao' mutante=(none)
10-07 23:38:08.206 I/NpuProbe(21995): SESSAO(7334d57): 3 requests na mesma sessao (roles separados; JSON nativo em files/r6-sess.jsonl)
10-07 23:38:08.206 I/NpuProbe(21995): PROMPT[0]: arquivo proprio (len=1101)
10-07 23:38:08.206 I/NpuProbe(21995): DIV_DET: pos=264 tokD=305 tokS=11 | topD=[305:26.6961 11:26.6733 26:16.0760 13:15.5419 739:13.9314 ] topS=[11:26.7165 305:26.5443 26:16.1251 13:15.5035 739:14.0038 ] | margemD=0.0229 margemS=0.1723 finite=1
10-07 23:38:08.206 I/NpuProbe(21995): SESS[0] vulkan valid: ok=1 cap=0 eog_tok1=0 tok1=14533 emitidos=301 consumidos=301 dec_s=301
10-07 23:38:08.206 I/NpuProbe(21995): SESS[0] vulkan tempos: prefill=10509.34ms export=0.39ms(12586017B) import=2.14ms gen=82205.31ms
10-07 23:38:08.206 I/NpuProbe(21995): SESS[0] vulkan fronteiras(ms): prefdone=10510.5 tok1r=10608.5 impdone=10610.6 tok2r=11637.7 fim=92815.9 wall=92815.9 reset=4.09
10-07 23:38:08.206 I/NpuProbe(21995): SESS[0] vulkan texto_len=1061 (integral no JSON)
10-07 23:38:08.206 I/NpuProbe(21995): SESS[0] vulkan lifecycle: load_dst=865ms load_src=230ms (0=WARM)
10-07 23:38:08.206 I/NpuProbe(21995): SESS[0] vulkan RESULTADO: SMART-DIVERGENTE
10-07 23:38:08.206 I/NpuProbe(21995): PROMPT[1]: arquivo proprio (len=205)
10-07 23:38:08.206 I/NpuProbe(21995): SESS[1] vulkan valid: ok=1 cap=0 eog_tok1=0 tok1=46 emitidos=26 consumidos=26 dec_s=26
10-07 23:38:08.206 I/NpuProbe(21995): SESS[1] vulkan tempos: prefill=1720.05ms export=0.10ms(1770597B) import=1.98ms gen=7725.47ms
10-07 23:38:08.206 I/NpuProbe(21995): SESS[1] vulkan fronteiras(ms): prefdone=1720.3 tok1r=1734.6 impdone=1736.6 tok2r=1906.4 fim=9462.1 wall=9462.1 reset=3.69
10-07 23:38:08.206 I/NpuProbe(21995): SESS[1] vulkan texto_len=77 (integral no JSON)
10-07 23:38:08.206 I/NpuProbe(21995): SESS[1] vulkan lifecycle: load_dst=0ms load_src=0ms (0=WARM)
10-07 23:38:08.206 I/NpuProbe(21995): SESS[1] vulkan RESULTADO: SMART-ACEITO
10-07 23:38:08.206 I/NpuProbe(21995): PROMPT[2]: arquivo proprio (len=1101)
10-07 23:38:08.206 I/NpuProbe(21995): DIV_DET: pos=264 tokD=305 tokS=11 | topD=[305:26.6961 11:26.6733 26:16.0760 13:15.5419 739:13.9314 ] topS=[11:26.7165 305:26.5443 26:16.1251 13:15.5035 739:14.0038 ] | margemD=0.0229 margemS=0.1723 finite=1
10-07 23:38:08.206 I/NpuProbe(21995): SESS[2] vulkan valid: ok=1 cap=0 eog_tok1=0 tok1=14533 emitidos=301 consumidos=301 dec_s=301
10-07 23:38:08.206 I/NpuProbe(21995): SESS[2] vulkan tempos: prefill=9219.32ms export=0.42ms(12586017B) import=2.26ms gen=66413.59ms
10-07 23:38:08.206 I/NpuProbe(21995): SESS[2] vulkan fronteiras(ms): prefdone=9220.5 tok1r=9345.7 impdone=9348.0 tok2r=9378.0 fim=75761.6 wall=75761.6 reset=3.56
10-07 23:38:08.206 I/NpuProbe(21995): SESS[2] vulkan texto_len=1061 (integral no JSON)
10-07 23:38:08.206 I/NpuProbe(21995): SESS[2] vulkan lifecycle: load_dst=0ms load_src=0ms (0=WARM)
10-07 23:38:08.206 I/NpuProbe(21995): SESS[2] vulkan RESULTADO: SMART-DIVERGENTE
10-07 23:38:08.206 I/NpuProbe(21995): SESSAO(7334d57): fim (3 requests)
--------- beginning of main
10-07 23:35:32.296 I/NpuProbe(21995): DIV_DET: pos=264 tokD=305 tokS=11 | topD=[305:26.6961 11:26.6733 26:16.0760 13:15.5419 739:13.9314 ] topS=[11:26.7165 305:26.5443 26:16.1251 13:15.5035 739:14.0038 ] | margemD=0.0229 margemS=0.1723 finite=1
10-07 23:35:59.688 I/NpuProbe(21995): SESS[0] vulkan valid: ok=1 cap=0 eog_tok1=0 tok1=14533 emitidos=301 consumidos=301 dec_s=301
10-07 23:35:59.688 I/NpuProbe(21995): SESS[0] vulkan tempos: prefill=10509.34ms export=0.39ms(12586017B) import=2.14ms gen=82205.31ms
10-07 23:35:59.688 I/NpuProbe(21995): SESS[0] vulkan fronteiras(ms): prefdone=10510.5 tok1r=10608.5 impdone=10610.6 tok2r=11637.7 fim=92815.9 wall=92815.9 reset=4.09
10-07 23:35:59.688 I/NpuProbe(21995): SESS[0] vulkan texto_len=1061 (integral no JSON)
10-07 23:35:59.688 I/NpuProbe(21995): SESS[0] vulkan lifecycle: load_dst=865ms load_src=230ms (0=WARM)
10-07 23:35:59.688 I/NpuProbe(21995): SESS[0] vulkan RESULTADO: SMART-DIVERGENTE
10-07 23:35:59.689 I/NpuProbe(21995): PROMPT[1]: arquivo proprio (len=205)
10-07 23:36:21.763 I/NpuProbe(21995): SESS[1] vulkan valid: ok=1 cap=0 eog_tok1=0 tok1=46 emitidos=26 consumidos=26 dec_s=26
10-07 23:36:21.763 I/NpuProbe(21995): SESS[1] vulkan tempos: prefill=1720.05ms export=0.10ms(1770597B) import=1.98ms gen=7725.47ms
10-07 23:36:21.763 I/NpuProbe(21995): SESS[1] vulkan fronteiras(ms): prefdone=1720.3 tok1r=1734.6 impdone=1736.6 tok2r=1906.4 fim=9462.1 wall=9462.1 reset=3.69
10-07 23:36:21.763 I/NpuProbe(21995): SESS[1] vulkan texto_len=77 (integral no JSON)
10-07 23:36:21.763 I/NpuProbe(21995): SESS[1] vulkan lifecycle: load_dst=0ms load_src=0ms (0=WARM)
10-07 23:36:21.763 I/NpuProbe(21995): SESS[1] vulkan RESULTADO: SMART-ACEITO
10-07 23:36:21.766 I/NpuProbe(21995): PROMPT[2]: arquivo proprio (len=1101)
10-07 23:37:59.838 I/NpuProbe(21995): DIV_DET: pos=264 tokD=305 tokS=11 | topD=[305:26.6961 11:26.6733 26:16.0760 13:15.5419 739:13.9314 ] topS=[11:26.7165 305:26.5443 26:16.1251 13:15.5035 739:14.0038 ] | margemD=0.0229 margemS=0.1723 finite=1
10-07 23:38:08.070 I/NpuProbe(21995): SESS[2] vulkan valid: ok=1 cap=0 eog_tok1=0 tok1=14533 emitidos=301 consumidos=301 dec_s=301
10-07 23:38:08.070 I/NpuProbe(21995): SESS[2] vulkan tempos: prefill=9219.32ms export=0.42ms(12586017B) import=2.26ms gen=66413.59ms
10-07 23:38:08.070 I/NpuProbe(21995): SESS[2] vulkan fronteiras(ms): prefdone=9220.5 tok1r=9345.7 impdone=9348.0 tok2r=9378.0 fim=75761.6 wall=75761.6 reset=3.56
10-07 23:38:08.070 I/NpuProbe(21995): SESS[2] vulkan texto_len=1061 (integral no JSON)
10-07 23:38:08.070 I/NpuProbe(21995): SESS[2] vulkan lifecycle: load_dst=0ms load_src=0ms (0=WARM)
10-07 23:38:08.070 I/NpuProbe(21995): SESS[2] vulkan RESULTADO: SMART-DIVERGENTE
10-07 23:38:08.206 I/NpuProbe(21995): SESSAO(7334d57): fim (3 requests)
10-07 23:38:08.206 I/NpuProbe(21995): SMART REPORT:
10-07 23:38:08.206 I/NpuProbe(21995): SMART (sessao)
10-07 23:38:08.206 I/NpuProbe(21995): 
10-07 23:38:08.206 I/NpuProbe(21995): SMARTv2 rota='sessao' mutante=(none)
10-07 23:38:08.206 I/NpuProbe(21995): SESSAO(7334d57): 3 requests na mesma sessao (roles separados; JSON nativo em files/r6-sess.jsonl)
10-07 23:38:08.206 I/NpuProbe(21995): PROMPT[0]: arquivo proprio (len=1101)
10-07 23:38:08.206 I/NpuProbe(21995): DIV_DET: pos=264 tokD=305 tokS=11 | topD=[305:26.6961 11:26.6733 26:16.0760 13:15.5419 739:13.9314 ] topS=[11:26.7165 305:26.5443 26:16.1251 13:15.5035 739:14.0038 ] | margemD=0.0229 margemS=0.1723 finite=1
10-07 23:38:08.206 I/NpuProbe(21995): SESS[0] vulkan valid: ok=1 cap=0 eog_tok1=0 tok1=14533 emitidos=301 consumidos=301 dec_s=301
10-07 23:38:08.206 I/NpuProbe(21995): SESS[0] vulkan tempos: prefill=10509.34ms export=0.39ms(12586017B) import=2.14ms gen=82205.31ms
10-07 23:38:08.206 I/NpuProbe(21995): SESS[0] vulkan fronteiras(ms): prefdone=10510.5 tok1r=10608.5 impdone=10610.6 tok2r=11637.7 fim=92815.9 wall=92815.9 reset=4.09
10-07 23:38:08.206 I/NpuProbe(21995): SESS[0] vulkan texto_len=1061 (integral no JSON)
10-07 23:38:08.206 I/NpuProbe(21995): SESS[0] vulkan lifecycle: load_dst=865ms load_src=230ms (0=WARM)
10-07 23:38:08.206 I/NpuProbe(21995): SESS[0] vulkan RESULTADO: SMART-DIVERGENTE
10-07 23:38:08.206 I/NpuProbe(21995): PROMPT[1]: arquivo proprio (len=205)
10-07 23:38:08.206 I/NpuProbe(21995): SESS[1] vulkan valid: ok=1 cap=0 eog_tok1=0 tok1=46 emitidos=26 consumidos=26 dec_s=26
10-07 23:38:08.206 I/NpuProbe(21995): SESS[1] vulkan tempos: prefill=1720.05ms export=0.10ms(1770597B) import=1.98ms gen=7725.47ms
10-07 23:38:08.206 I/NpuProbe(21995): SESS[1] vulkan fronteiras(ms): prefdone=1720.3 tok1r=1734.6 impdone=1736.6 tok2r=1906.4 fim=9462.1 wall=9462.1 reset=3.69
10-07 23:38:08.206 I/NpuProbe(21995): SESS[1] vulkan texto_len=77 (integral no JSON)
10-07 23:38:08.206 I/NpuProbe(21995): SESS[1] vulkan lifecycle: load_dst=0ms load_src=0ms (0=WARM)
10-07 23:38:08.206 I/NpuProbe(21995): SESS[1] vulkan RESULTADO: SMART-ACEITO
10-07 23:38:08.206 I/NpuProbe(21995): PROMPT[2]: arquivo proprio (len=1101)
10-07 23:38:08.206 I/NpuProbe(21995): DIV_DET: pos=264 tokD=305 tokS=11 | topD=[305:26.6961 11:26.6733 26:16.0760 13:15.5419 739:13.9314 ] topS=[11:26.7165 305:26.5443 26:16.1251 13:15.5035 739:14.0038 ] | margemD=0.0229 margemS=0.1723 finite=1
10-07 23:38:08.206 I/NpuProbe(21995): SESS[2] vulkan valid: ok=1 cap=0 eog_tok1=0 tok1=14533 emitidos=301 consumidos=301 dec_s=301
10-07 23:38:08.206 I/NpuProbe(21995): SESS[2] vulkan tempos: prefill=9219.32ms export=0.42ms(12586017B) import=2.26ms gen=66413.59ms
10-07 23:38:08.206 I/NpuProbe(21995): SESS[2] vulkan fronteiras(ms): prefdone=9220.5 tok1r=9345.7 impdone=9348.0 tok2r=9378.0 fim=75761.6 wall=75761.6 reset=3.56
10-07 23:38:08.206 I/NpuProbe(21995): SESS[2] vulkan texto_len=1061 (integral no JSON)
10-07 23:38:08.206 I/NpuProbe(21995): SESS[2] vulkan lifecycle: load_dst=0ms load_src=0ms (0=WARM)
10-07 23:38:08.206 I/NpuProbe(21995): SESS[2] vulkan RESULTADO: SMART-DIVERGENTE
10-07 23:38:08.206 I/NpuProbe(21995): SESSAO(7334d57): fim (3 requests)
--------- beginning of main
10-07 23:35:32.296 I/NpuProbe(21995): DIV_DET: pos=264 tokD=305 tokS=11 | topD=[305:26.6961 11:26.6733 26:16.0760 13:15.5419 739:13.9314 ] topS=[11:26.7165 305:26.5443 26:16.1251 13:15.5035 739:14.0038 ] | margemD=0.0229 margemS=0.1723 finite=1
10-07 23:35:59.688 I/NpuProbe(21995): SESS[0] vulkan valid: ok=1 cap=0 eog_tok1=0 tok1=14533 emitidos=301 consumidos=301 dec_s=301
10-07 23:35:59.688 I/NpuProbe(21995): SESS[0] vulkan tempos: prefill=10509.34ms export=0.39ms(12586017B) import=2.14ms gen=82205.31ms
10-07 23:35:59.688 I/NpuProbe(21995): SESS[0] vulkan fronteiras(ms): prefdone=10510.5 tok1r=10608.5 impdone=10610.6 tok2r=11637.7 fim=92815.9 wall=92815.9 reset=4.09
10-07 23:35:59.688 I/NpuProbe(21995): SESS[0] vulkan texto_len=1061 (integral no JSON)
10-07 23:35:59.688 I/NpuProbe(21995): SESS[0] vulkan lifecycle: load_dst=865ms load_src=230ms (0=WARM)
10-07 23:35:59.688 I/NpuProbe(21995): SESS[0] vulkan RESULTADO: SMART-DIVERGENTE
10-07 23:35:59.689 I/NpuProbe(21995): PROMPT[1]: arquivo proprio (len=205)
10-07 23:36:21.763 I/NpuProbe(21995): SESS[1] vulkan valid: ok=1 cap=0 eog_tok1=0 tok1=46 emitidos=26 consumidos=26 dec_s=26
10-07 23:36:21.763 I/NpuProbe(21995): SESS[1] vulkan tempos: prefill=1720.05ms export=0.10ms(1770597B) import=1.98ms gen=7725.47ms
10-07 23:36:21.763 I/NpuProbe(21995): SESS[1] vulkan fronteiras(ms): prefdone=1720.3 tok1r=1734.6 impdone=1736.6 tok2r=1906.4 fim=9462.1 wall=9462.1 reset=3.69
10-07 23:36:21.763 I/NpuProbe(21995): SESS[1] vulkan texto_len=77 (integral no JSON)
10-07 23:36:21.763 I/NpuProbe(21995): SESS[1] vulkan lifecycle: load_dst=0ms load_src=0ms (0=WARM)
10-07 23:36:21.763 I/NpuProbe(21995): SESS[1] vulkan RESULTADO: SMART-ACEITO
10-07 23:36:21.766 I/NpuProbe(21995): PROMPT[2]: arquivo proprio (len=1101)
10-07 23:37:59.838 I/NpuProbe(21995): DIV_DET: pos=264 tokD=305 tokS=11 | topD=[305:26.6961 11:26.6733 26:16.0760 13:15.5419 739:13.9314 ] topS=[11:26.7165 305:26.5443 26:16.1251 13:15.5035 739:14.0038 ] | margemD=0.0229 margemS=0.1723 finite=1
10-07 23:38:08.070 I/NpuProbe(21995): SESS[2] vulkan valid: ok=1 cap=0 eog_tok1=0 tok1=14533 emitidos=301 consumidos=301 dec_s=301
10-07 23:38:08.070 I/NpuProbe(21995): SESS[2] vulkan tempos: prefill=9219.32ms export=0.42ms(12586017B) import=2.26ms gen=66413.59ms
10-07 23:38:08.070 I/NpuProbe(21995): SESS[2] vulkan fronteiras(ms): prefdone=9220.5 tok1r=9345.7 impdone=9348.0 tok2r=9378.0 fim=75761.6 wall=75761.6 reset=3.56
10-07 23:38:08.070 I/NpuProbe(21995): SESS[2] vulkan texto_len=1061 (integral no JSON)
10-07 23:38:08.070 I/NpuProbe(21995): SESS[2] vulkan lifecycle: load_dst=0ms load_src=0ms (0=WARM)
10-07 23:38:08.070 I/NpuProbe(21995): SESS[2] vulkan RESULTADO: SMART-DIVERGENTE
10-07 23:38:08.206 I/NpuProbe(21995): SESSAO(7334d57): fim (3 requests)
10-07 23:38:08.206 I/NpuProbe(21995): SMART REPORT:
10-07 23:38:08.206 I/NpuProbe(21995): SMART (sessao)
10-07 23:38:08.206 I/NpuProbe(21995): 
10-07 23:38:08.206 I/NpuProbe(21995): SMARTv2 rota='sessao' mutante=(none)
10-07 23:38:08.206 I/NpuProbe(21995): SESSAO(7334d57): 3 requests na mesma sessao (roles separados; JSON nativo em files/r6-sess.jsonl)
10-07 23:38:08.206 I/NpuProbe(21995): PROMPT[0]: arquivo proprio (len=1101)
10-07 23:38:08.206 I/NpuProbe(21995): DIV_DET: pos=264 tokD=305 tokS=11 | topD=[305:26.6961 11:26.6733 26:16.0760 13:15.5419 739:13.9314 ] topS=[11:26.7165 305:26.5443 26:16.1251 13:15.5035 739:14.0038 ] | margemD=0.0229 margemS=0.1723 finite=1
10-07 23:38:08.206 I/NpuProbe(21995): SESS[0] vulkan valid: ok=1 cap=0 eog_tok1=0 tok1=14533 emitidos=301 consumidos=301 dec_s=301
10-07 23:38:08.206 I/NpuProbe(21995): SESS[0] vulkan tempos: prefill=10509.34ms export=0.39ms(12586017B) import=2.14ms gen=82205.31ms
10-07 23:38:08.206 I/NpuProbe(21995): SESS[0] vulkan fronteiras(ms): prefdone=10510.5 tok1r=10608.5 impdone=10610.6 tok2r=11637.7 fim=92815.9 wall=92815.9 reset=4.09
10-07 23:38:08.206 I/NpuProbe(21995): SESS[0] vulkan texto_len=1061 (integral no JSON)
10-07 23:38:08.206 I/NpuProbe(21995): SESS[0] vulkan lifecycle: load_dst=865ms load_src=230ms (0=WARM)
10-07 23:38:08.206 I/NpuProbe(21995): SESS[0] vulkan RESULTADO: SMART-DIVERGENTE
10-07 23:38:08.206 I/NpuProbe(21995): PROMPT[1]: arquivo proprio (len=205)
10-07 23:38:08.206 I/NpuProbe(21995): SESS[1] vulkan valid: ok=1 cap=0 eog_tok1=0 tok1=46 emitidos=26 consumidos=26 dec_s=26
10-07 23:38:08.206 I/NpuProbe(21995): SESS[1] vulkan tempos: prefill=1720.05ms export=0.10ms(1770597B) import=1.98ms gen=7725.47ms
10-07 23:38:08.206 I/NpuProbe(21995): SESS[1] vulkan fronteiras(ms): prefdone=1720.3 tok1r=1734.6 impdone=1736.6 tok2r=1906.4 fim=9462.1 wall=9462.1 reset=3.69
10-07 23:38:08.206 I/NpuProbe(21995): SESS[1] vulkan texto_len=77 (integral no JSON)
10-07 23:38:08.206 I/NpuProbe(21995): SESS[1] vulkan lifecycle: load_dst=0ms load_src=0ms (0=WARM)
10-07 23:38:08.206 I/NpuProbe(21995): SESS[1] vulkan RESULTADO: SMART-ACEITO
10-07 23:38:08.206 I/NpuProbe(21995): PROMPT[2]: arquivo proprio (len=1101)
10-07 23:38:08.206 I/NpuProbe(21995): DIV_DET: pos=264 tokD=305 tokS=11 | topD=[305:26.6961 11:26.6733 26:16.0760 13:15.5419 739:13.9314 ] topS=[11:26.7165 305:26.5443 26:16.1251 13:15.5035 739:14.0038 ] | margemD=0.0229 margemS=0.1723 finite=1
10-07 23:38:08.206 I/NpuProbe(21995): SESS[2] vulkan valid: ok=1 cap=0 eog_tok1=0 tok1=14533 emitidos=301 consumidos=301 dec_s=301
10-07 23:38:08.206 I/NpuProbe(21995): SESS[2] vulkan tempos: prefill=9219.32ms export=0.42ms(12586017B) import=2.26ms gen=66413.59ms
10-07 23:38:08.206 I/NpuProbe(21995): SESS[2] vulkan fronteiras(ms): prefdone=9220.5 tok1r=9345.7 impdone=9348.0 tok2r=9378.0 fim=75761.6 wall=75761.6 reset=3.56
10-07 23:38:08.206 I/NpuProbe(21995): SESS[2] vulkan texto_len=1061 (integral no JSON)
10-07 23:38:08.206 I/NpuProbe(21995): SESS[2] vulkan lifecycle: load_dst=0ms load_src=0ms (0=WARM)
10-07 23:38:08.206 I/NpuProbe(21995): SESS[2] vulkan RESULTADO: SMART-DIVERGENTE
10-07 23:38:08.206 I/NpuProbe(21995): SESSAO(7334d57): fim (3 requests)
--------- beginning of main
10-07 23:35:32.296 I/NpuProbe(21995): DIV_DET: pos=264 tokD=305 tokS=11 | topD=[305:26.6961 11:26.6733 26:16.0760 13:15.5419 739:13.9314 ] topS=[11:26.7165 305:26.5443 26:16.1251 13:15.5035 739:14.0038 ] | margemD=0.0229 margemS=0.1723 finite=1
10-07 23:35:59.688 I/NpuProbe(21995): SESS[0] vulkan valid: ok=1 cap=0 eog_tok1=0 tok1=14533 emitidos=301 consumidos=301 dec_s=301
10-07 23:35:59.688 I/NpuProbe(21995): SESS[0] vulkan tempos: prefill=10509.34ms export=0.39ms(12586017B) import=2.14ms gen=82205.31ms
10-07 23:35:59.688 I/NpuProbe(21995): SESS[0] vulkan fronteiras(ms): prefdone=10510.5 tok1r=10608.5 impdone=10610.6 tok2r=11637.7 fim=92815.9 wall=92815.9 reset=4.09
10-07 23:35:59.688 I/NpuProbe(21995): SESS[0] vulkan texto_len=1061 (integral no JSON)
10-07 23:35:59.688 I/NpuProbe(21995): SESS[0] vulkan lifecycle: load_dst=865ms load_src=230ms (0=WARM)
10-07 23:35:59.688 I/NpuProbe(21995): SESS[0] vulkan RESULTADO: SMART-DIVERGENTE
10-07 23:35:59.689 I/NpuProbe(21995): PROMPT[1]: arquivo proprio (len=205)
10-07 23:36:21.763 I/NpuProbe(21995): SESS[1] vulkan valid: ok=1 cap=0 eog_tok1=0 tok1=46 emitidos=26 consumidos=26 dec_s=26
10-07 23:36:21.763 I/NpuProbe(21995): SESS[1] vulkan tempos: prefill=1720.05ms export=0.10ms(1770597B) import=1.98ms gen=7725.47ms
10-07 23:36:21.763 I/NpuProbe(21995): SESS[1] vulkan fronteiras(ms): prefdone=1720.3 tok1r=1734.6 impdone=1736.6 tok2r=1906.4 fim=9462.1 wall=9462.1 reset=3.69
10-07 23:36:21.763 I/NpuProbe(21995): SESS[1] vulkan texto_len=77 (integral no JSON)
10-07 23:36:21.763 I/NpuProbe(21995): SESS[1] vulkan lifecycle: load_dst=0ms load_src=0ms (0=WARM)
10-07 23:36:21.763 I/NpuProbe(21995): SESS[1] vulkan RESULTADO: SMART-ACEITO
10-07 23:36:21.766 I/NpuProbe(21995): PROMPT[2]: arquivo proprio (len=1101)
10-07 23:37:59.838 I/NpuProbe(21995): DIV_DET: pos=264 tokD=305 tokS=11 | topD=[305:26.6961 11:26.6733 26:16.0760 13:15.5419 739:13.9314 ] topS=[11:26.7165 305:26.5443 26:16.1251 13:15.5035 739:14.0038 ] | margemD=0.0229 margemS=0.1723 finite=1
10-07 23:38:08.070 I/NpuProbe(21995): SESS[2] vulkan valid: ok=1 cap=0 eog_tok1=0 tok1=14533 emitidos=301 consumidos=301 dec_s=301
10-07 23:38:08.070 I/NpuProbe(21995): SESS[2] vulkan tempos: prefill=9219.32ms export=0.42ms(12586017B) import=2.26ms gen=66413.59ms
10-07 23:38:08.070 I/NpuProbe(21995): SESS[2] vulkan fronteiras(ms): prefdone=9220.5 tok1r=9345.7 impdone=9348.0 tok2r=9378.0 fim=75761.6 wall=75761.6 reset=3.56
10-07 23:38:08.070 I/NpuProbe(21995): SESS[2] vulkan texto_len=1061 (integral no JSON)
10-07 23:38:08.070 I/NpuProbe(21995): SESS[2] vulkan lifecycle: load_dst=0ms load_src=0ms (0=WARM)
10-07 23:38:08.070 I/NpuProbe(21995): SESS[2] vulkan RESULTADO: SMART-DIVERGENTE
10-07 23:38:08.206 I/NpuProbe(21995): SESSAO(7334d57): fim (3 requests)
10-07 23:38:08.206 I/NpuProbe(21995): SMART REPORT:
10-07 23:38:08.206 I/NpuProbe(21995): SMART (sessao)
10-07 23:38:08.206 I/NpuProbe(21995): 
10-07 23:38:08.206 I/NpuProbe(21995): SMARTv2 rota='sessao' mutante=(none)
10-07 23:38:08.206 I/NpuProbe(21995): SESSAO(7334d57): 3 requests na mesma sessao (roles separados; JSON nativo em files/r6-sess.jsonl)
10-07 23:38:08.206 I/NpuProbe(21995): PROMPT[0]: arquivo proprio (len=1101)
10-07 23:38:08.206 I/NpuProbe(21995): DIV_DET: pos=264 tokD=305 tokS=11 | topD=[305:26.6961 11:26.6733 26:16.0760 13:15.5419 739:13.9314 ] topS=[11:26.7165 305:26.5443 26:16.1251 13:15.5035 739:14.0038 ] | margemD=0.0229 margemS=0.1723 finite=1
10-07 23:38:08.206 I/NpuProbe(21995): SESS[0] vulkan valid: ok=1 cap=0 eog_tok1=0 tok1=14533 emitidos=301 consumidos=301 dec_s=301
10-07 23:38:08.206 I/NpuProbe(21995): SESS[0] vulkan tempos: prefill=10509.34ms export=0.39ms(12586017B) import=2.14ms gen=82205.31ms
10-07 23:38:08.206 I/NpuProbe(21995): SESS[0] vulkan fronteiras(ms): prefdone=10510.5 tok1r=10608.5 impdone=10610.6 tok2r=11637.7 fim=92815.9 wall=92815.9 reset=4.09
10-07 23:38:08.206 I/NpuProbe(21995): SESS[0] vulkan texto_len=1061 (integral no JSON)
10-07 23:38:08.206 I/NpuProbe(21995): SESS[0] vulkan lifecycle: load_dst=865ms load_src=230ms (0=WARM)
10-07 23:38:08.206 I/NpuProbe(21995): SESS[0] vulkan RESULTADO: SMART-DIVERGENTE
10-07 23:38:08.206 I/NpuProbe(21995): PROMPT[1]: arquivo proprio (len=205)
10-07 23:38:08.206 I/NpuProbe(21995): SESS[1] vulkan valid: ok=1 cap=0 eog_tok1=0 tok1=46 emitidos=26 consumidos=26 dec_s=26
10-07 23:38:08.206 I/NpuProbe(21995): SESS[1] vulkan tempos: prefill=1720.05ms export=0.10ms(1770597B) import=1.98ms gen=7725.47ms
10-07 23:38:08.206 I/NpuProbe(21995): SESS[1] vulkan fronteiras(ms): prefdone=1720.3 tok1r=1734.6 impdone=1736.6 tok2r=1906.4 fim=9462.1 wall=9462.1 reset=3.69
10-07 23:38:08.206 I/NpuProbe(21995): SESS[1] vulkan texto_len=77 (integral no JSON)
10-07 23:38:08.206 I/NpuProbe(21995): SESS[1] vulkan lifecycle: load_dst=0ms load_src=0ms (0=WARM)
10-07 23:38:08.206 I/NpuProbe(21995): SESS[1] vulkan RESULTADO: SMART-ACEITO
10-07 23:38:08.206 I/NpuProbe(21995): PROMPT[2]: arquivo proprio (len=1101)
10-07 23:38:08.206 I/NpuProbe(21995): DIV_DET: pos=264 tokD=305 tokS=11 | topD=[305:26.6961 11:26.6733 26:16.0760 13:15.5419 739:13.9314 ] topS=[11:26.7165 305:26.5443 26:16.1251 13:15.5035 739:14.0038 ] | margemD=0.0229 margemS=0.1723 finite=1
10-07 23:38:08.206 I/NpuProbe(21995): SESS[2] vulkan valid: ok=1 cap=0 eog_tok1=0 tok1=14533 emitidos=301 consumidos=301 dec_s=301
10-07 23:38:08.206 I/NpuProbe(21995): SESS[2] vulkan tempos: prefill=9219.32ms export=0.42ms(12586017B) import=2.26ms gen=66413.59ms
10-07 23:38:08.206 I/NpuProbe(21995): SESS[2] vulkan fronteiras(ms): prefdone=9220.5 tok1r=9345.7 impdone=9348.0 tok2r=9378.0 fim=75761.6 wall=75761.6 reset=3.56
10-07 23:38:08.206 I/NpuProbe(21995): SESS[2] vulkan texto_len=1061 (integral no JSON)
10-07 23:38:08.206 I/NpuProbe(21995): SESS[2] vulkan lifecycle: load_dst=0ms load_src=0ms (0=WARM)
10-07 23:38:08.206 I/NpuProbe(21995): SESS[2] vulkan RESULTADO: SMART-DIVERGENTE
10-07 23:38:08.206 I/NpuProbe(21995): SESSAO(7334d57): fim (3 requests)
--------- beginning of main
10-07 23:35:32.296 I/NpuProbe(21995): DIV_DET: pos=264 tokD=305 tokS=11 | topD=[305:26.6961 11:26.6733 26:16.0760 13:15.5419 739:13.9314 ] topS=[11:26.7165 305:26.5443 26:16.1251 13:15.5035 739:14.0038 ] | margemD=0.0229 margemS=0.1723 finite=1
10-07 23:35:59.688 I/NpuProbe(21995): SESS[0] vulkan valid: ok=1 cap=0 eog_tok1=0 tok1=14533 emitidos=301 consumidos=301 dec_s=301
10-07 23:35:59.688 I/NpuProbe(21995): SESS[0] vulkan tempos: prefill=10509.34ms export=0.39ms(12586017B) import=2.14ms gen=82205.31ms
10-07 23:35:59.688 I/NpuProbe(21995): SESS[0] vulkan fronteiras(ms): prefdone=10510.5 tok1r=10608.5 impdone=10610.6 tok2r=11637.7 fim=92815.9 wall=92815.9 reset=4.09
10-07 23:35:59.688 I/NpuProbe(21995): SESS[0] vulkan texto_len=1061 (integral no JSON)
10-07 23:35:59.688 I/NpuProbe(21995): SESS[0] vulkan lifecycle: load_dst=865ms load_src=230ms (0=WARM)
10-07 23:35:59.688 I/NpuProbe(21995): SESS[0] vulkan RESULTADO: SMART-DIVERGENTE
10-07 23:35:59.689 I/NpuProbe(21995): PROMPT[1]: arquivo proprio (len=205)
10-07 23:36:21.763 I/NpuProbe(21995): SESS[1] vulkan valid: ok=1 cap=0 eog_tok1=0 tok1=46 emitidos=26 consumidos=26 dec_s=26
10-07 23:36:21.763 I/NpuProbe(21995): SESS[1] vulkan tempos: prefill=1720.05ms export=0.10ms(1770597B) import=1.98ms gen=7725.47ms
10-07 23:36:21.763 I/NpuProbe(21995): SESS[1] vulkan fronteiras(ms): prefdone=1720.3 tok1r=1734.6 impdone=1736.6 tok2r=1906.4 fim=9462.1 wall=9462.1 reset=3.69
10-07 23:36:21.763 I/NpuProbe(21995): SESS[1] vulkan texto_len=77 (integral no JSON)
10-07 23:36:21.763 I/NpuProbe(21995): SESS[1] vulkan lifecycle: load_dst=0ms load_src=0ms (0=WARM)
10-07 23:36:21.763 I/NpuProbe(21995): SESS[1] vulkan RESULTADO: SMART-ACEITO
10-07 23:36:21.766 I/NpuProbe(21995): PROMPT[2]: arquivo proprio (len=1101)
10-07 23:37:59.838 I/NpuProbe(21995): DIV_DET: pos=264 tokD=305 tokS=11 | topD=[305:26.6961 11:26.6733 26:16.0760 13:15.5419 739:13.9314 ] topS=[11:26.7165 305:26.5443 26:16.1251 13:15.5035 739:14.0038 ] | margemD=0.0229 margemS=0.1723 finite=1
10-07 23:38:08.070 I/NpuProbe(21995): SESS[2] vulkan valid: ok=1 cap=0 eog_tok1=0 tok1=14533 emitidos=301 consumidos=301 dec_s=301
10-07 23:38:08.070 I/NpuProbe(21995): SESS[2] vulkan tempos: prefill=9219.32ms export=0.42ms(12586017B) import=2.26ms gen=66413.59ms
10-07 23:38:08.070 I/NpuProbe(21995): SESS[2] vulkan fronteiras(ms): prefdone=9220.5 tok1r=9345.7 impdone=9348.0 tok2r=9378.0 fim=75761.6 wall=75761.6 reset=3.56
10-07 23:38:08.070 I/NpuProbe(21995): SESS[2] vulkan texto_len=1061 (integral no JSON)
10-07 23:38:08.070 I/NpuProbe(21995): SESS[2] vulkan lifecycle: load_dst=0ms load_src=0ms (0=WARM)
10-07 23:38:08.070 I/NpuProbe(21995): SESS[2] vulkan RESULTADO: SMART-DIVERGENTE
10-07 23:38:08.206 I/NpuProbe(21995): SESSAO(7334d57): fim (3 requests)
10-07 23:38:08.206 I/NpuProbe(21995): SMART REPORT:
10-07 23:38:08.206 I/NpuProbe(21995): SMART (sessao)
10-07 23:38:08.206 I/NpuProbe(21995): 
10-07 23:38:08.206 I/NpuProbe(21995): SMARTv2 rota='sessao' mutante=(none)
10-07 23:38:08.206 I/NpuProbe(21995): SESSAO(7334d57): 3 requests na mesma sessao (roles separados; JSON nativo em files/r6-sess.jsonl)
10-07 23:38:08.206 I/NpuProbe(21995): PROMPT[0]: arquivo proprio (len=1101)
10-07 23:38:08.206 I/NpuProbe(21995): DIV_DET: pos=264 tokD=305 tokS=11 | topD=[305:26.6961 11:26.6733 26:16.0760 13:15.5419 739:13.9314 ] topS=[11:26.7165 305:26.5443 26:16.1251 13:15.5035 739:14.0038 ] | margemD=0.0229 margemS=0.1723 finite=1
10-07 23:38:08.206 I/NpuProbe(21995): SESS[0] vulkan valid: ok=1 cap=0 eog_tok1=0 tok1=14533 emitidos=301 consumidos=301 dec_s=301
10-07 23:38:08.206 I/NpuProbe(21995): SESS[0] vulkan tempos: prefill=10509.34ms export=0.39ms(12586017B) import=2.14ms gen=82205.31ms
10-07 23:38:08.206 I/NpuProbe(21995): SESS[0] vulkan fronteiras(ms): prefdone=10510.5 tok1r=10608.5 impdone=10610.6 tok2r=11637.7 fim=92815.9 wall=92815.9 reset=4.09
10-07 23:38:08.206 I/NpuProbe(21995): SESS[0] vulkan texto_len=1061 (integral no JSON)
10-07 23:38:08.206 I/NpuProbe(21995): SESS[0] vulkan lifecycle: load_dst=865ms load_src=230ms (0=WARM)
10-07 23:38:08.206 I/NpuProbe(21995): SESS[0] vulkan RESULTADO: SMART-DIVERGENTE
10-07 23:38:08.206 I/NpuProbe(21995): PROMPT[1]: arquivo proprio (len=205)
10-07 23:38:08.206 I/NpuProbe(21995): SESS[1] vulkan valid: ok=1 cap=0 eog_tok1=0 tok1=46 emitidos=26 consumidos=26 dec_s=26
10-07 23:38:08.206 I/NpuProbe(21995): SESS[1] vulkan tempos: prefill=1720.05ms export=0.10ms(1770597B) import=1.98ms gen=7725.47ms
10-07 23:38:08.206 I/NpuProbe(21995): SESS[1] vulkan fronteiras(ms): prefdone=1720.3 tok1r=1734.6 impdone=1736.6 tok2r=1906.4 fim=9462.1 wall=9462.1 reset=3.69
10-07 23:38:08.206 I/NpuProbe(21995): SESS[1] vulkan texto_len=77 (integral no JSON)
10-07 23:38:08.206 I/NpuProbe(21995): SESS[1] vulkan lifecycle: load_dst=0ms load_src=0ms (0=WARM)
10-07 23:38:08.206 I/NpuProbe(21995): SESS[1] vulkan RESULTADO: SMART-ACEITO
10-07 23:38:08.206 I/NpuProbe(21995): PROMPT[2]: arquivo proprio (len=1101)
10-07 23:38:08.206 I/NpuProbe(21995): DIV_DET: pos=264 tokD=305 tokS=11 | topD=[305:26.6961 11:26.6733 26:16.0760 13:15.5419 739:13.9314 ] topS=[11:26.7165 305:26.5443 26:16.1251 13:15.5035 739:14.0038 ] | margemD=0.0229 margemS=0.1723 finite=1
10-07 23:38:08.206 I/NpuProbe(21995): SESS[2] vulkan valid: ok=1 cap=0 eog_tok1=0 tok1=14533 emitidos=301 consumidos=301 dec_s=301
10-07 23:38:08.206 I/NpuProbe(21995): SESS[2] vulkan tempos: prefill=9219.32ms export=0.42ms(12586017B) import=2.26ms gen=66413.59ms
10-07 23:38:08.206 I/NpuProbe(21995): SESS[2] vulkan fronteiras(ms): prefdone=9220.5 tok1r=9345.7 impdone=9348.0 tok2r=9378.0 fim=75761.6 wall=75761.6 reset=3.56
10-07 23:38:08.206 I/NpuProbe(21995): SESS[2] vulkan texto_len=1061 (integral no JSON)
10-07 23:38:08.206 I/NpuProbe(21995): SESS[2] vulkan lifecycle: load_dst=0ms load_src=0ms (0=WARM)
10-07 23:38:08.206 I/NpuProbe(21995): SESS[2] vulkan RESULTADO: SMART-DIVERGENTE
10-07 23:38:08.206 I/NpuProbe(21995): SESSAO(7334d57): fim (3 requests)
--------- beginning of main
10-07 23:35:32.296 I/NpuProbe(21995): DIV_DET: pos=264 tokD=305 tokS=11 | topD=[305:26.6961 11:26.6733 26:16.0760 13:15.5419 739:13.9314 ] topS=[11:26.7165 305:26.5443 26:16.1251 13:15.5035 739:14.0038 ] | margemD=0.0229 margemS=0.1723 finite=1
10-07 23:35:59.688 I/NpuProbe(21995): SESS[0] vulkan valid: ok=1 cap=0 eog_tok1=0 tok1=14533 emitidos=301 consumidos=301 dec_s=301
10-07 23:35:59.688 I/NpuProbe(21995): SESS[0] vulkan tempos: prefill=10509.34ms export=0.39ms(12586017B) import=2.14ms gen=82205.31ms
10-07 23:35:59.688 I/NpuProbe(21995): SESS[0] vulkan fronteiras(ms): prefdone=10510.5 tok1r=10608.5 impdone=10610.6 tok2r=11637.7 fim=92815.9 wall=92815.9 reset=4.09
10-07 23:35:59.688 I/NpuProbe(21995): SESS[0] vulkan texto_len=1061 (integral no JSON)
10-07 23:35:59.688 I/NpuProbe(21995): SESS[0] vulkan lifecycle: load_dst=865ms load_src=230ms (0=WARM)
10-07 23:35:59.688 I/NpuProbe(21995): SESS[0] vulkan RESULTADO: SMART-DIVERGENTE
10-07 23:35:59.689 I/NpuProbe(21995): PROMPT[1]: arquivo proprio (len=205)
10-07 23:36:21.763 I/NpuProbe(21995): SESS[1] vulkan valid: ok=1 cap=0 eog_tok1=0 tok1=46 emitidos=26 consumidos=26 dec_s=26
10-07 23:36:21.763 I/NpuProbe(21995): SESS[1] vulkan tempos: prefill=1720.05ms export=0.10ms(1770597B) import=1.98ms gen=7725.47ms
10-07 23:36:21.763 I/NpuProbe(21995): SESS[1] vulkan fronteiras(ms): prefdone=1720.3 tok1r=1734.6 impdone=1736.6 tok2r=1906.4 fim=9462.1 wall=9462.1 reset=3.69
10-07 23:36:21.763 I/NpuProbe(21995): SESS[1] vulkan texto_len=77 (integral no JSON)
10-07 23:36:21.763 I/NpuProbe(21995): SESS[1] vulkan lifecycle: load_dst=0ms load_src=0ms (0=WARM)
10-07 23:36:21.763 I/NpuProbe(21995): SESS[1] vulkan RESULTADO: SMART-ACEITO
10-07 23:36:21.766 I/NpuProbe(21995): PROMPT[2]: arquivo proprio (len=1101)
10-07 23:37:59.838 I/NpuProbe(21995): DIV_DET: pos=264 tokD=305 tokS=11 | topD=[305:26.6961 11:26.6733 26:16.0760 13:15.5419 739:13.9314 ] topS=[11:26.7165 305:26.5443 26:16.1251 13:15.5035 739:14.0038 ] | margemD=0.0229 margemS=0.1723 finite=1
10-07 23:38:08.070 I/NpuProbe(21995): SESS[2] vulkan valid: ok=1 cap=0 eog_tok1=0 tok1=14533 emitidos=301 consumidos=301 dec_s=301
10-07 23:38:08.070 I/NpuProbe(21995): SESS[2] vulkan tempos: prefill=9219.32ms export=0.42ms(12586017B) import=2.26ms gen=66413.59ms
10-07 23:38:08.070 I/NpuProbe(21995): SESS[2] vulkan fronteiras(ms): prefdone=9220.5 tok1r=9345.7 impdone=9348.0 tok2r=9378.0 fim=75761.6 wall=75761.6 reset=3.56
10-07 23:38:08.070 I/NpuProbe(21995): SESS[2] vulkan texto_len=1061 (integral no JSON)
10-07 23:38:08.070 I/NpuProbe(21995): SESS[2] vulkan lifecycle: load_dst=0ms load_src=0ms (0=WARM)
10-07 23:38:08.070 I/NpuProbe(21995): SESS[2] vulkan RESULTADO: SMART-DIVERGENTE
10-07 23:38:08.206 I/NpuProbe(21995): SESSAO(7334d57): fim (3 requests)
10-07 23:38:08.206 I/NpuProbe(21995): SMART REPORT:
10-07 23:38:08.206 I/NpuProbe(21995): SMART (sessao)
10-07 23:38:08.206 I/NpuProbe(21995): 
10-07 23:38:08.206 I/NpuProbe(21995): SMARTv2 rota='sessao' mutante=(none)
10-07 23:38:08.206 I/NpuProbe(21995): SESSAO(7334d57): 3 requests na mesma sessao (roles separados; JSON nativo em files/r6-sess.jsonl)
10-07 23:38:08.206 I/NpuProbe(21995): PROMPT[0]: arquivo proprio (len=1101)
10-07 23:38:08.206 I/NpuProbe(21995): DIV_DET: pos=264 tokD=305 tokS=11 | topD=[305:26.6961 11:26.6733 26:16.0760 13:15.5419 739:13.9314 ] topS=[11:26.7165 305:26.5443 26:16.1251 13:15.5035 739:14.0038 ] | margemD=0.0229 margemS=0.1723 finite=1
10-07 23:38:08.206 I/NpuProbe(21995): SESS[0] vulkan valid: ok=1 cap=0 eog_tok1=0 tok1=14533 emitidos=301 consumidos=301 dec_s=301
10-07 23:38:08.206 I/NpuProbe(21995): SESS[0] vulkan tempos: prefill=10509.34ms export=0.39ms(12586017B) import=2.14ms gen=82205.31ms
10-07 23:38:08.206 I/NpuProbe(21995): SESS[0] vulkan fronteiras(ms): prefdone=10510.5 tok1r=10608.5 impdone=10610.6 tok2r=11637.7 fim=92815.9 wall=92815.9 reset=4.09
10-07 23:38:08.206 I/NpuProbe(21995): SESS[0] vulkan texto_len=1061 (integral no JSON)
10-07 23:38:08.206 I/NpuProbe(21995): SESS[0] vulkan lifecycle: load_dst=865ms load_src=230ms (0=WARM)
10-07 23:38:08.206 I/NpuProbe(21995): SESS[0] vulkan RESULTADO: SMART-DIVERGENTE
10-07 23:38:08.206 I/NpuProbe(21995): PROMPT[1]: arquivo proprio (len=205)
10-07 23:38:08.206 I/NpuProbe(21995): SESS[1] vulkan valid: ok=1 cap=0 eog_tok1=0 tok1=46 emitidos=26 consumidos=26 dec_s=26
10-07 23:38:08.206 I/NpuProbe(21995): SESS[1] vulkan tempos: prefill=1720.05ms export=0.10ms(1770597B) import=1.98ms gen=7725.47ms
10-07 23:38:08.206 I/NpuProbe(21995): SESS[1] vulkan fronteiras(ms): prefdone=1720.3 tok1r=1734.6 impdone=1736.6 tok2r=1906.4 fim=9462.1 wall=9462.1 reset=3.69
10-07 23:38:08.206 I/NpuProbe(21995): SESS[1] vulkan texto_len=77 (integral no JSON)
10-07 23:38:08.206 I/NpuProbe(21995): SESS[1] vulkan lifecycle: load_dst=0ms load_src=0ms (0=WARM)
10-07 23:38:08.206 I/NpuProbe(21995): SESS[1] vulkan RESULTADO: SMART-ACEITO
10-07 23:38:08.206 I/NpuProbe(21995): PROMPT[2]: arquivo proprio (len=1101)
10-07 23:38:08.206 I/NpuProbe(21995): DIV_DET: pos=264 tokD=305 tokS=11 | topD=[305:26.6961 11:26.6733 26:16.0760 13:15.5419 739:13.9314 ] topS=[11:26.7165 305:26.5443 26:16.1251 13:15.5035 739:14.0038 ] | margemD=0.0229 margemS=0.1723 finite=1
10-07 23:38:08.206 I/NpuProbe(21995): SESS[2] vulkan valid: ok=1 cap=0 eog_tok1=0 tok1=14533 emitidos=301 consumidos=301 dec_s=301
10-07 23:38:08.206 I/NpuProbe(21995): SESS[2] vulkan tempos: prefill=9219.32ms export=0.42ms(12586017B) import=2.26ms gen=66413.59ms
10-07 23:38:08.206 I/NpuProbe(21995): SESS[2] vulkan fronteiras(ms): prefdone=9220.5 tok1r=9345.7 impdone=9348.0 tok2r=9378.0 fim=75761.6 wall=75761.6 reset=3.56
10-07 23:38:08.206 I/NpuProbe(21995): SESS[2] vulkan texto_len=1061 (integral no JSON)
10-07 23:38:08.206 I/NpuProbe(21995): SESS[2] vulkan lifecycle: load_dst=0ms load_src=0ms (0=WARM)
10-07 23:38:08.206 I/NpuProbe(21995): SESS[2] vulkan RESULTADO: SMART-DIVERGENTE
10-07 23:38:08.206 I/NpuProbe(21995): SESSAO(7334d57): fim (3 requests)
10-07 23:40:44.187 I/NpuProbe(20576): nativeLibraryDir=/data/app/~~WuH8BKHpdRdhE2e3JYwcYQ==/br.gov.sp.pcsp.npuprobe-FPzZM3A4-Ew4TFAZeTcevA==/lib/arm64
10-07 23:40:44.187 I/NpuProbe(20576): runProbe PULADO (p4-auto presente; preinit do tune)
10-07 23:40:44.188 I/NpuProbe(20576): REPORT:
10-07 23:40:44.188 I/NpuProbe(20576): (runProbe PULADO: p4-auto presente; evita init Hexagon pre-tune - R8)
10-07 23:40:44.188 I/NpuProbe(20576): AUTO-GATILHO='smart:sessao'
10-07 23:40:44.188 I/NpuProbe(20576): SMART iniciando rota=sessao com /data/local/tmp/hymt2_app.gguf
10-07 23:40:44.188 I/NpuProbe(20576): SMARTv2 rota='sessao' mutante=(none)
10-07 23:40:44.192 I/NpuProbe(20576): [ggml] ggml_vulkan: Found 1 Vulkan devices:
10-07 23:40:44.192 I/NpuProbe(20576): [ggml] ggml_vulkan: 0 = Adreno (TM) 840 (Qualcomm Technologies Inc. Adreno Vulkan Driver) | uma: 1 | fp16: 1 | bf16: 0 | fp4: 0 | warp size: 64 | shared memory: 32768 | int dot: 0 | matrix cores: none
10-07 23:40:44.203 I/NpuProbe(20576): [ggml] ggml_opencl: selected platform: 'QUALCOMM Snapdragon(TM)'
10-07 23:40:44.203 I/NpuProbe(20576): [ggml] 
10-07 23:40:44.203 I/NpuProbe(20576): ggml_opencl: device: 'QUALCOMM Adreno(TM) 840 (OpenCL 3.0 Adreno(TM) 840)'
10-07 23:40:44.204 I/NpuProbe(20576): [ggml] ggml_opencl: default device: 'QUALCOMM Adreno(TM) 840 (OpenCL 3.0 Adreno(TM) 840)'
10-07 23:40:44.204 I/NpuProbe(20576): [ggml] ggml-hex: Loading driver libcdsprpc.so
10-07 23:40:44.209 I/NpuProbe(20576): [ggml] HEXINIT_DIAG: nhvx=0 nhmx=1 mm_select=3 opbatch=1024 opqueue=16 vmem=3355443200
10-07 23:40:44.209 I/NpuProbe(20576): [ggml] ggml-hex: Hexagon backend (experimental) : allocating new registry : ndev 1
10-07 23:40:44.209 I/NpuProbe(20576): [ggml] ggml-hex: Hexagon Arch version v81
10-07 23:40:44.209 I/NpuProbe(20576): [ggml] ggml-hex: HTP0 allocating new session
10-07 23:40:44.250 I/NpuProbe(20576): [ggml] ggml-hex: HTP0 hwinfo: threads 8, hvx 8, hmx 1, vtcm 8 MB
10-07 23:40:44.250 I/NpuProbe(20576): [ggml] ggml-hex: HTP0 new session : session-id 0 domain-id 3 uri file:///libggml-htp-v81.so?htp_iface_skel_handle_invoke&_modver=1.0&_dom=cdsp&_session=0 handle 0xb40000778025f9c0
10-07 23:40:44.254 I/NpuProbe(20576): [ggml] ggml-hex: HTP0 op batching: n-bufs 16 n-tensors 7168 n-ops 1024 vmem 3355443200
10-07 23:40:44.254 I/NpuProbe(20576): [ggml] IFACE_START_DIAG: arg_nthreads=0 n_hvx=8 n_hmx=1 dev=0 queue=0 vmem=3355443200
10-07 23:40:44.261 I/NpuProbe(20576): SESSAO(737971b): 4 requests na mesma sessao (roles separados; JSON nativo em files/r6-sess.jsonl)
10-07 23:40:44.262 I/NpuProbe(20576): PROMPT[0]: arquivo proprio (len=1101)
--------- beginning of main
10-07 23:37:59.838 I/NpuProbe(21995): DIV_DET: pos=264 tokD=305 tokS=11 | topD=[305:26.6961 11:26.6733 26:16.0760 13:15.5419 739:13.9314 ] topS=[11:26.7165 305:26.5443 26:16.1251 13:15.5035 739:14.0038 ] | margemD=0.0229 margemS=0.1723 finite=1
10-07 23:38:08.070 I/NpuProbe(21995): SESS[2] vulkan valid: ok=1 cap=0 eog_tok1=0 tok1=14533 emitidos=301 consumidos=301 dec_s=301
10-07 23:38:08.070 I/NpuProbe(21995): SESS[2] vulkan tempos: prefill=9219.32ms export=0.42ms(12586017B) import=2.26ms gen=66413.59ms
10-07 23:38:08.070 I/NpuProbe(21995): SESS[2] vulkan fronteiras(ms): prefdone=9220.5 tok1r=9345.7 impdone=9348.0 tok2r=9378.0 fim=75761.6 wall=75761.6 reset=3.56
10-07 23:38:08.070 I/NpuProbe(21995): SESS[2] vulkan texto_len=1061 (integral no JSON)
10-07 23:38:08.070 I/NpuProbe(21995): SESS[2] vulkan lifecycle: load_dst=0ms load_src=0ms (0=WARM)
10-07 23:38:08.070 I/NpuProbe(21995): SESS[2] vulkan RESULTADO: SMART-DIVERGENTE
10-07 23:38:08.206 I/NpuProbe(21995): SESSAO(7334d57): fim (3 requests)
10-07 23:38:08.206 I/NpuProbe(21995): SMART REPORT:
10-07 23:38:08.206 I/NpuProbe(21995): SMART (sessao)
10-07 23:38:08.206 I/NpuProbe(21995): 
10-07 23:38:08.206 I/NpuProbe(21995): SMARTv2 rota='sessao' mutante=(none)
10-07 23:38:08.206 I/NpuProbe(21995): SESSAO(7334d57): 3 requests na mesma sessao (roles separados; JSON nativo em files/r6-sess.jsonl)
10-07 23:38:08.206 I/NpuProbe(21995): PROMPT[0]: arquivo proprio (len=1101)
10-07 23:38:08.206 I/NpuProbe(21995): DIV_DET: pos=264 tokD=305 tokS=11 | topD=[305:26.6961 11:26.6733 26:16.0760 13:15.5419 739:13.9314 ] topS=[11:26.7165 305:26.5443 26:16.1251 13:15.5035 739:14.0038 ] | margemD=0.0229 margemS=0.1723 finite=1
10-07 23:38:08.206 I/NpuProbe(21995): SESS[0] vulkan valid: ok=1 cap=0 eog_tok1=0 tok1=14533 emitidos=301 consumidos=301 dec_s=301
10-07 23:38:08.206 I/NpuProbe(21995): SESS[0] vulkan tempos: prefill=10509.34ms export=0.39ms(12586017B) import=2.14ms gen=82205.31ms
10-07 23:38:08.206 I/NpuProbe(21995): SESS[0] vulkan fronteiras(ms): prefdone=10510.5 tok1r=10608.5 impdone=10610.6 tok2r=11637.7 fim=92815.9 wall=92815.9 reset=4.09
10-07 23:38:08.206 I/NpuProbe(21995): SESS[0] vulkan texto_len=1061 (integral no JSON)
10-07 23:38:08.206 I/NpuProbe(21995): SESS[0] vulkan lifecycle: load_dst=865ms load_src=230ms (0=WARM)
10-07 23:38:08.206 I/NpuProbe(21995): SESS[0] vulkan RESULTADO: SMART-DIVERGENTE
10-07 23:38:08.206 I/NpuProbe(21995): PROMPT[1]: arquivo proprio (len=205)
10-07 23:38:08.206 I/NpuProbe(21995): SESS[1] vulkan valid: ok=1 cap=0 eog_tok1=0 tok1=46 emitidos=26 consumidos=26 dec_s=26
10-07 23:38:08.206 I/NpuProbe(21995): SESS[1] vulkan tempos: prefill=1720.05ms export=0.10ms(1770597B) import=1.98ms gen=7725.47ms
10-07 23:38:08.206 I/NpuProbe(21995): SESS[1] vulkan fronteiras(ms): prefdone=1720.3 tok1r=1734.6 impdone=1736.6 tok2r=1906.4 fim=9462.1 wall=9462.1 reset=3.69
10-07 23:38:08.206 I/NpuProbe(21995): SESS[1] vulkan texto_len=77 (integral no JSON)
10-07 23:38:08.206 I/NpuProbe(21995): SESS[1] vulkan lifecycle: load_dst=0ms load_src=0ms (0=WARM)
10-07 23:38:08.206 I/NpuProbe(21995): SESS[1] vulkan RESULTADO: SMART-ACEITO
10-07 23:38:08.206 I/NpuProbe(21995): PROMPT[2]: arquivo proprio (len=1101)
10-07 23:38:08.206 I/NpuProbe(21995): DIV_DET: pos=264 tokD=305 tokS=11 | topD=[305:26.6961 11:26.6733 26:16.0760 13:15.5419 739:13.9314 ] topS=[11:26.7165 305:26.5443 26:16.1251 13:15.5035 739:14.0038 ] | margemD=0.0229 margemS=0.1723 finite=1
10-07 23:38:08.206 I/NpuProbe(21995): SESS[2] vulkan valid: ok=1 cap=0 eog_tok1=0 tok1=14533 emitidos=301 consumidos=301 dec_s=301
10-07 23:38:08.206 I/NpuProbe(21995): SESS[2] vulkan tempos: prefill=9219.32ms export=0.42ms(12586017B) import=2.26ms gen=66413.59ms
10-07 23:38:08.206 I/NpuProbe(21995): SESS[2] vulkan fronteiras(ms): prefdone=9220.5 tok1r=9345.7 impdone=9348.0 tok2r=9378.0 fim=75761.6 wall=75761.6 reset=3.56
10-07 23:38:08.206 I/NpuProbe(21995): SESS[2] vulkan texto_len=1061 (integral no JSON)
10-07 23:38:08.206 I/NpuProbe(21995): SESS[2] vulkan lifecycle: load_dst=0ms load_src=0ms (0=WARM)
10-07 23:38:08.206 I/NpuProbe(21995): SESS[2] vulkan RESULTADO: SMART-DIVERGENTE
10-07 23:38:08.206 I/NpuProbe(21995): SESSAO(7334d57): fim (3 requests)
10-07 23:40:44.187 I/NpuProbe(20576): nativeLibraryDir=/data/app/~~WuH8BKHpdRdhE2e3JYwcYQ==/br.gov.sp.pcsp.npuprobe-FPzZM3A4-Ew4TFAZeTcevA==/lib/arm64
10-07 23:40:44.187 I/NpuProbe(20576): runProbe PULADO (p4-auto presente; preinit do tune)
10-07 23:40:44.188 I/NpuProbe(20576): REPORT:
10-07 23:40:44.188 I/NpuProbe(20576): (runProbe PULADO: p4-auto presente; evita init Hexagon pre-tune - R8)
10-07 23:40:44.188 I/NpuProbe(20576): AUTO-GATILHO='smart:sessao'
10-07 23:40:44.188 I/NpuProbe(20576): SMART iniciando rota=sessao com /data/local/tmp/hymt2_app.gguf
10-07 23:40:44.188 I/NpuProbe(20576): SMARTv2 rota='sessao' mutante=(none)
10-07 23:40:44.192 I/NpuProbe(20576): [ggml] ggml_vulkan: Found 1 Vulkan devices:
10-07 23:40:44.192 I/NpuProbe(20576): [ggml] ggml_vulkan: 0 = Adreno (TM) 840 (Qualcomm Technologies Inc. Adreno Vulkan Driver) | uma: 1 | fp16: 1 | bf16: 0 | fp4: 0 | warp size: 64 | shared memory: 32768 | int dot: 0 | matrix cores: none
10-07 23:40:44.203 I/NpuProbe(20576): [ggml] ggml_opencl: selected platform: 'QUALCOMM Snapdragon(TM)'
10-07 23:40:44.203 I/NpuProbe(20576): [ggml] 
10-07 23:40:44.203 I/NpuProbe(20576): ggml_opencl: device: 'QUALCOMM Adreno(TM) 840 (OpenCL 3.0 Adreno(TM) 840)'
10-07 23:40:44.204 I/NpuProbe(20576): [ggml] ggml_opencl: default device: 'QUALCOMM Adreno(TM) 840 (OpenCL 3.0 Adreno(TM) 840)'
10-07 23:40:44.204 I/NpuProbe(20576): [ggml] ggml-hex: Loading driver libcdsprpc.so
10-07 23:40:44.209 I/NpuProbe(20576): [ggml] HEXINIT_DIAG: nhvx=0 nhmx=1 mm_select=3 opbatch=1024 opqueue=16 vmem=3355443200
10-07 23:40:44.209 I/NpuProbe(20576): [ggml] ggml-hex: Hexagon backend (experimental) : allocating new registry : ndev 1
10-07 23:40:44.209 I/NpuProbe(20576): [ggml] ggml-hex: Hexagon Arch version v81
10-07 23:40:44.209 I/NpuProbe(20576): [ggml] ggml-hex: HTP0 allocating new session
10-07 23:40:44.250 I/NpuProbe(20576): [ggml] ggml-hex: HTP0 hwinfo: threads 8, hvx 8, hmx 1, vtcm 8 MB
10-07 23:40:44.250 I/NpuProbe(20576): [ggml] ggml-hex: HTP0 new session : session-id 0 domain-id 3 uri file:///libggml-htp-v81.so?htp_iface_skel_handle_invoke&_modver=1.0&_dom=cdsp&_session=0 handle 0xb40000778025f9c0
10-07 23:40:44.254 I/NpuProbe(20576): [ggml] ggml-hex: HTP0 op batching: n-bufs 16 n-tensors 7168 n-ops 1024 vmem 3355443200
10-07 23:40:44.254 I/NpuProbe(20576): [ggml] IFACE_START_DIAG: arg_nthreads=0 n_hvx=8 n_hmx=1 dev=0 queue=0 vmem=3355443200
10-07 23:40:44.261 I/NpuProbe(20576): SESSAO(737971b): 4 requests na mesma sessao (roles separados; JSON nativo em files/r6-sess.jsonl)
10-07 23:40:44.262 I/NpuProbe(20576): PROMPT[0]: arquivo proprio (len=1101)
--------- beginning of main
10-07 23:37:59.838 I/NpuProbe(21995): DIV_DET: pos=264 tokD=305 tokS=11 | topD=[305:26.6961 11:26.6733 26:16.0760 13:15.5419 739:13.9314 ] topS=[11:26.7165 305:26.5443 26:16.1251 13:15.5035 739:14.0038 ] | margemD=0.0229 margemS=0.1723 finite=1
10-07 23:38:08.070 I/NpuProbe(21995): SESS[2] vulkan valid: ok=1 cap=0 eog_tok1=0 tok1=14533 emitidos=301 consumidos=301 dec_s=301
10-07 23:38:08.070 I/NpuProbe(21995): SESS[2] vulkan tempos: prefill=9219.32ms export=0.42ms(12586017B) import=2.26ms gen=66413.59ms
10-07 23:38:08.070 I/NpuProbe(21995): SESS[2] vulkan fronteiras(ms): prefdone=9220.5 tok1r=9345.7 impdone=9348.0 tok2r=9378.0 fim=75761.6 wall=75761.6 reset=3.56
10-07 23:38:08.070 I/NpuProbe(21995): SESS[2] vulkan texto_len=1061 (integral no JSON)
10-07 23:38:08.070 I/NpuProbe(21995): SESS[2] vulkan lifecycle: load_dst=0ms load_src=0ms (0=WARM)
10-07 23:38:08.070 I/NpuProbe(21995): SESS[2] vulkan RESULTADO: SMART-DIVERGENTE
10-07 23:38:08.206 I/NpuProbe(21995): SESSAO(7334d57): fim (3 requests)
10-07 23:38:08.206 I/NpuProbe(21995): SMART REPORT:
10-07 23:38:08.206 I/NpuProbe(21995): SMART (sessao)
10-07 23:38:08.206 I/NpuProbe(21995): 
10-07 23:38:08.206 I/NpuProbe(21995): SMARTv2 rota='sessao' mutante=(none)
10-07 23:38:08.206 I/NpuProbe(21995): SESSAO(7334d57): 3 requests na mesma sessao (roles separados; JSON nativo em files/r6-sess.jsonl)
10-07 23:38:08.206 I/NpuProbe(21995): PROMPT[0]: arquivo proprio (len=1101)
10-07 23:38:08.206 I/NpuProbe(21995): DIV_DET: pos=264 tokD=305 tokS=11 | topD=[305:26.6961 11:26.6733 26:16.0760 13:15.5419 739:13.9314 ] topS=[11:26.7165 305:26.5443 26:16.1251 13:15.5035 739:14.0038 ] | margemD=0.0229 margemS=0.1723 finite=1
10-07 23:38:08.206 I/NpuProbe(21995): SESS[0] vulkan valid: ok=1 cap=0 eog_tok1=0 tok1=14533 emitidos=301 consumidos=301 dec_s=301
10-07 23:38:08.206 I/NpuProbe(21995): SESS[0] vulkan tempos: prefill=10509.34ms export=0.39ms(12586017B) import=2.14ms gen=82205.31ms
10-07 23:38:08.206 I/NpuProbe(21995): SESS[0] vulkan fronteiras(ms): prefdone=10510.5 tok1r=10608.5 impdone=10610.6 tok2r=11637.7 fim=92815.9 wall=92815.9 reset=4.09
10-07 23:38:08.206 I/NpuProbe(21995): SESS[0] vulkan texto_len=1061 (integral no JSON)
10-07 23:38:08.206 I/NpuProbe(21995): SESS[0] vulkan lifecycle: load_dst=865ms load_src=230ms (0=WARM)
10-07 23:38:08.206 I/NpuProbe(21995): SESS[0] vulkan RESULTADO: SMART-DIVERGENTE
10-07 23:38:08.206 I/NpuProbe(21995): PROMPT[1]: arquivo proprio (len=205)
10-07 23:38:08.206 I/NpuProbe(21995): SESS[1] vulkan valid: ok=1 cap=0 eog_tok1=0 tok1=46 emitidos=26 consumidos=26 dec_s=26
10-07 23:38:08.206 I/NpuProbe(21995): SESS[1] vulkan tempos: prefill=1720.05ms export=0.10ms(1770597B) import=1.98ms gen=7725.47ms
10-07 23:38:08.206 I/NpuProbe(21995): SESS[1] vulkan fronteiras(ms): prefdone=1720.3 tok1r=1734.6 impdone=1736.6 tok2r=1906.4 fim=9462.1 wall=9462.1 reset=3.69
10-07 23:38:08.206 I/NpuProbe(21995): SESS[1] vulkan texto_len=77 (integral no JSON)
10-07 23:38:08.206 I/NpuProbe(21995): SESS[1] vulkan lifecycle: load_dst=0ms load_src=0ms (0=WARM)
10-07 23:38:08.206 I/NpuProbe(21995): SESS[1] vulkan RESULTADO: SMART-ACEITO
10-07 23:38:08.206 I/NpuProbe(21995): PROMPT[2]: arquivo proprio (len=1101)
10-07 23:38:08.206 I/NpuProbe(21995): DIV_DET: pos=264 tokD=305 tokS=11 | topD=[305:26.6961 11:26.6733 26:16.0760 13:15.5419 739:13.9314 ] topS=[11:26.7165 305:26.5443 26:16.1251 13:15.5035 739:14.0038 ] | margemD=0.0229 margemS=0.1723 finite=1
10-07 23:38:08.206 I/NpuProbe(21995): SESS[2] vulkan valid: ok=1 cap=0 eog_tok1=0 tok1=14533 emitidos=301 consumidos=301 dec_s=301
10-07 23:38:08.206 I/NpuProbe(21995): SESS[2] vulkan tempos: prefill=9219.32ms export=0.42ms(12586017B) import=2.26ms gen=66413.59ms
10-07 23:38:08.206 I/NpuProbe(21995): SESS[2] vulkan fronteiras(ms): prefdone=9220.5 tok1r=9345.7 impdone=9348.0 tok2r=9378.0 fim=75761.6 wall=75761.6 reset=3.56
10-07 23:38:08.206 I/NpuProbe(21995): SESS[2] vulkan texto_len=1061 (integral no JSON)
10-07 23:38:08.206 I/NpuProbe(21995): SESS[2] vulkan lifecycle: load_dst=0ms load_src=0ms (0=WARM)
10-07 23:38:08.206 I/NpuProbe(21995): SESS[2] vulkan RESULTADO: SMART-DIVERGENTE
10-07 23:38:08.206 I/NpuProbe(21995): SESSAO(7334d57): fim (3 requests)
10-07 23:40:44.187 I/NpuProbe(20576): nativeLibraryDir=/data/app/~~WuH8BKHpdRdhE2e3JYwcYQ==/br.gov.sp.pcsp.npuprobe-FPzZM3A4-Ew4TFAZeTcevA==/lib/arm64
10-07 23:40:44.187 I/NpuProbe(20576): runProbe PULADO (p4-auto presente; preinit do tune)
10-07 23:40:44.188 I/NpuProbe(20576): REPORT:
10-07 23:40:44.188 I/NpuProbe(20576): (runProbe PULADO: p4-auto presente; evita init Hexagon pre-tune - R8)
10-07 23:40:44.188 I/NpuProbe(20576): AUTO-GATILHO='smart:sessao'
10-07 23:40:44.188 I/NpuProbe(20576): SMART iniciando rota=sessao com /data/local/tmp/hymt2_app.gguf
10-07 23:40:44.188 I/NpuProbe(20576): SMARTv2 rota='sessao' mutante=(none)
10-07 23:40:44.192 I/NpuProbe(20576): [ggml] ggml_vulkan: Found 1 Vulkan devices:
10-07 23:40:44.192 I/NpuProbe(20576): [ggml] ggml_vulkan: 0 = Adreno (TM) 840 (Qualcomm Technologies Inc. Adreno Vulkan Driver) | uma: 1 | fp16: 1 | bf16: 0 | fp4: 0 | warp size: 64 | shared memory: 32768 | int dot: 0 | matrix cores: none
10-07 23:40:44.203 I/NpuProbe(20576): [ggml] ggml_opencl: selected platform: 'QUALCOMM Snapdragon(TM)'
10-07 23:40:44.203 I/NpuProbe(20576): [ggml] 
10-07 23:40:44.203 I/NpuProbe(20576): ggml_opencl: device: 'QUALCOMM Adreno(TM) 840 (OpenCL 3.0 Adreno(TM) 840)'
10-07 23:40:44.204 I/NpuProbe(20576): [ggml] ggml_opencl: default device: 'QUALCOMM Adreno(TM) 840 (OpenCL 3.0 Adreno(TM) 840)'
10-07 23:40:44.204 I/NpuProbe(20576): [ggml] ggml-hex: Loading driver libcdsprpc.so
10-07 23:40:44.209 I/NpuProbe(20576): [ggml] HEXINIT_DIAG: nhvx=0 nhmx=1 mm_select=3 opbatch=1024 opqueue=16 vmem=3355443200
10-07 23:40:44.209 I/NpuProbe(20576): [ggml] ggml-hex: Hexagon backend (experimental) : allocating new registry : ndev 1
10-07 23:40:44.209 I/NpuProbe(20576): [ggml] ggml-hex: Hexagon Arch version v81
10-07 23:40:44.209 I/NpuProbe(20576): [ggml] ggml-hex: HTP0 allocating new session
10-07 23:40:44.250 I/NpuProbe(20576): [ggml] ggml-hex: HTP0 hwinfo: threads 8, hvx 8, hmx 1, vtcm 8 MB
10-07 23:40:44.250 I/NpuProbe(20576): [ggml] ggml-hex: HTP0 new session : session-id 0 domain-id 3 uri file:///libggml-htp-v81.so?htp_iface_skel_handle_invoke&_modver=1.0&_dom=cdsp&_session=0 handle 0xb40000778025f9c0
10-07 23:40:44.254 I/NpuProbe(20576): [ggml] ggml-hex: HTP0 op batching: n-bufs 16 n-tensors 7168 n-ops 1024 vmem 3355443200
10-07 23:40:44.254 I/NpuProbe(20576): [ggml] IFACE_START_DIAG: arg_nthreads=0 n_hvx=8 n_hmx=1 dev=0 queue=0 vmem=3355443200
10-07 23:40:44.261 I/NpuProbe(20576): SESSAO(737971b): 4 requests na mesma sessao (roles separados; JSON nativo em files/r6-sess.jsonl)
10-07 23:40:44.262 I/NpuProbe(20576): PROMPT[0]: arquivo proprio (len=1101)
--------- beginning of main
10-07 23:40:44.187 I/NpuProbe(20576): nativeLibraryDir=/data/app/~~WuH8BKHpdRdhE2e3JYwcYQ==/br.gov.sp.pcsp.npuprobe-FPzZM3A4-Ew4TFAZeTcevA==/lib/arm64
10-07 23:40:44.187 I/NpuProbe(20576): runProbe PULADO (p4-auto presente; preinit do tune)
10-07 23:40:44.188 I/NpuProbe(20576): REPORT:
10-07 23:40:44.188 I/NpuProbe(20576): (runProbe PULADO: p4-auto presente; evita init Hexagon pre-tune - R8)
10-07 23:40:44.188 I/NpuProbe(20576): AUTO-GATILHO='smart:sessao'
10-07 23:40:44.188 I/NpuProbe(20576): SMART iniciando rota=sessao com /data/local/tmp/hymt2_app.gguf
10-07 23:40:44.188 I/NpuProbe(20576): SMARTv2 rota='sessao' mutante=(none)
10-07 23:40:44.192 I/NpuProbe(20576): [ggml] ggml_vulkan: Found 1 Vulkan devices:
10-07 23:40:44.192 I/NpuProbe(20576): [ggml] ggml_vulkan: 0 = Adreno (TM) 840 (Qualcomm Technologies Inc. Adreno Vulkan Driver) | uma: 1 | fp16: 1 | bf16: 0 | fp4: 0 | warp size: 64 | shared memory: 32768 | int dot: 0 | matrix cores: none
10-07 23:40:44.203 I/NpuProbe(20576): [ggml] ggml_opencl: selected platform: 'QUALCOMM Snapdragon(TM)'
10-07 23:40:44.203 I/NpuProbe(20576): [ggml] 
10-07 23:40:44.203 I/NpuProbe(20576): ggml_opencl: device: 'QUALCOMM Adreno(TM) 840 (OpenCL 3.0 Adreno(TM) 840)'
10-07 23:40:44.204 I/NpuProbe(20576): [ggml] ggml_opencl: default device: 'QUALCOMM Adreno(TM) 840 (OpenCL 3.0 Adreno(TM) 840)'
10-07 23:40:44.204 I/NpuProbe(20576): [ggml] ggml-hex: Loading driver libcdsprpc.so
10-07 23:40:44.209 I/NpuProbe(20576): [ggml] HEXINIT_DIAG: nhvx=0 nhmx=1 mm_select=3 opbatch=1024 opqueue=16 vmem=3355443200
10-07 23:40:44.209 I/NpuProbe(20576): [ggml] ggml-hex: Hexagon backend (experimental) : allocating new registry : ndev 1
10-07 23:40:44.209 I/NpuProbe(20576): [ggml] ggml-hex: Hexagon Arch version v81
10-07 23:40:44.209 I/NpuProbe(20576): [ggml] ggml-hex: HTP0 allocating new session
10-07 23:40:44.250 I/NpuProbe(20576): [ggml] ggml-hex: HTP0 hwinfo: threads 8, hvx 8, hmx 1, vtcm 8 MB
10-07 23:40:44.250 I/NpuProbe(20576): [ggml] ggml-hex: HTP0 new session : session-id 0 domain-id 3 uri file:///libggml-htp-v81.so?htp_iface_skel_handle_invoke&_modver=1.0&_dom=cdsp&_session=0 handle 0xb40000778025f9c0
10-07 23:40:44.254 I/NpuProbe(20576): [ggml] ggml-hex: HTP0 op batching: n-bufs 16 n-tensors 7168 n-ops 1024 vmem 3355443200
10-07 23:40:44.254 I/NpuProbe(20576): [ggml] IFACE_START_DIAG: arg_nthreads=0 n_hvx=8 n_hmx=1 dev=0 queue=0 vmem=3355443200
10-07 23:40:44.261 I/NpuProbe(20576): SESSAO(737971b): 4 requests na mesma sessao (roles separados; JSON nativo em files/r6-sess.jsonl)
10-07 23:40:44.262 I/NpuProbe(20576): PROMPT[0]: arquivo proprio (len=1101)
--------- beginning of main
10-07 23:40:44.187 I/NpuProbe(20576): nativeLibraryDir=/data/app/~~WuH8BKHpdRdhE2e3JYwcYQ==/br.gov.sp.pcsp.npuprobe-FPzZM3A4-Ew4TFAZeTcevA==/lib/arm64
10-07 23:40:44.187 I/NpuProbe(20576): runProbe PULADO (p4-auto presente; preinit do tune)
10-07 23:40:44.188 I/NpuProbe(20576): REPORT:
10-07 23:40:44.188 I/NpuProbe(20576): (runProbe PULADO: p4-auto presente; evita init Hexagon pre-tune - R8)
10-07 23:40:44.188 I/NpuProbe(20576): AUTO-GATILHO='smart:sessao'
10-07 23:40:44.188 I/NpuProbe(20576): SMART iniciando rota=sessao com /data/local/tmp/hymt2_app.gguf
10-07 23:40:44.188 I/NpuProbe(20576): SMARTv2 rota='sessao' mutante=(none)
10-07 23:40:44.192 I/NpuProbe(20576): [ggml] ggml_vulkan: Found 1 Vulkan devices:
10-07 23:40:44.192 I/NpuProbe(20576): [ggml] ggml_vulkan: 0 = Adreno (TM) 840 (Qualcomm Technologies Inc. Adreno Vulkan Driver) | uma: 1 | fp16: 1 | bf16: 0 | fp4: 0 | warp size: 64 | shared memory: 32768 | int dot: 0 | matrix cores: none
10-07 23:40:44.203 I/NpuProbe(20576): [ggml] ggml_opencl: selected platform: 'QUALCOMM Snapdragon(TM)'
10-07 23:40:44.203 I/NpuProbe(20576): [ggml] 
10-07 23:40:44.203 I/NpuProbe(20576): ggml_opencl: device: 'QUALCOMM Adreno(TM) 840 (OpenCL 3.0 Adreno(TM) 840)'
10-07 23:40:44.204 I/NpuProbe(20576): [ggml] ggml_opencl: default device: 'QUALCOMM Adreno(TM) 840 (OpenCL 3.0 Adreno(TM) 840)'
10-07 23:40:44.204 I/NpuProbe(20576): [ggml] ggml-hex: Loading driver libcdsprpc.so
10-07 23:40:44.209 I/NpuProbe(20576): [ggml] HEXINIT_DIAG: nhvx=0 nhmx=1 mm_select=3 opbatch=1024 opqueue=16 vmem=3355443200
10-07 23:40:44.209 I/NpuProbe(20576): [ggml] ggml-hex: Hexagon backend (experimental) : allocating new registry : ndev 1
10-07 23:40:44.209 I/NpuProbe(20576): [ggml] ggml-hex: Hexagon Arch version v81
10-07 23:40:44.209 I/NpuProbe(20576): [ggml] ggml-hex: HTP0 allocating new session
10-07 23:40:44.250 I/NpuProbe(20576): [ggml] ggml-hex: HTP0 hwinfo: threads 8, hvx 8, hmx 1, vtcm 8 MB
10-07 23:40:44.250 I/NpuProbe(20576): [ggml] ggml-hex: HTP0 new session : session-id 0 domain-id 3 uri file:///libggml-htp-v81.so?htp_iface_skel_handle_invoke&_modver=1.0&_dom=cdsp&_session=0 handle 0xb40000778025f9c0
10-07 23:40:44.254 I/NpuProbe(20576): [ggml] ggml-hex: HTP0 op batching: n-bufs 16 n-tensors 7168 n-ops 1024 vmem 3355443200
10-07 23:40:44.254 I/NpuProbe(20576): [ggml] IFACE_START_DIAG: arg_nthreads=0 n_hvx=8 n_hmx=1 dev=0 queue=0 vmem=3355443200
10-07 23:40:44.261 I/NpuProbe(20576): SESSAO(737971b): 4 requests na mesma sessao (roles separados; JSON nativo em files/r6-sess.jsonl)
10-07 23:40:44.262 I/NpuProbe(20576): PROMPT[0]: arquivo proprio (len=1101)
--------- beginning of main
10-07 23:40:44.187 I/NpuProbe(20576): nativeLibraryDir=/data/app/~~WuH8BKHpdRdhE2e3JYwcYQ==/br.gov.sp.pcsp.npuprobe-FPzZM3A4-Ew4TFAZeTcevA==/lib/arm64
10-07 23:40:44.187 I/NpuProbe(20576): runProbe PULADO (p4-auto presente; preinit do tune)
10-07 23:40:44.188 I/NpuProbe(20576): REPORT:
10-07 23:40:44.188 I/NpuProbe(20576): (runProbe PULADO: p4-auto presente; evita init Hexagon pre-tune - R8)
10-07 23:40:44.188 I/NpuProbe(20576): AUTO-GATILHO='smart:sessao'
10-07 23:40:44.188 I/NpuProbe(20576): SMART iniciando rota=sessao com /data/local/tmp/hymt2_app.gguf
10-07 23:40:44.188 I/NpuProbe(20576): SMARTv2 rota='sessao' mutante=(none)
10-07 23:40:44.192 I/NpuProbe(20576): [ggml] ggml_vulkan: Found 1 Vulkan devices:
10-07 23:40:44.192 I/NpuProbe(20576): [ggml] ggml_vulkan: 0 = Adreno (TM) 840 (Qualcomm Technologies Inc. Adreno Vulkan Driver) | uma: 1 | fp16: 1 | bf16: 0 | fp4: 0 | warp size: 64 | shared memory: 32768 | int dot: 0 | matrix cores: none
10-07 23:40:44.203 I/NpuProbe(20576): [ggml] ggml_opencl: selected platform: 'QUALCOMM Snapdragon(TM)'
10-07 23:40:44.203 I/NpuProbe(20576): [ggml] 
10-07 23:40:44.203 I/NpuProbe(20576): ggml_opencl: device: 'QUALCOMM Adreno(TM) 840 (OpenCL 3.0 Adreno(TM) 840)'
10-07 23:40:44.204 I/NpuProbe(20576): [ggml] ggml_opencl: default device: 'QUALCOMM Adreno(TM) 840 (OpenCL 3.0 Adreno(TM) 840)'
10-07 23:40:44.204 I/NpuProbe(20576): [ggml] ggml-hex: Loading driver libcdsprpc.so
10-07 23:40:44.209 I/NpuProbe(20576): [ggml] HEXINIT_DIAG: nhvx=0 nhmx=1 mm_select=3 opbatch=1024 opqueue=16 vmem=3355443200
10-07 23:40:44.209 I/NpuProbe(20576): [ggml] ggml-hex: Hexagon backend (experimental) : allocating new registry : ndev 1
10-07 23:40:44.209 I/NpuProbe(20576): [ggml] ggml-hex: Hexagon Arch version v81
10-07 23:40:44.209 I/NpuProbe(20576): [ggml] ggml-hex: HTP0 allocating new session
10-07 23:40:44.250 I/NpuProbe(20576): [ggml] ggml-hex: HTP0 hwinfo: threads 8, hvx 8, hmx 1, vtcm 8 MB
10-07 23:40:44.250 I/NpuProbe(20576): [ggml] ggml-hex: HTP0 new session : session-id 0 domain-id 3 uri file:///libggml-htp-v81.so?htp_iface_skel_handle_invoke&_modver=1.0&_dom=cdsp&_session=0 handle 0xb40000778025f9c0
10-07 23:40:44.254 I/NpuProbe(20576): [ggml] ggml-hex: HTP0 op batching: n-bufs 16 n-tensors 7168 n-ops 1024 vmem 3355443200
10-07 23:40:44.254 I/NpuProbe(20576): [ggml] IFACE_START_DIAG: arg_nthreads=0 n_hvx=8 n_hmx=1 dev=0 queue=0 vmem=3355443200
10-07 23:40:44.261 I/NpuProbe(20576): SESSAO(737971b): 4 requests na mesma sessao (roles separados; JSON nativo em files/r6-sess.jsonl)
10-07 23:40:44.262 I/NpuProbe(20576): PROMPT[0]: arquivo proprio (len=1101)
--------- beginning of main
10-07 23:40:44.187 I/NpuProbe(20576): nativeLibraryDir=/data/app/~~WuH8BKHpdRdhE2e3JYwcYQ==/br.gov.sp.pcsp.npuprobe-FPzZM3A4-Ew4TFAZeTcevA==/lib/arm64
10-07 23:40:44.187 I/NpuProbe(20576): runProbe PULADO (p4-auto presente; preinit do tune)
10-07 23:40:44.188 I/NpuProbe(20576): REPORT:
10-07 23:40:44.188 I/NpuProbe(20576): (runProbe PULADO: p4-auto presente; evita init Hexagon pre-tune - R8)
10-07 23:40:44.188 I/NpuProbe(20576): AUTO-GATILHO='smart:sessao'
10-07 23:40:44.188 I/NpuProbe(20576): SMART iniciando rota=sessao com /data/local/tmp/hymt2_app.gguf
10-07 23:40:44.188 I/NpuProbe(20576): SMARTv2 rota='sessao' mutante=(none)
10-07 23:40:44.192 I/NpuProbe(20576): [ggml] ggml_vulkan: Found 1 Vulkan devices:
10-07 23:40:44.192 I/NpuProbe(20576): [ggml] ggml_vulkan: 0 = Adreno (TM) 840 (Qualcomm Technologies Inc. Adreno Vulkan Driver) | uma: 1 | fp16: 1 | bf16: 0 | fp4: 0 | warp size: 64 | shared memory: 32768 | int dot: 0 | matrix cores: none
10-07 23:40:44.203 I/NpuProbe(20576): [ggml] ggml_opencl: selected platform: 'QUALCOMM Snapdragon(TM)'
10-07 23:40:44.203 I/NpuProbe(20576): [ggml] 
10-07 23:40:44.203 I/NpuProbe(20576): ggml_opencl: device: 'QUALCOMM Adreno(TM) 840 (OpenCL 3.0 Adreno(TM) 840)'
10-07 23:40:44.204 I/NpuProbe(20576): [ggml] ggml_opencl: default device: 'QUALCOMM Adreno(TM) 840 (OpenCL 3.0 Adreno(TM) 840)'
10-07 23:40:44.204 I/NpuProbe(20576): [ggml] ggml-hex: Loading driver libcdsprpc.so
10-07 23:40:44.209 I/NpuProbe(20576): [ggml] HEXINIT_DIAG: nhvx=0 nhmx=1 mm_select=3 opbatch=1024 opqueue=16 vmem=3355443200
10-07 23:40:44.209 I/NpuProbe(20576): [ggml] ggml-hex: Hexagon backend (experimental) : allocating new registry : ndev 1
10-07 23:40:44.209 I/NpuProbe(20576): [ggml] ggml-hex: Hexagon Arch version v81
10-07 23:40:44.209 I/NpuProbe(20576): [ggml] ggml-hex: HTP0 allocating new session
10-07 23:40:44.250 I/NpuProbe(20576): [ggml] ggml-hex: HTP0 hwinfo: threads 8, hvx 8, hmx 1, vtcm 8 MB
10-07 23:40:44.250 I/NpuProbe(20576): [ggml] ggml-hex: HTP0 new session : session-id 0 domain-id 3 uri file:///libggml-htp-v81.so?htp_iface_skel_handle_invoke&_modver=1.0&_dom=cdsp&_session=0 handle 0xb40000778025f9c0
10-07 23:40:44.254 I/NpuProbe(20576): [ggml] ggml-hex: HTP0 op batching: n-bufs 16 n-tensors 7168 n-ops 1024 vmem 3355443200
10-07 23:40:44.254 I/NpuProbe(20576): [ggml] IFACE_START_DIAG: arg_nthreads=0 n_hvx=8 n_hmx=1 dev=0 queue=0 vmem=3355443200
10-07 23:40:44.261 I/NpuProbe(20576): SESSAO(737971b): 4 requests na mesma sessao (roles separados; JSON nativo em files/r6-sess.jsonl)
10-07 23:40:44.262 I/NpuProbe(20576): PROMPT[0]: arquivo proprio (len=1101)
--------- beginning of main
10-07 23:40:44.187 I/NpuProbe(20576): nativeLibraryDir=/data/app/~~WuH8BKHpdRdhE2e3JYwcYQ==/br.gov.sp.pcsp.npuprobe-FPzZM3A4-Ew4TFAZeTcevA==/lib/arm64
10-07 23:40:44.187 I/NpuProbe(20576): runProbe PULADO (p4-auto presente; preinit do tune)
10-07 23:40:44.188 I/NpuProbe(20576): REPORT:
10-07 23:40:44.188 I/NpuProbe(20576): (runProbe PULADO: p4-auto presente; evita init Hexagon pre-tune - R8)
10-07 23:40:44.188 I/NpuProbe(20576): AUTO-GATILHO='smart:sessao'
10-07 23:40:44.188 I/NpuProbe(20576): SMART iniciando rota=sessao com /data/local/tmp/hymt2_app.gguf
10-07 23:40:44.188 I/NpuProbe(20576): SMARTv2 rota='sessao' mutante=(none)
10-07 23:40:44.192 I/NpuProbe(20576): [ggml] ggml_vulkan: Found 1 Vulkan devices:
10-07 23:40:44.192 I/NpuProbe(20576): [ggml] ggml_vulkan: 0 = Adreno (TM) 840 (Qualcomm Technologies Inc. Adreno Vulkan Driver) | uma: 1 | fp16: 1 | bf16: 0 | fp4: 0 | warp size: 64 | shared memory: 32768 | int dot: 0 | matrix cores: none
10-07 23:40:44.203 I/NpuProbe(20576): [ggml] ggml_opencl: selected platform: 'QUALCOMM Snapdragon(TM)'
10-07 23:40:44.203 I/NpuProbe(20576): [ggml] 
10-07 23:40:44.203 I/NpuProbe(20576): ggml_opencl: device: 'QUALCOMM Adreno(TM) 840 (OpenCL 3.0 Adreno(TM) 840)'
10-07 23:40:44.204 I/NpuProbe(20576): [ggml] ggml_opencl: default device: 'QUALCOMM Adreno(TM) 840 (OpenCL 3.0 Adreno(TM) 840)'
10-07 23:40:44.204 I/NpuProbe(20576): [ggml] ggml-hex: Loading driver libcdsprpc.so
10-07 23:40:44.209 I/NpuProbe(20576): [ggml] HEXINIT_DIAG: nhvx=0 nhmx=1 mm_select=3 opbatch=1024 opqueue=16 vmem=3355443200
10-07 23:40:44.209 I/NpuProbe(20576): [ggml] ggml-hex: Hexagon backend (experimental) : allocating new registry : ndev 1
10-07 23:40:44.209 I/NpuProbe(20576): [ggml] ggml-hex: Hexagon Arch version v81
10-07 23:40:44.209 I/NpuProbe(20576): [ggml] ggml-hex: HTP0 allocating new session
10-07 23:40:44.250 I/NpuProbe(20576): [ggml] ggml-hex: HTP0 hwinfo: threads 8, hvx 8, hmx 1, vtcm 8 MB
10-07 23:40:44.250 I/NpuProbe(20576): [ggml] ggml-hex: HTP0 new session : session-id 0 domain-id 3 uri file:///libggml-htp-v81.so?htp_iface_skel_handle_invoke&_modver=1.0&_dom=cdsp&_session=0 handle 0xb40000778025f9c0
10-07 23:40:44.254 I/NpuProbe(20576): [ggml] ggml-hex: HTP0 op batching: n-bufs 16 n-tensors 7168 n-ops 1024 vmem 3355443200
10-07 23:40:44.254 I/NpuProbe(20576): [ggml] IFACE_START_DIAG: arg_nthreads=0 n_hvx=8 n_hmx=1 dev=0 queue=0 vmem=3355443200
10-07 23:40:44.261 I/NpuProbe(20576): SESSAO(737971b): 4 requests na mesma sessao (roles separados; JSON nativo em files/r6-sess.jsonl)
10-07 23:40:44.262 I/NpuProbe(20576): PROMPT[0]: arquivo proprio (len=1101)
--------- beginning of main
10-07 23:40:44.187 I/NpuProbe(20576): nativeLibraryDir=/data/app/~~WuH8BKHpdRdhE2e3JYwcYQ==/br.gov.sp.pcsp.npuprobe-FPzZM3A4-Ew4TFAZeTcevA==/lib/arm64
10-07 23:40:44.187 I/NpuProbe(20576): runProbe PULADO (p4-auto presente; preinit do tune)
10-07 23:40:44.188 I/NpuProbe(20576): REPORT:
10-07 23:40:44.188 I/NpuProbe(20576): (runProbe PULADO: p4-auto presente; evita init Hexagon pre-tune - R8)
10-07 23:40:44.188 I/NpuProbe(20576): AUTO-GATILHO='smart:sessao'
10-07 23:40:44.188 I/NpuProbe(20576): SMART iniciando rota=sessao com /data/local/tmp/hymt2_app.gguf
10-07 23:40:44.188 I/NpuProbe(20576): SMARTv2 rota='sessao' mutante=(none)
10-07 23:40:44.192 I/NpuProbe(20576): [ggml] ggml_vulkan: Found 1 Vulkan devices:
10-07 23:40:44.192 I/NpuProbe(20576): [ggml] ggml_vulkan: 0 = Adreno (TM) 840 (Qualcomm Technologies Inc. Adreno Vulkan Driver) | uma: 1 | fp16: 1 | bf16: 0 | fp4: 0 | warp size: 64 | shared memory: 32768 | int dot: 0 | matrix cores: none
10-07 23:40:44.203 I/NpuProbe(20576): [ggml] ggml_opencl: selected platform: 'QUALCOMM Snapdragon(TM)'
10-07 23:40:44.203 I/NpuProbe(20576): [ggml] 
10-07 23:40:44.203 I/NpuProbe(20576): ggml_opencl: device: 'QUALCOMM Adreno(TM) 840 (OpenCL 3.0 Adreno(TM) 840)'
10-07 23:40:44.204 I/NpuProbe(20576): [ggml] ggml_opencl: default device: 'QUALCOMM Adreno(TM) 840 (OpenCL 3.0 Adreno(TM) 840)'
10-07 23:40:44.204 I/NpuProbe(20576): [ggml] ggml-hex: Loading driver libcdsprpc.so
10-07 23:40:44.209 I/NpuProbe(20576): [ggml] HEXINIT_DIAG: nhvx=0 nhmx=1 mm_select=3 opbatch=1024 opqueue=16 vmem=3355443200
10-07 23:40:44.209 I/NpuProbe(20576): [ggml] ggml-hex: Hexagon backend (experimental) : allocating new registry : ndev 1
10-07 23:40:44.209 I/NpuProbe(20576): [ggml] ggml-hex: Hexagon Arch version v81
10-07 23:40:44.209 I/NpuProbe(20576): [ggml] ggml-hex: HTP0 allocating new session
10-07 23:40:44.250 I/NpuProbe(20576): [ggml] ggml-hex: HTP0 hwinfo: threads 8, hvx 8, hmx 1, vtcm 8 MB
10-07 23:40:44.250 I/NpuProbe(20576): [ggml] ggml-hex: HTP0 new session : session-id 0 domain-id 3 uri file:///libggml-htp-v81.so?htp_iface_skel_handle_invoke&_modver=1.0&_dom=cdsp&_session=0 handle 0xb40000778025f9c0
10-07 23:40:44.254 I/NpuProbe(20576): [ggml] ggml-hex: HTP0 op batching: n-bufs 16 n-tensors 7168 n-ops 1024 vmem 3355443200
10-07 23:40:44.254 I/NpuProbe(20576): [ggml] IFACE_START_DIAG: arg_nthreads=0 n_hvx=8 n_hmx=1 dev=0 queue=0 vmem=3355443200
10-07 23:40:44.261 I/NpuProbe(20576): SESSAO(737971b): 4 requests na mesma sessao (roles separados; JSON nativo em files/r6-sess.jsonl)
10-07 23:40:44.262 I/NpuProbe(20576): PROMPT[0]: arquivo proprio (len=1101)
--------- beginning of main
10-07 23:40:44.187 I/NpuProbe(20576): nativeLibraryDir=/data/app/~~WuH8BKHpdRdhE2e3JYwcYQ==/br.gov.sp.pcsp.npuprobe-FPzZM3A4-Ew4TFAZeTcevA==/lib/arm64
10-07 23:40:44.187 I/NpuProbe(20576): runProbe PULADO (p4-auto presente; preinit do tune)
10-07 23:40:44.188 I/NpuProbe(20576): REPORT:
10-07 23:40:44.188 I/NpuProbe(20576): (runProbe PULADO: p4-auto presente; evita init Hexagon pre-tune - R8)
10-07 23:40:44.188 I/NpuProbe(20576): AUTO-GATILHO='smart:sessao'
10-07 23:40:44.188 I/NpuProbe(20576): SMART iniciando rota=sessao com /data/local/tmp/hymt2_app.gguf
10-07 23:40:44.188 I/NpuProbe(20576): SMARTv2 rota='sessao' mutante=(none)
10-07 23:40:44.192 I/NpuProbe(20576): [ggml] ggml_vulkan: Found 1 Vulkan devices:
10-07 23:40:44.192 I/NpuProbe(20576): [ggml] ggml_vulkan: 0 = Adreno (TM) 840 (Qualcomm Technologies Inc. Adreno Vulkan Driver) | uma: 1 | fp16: 1 | bf16: 0 | fp4: 0 | warp size: 64 | shared memory: 32768 | int dot: 0 | matrix cores: none
10-07 23:40:44.203 I/NpuProbe(20576): [ggml] ggml_opencl: selected platform: 'QUALCOMM Snapdragon(TM)'
10-07 23:40:44.203 I/NpuProbe(20576): [ggml] 
10-07 23:40:44.203 I/NpuProbe(20576): ggml_opencl: device: 'QUALCOMM Adreno(TM) 840 (OpenCL 3.0 Adreno(TM) 840)'
10-07 23:40:44.204 I/NpuProbe(20576): [ggml] ggml_opencl: default device: 'QUALCOMM Adreno(TM) 840 (OpenCL 3.0 Adreno(TM) 840)'
10-07 23:40:44.204 I/NpuProbe(20576): [ggml] ggml-hex: Loading driver libcdsprpc.so
10-07 23:40:44.209 I/NpuProbe(20576): [ggml] HEXINIT_DIAG: nhvx=0 nhmx=1 mm_select=3 opbatch=1024 opqueue=16 vmem=3355443200
10-07 23:40:44.209 I/NpuProbe(20576): [ggml] ggml-hex: Hexagon backend (experimental) : allocating new registry : ndev 1
10-07 23:40:44.209 I/NpuProbe(20576): [ggml] ggml-hex: Hexagon Arch version v81
10-07 23:40:44.209 I/NpuProbe(20576): [ggml] ggml-hex: HTP0 allocating new session
10-07 23:40:44.250 I/NpuProbe(20576): [ggml] ggml-hex: HTP0 hwinfo: threads 8, hvx 8, hmx 1, vtcm 8 MB
10-07 23:40:44.250 I/NpuProbe(20576): [ggml] ggml-hex: HTP0 new session : session-id 0 domain-id 3 uri file:///libggml-htp-v81.so?htp_iface_skel_handle_invoke&_modver=1.0&_dom=cdsp&_session=0 handle 0xb40000778025f9c0
10-07 23:40:44.254 I/NpuProbe(20576): [ggml] ggml-hex: HTP0 op batching: n-bufs 16 n-tensors 7168 n-ops 1024 vmem 3355443200
10-07 23:40:44.254 I/NpuProbe(20576): [ggml] IFACE_START_DIAG: arg_nthreads=0 n_hvx=8 n_hmx=1 dev=0 queue=0 vmem=3355443200
10-07 23:40:44.261 I/NpuProbe(20576): SESSAO(737971b): 4 requests na mesma sessao (roles separados; JSON nativo em files/r6-sess.jsonl)
10-07 23:40:44.262 I/NpuProbe(20576): PROMPT[0]: arquivo proprio (len=1101)
--------- beginning of main
10-07 23:40:44.187 I/NpuProbe(20576): nativeLibraryDir=/data/app/~~WuH8BKHpdRdhE2e3JYwcYQ==/br.gov.sp.pcsp.npuprobe-FPzZM3A4-Ew4TFAZeTcevA==/lib/arm64
10-07 23:40:44.187 I/NpuProbe(20576): runProbe PULADO (p4-auto presente; preinit do tune)
10-07 23:40:44.188 I/NpuProbe(20576): REPORT:
10-07 23:40:44.188 I/NpuProbe(20576): (runProbe PULADO: p4-auto presente; evita init Hexagon pre-tune - R8)
10-07 23:40:44.188 I/NpuProbe(20576): AUTO-GATILHO='smart:sessao'
10-07 23:40:44.188 I/NpuProbe(20576): SMART iniciando rota=sessao com /data/local/tmp/hymt2_app.gguf
10-07 23:40:44.188 I/NpuProbe(20576): SMARTv2 rota='sessao' mutante=(none)
10-07 23:40:44.192 I/NpuProbe(20576): [ggml] ggml_vulkan: Found 1 Vulkan devices:
10-07 23:40:44.192 I/NpuProbe(20576): [ggml] ggml_vulkan: 0 = Adreno (TM) 840 (Qualcomm Technologies Inc. Adreno Vulkan Driver) | uma: 1 | fp16: 1 | bf16: 0 | fp4: 0 | warp size: 64 | shared memory: 32768 | int dot: 0 | matrix cores: none
10-07 23:40:44.203 I/NpuProbe(20576): [ggml] ggml_opencl: selected platform: 'QUALCOMM Snapdragon(TM)'
10-07 23:40:44.203 I/NpuProbe(20576): [ggml] 
10-07 23:40:44.203 I/NpuProbe(20576): ggml_opencl: device: 'QUALCOMM Adreno(TM) 840 (OpenCL 3.0 Adreno(TM) 840)'
10-07 23:40:44.204 I/NpuProbe(20576): [ggml] ggml_opencl: default device: 'QUALCOMM Adreno(TM) 840 (OpenCL 3.0 Adreno(TM) 840)'
10-07 23:40:44.204 I/NpuProbe(20576): [ggml] ggml-hex: Loading driver libcdsprpc.so
10-07 23:40:44.209 I/NpuProbe(20576): [ggml] HEXINIT_DIAG: nhvx=0 nhmx=1 mm_select=3 opbatch=1024 opqueue=16 vmem=3355443200
10-07 23:40:44.209 I/NpuProbe(20576): [ggml] ggml-hex: Hexagon backend (experimental) : allocating new registry : ndev 1
10-07 23:40:44.209 I/NpuProbe(20576): [ggml] ggml-hex: Hexagon Arch version v81
10-07 23:40:44.209 I/NpuProbe(20576): [ggml] ggml-hex: HTP0 allocating new session
10-07 23:40:44.250 I/NpuProbe(20576): [ggml] ggml-hex: HTP0 hwinfo: threads 8, hvx 8, hmx 1, vtcm 8 MB
10-07 23:40:44.250 I/NpuProbe(20576): [ggml] ggml-hex: HTP0 new session : session-id 0 domain-id 3 uri file:///libggml-htp-v81.so?htp_iface_skel_handle_invoke&_modver=1.0&_dom=cdsp&_session=0 handle 0xb40000778025f9c0
10-07 23:40:44.254 I/NpuProbe(20576): [ggml] ggml-hex: HTP0 op batching: n-bufs 16 n-tensors 7168 n-ops 1024 vmem 3355443200
10-07 23:40:44.254 I/NpuProbe(20576): [ggml] IFACE_START_DIAG: arg_nthreads=0 n_hvx=8 n_hmx=1 dev=0 queue=0 vmem=3355443200
10-07 23:40:44.261 I/NpuProbe(20576): SESSAO(737971b): 4 requests na mesma sessao (roles separados; JSON nativo em files/r6-sess.jsonl)
10-07 23:40:44.262 I/NpuProbe(20576): PROMPT[0]: arquivo proprio (len=1101)
--------- beginning of main
10-07 23:46:11.898 I/NpuProbe(26497): nativeLibraryDir=/data/app/~~p5iuNqJ5LCJLxsdgNqPTtg==/br.gov.sp.pcsp.npuprobe-Kixx56QaJXp0PWQsCieoIw==/lib/arm64
10-07 23:46:11.898 I/NpuProbe(26497): runProbe PULADO (p4-auto presente; preinit do tune)
10-07 23:46:11.898 I/NpuProbe(26497): REPORT:
10-07 23:46:11.898 I/NpuProbe(26497): (runProbe PULADO: p4-auto presente; evita init Hexagon pre-tune - R8)
10-07 23:46:11.898 I/NpuProbe(26497): AUTO-GATILHO='smart:sessao'
10-07 23:46:11.898 I/NpuProbe(26497): SMART iniciando rota=sessao com /data/local/tmp/hymt2_app.gguf
10-07 23:46:11.899 I/NpuProbe(26497): SMARTv2 rota='sessao' mutante=(none)
10-07 23:46:11.901 I/NpuProbe(26497): [ggml] ggml_vulkan: Found 1 Vulkan devices:
10-07 23:46:11.902 I/NpuProbe(26497): [ggml] ggml_vulkan: 0 = Adreno (TM) 840 (Qualcomm Technologies Inc. Adreno Vulkan Driver) | uma: 1 | fp16: 1 | bf16: 0 | fp4: 0 | warp size: 64 | shared memory: 32768 | int dot: 0 | matrix cores: none
10-07 23:46:11.912 I/NpuProbe(26497): [ggml] ggml_opencl: selected platform: 'QUALCOMM Snapdragon(TM)'
10-07 23:46:11.913 I/NpuProbe(26497): [ggml] 
10-07 23:46:11.913 I/NpuProbe(26497): ggml_opencl: device: 'QUALCOMM Adreno(TM) 840 (OpenCL 3.0 Adreno(TM) 840)'
10-07 23:46:11.913 I/NpuProbe(26497): [ggml] ggml_opencl: default device: 'QUALCOMM Adreno(TM) 840 (OpenCL 3.0 Adreno(TM) 840)'
10-07 23:46:11.913 I/NpuProbe(26497): [ggml] ggml-hex: Loading driver libcdsprpc.so
10-07 23:46:11.916 I/NpuProbe(26497): [ggml] ggml-hex: Hexagon backend (experimental) : allocating new registry : ndev 1
10-07 23:46:11.916 I/NpuProbe(26497): [ggml] ggml-hex: Hexagon Arch version v81
10-07 23:46:11.916 I/NpuProbe(26497): [ggml] ggml-hex: HTP0 allocating new session
10-07 23:46:11.961 I/NpuProbe(26497): [ggml] ggml-hex: HTP0 hwinfo: threads 8, hvx 8, hmx 1, vtcm 8 MB
10-07 23:46:11.961 I/NpuProbe(26497): [ggml] ggml-hex: HTP0 new session : session-id 0 domain-id 3 uri file:///libggml-htp-v81.so?htp_iface_skel_handle_invoke&_modver=1.0&_dom=cdsp&_session=0 handle 0xb4000076e8e71ac0
10-07 23:46:11.967 I/NpuProbe(26497): [ggml] ggml-hex: HTP0 op batching: n-bufs 16 n-tensors 7168 n-ops 1024 vmem 3355443200
10-07 23:46:11.975 I/NpuProbe(26497): SESSAO(73aba09): 3 requests na mesma sessao (roles separados; JSON nativo em files/r6-sess.jsonl)
10-07 23:46:11.975 I/NpuProbe(26497): PROMPT[0]: arquivo proprio (len=1101)
10-07 23:46:12.241 I/NpuProbe(26497): [ggml] ggml_opencl: kernel cache enabled at '/data/user/0/br.gov.sp.pcsp.npuprobe/cache/llama.cpp/cl-cache'
10-07 23:46:12.241 I/NpuProbe(26497): [ggml] ggml_opencl: loading OpenCL kernels
10-07 23:46:12.242 I/NpuProbe(26497): [ggml] .
10-07 23:46:12.242 I/NpuProbe(26497): [ggml] .
10-07 23:46:12.242 I/NpuProbe(26497): [ggml] .
10-07 23:46:12.242 I/NpuProbe(26497): [ggml] .
10-07 23:46:12.242 I/NpuProbe(26497): [ggml] .
10-07 23:46:12.243 I/NpuProbe(26497): [ggml] .
10-07 23:46:12.245 I/NpuProbe(26497): [ggml] .
10-07 23:46:12.245 I/NpuProbe(26497): [ggml] .
10-07 23:46:12.245 I/NpuProbe(26497): [ggml] .
10-07 23:46:12.245 I/NpuProbe(26497): [ggml] .
10-07 23:46:12.245 I/NpuProbe(26497): [ggml] .
10-07 23:46:12.246 I/NpuProbe(26497): [ggml] .
10-07 23:46:12.246 I/NpuProbe(26497): [ggml] .
10-07 23:46:12.246 I/NpuProbe(26497): [ggml] .
10-07 23:46:12.246 I/NpuProbe(26497): [ggml] .
10-07 23:46:12.246 I/NpuProbe(26497): [ggml] .
10-07 23:46:12.246 I/NpuProbe(26497): [ggml] .
10-07 23:46:12.246 I/NpuProbe(26497): [ggml] .
10-07 23:46:12.247 I/NpuProbe(26497): [ggml] .
10-07 23:46:12.247 I/NpuProbe(26497): [ggml] .
10-07 23:46:12.247 I/NpuProbe(26497): [ggml] .
10-07 23:46:12.247 I/NpuProbe(26497): [ggml] .
10-07 23:46:12.247 I/NpuProbe(26497): [ggml] .
10-07 23:46:12.248 I/NpuProbe(26497): [ggml] .
10-07 23:46:12.248 I/NpuProbe(26497): [ggml] .
10-07 23:46:12.248 I/NpuProbe(26497): [ggml] .
10-07 23:46:12.248 I/NpuProbe(26497): [ggml] .
10-07 23:46:12.248 I/NpuProbe(26497): [ggml] .
10-07 23:46:12.248 I/NpuProbe(26497): [ggml] .
10-07 23:46:12.249 I/NpuProbe(26497): [ggml] .
10-07 23:46:12.249 I/NpuProbe(26497): [ggml] .
10-07 23:46:12.249 I/NpuProbe(26497): [ggml] .
10-07 23:46:12.249 I/NpuProbe(26497): [ggml] .
10-07 23:46:12.249 I/NpuProbe(26497): [ggml] .
10-07 23:46:12.250 I/NpuProbe(26497): [ggml] .
10-07 23:46:12.250 I/NpuProbe(26497): [ggml] .
10-07 23:46:12.250 I/NpuProbe(26497): [ggml] .
10-07 23:46:12.250 I/NpuProbe(26497): [ggml] .
10-07 23:46:12.250 I/NpuProbe(26497): [ggml] .
10-07 23:46:12.250 I/NpuProbe(26497): [ggml] .
10-07 23:46:12.250 I/NpuProbe(26497): [ggml] .
10-07 23:46:12.251 I/NpuProbe(26497): [ggml] .
10-07 23:46:12.251 I/NpuProbe(26497): [ggml] .
10-07 23:46:12.252 I/NpuProbe(26497): [ggml] .
10-07 23:46:12.252 I/NpuProbe(26497): [ggml] .
10-07 23:46:12.252 I/NpuProbe(26497): [ggml] .
10-07 23:46:12.252 I/NpuProbe(26497): [ggml] .
10-07 23:46:12.252 I/NpuProbe(26497): [ggml] .
10-07 23:46:12.252 I/NpuProbe(26497): [ggml] .
10-07 23:46:12.253 I/NpuProbe(26497): [ggml] .
10-07 23:46:12.253 I/NpuProbe(26497): [ggml] .
10-07 23:46:12.253 I/NpuProbe(26497): [ggml] .
10-07 23:46:12.253 I/NpuProbe(26497): [ggml] .
10-07 23:46:12.253 I/NpuProbe(26497): [ggml] .
10-07 23:46:12.253 I/NpuProbe(26497): [ggml] .
10-07 23:46:12.254 I/NpuProbe(26497): [ggml] .
10-07 23:46:12.254 I/NpuProbe(26497): [ggml] .
10-07 23:46:12.254 I/NpuProbe(26497): [ggml] .
10-07 23:46:12.255 I/NpuProbe(26497): [ggml] .
10-07 23:46:12.255 I/NpuProbe(26497): [ggml] .
10-07 23:46:12.255 I/NpuProbe(26497): [ggml] .
10-07 23:46:12.255 I/NpuProbe(26497): [ggml] .
10-07 23:46:12.255 I/NpuProbe(26497): [ggml] .
10-07 23:46:12.255 I/NpuProbe(26497): [ggml] .
10-07 23:46:12.256 I/NpuProbe(26497): [ggml] .
10-07 23:46:12.256 I/NpuProbe(26497): [ggml] .
10-07 23:46:12.256 I/NpuProbe(26497): [ggml] .
10-07 23:46:12.256 I/NpuProbe(26497): [ggml] .
10-07 23:46:12.256 I/NpuProbe(26497): [ggml] .
10-07 23:46:12.257 I/NpuProbe(26497): [ggml] .
10-07 23:46:12.257 I/NpuProbe(26497): [ggml] .
10-07 23:46:12.257 I/NpuProbe(26497): [ggml] .
10-07 23:46:12.257 I/NpuProbe(26497): [ggml] .
10-07 23:46:12.257 I/NpuProbe(26497): [ggml] .
10-07 23:46:12.257 I/NpuProbe(26497): [ggml] .
10-07 23:46:12.257 I/NpuProbe(26497): [ggml] .
10-07 23:46:16.764 I/NpuProbe(26497): [ggml] ggml_opencl: OpenCL driver: OpenCL 3.0 QUALCOMM build: 0842.41 Compiler E031.50.19.27
10-07 23:46:16.764 I/NpuProbe(26497): [ggml] ggml_opencl: vector subgroup broadcast support: true
10-07 23:46:16.764 I/NpuProbe(26497): [ggml] ggml_opencl: subgroup shuffle support: true
10-07 23:46:16.764 I/NpuProbe(26497): [ggml] ggml_opencl: device FP16 support: true
10-07 23:46:16.764 I/NpuProbe(26497): [ggml] ggml_opencl: khr dot product support: true
10-07 23:46:16.764 I/NpuProbe(26497): [ggml] ggml_opencl: mem base addr align: 128
10-07 23:46:16.764 I/NpuProbe(26497): [ggml] ggml_opencl: global mem size: 7555 MB
10-07 23:46:16.764 I/NpuProbe(26497): [ggml] ggml_opencl: max mem alloc size: 2048 MB
10-07 23:46:16.764 I/NpuProbe(26497): [ggml] ggml_opencl: device max image buffer size (pixels): 2147483648
10-07 23:46:16.764 I/NpuProbe(26497): [ggml] ggml_opencl: device max image2d size: 16384 x 16384
10-07 23:46:16.764 I/NpuProbe(26497): [ggml] ggml_opencl: device max workgroup size: 1024
10-07 23:46:16.764 I/NpuProbe(26497): [ggml] ggml_opencl: SVM coarse grain buffer support: true
10-07 23:46:16.764 I/NpuProbe(26497): [ggml] ggml_opencl: SVM fine grain buffer support: true
10-07 23:46:16.764 I/NpuProbe(26497): [ggml] ggml_opencl: SVM fine grain system support: false
10-07 23:46:16.764 I/NpuProbe(26497): [ggml] ggml_opencl: SVM atomics support: true
10-07 23:46:16.764 I/NpuProbe(26497): [ggml] ggml_opencl: cl_qcom_subgroup_shuffle support: true
10-07 23:46:16.764 I/NpuProbe(26497): [ggml] ggml_opencl: flattening quantized weights representation as struct of arrays (GGML_OPENCL_SOA_Q)
10-07 23:46:16.764 I/NpuProbe(26497): [ggml] ggml_opencl: using kernels optimized for Adreno (GGML_OPENCL_USE_ADRENO_KERNELS)
