--------- beginning of main
10-07 17:25:40.528 I/NpuProbe(11846): nativeLibraryDir=/data/app/~~-AAa5lDaii0dMGTPgPeENA==/br.gov.sp.pcsp.npuprobe-rKDzfVqWrdi-4lPwWdPEAA==/lib/arm64
10-07 17:25:40.528 I/NpuProbe(11846): libdir=/data/app/~~-AAa5lDaii0dMGTPgPeENA==/br.gov.sp.pcsp.npuprobe-rKDzfVqWrdi-4lPwWdPEAA==/lib/arm64
10-07 17:25:40.528 I/NpuProbe(11846): build=llama.cpp-upstream-pkg (v11-libs) + probe R4
10-07 17:25:40.528 I/NpuProbe(11846): controle-sistema (liblog.so)=OK
10-07 17:25:40.529 I/NpuProbe(11846): negativo-fake (libnaoexiste_xyz.so)=FALHOU err=dlopen failed: library "libnaoexiste_xyz.so" not found
10-07 17:25:40.531 I/NpuProbe(11846): cdsprpc-nome (libcdsprpc.so)=OK
10-07 17:25:40.532 I/NpuProbe(11846): cdsprpc-abs (/vendor/lib64/libcdsprpc.so)=OK
10-07 17:25:40.532 I/NpuProbe(11846): ADSP_LIBRARY_PATH=libdir (setenv)
10-07 17:25:40.535 I/NpuProbe(11846): [ggml] ggml_vulkan: Found 1 Vulkan devices:
10-07 17:25:40.535 I/NpuProbe(11846): [ggml] ggml_vulkan: 0 = Adreno (TM) 840 (Qualcomm Technologies Inc. Adreno Vulkan Driver) | uma: 1 | fp16: 1 | bf16: 0 | fp4: 0 | warp size: 64 | shared memory: 32768 | int dot: 0 | matrix cores: none
10-07 17:25:40.553 I/NpuProbe(11846): [ggml] ggml_opencl: selected platform: 'QUALCOMM Snapdragon(TM)'
10-07 17:25:40.554 I/NpuProbe(11846): [ggml] 
10-07 17:25:40.554 I/NpuProbe(11846): ggml_opencl: device: 'QUALCOMM Adreno(TM) 840 (OpenCL 3.0 Adreno(TM) 840)'
10-07 17:25:40.554 I/NpuProbe(11846): [ggml] ggml_opencl: default device: 'QUALCOMM Adreno(TM) 840 (OpenCL 3.0 Adreno(TM) 840)'
10-07 17:25:40.554 I/NpuProbe(11846): [ggml] ggml-hex: Loading driver libcdsprpc.so
10-07 17:25:40.556 I/NpuProbe(11846): [ggml] ggml-hex: Hexagon backend (experimental) : allocating new registry : ndev 1
10-07 17:25:40.556 I/NpuProbe(11846): [ggml] ggml-hex: Hexagon Arch version v81
10-07 17:25:40.556 I/NpuProbe(11846): [ggml] ggml-hex: HTP0 allocating new session
10-07 17:25:40.589 I/NpuProbe(11846): [ggml] ggml-hex: HTP0 hwinfo: threads 8, hvx 8, hmx 1, vtcm 8 MB
10-07 17:25:40.589 I/NpuProbe(11846): [ggml] ggml-hex: HTP0 new session : session-id 0 domain-id 3 uri file:///libggml-htp-v81.so?htp_iface_skel_handle_invoke&_modver=1.0&_dom=cdsp&_session=0 handle 0xb4000077cffd41c0
10-07 17:25:40.592 I/NpuProbe(11846): [ggml] ggml-hex: HTP0 op batching: n-bufs 16 n-tensors 7168 n-ops 1024 vmem 3355443200
10-07 17:25:40.598 I/NpuProbe(11846): load_all_from_path=66ms
10-07 17:25:40.598 I/NpuProbe(11846): [ggml] load_backend: failed to find ggml_backend_init in /data/app/~~-AAa5lDaii0dMGTPgPeENA==/br.gov.sp.pcsp.npuprobe-rKDzfVqWrdi-4lPwWdPEAA==/lib/arm64/libggml-hexagon.so
10-07 17:25:40.598 I/NpuProbe(11846): load(hexagon direto)=FALHOU em 0ms
10-07 17:25:40.598 I/NpuProbe(11846): devices=4
10-07 17:25:40.598 I/NpuProbe(11846):   dev[0] Vulkan0 (Adreno (TM) 840)
10-07 17:25:40.598 I/NpuProbe(11846):   dev[1] GPUOpenCL (QUALCOMM Adreno(TM) 840)
10-07 17:25:40.598 I/NpuProbe(11846):   dev[2] HTP0 (Hexagon)
10-07 17:25:40.598 I/NpuProbe(11846):   dev[3] CPU (CPU)
10-07 17:25:40.598 I/NpuProbe(11846): dev_init(HTP0)=0ms -> SESSAO ABERTA
10-07 17:25:40.599 I/NpuProbe(11846): graph_compute(MUL_MAT 64x64)=0.5ms status=0
10-07 17:25:40.599 I/NpuProbe(11846): c[0]=128.000000 (esperado 128.0)
10-07 17:25:40.599 I/NpuProbe(11846): RESULTADO: APP-UID OK: sessao HTP + op executado com resultado correto
10-07 17:25:40.600 I/NpuProbe(11846): REPORT:
10-07 17:25:40.600 I/NpuProbe(11846): libdir=/data/app/~~-AAa5lDaii0dMGTPgPeENA==/br.gov.sp.pcsp.npuprobe-rKDzfVqWrdi-4lPwWdPEAA==/lib/arm64
10-07 17:25:40.600 I/NpuProbe(11846): build=llama.cpp-upstream-pkg (v11-libs) + probe R4
10-07 17:25:40.600 I/NpuProbe(11846): controle-sistema (liblog.so)=OK
10-07 17:25:40.600 I/NpuProbe(11846): negativo-fake (libnaoexiste_xyz.so)=FALHOU err=dlopen failed: library "libnaoexiste_xyz.so" not found
10-07 17:25:40.600 I/NpuProbe(11846): cdsprpc-nome (libcdsprpc.so)=OK
10-07 17:25:40.600 I/NpuProbe(11846): cdsprpc-abs (/vendor/lib64/libcdsprpc.so)=OK
10-07 17:25:40.600 I/NpuProbe(11846): ADSP_LIBRARY_PATH=libdir (setenv)
10-07 17:25:40.600 I/NpuProbe(11846): load_all_from_path=66ms
10-07 17:25:40.600 I/NpuProbe(11846): load(hexagon direto)=FALHOU em 0ms
10-07 17:25:40.600 I/NpuProbe(11846): devices=4
10-07 17:25:40.600 I/NpuProbe(11846):   dev[0] Vulkan0 (Adreno (TM) 840)
10-07 17:25:40.600 I/NpuProbe(11846):   dev[1] GPUOpenCL (QUALCOMM Adreno(TM) 840)
10-07 17:25:40.600 I/NpuProbe(11846):   dev[2] HTP0 (Hexagon)
10-07 17:25:40.600 I/NpuProbe(11846):   dev[3] CPU (CPU)
10-07 17:25:40.600 I/NpuProbe(11846): dev_init(HTP0)=0ms -> SESSAO ABERTA
10-07 17:25:40.600 I/NpuProbe(11846): graph_compute(MUL_MAT 64x64)=0.5ms status=0
10-07 17:25:40.600 I/NpuProbe(11846): c[0]=128.000000 (esperado 128.0)
10-07 17:25:40.600 I/NpuProbe(11846): RESULTADO: APP-UID OK: sessao HTP + op executado com resultado correto
10-07 17:25:40.601 I/NpuProbe(11846): AUTO-GATILHO='smart:opencl'
10-07 17:25:40.601 I/NpuProbe(11846): SMART iniciando rota=opencl com /data/local/tmp/hymt2_app.gguf
10-07 17:25:40.601 I/NpuProbe(11846): SMARTv2 rota='opencl' mutante=(none)
10-07 17:25:40.602 I/NpuProbe(11846): MODO VALIDACAO (espelho teacher-forcing)
10-07 17:25:40.602 I/NpuProbe(11846): MODO PONTE: origem=htp | destino=opencl (GPUOpenCL)
10-07 17:25:41.432 I/NpuProbe(11846): [ggml] ggml_opencl: kernel cache enabled at '/data/user/0/br.gov.sp.pcsp.npuprobe/cache/llama.cpp/cl-cache'
10-07 17:25:41.432 I/NpuProbe(11846): [ggml] ggml_opencl: loading OpenCL kernels
10-07 17:25:41.434 I/NpuProbe(11846): [ggml] .
10-07 17:25:41.434 I/NpuProbe(11846): [ggml] .
10-07 17:25:41.434 I/NpuProbe(11846): [ggml] .
10-07 17:25:41.434 I/NpuProbe(11846): [ggml] .
10-07 17:25:41.434 I/NpuProbe(11846): [ggml] .
10-07 17:25:41.435 I/NpuProbe(11846): [ggml] .
10-07 17:25:41.437 I/NpuProbe(11846): [ggml] .
10-07 17:25:41.438 I/NpuProbe(11846): [ggml] .
10-07 17:25:41.438 I/NpuProbe(11846): [ggml] .
10-07 17:25:41.438 I/NpuProbe(11846): [ggml] .
10-07 17:25:41.438 I/NpuProbe(11846): [ggml] .
10-07 17:25:41.439 I/NpuProbe(11846): [ggml] .
10-07 17:25:41.439 I/NpuProbe(11846): [ggml] .
10-07 17:25:41.439 I/NpuProbe(11846): [ggml] .
10-07 17:25:41.439 I/NpuProbe(11846): [ggml] .
10-07 17:25:41.439 I/NpuProbe(11846): [ggml] .
10-07 17:25:41.439 I/NpuProbe(11846): [ggml] .
10-07 17:25:41.440 I/NpuProbe(11846): [ggml] .
10-07 17:25:41.440 I/NpuProbe(11846): [ggml] .
10-07 17:25:41.440 I/NpuProbe(11846): [ggml] .
10-07 17:25:41.440 I/NpuProbe(11846): [ggml] .
10-07 17:25:41.440 I/NpuProbe(11846): [ggml] .
10-07 17:25:41.441 I/NpuProbe(11846): [ggml] .
10-07 17:25:41.441 I/NpuProbe(11846): [ggml] .
10-07 17:25:41.441 I/NpuProbe(11846): [ggml] .
10-07 17:25:41.442 I/NpuProbe(11846): [ggml] .
10-07 17:25:41.442 I/NpuProbe(11846): [ggml] .
10-07 17:25:41.442 I/NpuProbe(11846): [ggml] .
10-07 17:25:41.442 I/NpuProbe(11846): [ggml] .
10-07 17:25:41.443 I/NpuProbe(11846): [ggml] .
10-07 17:25:41.443 I/NpuProbe(11846): [ggml] .
10-07 17:25:41.443 I/NpuProbe(11846): [ggml] .
10-07 17:25:41.443 I/NpuProbe(11846): [ggml] .
10-07 17:25:41.443 I/NpuProbe(11846): [ggml] .
10-07 17:25:41.444 I/NpuProbe(11846): [ggml] .
10-07 17:25:41.444 I/NpuProbe(11846): [ggml] .
10-07 17:25:41.444 I/NpuProbe(11846): [ggml] .
10-07 17:25:41.444 I/NpuProbe(11846): [ggml] .
10-07 17:25:41.444 I/NpuProbe(11846): [ggml] .
10-07 17:25:41.444 I/NpuProbe(11846): [ggml] .
10-07 17:25:41.444 I/NpuProbe(11846): [ggml] .
10-07 17:25:41.446 I/NpuProbe(11846): [ggml] .
10-07 17:25:41.446 I/NpuProbe(11846): [ggml] .
10-07 17:25:41.446 I/NpuProbe(11846): [ggml] .
10-07 17:25:41.446 I/NpuProbe(11846): [ggml] .
10-07 17:25:41.446 I/NpuProbe(11846): [ggml] .
10-07 17:25:41.447 I/NpuProbe(11846): [ggml] .
10-07 17:25:41.447 I/NpuProbe(11846): [ggml] .
10-07 17:25:41.447 I/NpuProbe(11846): [ggml] .
10-07 17:25:41.447 I/NpuProbe(11846): [ggml] .
10-07 17:25:41.447 I/NpuProbe(11846): [ggml] .
10-07 17:25:41.447 I/NpuProbe(11846): [ggml] .
10-07 17:25:41.448 I/NpuProbe(11846): [ggml] .
10-07 17:25:41.448 I/NpuProbe(11846): [ggml] .
10-07 17:25:41.448 I/NpuProbe(11846): [ggml] .
10-07 17:25:41.448 I/NpuProbe(11846): [ggml] .
10-07 17:25:41.449 I/NpuProbe(11846): [ggml] .
10-07 17:25:41.449 I/NpuProbe(11846): [ggml] .
10-07 17:25:41.449 I/NpuProbe(11846): [ggml] .
10-07 17:25:41.450 I/NpuProbe(11846): [ggml] .
10-07 17:25:41.450 I/NpuProbe(11846): [ggml] .
10-07 17:25:41.450 I/NpuProbe(11846): [ggml] .
10-07 17:25:41.450 I/NpuProbe(11846): [ggml] .
10-07 17:25:41.450 I/NpuProbe(11846): [ggml] .
10-07 17:25:41.451 I/NpuProbe(11846): [ggml] .
10-07 17:25:41.451 I/NpuProbe(11846): [ggml] .
10-07 17:25:41.451 I/NpuProbe(11846): [ggml] .
10-07 17:25:41.451 I/NpuProbe(11846): [ggml] .
10-07 17:25:41.451 I/NpuProbe(11846): [ggml] .
10-07 17:25:41.452 I/NpuProbe(11846): [ggml] .
10-07 17:25:41.452 I/NpuProbe(11846): [ggml] .
10-07 17:25:41.452 I/NpuProbe(11846): [ggml] .
10-07 17:25:41.452 I/NpuProbe(11846): [ggml] .
10-07 17:25:41.452 I/NpuProbe(11846): [ggml] .
10-07 17:25:41.452 I/NpuProbe(11846): [ggml] .
10-07 17:25:41.452 I/NpuProbe(11846): [ggml] .
10-07 17:25:41.452 I/NpuProbe(11846): [ggml] .
10-07 17:25:41.453 I/NpuProbe(11846): [ggml] .
10-07 17:25:41.453 I/NpuProbe(11846): [ggml] .
10-07 17:25:41.453 I/NpuProbe(11846): [ggml] .
10-07 17:25:41.453 I/NpuProbe(11846): [ggml] .
10-07 17:25:41.453 I/NpuProbe(11846): [ggml] .
10-07 17:25:41.453 I/NpuProbe(11846): [ggml] .
10-07 17:25:41.453 I/NpuProbe(11846): [ggml] .
10-07 17:25:41.453 I/NpuProbe(11846): [ggml] .
10-07 17:25:41.453 I/NpuProbe(11846): [ggml] .
10-07 17:25:41.453 I/NpuProbe(11846): [ggml] .
10-07 17:25:41.454 I/NpuProbe(11846): [ggml] .
10-07 17:25:41.454 I/NpuProbe(11846): [ggml] .
10-07 17:25:41.454 I/NpuProbe(11846): [ggml] .
10-07 17:25:41.454 I/NpuProbe(11846): [ggml] .
10-07 17:25:41.455 I/NpuProbe(11846): [ggml] .
10-07 17:25:41.456 I/NpuProbe(11846): [ggml] .
10-07 17:25:41.456 I/NpuProbe(11846): [ggml] .
10-07 17:25:41.456 I/NpuProbe(11846): [ggml] .
10-07 17:25:41.456 I/NpuProbe(11846): [ggml] .
10-07 17:25:41.460 I/NpuProbe(11846): [ggml] .
10-07 17:25:41.460 I/NpuProbe(11846): [ggml] .
10-07 17:25:41.460 I/NpuProbe(11846): [ggml] .
10-07 17:25:41.460 I/NpuProbe(11846): [ggml] .
10-07 17:25:41.460 I/NpuProbe(11846): [ggml] .
10-07 17:25:41.461 I/NpuProbe(11846): [ggml] .
10-07 17:25:41.461 I/NpuProbe(11846): [ggml] .
10-07 17:25:41.461 I/NpuProbe(11846): [ggml] .
10-07 17:25:41.461 I/NpuProbe(11846): [ggml] .
10-07 17:25:41.461 I/NpuProbe(11846): [ggml] .
10-07 17:25:41.462 I/NpuProbe(11846): [ggml] .
10-07 17:25:41.462 I/NpuProbe(11846): [ggml] .
10-07 17:25:41.462 I/NpuProbe(11846): [ggml] .
10-07 17:25:41.462 I/NpuProbe(11846): [ggml] .
10-07 17:25:41.463 I/NpuProbe(11846): [ggml] .
10-07 17:25:41.463 I/NpuProbe(11846): [ggml] .
10-07 17:25:41.463 I/NpuProbe(11846): [ggml] .
10-07 17:25:41.463 I/NpuProbe(11846): [ggml] .
10-07 17:25:41.463 I/NpuProbe(11846): [ggml] .
10-07 17:25:41.464 I/NpuProbe(11846): [ggml] .
10-07 17:25:41.464 I/NpuProbe(11846): [ggml] .
10-07 17:25:41.464 I/NpuProbe(11846): [ggml] .
10-07 17:25:41.464 I/NpuProbe(11846): [ggml] .
10-07 17:25:41.465 I/NpuProbe(11846): [ggml] .
10-07 17:25:41.465 I/NpuProbe(11846): [ggml] .
10-07 17:25:41.465 I/NpuProbe(11846): [ggml] .
10-07 17:25:41.465 I/NpuProbe(11846): [ggml] .
10-07 17:25:41.465 I/NpuProbe(11846): [ggml] .
10-07 17:25:41.466 I/NpuProbe(11846): [ggml] .
10-07 17:25:41.466 I/NpuProbe(11846): [ggml] .
10-07 17:25:41.466 I/NpuProbe(11846): [ggml] .
10-07 17:25:41.467 I/NpuProbe(11846): [ggml] .
10-07 17:25:41.467 I/NpuProbe(11846): [ggml] .
10-07 17:25:41.467 I/NpuProbe(11846): [ggml] .
10-07 17:25:41.468 I/NpuProbe(11846): [ggml] .
10-07 17:25:41.468 I/NpuProbe(11846): [ggml] .
10-07 17:25:41.468 I/NpuProbe(11846): [ggml] .
10-07 17:25:41.468 I/NpuProbe(11846): [ggml] .
10-07 17:25:41.469 I/NpuProbe(11846): [ggml] .
10-07 17:25:41.469 I/NpuProbe(11846): [ggml] .
10-07 17:25:41.469 I/NpuProbe(11846): [ggml] .
10-07 17:25:41.469 I/NpuProbe(11846): [ggml] .
10-07 17:25:41.469 I/NpuProbe(11846): [ggml] .
10-07 17:25:41.469 I/NpuProbe(11846): [ggml] .
10-07 17:25:41.470 I/NpuProbe(11846): [ggml] .
10-07 17:25:41.470 I/NpuProbe(11846): [ggml] .
10-07 17:25:41.470 I/NpuProbe(11846): [ggml] .
10-07 17:25:41.470 I/NpuProbe(11846): [ggml] .
10-07 17:25:41.471 I/NpuProbe(11846): [ggml] .
10-07 17:25:41.471 I/NpuProbe(11846): [ggml] .
10-07 17:25:41.471 I/NpuProbe(11846): [ggml] .
10-07 17:25:41.471 I/NpuProbe(11846): [ggml] .
10-07 17:25:41.472 I/NpuProbe(11846): [ggml] .
10-07 17:25:41.472 I/NpuProbe(11846): [ggml] .
10-07 17:25:41.472 I/NpuProbe(11846): [ggml] .
10-07 17:25:41.473 I/NpuProbe(11846): [ggml] .
10-07 17:25:41.473 I/NpuProbe(11846): [ggml] .
10-07 17:25:41.473 I/NpuProbe(11846): [ggml] .
10-07 17:25:41.473 I/NpuProbe(11846): [ggml] .
10-07 17:25:41.473 I/NpuProbe(11846): [ggml] .
10-07 17:25:41.474 I/NpuProbe(11846): [ggml] .
10-07 17:25:41.474 I/NpuProbe(11846): [ggml] .
10-07 17:25:41.474 I/NpuProbe(11846): [ggml] .
10-07 17:25:41.475 I/NpuProbe(11846): [ggml] .
10-07 17:25:41.475 I/NpuProbe(11846): [ggml] .
10-07 17:25:41.475 I/NpuProbe(11846): [ggml] .
10-07 17:25:41.476 I/NpuProbe(11846): [ggml] .
10-07 17:25:41.476 I/NpuProbe(11846): [ggml] 
10-07 17:25:45.794 I/NpuProbe(11846): load(destino)=5190ms
10-07 17:25:45.794 I/NpuProbe(11846): [ggml] ggml_opencl: OpenCL driver: OpenCL 3.0 QUALCOMM build: 0842.41 Compiler E031.50.19.27
10-07 17:25:45.794 I/NpuProbe(11846): [ggml] ggml_opencl: vector subgroup broadcast support: true
10-07 17:25:45.794 I/NpuProbe(11846): [ggml] ggml_opencl: subgroup shuffle support: true
10-07 17:25:45.794 I/NpuProbe(11846): [ggml] ggml_opencl: device FP16 support: true
10-07 17:25:45.794 I/NpuProbe(11846): [ggml] ggml_opencl: khr dot product support: true
10-07 17:25:45.794 I/NpuProbe(11846): [ggml] ggml_opencl: mem base addr align: 128
10-07 17:25:45.794 I/NpuProbe(11846): [ggml] ggml_opencl: global mem size: 7555 MB
10-07 17:25:45.794 I/NpuProbe(11846): [ggml] ggml_opencl: max mem alloc size: 2048 MB
10-07 17:25:45.794 I/NpuProbe(11846): [ggml] ggml_opencl: device max image buffer size (pixels): 2147483648
10-07 17:25:45.794 I/NpuProbe(11846): [ggml] ggml_opencl: device max image2d size: 16384 x 16384
10-07 17:25:45.794 I/NpuProbe(11846): [ggml] ggml_opencl: device max workgroup size: 1024
10-07 17:25:45.794 I/NpuProbe(11846): [ggml] ggml_opencl: SVM coarse grain buffer support: true
10-07 17:25:45.794 I/NpuProbe(11846): [ggml] ggml_opencl: SVM fine grain buffer support: true
10-07 17:25:45.795 I/NpuProbe(11846): [ggml] ggml_opencl: SVM fine grain system support: false
10-07 17:25:45.795 I/NpuProbe(11846): [ggml] ggml_opencl: SVM atomics support: true
10-07 17:25:45.795 I/NpuProbe(11846): [ggml] ggml_opencl: cl_qcom_subgroup_shuffle support: true
10-07 17:25:45.795 I/NpuProbe(11846): [ggml] ggml_opencl: flattening quantized weights representation as struct of arrays (GGML_OPENCL_SOA_Q)
10-07 17:25:45.795 I/NpuProbe(11846): [ggml] ggml_opencl: using kernels optimized for Adreno (GGML_OPENCL_USE_ADRENO_KERNELS)
10-07 17:25:46.083 I/NpuProbe(11846): load(origem)=238ms
10-07 17:25:46.106 I/NpuProbe(11846): ctxs prontos (cold_total=5505ms)
10-07 17:25:47.453 I/NpuProbe(11846): [ggml] ggml_opencl: lazy-compiling flash_attn prepass for DK=128 DV=128
10-07 17:25:47.453 I/NpuProbe(11846): [ggml] ggml_opencl: compiling fa prepass f16
10-07 17:25:47.518 I/NpuProbe(11846): [ggml] ggml_opencl: compiling fa f32_f16
10-07 17:25:48.261 I/NpuProbe(11846): [ggml] ggml_opencl: flash_attn_f32_f16_q1_vec_mq_split_c8 DK=128 DV=128 per-kernel max 128 < required 256; skipping registration (will fall back)
10-07 17:25:48.261 I/NpuProbe(11846): [ggml] ggml_opencl: compiling fa f32_f16 MQ_GQA=8
10-07 17:25:48.630 I/NpuProbe(11846): [ggml] ggml_opencl: flash_attn_f32_f16_q1_vec_mq_split_c8 (g8) DK=128 DV=128 per-kernel max 128 < required 192; skipping registration (will fall back)
10-07 17:25:48.630 I/NpuProbe(11846): [ggml] ggml_opencl: compiling fa f32_f16 c8 NSG2
10-07 17:25:48.881 I/NpuProbe(11846): [ggml] ggml_opencl: compiling fa f32_f16 c8 g8 NSG2
10-07 17:25:49.244 I/NpuProbe(11846): [ggml] ggml_opencl: compiling fa f32_f16 split
10-07 17:25:51.208 I/NpuProbe(11846): A1: ok=1 cap=0 eog_tok1=0 tok1=33 amostrados(s/d)=9/8 emitidos=8 consumidos=8 decodes_s_pos_ponte=8
10-07 17:25:51.208 I/NpuProbe(11846): A1 tempos: prefill=1318.59ms export=0.11ms(2032789B) import=10.54ms gen=3743.16ms
10-07 17:25:51.208 I/NpuProbe(11846): A1 espelho: passos=8 iguais=8 div_pos=-1 div_marg(d/s)=-1.000/-1.000
10-07 17:25:51.208 I/NpuProbe(11846): A1 fronteiras(ms desde request): prefill_done=6823.9 tok1_ready=6840.1 import_done=6850.7 tok2_ready=9250.0 fim=10593.8 (INTERNAS; sem streaming de UI no probe)
10-07 17:25:51.208 I/NpuProbe(11846): A1 prompt_hash=a5de647b1ff84e74
10-07 17:25:51.208 I/NpuProbe(11846): A1 texto: Bom dia, como você está?
10-07 17:25:51.219 I/NpuProbe(11846): reset: pos cmp (origem=-1 destino=-1) -> VAZIO ok
10-07 17:25:53.902 I/NpuProbe(11846): A2: ok=1 texto igual ao A1: SIM
10-07 17:25:53.902 I/NpuProbe(11846): RESULTADO: SMART-ACEITO (htp->opencl; A-B-A integral; espelho 8/8)
10-07 17:25:54.095 I/NpuProbe(11846): SMART REPORT:
10-07 17:25:54.095 I/NpuProbe(11846): SMART (opencl)
10-07 17:25:54.095 I/NpuProbe(11846): 
10-07 17:25:54.095 I/NpuProbe(11846): SMARTv2 rota='opencl' mutante=(none)
10-07 17:25:54.095 I/NpuProbe(11846): MODO VALIDACAO (espelho teacher-forcing)
10-07 17:25:54.095 I/NpuProbe(11846): MODO PONTE: origem=htp | destino=opencl (GPUOpenCL)
10-07 17:25:54.095 I/NpuProbe(11846): load(destino)=5190ms
10-07 17:25:54.095 I/NpuProbe(11846): load(origem)=238ms
10-07 17:25:54.095 I/NpuProbe(11846): ctxs prontos (cold_total=5505ms)
10-07 17:25:54.095 I/NpuProbe(11846): A1: ok=1 cap=0 eog_tok1=0 tok1=33 amostrados(s/d)=9/8 emitidos=8 consumidos=8 decodes_s_pos_ponte=8
10-07 17:25:54.095 I/NpuProbe(11846): A1 tempos: prefill=1318.59ms export=0.11ms(2032789B) import=10.54ms gen=3743.16ms
10-07 17:25:54.095 I/NpuProbe(11846): A1 espelho: passos=8 iguais=8 div_pos=-1 div_marg(d/s)=-1.000/-1.000
10-07 17:25:54.095 I/NpuProbe(11846): A1 fronteiras(ms desde request): prefill_done=6823.9 tok1_ready=6840.1 import_done=6850.7 tok2_ready=9250.0 fim=10593.8 (INTERNAS; sem streaming de UI no probe)
10-07 17:25:54.095 I/NpuProbe(11846): A1 prompt_hash=a5de647b1ff84e74
10-07 17:25:54.095 I/NpuProbe(11846): A1 texto: Bom dia, como você está?
10-07 17:25:54.095 I/NpuProbe(11846): reset: pos cmp (origem=-1 destino=-1) -> VAZIO ok
10-07 17:25:54.095 I/NpuProbe(11846): A2: ok=1 texto igual ao A1: SIM
10-07 17:25:54.095 I/NpuProbe(11846): RESULTADO: SMART-ACEITO (htp->opencl; A-B-A integral; espelho 8/8)
10-07 17:26:35.101 I/NpuProbe(12148): nativeLibraryDir=/data/app/~~-AAa5lDaii0dMGTPgPeENA==/br.gov.sp.pcsp.npuprobe-rKDzfVqWrdi-4lPwWdPEAA==/lib/arm64
10-07 17:26:35.101 I/NpuProbe(12148): libdir=/data/app/~~-AAa5lDaii0dMGTPgPeENA==/br.gov.sp.pcsp.npuprobe-rKDzfVqWrdi-4lPwWdPEAA==/lib/arm64
10-07 17:26:35.101 I/NpuProbe(12148): build=llama.cpp-upstream-pkg (v11-libs) + probe R4
10-07 17:26:35.101 I/NpuProbe(12148): controle-sistema (liblog.so)=OK
10-07 17:26:35.101 I/NpuProbe(12148): negativo-fake (libnaoexiste_xyz.so)=FALHOU err=dlopen failed: library "libnaoexiste_xyz.so" not found
10-07 17:26:35.105 I/NpuProbe(12148): cdsprpc-nome (libcdsprpc.so)=OK
10-07 17:26:35.106 I/NpuProbe(12148): cdsprpc-abs (/vendor/lib64/libcdsprpc.so)=OK
10-07 17:26:35.106 I/NpuProbe(12148): ADSP_LIBRARY_PATH=libdir (setenv)
10-07 17:26:35.121 I/NpuProbe(12148): [ggml] ggml_vulkan: Found 1 Vulkan devices:
10-07 17:26:35.122 I/NpuProbe(12148): [ggml] ggml_vulkan: 0 = Adreno (TM) 840 (Qualcomm Technologies Inc. Adreno Vulkan Driver) | uma: 1 | fp16: 1 | bf16: 0 | fp4: 0 | warp size: 64 | shared memory: 32768 | int dot: 0 | matrix cores: none
10-07 17:26:35.139 I/NpuProbe(12148): [ggml] ggml_opencl: selected platform: 'QUALCOMM Snapdragon(TM)'
10-07 17:26:35.140 I/NpuProbe(12148): [ggml] 
10-07 17:26:35.140 I/NpuProbe(12148): ggml_opencl: device: 'QUALCOMM Adreno(TM) 840 (OpenCL 3.0 Adreno(TM) 840)'
10-07 17:26:35.140 I/NpuProbe(12148): [ggml] ggml_opencl: default device: 'QUALCOMM Adreno(TM) 840 (OpenCL 3.0 Adreno(TM) 840)'
10-07 17:26:35.140 I/NpuProbe(12148): [ggml] ggml-hex: Loading driver libcdsprpc.so
10-07 17:26:35.144 I/NpuProbe(12148): [ggml] ggml-hex: Hexagon backend (experimental) : allocating new registry : ndev 1
10-07 17:26:35.144 I/NpuProbe(12148): [ggml] ggml-hex: Hexagon Arch version v81
10-07 17:26:35.144 I/NpuProbe(12148): [ggml] ggml-hex: HTP0 allocating new session
10-07 17:26:35.187 I/NpuProbe(12148): [ggml] ggml-hex: HTP0 hwinfo: threads 8, hvx 8, hmx 1, vtcm 8 MB
10-07 17:26:35.187 I/NpuProbe(12148): [ggml] ggml-hex: HTP0 new session : session-id 0 domain-id 3 uri file:///libggml-htp-v81.so?htp_iface_skel_handle_invoke&_modver=1.0&_dom=cdsp&_session=0 handle 0xb4000077c5fa6940
10-07 17:26:35.194 I/NpuProbe(12148): [ggml] ggml-hex: HTP0 op batching: n-bufs 16 n-tensors 7168 n-ops 1024 vmem 3355443200
10-07 17:26:35.203 I/NpuProbe(12148): load_all_from_path=97ms
10-07 17:26:35.203 I/NpuProbe(12148): [ggml] load_backend: failed to find ggml_backend_init in /data/app/~~-AAa5lDaii0dMGTPgPeENA==/br.gov.sp.pcsp.npuprobe-rKDzfVqWrdi-4lPwWdPEAA==/lib/arm64/libggml-hexagon.so
10-07 17:26:35.203 I/NpuProbe(12148): load(hexagon direto)=FALHOU em 0ms
10-07 17:26:35.203 I/NpuProbe(12148): devices=4
10-07 17:26:35.203 I/NpuProbe(12148):   dev[0] Vulkan0 (Adreno (TM) 840)
10-07 17:26:35.203 I/NpuProbe(12148):   dev[1] GPUOpenCL (QUALCOMM Adreno(TM) 840)
10-07 17:26:35.203 I/NpuProbe(12148):   dev[2] HTP0 (Hexagon)
10-07 17:26:35.203 I/NpuProbe(12148):   dev[3] CPU (CPU)
10-07 17:26:35.203 I/NpuProbe(12148): dev_init(HTP0)=0ms -> SESSAO ABERTA
10-07 17:26:35.205 I/NpuProbe(12148): graph_compute(MUL_MAT 64x64)=0.8ms status=0
10-07 17:26:35.205 I/NpuProbe(12148): c[0]=128.000000 (esperado 128.0)
10-07 17:26:35.205 I/NpuProbe(12148): RESULTADO: APP-UID OK: sessao HTP + op executado com resultado correto
10-07 17:26:35.206 I/NpuProbe(12148): REPORT:
10-07 17:26:35.206 I/NpuProbe(12148): libdir=/data/app/~~-AAa5lDaii0dMGTPgPeENA==/br.gov.sp.pcsp.npuprobe-rKDzfVqWrdi-4lPwWdPEAA==/lib/arm64
10-07 17:26:35.206 I/NpuProbe(12148): build=llama.cpp-upstream-pkg (v11-libs) + probe R4
10-07 17:26:35.206 I/NpuProbe(12148): controle-sistema (liblog.so)=OK
10-07 17:26:35.206 I/NpuProbe(12148): negativo-fake (libnaoexiste_xyz.so)=FALHOU err=dlopen failed: library "libnaoexiste_xyz.so" not found
10-07 17:26:35.206 I/NpuProbe(12148): cdsprpc-nome (libcdsprpc.so)=OK
10-07 17:26:35.206 I/NpuProbe(12148): cdsprpc-abs (/vendor/lib64/libcdsprpc.so)=OK
10-07 17:26:35.206 I/NpuProbe(12148): ADSP_LIBRARY_PATH=libdir (setenv)
10-07 17:26:35.206 I/NpuProbe(12148): load_all_from_path=97ms
10-07 17:26:35.206 I/NpuProbe(12148): load(hexagon direto)=FALHOU em 0ms
10-07 17:26:35.206 I/NpuProbe(12148): devices=4
10-07 17:26:35.206 I/NpuProbe(12148):   dev[0] Vulkan0 (Adreno (TM) 840)
10-07 17:26:35.206 I/NpuProbe(12148):   dev[1] GPUOpenCL (QUALCOMM Adreno(TM) 840)
10-07 17:26:35.206 I/NpuProbe(12148):   dev[2] HTP0 (Hexagon)
10-07 17:26:35.206 I/NpuProbe(12148):   dev[3] CPU (CPU)
10-07 17:26:35.206 I/NpuProbe(12148): dev_init(HTP0)=0ms -> SESSAO ABERTA
10-07 17:26:35.206 I/NpuProbe(12148): graph_compute(MUL_MAT 64x64)=0.8ms status=0
10-07 17:26:35.206 I/NpuProbe(12148): c[0]=128.000000 (esperado 128.0)
10-07 17:26:35.206 I/NpuProbe(12148): RESULTADO: APP-UID OK: sessao HTP + op executado com resultado correto
10-07 17:26:35.206 I/NpuProbe(12148): AUTO-GATILHO='smart:opencl@bench'
10-07 17:26:35.207 I/NpuProbe(12148): SMART iniciando rota=opencl@bench com /data/local/tmp/hymt2_app.gguf
10-07 17:26:35.208 I/NpuProbe(12148): SMARTv2 rota='opencl@bench' mutante=(none)
10-07 17:26:35.212 I/NpuProbe(12148): MODO BENCHMARK (@bench; sem espelho; decode so no destino)
10-07 17:26:35.212 I/NpuProbe(12148): MODO PONTE: origem=htp | destino=opencl (GPUOpenCL)
10-07 17:26:39.258 I/NpuProbe(12148): load(destino)=4044ms
10-07 17:26:39.258 I/NpuProbe(12148): [ggml] ggml_opencl: OpenCL driver: OpenCL 3.0 QUALCOMM build: 0842.41 Compiler E031.50.19.27
10-07 17:26:39.258 I/NpuProbe(12148): [ggml] ggml_opencl: vector subgroup broadcast support: true
10-07 17:26:39.258 I/NpuProbe(12148): [ggml] ggml_opencl: subgroup shuffle support: true
10-07 17:26:39.258 I/NpuProbe(12148): [ggml] ggml_opencl: device FP16 support: true
10-07 17:26:39.258 I/NpuProbe(12148): [ggml] ggml_opencl: khr dot product support: true
10-07 17:26:39.258 I/NpuProbe(12148): [ggml] ggml_opencl: mem base addr align: 128
10-07 17:26:39.258 I/NpuProbe(12148): [ggml] ggml_opencl: global mem size: 7555 MB
10-07 17:26:39.258 I/NpuProbe(12148): [ggml] ggml_opencl: max mem alloc size: 2048 MB
10-07 17:26:39.258 I/NpuProbe(12148): [ggml] ggml_opencl: device max image buffer size (pixels): 2147483648
10-07 17:26:39.258 I/NpuProbe(12148): [ggml] ggml_opencl: device max image2d size: 16384 x 16384
10-07 17:26:39.258 I/NpuProbe(12148): [ggml] ggml_opencl: device max workgroup size: 1024
10-07 17:26:39.258 I/NpuProbe(12148): [ggml] ggml_opencl: SVM coarse grain buffer support: true
10-07 17:26:39.258 I/NpuProbe(12148): [ggml] ggml_opencl: SVM fine grain buffer support: true
10-07 17:26:39.258 I/NpuProbe(12148): [ggml] ggml_opencl: SVM fine grain system support: false
10-07 17:26:39.258 I/NpuProbe(12148): [ggml] ggml_opencl: SVM atomics support: true
10-07 17:26:39.258 I/NpuProbe(12148): [ggml] ggml_opencl: cl_qcom_subgroup_shuffle support: true
10-07 17:26:39.258 I/NpuProbe(12148): [ggml] ggml_opencl: flattening quantized weights representation as struct of arrays (GGML_OPENCL_SOA_Q)
10-07 17:26:39.258 I/NpuProbe(12148): [ggml] ggml_opencl: using kernels optimized for Adreno (GGML_OPENCL_USE_ADRENO_KERNELS)
10-07 17:26:39.582 I/NpuProbe(12148): load(origem)=256ms
10-07 17:26:39.604 I/NpuProbe(12148): ctxs prontos (cold_total=4397ms)
10-07 17:26:41.213 I/NpuProbe(12148): [ggml] ggml_opencl: lazy-compiling flash_attn prepass for DK=128 DV=128
10-07 17:26:41.213 I/NpuProbe(12148): [ggml] ggml_opencl: compiling fa prepass f16
10-07 17:26:41.290 I/NpuProbe(12148): [ggml] ggml_opencl: compiling fa f32_f16
10-07 17:26:42.031 I/NpuProbe(12148): [ggml] ggml_opencl: flash_attn_f32_f16_q1_vec_mq_split_c8 DK=128 DV=128 per-kernel max 128 < required 256; skipping registration (will fall back)
10-07 17:26:42.031 I/NpuProbe(12148): [ggml] ggml_opencl: compiling fa f32_f16 MQ_GQA=8
10-07 17:26:42.399 I/NpuProbe(12148): [ggml] ggml_opencl: flash_attn_f32_f16_q1_vec_mq_split_c8 (g8) DK=128 DV=128 per-kernel max 128 < required 192; skipping registration (will fall back)
10-07 17:26:42.399 I/NpuProbe(12148): [ggml] ggml_opencl: compiling fa f32_f16 c8 NSG2
10-07 17:26:42.650 I/NpuProbe(12148): [ggml] ggml_opencl: compiling fa f32_f16 c8 g8 NSG2
10-07 17:26:43.014 I/NpuProbe(12148): [ggml] ggml_opencl: compiling fa f32_f16 split
10-07 17:26:43.992 I/NpuProbe(12148): A1: ok=1 cap=0 eog_tok1=0 tok1=33 amostrados(s/d)=1/8 emitidos=8 consumidos=8 decodes_s_pos_ponte=0
10-07 17:26:43.993 I/NpuProbe(12148): A1 tempos: prefill=1581.36ms export=0.12ms(2032789B) import=10.40ms gen=2731.05ms
10-07 17:26:43.993 I/NpuProbe(12148): A1 espelho: passos=0 iguais=0 div_pos=-1 div_marg(d/s)=-1.000/-1.000
10-07 17:26:43.993 I/NpuProbe(12148): A1 fronteiras(ms desde request): prefill_done=5978.4 tok1_ready=5994.5 import_done=6004.9 tok2_ready=8441.1 fim=8736.0 (INTERNAS; sem streaming de UI no probe)
10-07 17:26:43.993 I/NpuProbe(12148): A1 prompt_hash=a5de647b1ff84e74
10-07 17:26:43.993 I/NpuProbe(12148): A1 texto: Bom dia, como você está?
10-07 17:26:43.998 I/NpuProbe(12148): reset: pos cmp (origem=-1 destino=-1) -> VAZIO ok
10-07 17:26:45.866 I/NpuProbe(12148): A2: ok=1 texto igual ao A1: SIM
10-07 17:26:45.866 I/NpuProbe(12148): RESULTADO: BENCH-CONCLUIDO (htp->opencl; sem espelho; decode origem pos-ponte=0; A-B-A texto igual)
10-07 17:26:45.994 I/NpuProbe(12148): SMART REPORT:
10-07 17:26:45.994 I/NpuProbe(12148): SMART (opencl@bench)
10-07 17:26:45.994 I/NpuProbe(12148): 
10-07 17:26:45.994 I/NpuProbe(12148): SMARTv2 rota='opencl@bench' mutante=(none)
10-07 17:26:45.994 I/NpuProbe(12148): MODO BENCHMARK (@bench; sem espelho; decode so no destino)
10-07 17:26:45.994 I/NpuProbe(12148): MODO PONTE: origem=htp | destino=opencl (GPUOpenCL)
10-07 17:26:45.994 I/NpuProbe(12148): load(destino)=4044ms
10-07 17:26:45.994 I/NpuProbe(12148): load(origem)=256ms
10-07 17:26:45.994 I/NpuProbe(12148): ctxs prontos (cold_total=4397ms)
10-07 17:26:45.994 I/NpuProbe(12148): A1: ok=1 cap=0 eog_tok1=0 tok1=33 amostrados(s/d)=1/8 emitidos=8 consumidos=8 decodes_s_pos_ponte=0
10-07 17:26:45.994 I/NpuProbe(12148): A1 tempos: prefill=1581.36ms export=0.12ms(2032789B) import=10.40ms gen=2731.05ms
10-07 17:26:45.994 I/NpuProbe(12148): A1 espelho: passos=0 iguais=0 div_pos=-1 div_marg(d/s)=-1.000/-1.000
10-07 17:26:45.994 I/NpuProbe(12148): A1 fronteiras(ms desde request): prefill_done=5978.4 tok1_ready=5994.5 import_done=6004.9 tok2_ready=8441.1 fim=8736.0 (INTERNAS; sem streaming de UI no probe)
10-07 17:26:45.994 I/NpuProbe(12148): A1 prompt_hash=a5de647b1ff84e74
10-07 17:26:45.994 I/NpuProbe(12148): A1 texto: Bom dia, como você está?
10-07 17:26:45.994 I/NpuProbe(12148): reset: pos cmp (origem=-1 destino=-1) -> VAZIO ok
10-07 17:26:45.994 I/NpuProbe(12148): A2: ok=1 texto igual ao A1: SIM
10-07 17:26:45.994 I/NpuProbe(12148): RESULTADO: BENCH-CONCLUIDO (htp->opencl; sem espelho; decode origem pos-ponte=0; A-B-A texto igual)
[reconnect 17:25:52]
[reconnect 17:25:59]
--------- beginning of main
10-07 17:27:32.086 I/NpuProbe(19370): nativeLibraryDir=/data/app/~~-AAa5lDaii0dMGTPgPeENA==/br.gov.sp.pcsp.npuprobe-rKDzfVqWrdi-4lPwWdPEAA==/lib/arm64
10-07 17:27:32.086 I/NpuProbe(19370): libdir=/data/app/~~-AAa5lDaii0dMGTPgPeENA==/br.gov.sp.pcsp.npuprobe-rKDzfVqWrdi-4lPwWdPEAA==/lib/arm64
10-07 17:27:32.086 I/NpuProbe(19370): build=llama.cpp-upstream-pkg (v11-libs) + probe R4
10-07 17:27:32.087 I/NpuProbe(19370): controle-sistema (liblog.so)=OK
10-07 17:27:32.087 I/NpuProbe(19370): negativo-fake (libnaoexiste_xyz.so)=FALHOU err=dlopen failed: library "libnaoexiste_xyz.so" not found
10-07 17:27:32.087 I/NpuProbe(19370): cdsprpc-nome (libcdsprpc.so)=OK
10-07 17:27:32.089 I/NpuProbe(19370): cdsprpc-abs (/vendor/lib64/libcdsprpc.so)=OK
10-07 17:27:32.089 I/NpuProbe(19370): ADSP_LIBRARY_PATH=libdir (setenv)
10-07 17:27:32.090 I/NpuProbe(19370): [ggml] ggml_vulkan: Found 1 Vulkan devices:
10-07 17:27:32.090 I/NpuProbe(19370): [ggml] ggml_vulkan: 0 = Adreno (TM) 840 (Qualcomm Technologies Inc. Adreno Vulkan Driver) | uma: 1 | fp16: 1 | bf16: 0 | fp4: 0 | warp size: 64 | shared memory: 32768 | int dot: 0 | matrix cores: none
10-07 17:27:32.097 I/NpuProbe(19370): [ggml] ggml_opencl: selected platform: 'QUALCOMM Snapdragon(TM)'
10-07 17:27:32.098 I/NpuProbe(19370): [ggml] 
10-07 17:27:32.098 I/NpuProbe(19370): ggml_opencl: device: 'QUALCOMM Adreno(TM) 840 (OpenCL 3.0 Adreno(TM) 840)'
10-07 17:27:32.098 I/NpuProbe(19370): [ggml] ggml_opencl: default device: 'QUALCOMM Adreno(TM) 840 (OpenCL 3.0 Adreno(TM) 840)'
10-07 17:27:32.098 I/NpuProbe(19370): [ggml] ggml-hex: Loading driver libcdsprpc.so
10-07 17:27:32.100 I/NpuProbe(19370): [ggml] ggml-hex: Hexagon backend (experimental) : allocating new registry : ndev 1
10-07 17:27:32.100 I/NpuProbe(19370): [ggml] ggml-hex: Hexagon Arch version v81
10-07 17:27:32.100 I/NpuProbe(19370): [ggml] ggml-hex: HTP0 allocating new session
10-07 17:27:32.133 I/NpuProbe(19370): [ggml] ggml-hex: HTP0 hwinfo: threads 8, hvx 8, hmx 1, vtcm 8 MB
10-07 17:27:32.133 I/NpuProbe(19370): [ggml] ggml-hex: HTP0 new session : session-id 0 domain-id 3 uri file:///libggml-htp-v81.so?htp_iface_skel_handle_invoke&_modver=1.0&_dom=cdsp&_session=0 handle 0xb40000778085a1c0
10-07 17:27:32.136 I/NpuProbe(19370): [ggml] ggml-hex: HTP0 op batching: n-bufs 16 n-tensors 7168 n-ops 1024 vmem 3355443200
10-07 17:27:32.143 I/NpuProbe(19370): load_all_from_path=54ms
10-07 17:27:32.143 I/NpuProbe(19370): [ggml] load_backend: failed to find ggml_backend_init in /data/app/~~-AAa5lDaii0dMGTPgPeENA==/br.gov.sp.pcsp.npuprobe-rKDzfVqWrdi-4lPwWdPEAA==/lib/arm64/libggml-hexagon.so
10-07 17:27:32.143 I/NpuProbe(19370): load(hexagon direto)=FALHOU em 0ms
10-07 17:27:32.143 I/NpuProbe(19370): devices=4
10-07 17:27:32.143 I/NpuProbe(19370):   dev[0] Vulkan0 (Adreno (TM) 840)
10-07 17:27:32.143 I/NpuProbe(19370):   dev[1] GPUOpenCL (QUALCOMM Adreno(TM) 840)
10-07 17:27:32.143 I/NpuProbe(19370):   dev[2] HTP0 (Hexagon)
10-07 17:27:32.143 I/NpuProbe(19370):   dev[3] CPU (CPU)
10-07 17:27:32.143 I/NpuProbe(19370): dev_init(HTP0)=0ms -> SESSAO ABERTA
10-07 17:27:32.144 I/NpuProbe(19370): graph_compute(MUL_MAT 64x64)=0.6ms status=0
10-07 17:27:32.144 I/NpuProbe(19370): c[0]=128.000000 (esperado 128.0)
10-07 17:27:32.144 I/NpuProbe(19370): RESULTADO: APP-UID OK: sessao HTP + op executado com resultado correto
10-07 17:27:32.145 I/NpuProbe(19370): REPORT:
10-07 17:27:32.145 I/NpuProbe(19370): libdir=/data/app/~~-AAa5lDaii0dMGTPgPeENA==/br.gov.sp.pcsp.npuprobe-rKDzfVqWrdi-4lPwWdPEAA==/lib/arm64
10-07 17:27:32.145 I/NpuProbe(19370): build=llama.cpp-upstream-pkg (v11-libs) + probe R4
10-07 17:27:32.145 I/NpuProbe(19370): controle-sistema (liblog.so)=OK
10-07 17:27:32.145 I/NpuProbe(19370): negativo-fake (libnaoexiste_xyz.so)=FALHOU err=dlopen failed: library "libnaoexiste_xyz.so" not found
10-07 17:27:32.145 I/NpuProbe(19370): cdsprpc-nome (libcdsprpc.so)=OK
10-07 17:27:32.145 I/NpuProbe(19370): cdsprpc-abs (/vendor/lib64/libcdsprpc.so)=OK
10-07 17:27:32.145 I/NpuProbe(19370): ADSP_LIBRARY_PATH=libdir (setenv)
10-07 17:27:32.145 I/NpuProbe(19370): load_all_from_path=54ms
10-07 17:27:32.145 I/NpuProbe(19370): load(hexagon direto)=FALHOU em 0ms
10-07 17:27:32.145 I/NpuProbe(19370): devices=4
10-07 17:27:32.145 I/NpuProbe(19370):   dev[0] Vulkan0 (Adreno (TM) 840)
10-07 17:27:32.145 I/NpuProbe(19370):   dev[1] GPUOpenCL (QUALCOMM Adreno(TM) 840)
10-07 17:27:32.145 I/NpuProbe(19370):   dev[2] HTP0 (Hexagon)
10-07 17:27:32.145 I/NpuProbe(19370):   dev[3] CPU (CPU)
10-07 17:27:32.145 I/NpuProbe(19370): dev_init(HTP0)=0ms -> SESSAO ABERTA
10-07 17:27:32.145 I/NpuProbe(19370): graph_compute(MUL_MAT 64x64)=0.6ms status=0
10-07 17:27:32.145 I/NpuProbe(19370): c[0]=128.000000 (esperado 128.0)
10-07 17:27:32.145 I/NpuProbe(19370): RESULTADO: APP-UID OK: sessao HTP + op executado com resultado correto
10-07 17:27:32.145 I/NpuProbe(19370): AUTO-GATILHO='smart:opencl@bench'
10-07 17:27:32.145 I/NpuProbe(19370): SMART iniciando rota=opencl@bench com /data/local/tmp/hymt2_app.gguf
10-07 17:27:32.145 I/NpuProbe(19370): SMARTv2 rota='opencl@bench' mutante=smart_bench_origem_extra
10-07 17:27:32.147 I/NpuProbe(19370): MODO BENCHMARK (@bench; sem espelho; decode so no destino)
10-07 17:27:32.147 I/NpuProbe(19370): MODO PONTE: origem=htp | destino=opencl (GPUOpenCL)
[reconnect 17:26:41]
--------- beginning of main
10-07 17:27:36.229 I/NpuProbe(19370): load(destino)=4080ms
10-07 17:27:36.229 I/NpuProbe(19370): [ggml] ggml_opencl: OpenCL driver: OpenCL 3.0 QUALCOMM build: 0842.41 Compiler E031.50.19.27
10-07 17:27:36.229 I/NpuProbe(19370): [ggml] ggml_opencl: vector subgroup broadcast support: true
10-07 17:27:36.229 I/NpuProbe(19370): [ggml] ggml_opencl: subgroup shuffle support: true
10-07 17:27:36.229 I/NpuProbe(19370): [ggml] ggml_opencl: device FP16 support: true
10-07 17:27:36.229 I/NpuProbe(19370): [ggml] ggml_opencl: khr dot product support: true
10-07 17:27:36.229 I/NpuProbe(19370): [ggml] ggml_opencl: mem base addr align: 128
10-07 17:27:36.229 I/NpuProbe(19370): [ggml] ggml_opencl: global mem size: 7555 MB
10-07 17:27:36.229 I/NpuProbe(19370): [ggml] ggml_opencl: max mem alloc size: 2048 MB
10-07 17:27:36.229 I/NpuProbe(19370): [ggml] ggml_opencl: device max image buffer size (pixels): 2147483648
10-07 17:27:36.229 I/NpuProbe(19370): [ggml] ggml_opencl: device max image2d size: 16384 x 16384
10-07 17:27:36.229 I/NpuProbe(19370): [ggml] ggml_opencl: device max workgroup size: 1024
10-07 17:27:36.229 I/NpuProbe(19370): [ggml] ggml_opencl: SVM coarse grain buffer support: true
10-07 17:27:36.229 I/NpuProbe(19370): [ggml] ggml_opencl: SVM fine grain buffer support: true
10-07 17:27:36.229 I/NpuProbe(19370): [ggml] ggml_opencl: SVM fine grain system support: false
10-07 17:27:36.229 I/NpuProbe(19370): [ggml] ggml_opencl: SVM atomics support: true
10-07 17:27:36.229 I/NpuProbe(19370): [ggml] ggml_opencl: cl_qcom_subgroup_shuffle support: true
10-07 17:27:36.229 I/NpuProbe(19370): [ggml] ggml_opencl: flattening quantized weights representation as struct of arrays (GGML_OPENCL_SOA_Q)
10-07 17:27:36.229 I/NpuProbe(19370): [ggml] ggml_opencl: using kernels optimized for Adreno (GGML_OPENCL_USE_ADRENO_KERNELS)
10-07 17:27:36.461 I/NpuProbe(19370): load(origem)=198ms
10-07 17:27:36.481 I/NpuProbe(19370): ctxs prontos (cold_total=4336ms)
10-07 17:27:37.378 I/NpuProbe(19370): [ggml] ggml_opencl: lazy-compiling flash_attn prepass for DK=128 DV=128
10-07 17:27:37.378 I/NpuProbe(19370): [ggml] ggml_opencl: compiling fa prepass f16
10-07 17:27:37.400 I/NpuProbe(19370): [ggml] ggml_opencl: compiling fa f32_f16
10-07 17:27:37.913 I/NpuProbe(19370): [ggml] ggml_opencl: flash_attn_f32_f16_q1_vec_mq_split_c8 DK=128 DV=128 per-kernel max 128 < required 256; skipping registration (will fall back)
10-07 17:27:37.913 I/NpuProbe(19370): [ggml] ggml_opencl: compiling fa f32_f16 MQ_GQA=8
10-07 17:27:38.170 I/NpuProbe(19370): [ggml] ggml_opencl: flash_attn_f32_f16_q1_vec_mq_split_c8 (g8) DK=128 DV=128 per-kernel max 128 < required 192; skipping registration (will fall back)
10-07 17:27:38.170 I/NpuProbe(19370): [ggml] ggml_opencl: compiling fa f32_f16 c8 NSG2
10-07 17:27:38.345 I/NpuProbe(19370): [ggml] ggml_opencl: compiling fa f32_f16 c8 g8 NSG2
10-07 17:27:38.595 I/NpuProbe(19370): [ggml] ggml_opencl: compiling fa f32_f16 split
10-07 17:27:39.099 I/NpuProbe(19370): A1: ok=0 cap=0 eog_tok1=0 tok1=33 amostrados(s/d)=1/1 emitidos=1 consumidos=1 decodes_s_pos_ponte=1
10-07 17:27:39.099 I/NpuProbe(19370): A1 tempos: prefill=881.34ms export=0.10ms(2032789B) import=3.65ms gen=0.00ms
10-07 17:27:39.099 I/NpuProbe(19370): A1 espelho: passos=0 iguais=0 div_pos=-1 div_marg(d/s)=-1.000/-1.000
10-07 17:27:39.099 I/NpuProbe(19370): A1 fronteiras(ms desde request): prefill_done=5217.5 tok1_ready=5228.5 import_done=5232.1 tok2_ready=6863.8 fim=6944.8 (INTERNAS; sem streaming de UI no probe)
10-07 17:27:39.099 I/NpuProbe(19370): A1 prompt_hash=a5de647b1ff84e74
10-07 17:27:39.099 I/NpuProbe(19370): A1 texto: B
10-07 17:27:39.099 I/NpuProbe(19370): RESULTADO: SMART-FALHA (A1: bench_origem_decodificou)
10-07 17:27:39.231 I/NpuProbe(19370): SMART REPORT:
10-07 17:27:39.231 I/NpuProbe(19370): SMART (opencl@bench)
10-07 17:27:39.231 I/NpuProbe(19370): 
10-07 17:27:39.231 I/NpuProbe(19370): SMARTv2 rota='opencl@bench' mutante=smart_bench_origem_extra
10-07 17:27:39.231 I/NpuProbe(19370): MODO BENCHMARK (@bench; sem espelho; decode so no destino)
10-07 17:27:39.231 I/NpuProbe(19370): MODO PONTE: origem=htp | destino=opencl (GPUOpenCL)
10-07 17:27:39.231 I/NpuProbe(19370): load(destino)=4080ms
10-07 17:27:39.231 I/NpuProbe(19370): load(origem)=198ms
10-07 17:27:39.231 I/NpuProbe(19370): ctxs prontos (cold_total=4336ms)
10-07 17:27:39.231 I/NpuProbe(19370): A1: ok=0 cap=0 eog_tok1=0 tok1=33 amostrados(s/d)=1/1 emitidos=1 consumidos=1 decodes_s_pos_ponte=1
10-07 17:27:39.231 I/NpuProbe(19370): A1 tempos: prefill=881.34ms export=0.10ms(2032789B) import=3.65ms gen=0.00ms
10-07 17:27:39.231 I/NpuProbe(19370): A1 espelho: passos=0 iguais=0 div_pos=-1 div_marg(d/s)=-1.000/-1.000
10-07 17:27:39.231 I/NpuProbe(19370): A1 fronteiras(ms desde request): prefill_done=5217.5 tok1_ready=5228.5 import_done=5232.1 tok2_ready=6863.8 fim=6944.8 (INTERNAS; sem streaming de UI no probe)
10-07 17:27:39.231 I/NpuProbe(19370): A1 prompt_hash=a5de647b1ff84e74
10-07 17:27:39.231 I/NpuProbe(19370): A1 texto: B
10-07 17:27:39.231 I/NpuProbe(19370): RESULTADO: SMART-FALHA (A1: bench_origem_decodificou)
[reconnect 17:26:47]
--------- beginning of main
10-07 17:27:37.913 I/NpuProbe(19370): [ggml] ggml_opencl: flash_attn_f32_f16_q1_vec_mq_split_c8 DK=128 DV=128 per-kernel max 128 < required 256; skipping registration (will fall back)
10-07 17:27:37.913 I/NpuProbe(19370): [ggml] ggml_opencl: compiling fa f32_f16 MQ_GQA=8
10-07 17:27:38.170 I/NpuProbe(19370): [ggml] ggml_opencl: flash_attn_f32_f16_q1_vec_mq_split_c8 (g8) DK=128 DV=128 per-kernel max 128 < required 192; skipping registration (will fall back)
10-07 17:27:38.170 I/NpuProbe(19370): [ggml] ggml_opencl: compiling fa f32_f16 c8 NSG2
10-07 17:27:38.345 I/NpuProbe(19370): [ggml] ggml_opencl: compiling fa f32_f16 c8 g8 NSG2
10-07 17:27:38.595 I/NpuProbe(19370): [ggml] ggml_opencl: compiling fa f32_f16 split
10-07 17:27:39.099 I/NpuProbe(19370): A1: ok=0 cap=0 eog_tok1=0 tok1=33 amostrados(s/d)=1/1 emitidos=1 consumidos=1 decodes_s_pos_ponte=1
10-07 17:27:39.099 I/NpuProbe(19370): A1 tempos: prefill=881.34ms export=0.10ms(2032789B) import=3.65ms gen=0.00ms
10-07 17:27:39.099 I/NpuProbe(19370): A1 espelho: passos=0 iguais=0 div_pos=-1 div_marg(d/s)=-1.000/-1.000
10-07 17:27:39.099 I/NpuProbe(19370): A1 fronteiras(ms desde request): prefill_done=5217.5 tok1_ready=5228.5 import_done=5232.1 tok2_ready=6863.8 fim=6944.8 (INTERNAS; sem streaming de UI no probe)
10-07 17:27:39.099 I/NpuProbe(19370): A1 prompt_hash=a5de647b1ff84e74
10-07 17:27:39.099 I/NpuProbe(19370): A1 texto: B
10-07 17:27:39.099 I/NpuProbe(19370): RESULTADO: SMART-FALHA (A1: bench_origem_decodificou)
10-07 17:27:39.231 I/NpuProbe(19370): SMART REPORT:
10-07 17:27:39.231 I/NpuProbe(19370): SMART (opencl@bench)
10-07 17:27:39.231 I/NpuProbe(19370): 
10-07 17:27:39.231 I/NpuProbe(19370): SMARTv2 rota='opencl@bench' mutante=smart_bench_origem_extra
10-07 17:27:39.231 I/NpuProbe(19370): MODO BENCHMARK (@bench; sem espelho; decode so no destino)
10-07 17:27:39.231 I/NpuProbe(19370): MODO PONTE: origem=htp | destino=opencl (GPUOpenCL)
10-07 17:27:39.231 I/NpuProbe(19370): load(destino)=4080ms
10-07 17:27:39.231 I/NpuProbe(19370): load(origem)=198ms
10-07 17:27:39.231 I/NpuProbe(19370): ctxs prontos (cold_total=4336ms)
10-07 17:27:39.231 I/NpuProbe(19370): A1: ok=0 cap=0 eog_tok1=0 tok1=33 amostrados(s/d)=1/1 emitidos=1 consumidos=1 decodes_s_pos_ponte=1
10-07 17:27:39.231 I/NpuProbe(19370): A1 tempos: prefill=881.34ms export=0.10ms(2032789B) import=3.65ms gen=0.00ms
10-07 17:27:39.231 I/NpuProbe(19370): A1 espelho: passos=0 iguais=0 div_pos=-1 div_marg(d/s)=-1.000/-1.000
10-07 17:27:39.231 I/NpuProbe(19370): A1 fronteiras(ms desde request): prefill_done=5217.5 tok1_ready=5228.5 import_done=5232.1 tok2_ready=6863.8 fim=6944.8 (INTERNAS; sem streaming de UI no probe)
10-07 17:27:39.231 I/NpuProbe(19370): A1 prompt_hash=a5de647b1ff84e74
10-07 17:27:39.231 I/NpuProbe(19370): A1 texto: B
10-07 17:27:39.231 I/NpuProbe(19370): RESULTADO: SMART-FALHA (A1: bench_origem_decodificou)
10-07 17:28:24.328 I/NpuProbe(28598): nativeLibraryDir=/data/app/~~-AAa5lDaii0dMGTPgPeENA==/br.gov.sp.pcsp.npuprobe-rKDzfVqWrdi-4lPwWdPEAA==/lib/arm64
10-07 17:28:24.328 I/NpuProbe(28598): libdir=/data/app/~~-AAa5lDaii0dMGTPgPeENA==/br.gov.sp.pcsp.npuprobe-rKDzfVqWrdi-4lPwWdPEAA==/lib/arm64
10-07 17:28:24.328 I/NpuProbe(28598): build=llama.cpp-upstream-pkg (v11-libs) + probe R4
10-07 17:28:24.328 I/NpuProbe(28598): controle-sistema (liblog.so)=OK
10-07 17:28:24.328 I/NpuProbe(28598): negativo-fake (libnaoexiste_xyz.so)=FALHOU err=dlopen failed: library "libnaoexiste_xyz.so" not found
10-07 17:28:24.329 I/NpuProbe(28598): cdsprpc-nome (libcdsprpc.so)=OK
10-07 17:28:24.330 I/NpuProbe(28598): cdsprpc-abs (/vendor/lib64/libcdsprpc.so)=OK
10-07 17:28:24.330 I/NpuProbe(28598): ADSP_LIBRARY_PATH=libdir (setenv)
10-07 17:28:24.338 I/NpuProbe(28598): [ggml] ggml_vulkan: Found 1 Vulkan devices:
10-07 17:28:24.338 I/NpuProbe(28598): [ggml] ggml_vulkan: 0 = Adreno (TM) 840 (Qualcomm Technologies Inc. Adreno Vulkan Driver) | uma: 1 | fp16: 1 | bf16: 0 | fp4: 0 | warp size: 64 | shared memory: 32768 | int dot: 0 | matrix cores: none
10-07 17:28:24.346 I/NpuProbe(28598): [ggml] ggml_opencl: selected platform: 'QUALCOMM Snapdragon(TM)'
10-07 17:28:24.346 I/NpuProbe(28598): [ggml] 
10-07 17:28:24.346 I/NpuProbe(28598): ggml_opencl: device: 'QUALCOMM Adreno(TM) 840 (OpenCL 3.0 Adreno(TM) 840)'
10-07 17:28:24.347 I/NpuProbe(28598): [ggml] ggml_opencl: default device: 'QUALCOMM Adreno(TM) 840 (OpenCL 3.0 Adreno(TM) 840)'
10-07 17:28:24.347 I/NpuProbe(28598): [ggml] ggml-hex: Loading driver libcdsprpc.so
10-07 17:28:24.348 I/NpuProbe(28598): [ggml] ggml-hex: Hexagon backend (experimental) : allocating new registry : ndev 1
10-07 17:28:24.348 I/NpuProbe(28598): [ggml] ggml-hex: Hexagon Arch version v81
10-07 17:28:24.348 I/NpuProbe(28598): [ggml] ggml-hex: HTP0 allocating new session
10-07 17:28:24.390 I/NpuProbe(28598): [ggml] ggml-hex: HTP0 hwinfo: threads 8, hvx 8, hmx 1, vtcm 8 MB
10-07 17:28:24.391 I/NpuProbe(28598): [ggml] ggml-hex: HTP0 new session : session-id 0 domain-id 3 uri file:///libggml-htp-v81.so?htp_iface_skel_handle_invoke&_modver=1.0&_dom=cdsp&_session=0 handle 0xb40000778030d200
10-07 17:28:24.397 I/NpuProbe(28598): [ggml] ggml-hex: HTP0 op batching: n-bufs 16 n-tensors 7168 n-ops 1024 vmem 3355443200
10-07 17:28:24.403 I/NpuProbe(28598): load_all_from_path=73ms
10-07 17:28:24.403 I/NpuProbe(28598): [ggml] load_backend: failed to find ggml_backend_init in /data/app/~~-AAa5lDaii0dMGTPgPeENA==/br.gov.sp.pcsp.npuprobe-rKDzfVqWrdi-4lPwWdPEAA==/lib/arm64/libggml-hexagon.so
10-07 17:28:24.403 I/NpuProbe(28598): load(hexagon direto)=FALHOU em 0ms
10-07 17:28:24.403 I/NpuProbe(28598): devices=4
10-07 17:28:24.403 I/NpuProbe(28598):   dev[0] Vulkan0 (Adreno (TM) 840)
10-07 17:28:24.403 I/NpuProbe(28598):   dev[1] GPUOpenCL (QUALCOMM Adreno(TM) 840)
10-07 17:28:24.403 I/NpuProbe(28598):   dev[2] HTP0 (Hexagon)
10-07 17:28:24.403 I/NpuProbe(28598):   dev[3] CPU (CPU)
10-07 17:28:24.403 I/NpuProbe(28598): dev_init(HTP0)=0ms -> SESSAO ABERTA
10-07 17:28:24.405 I/NpuProbe(28598): graph_compute(MUL_MAT 64x64)=0.7ms status=0
10-07 17:28:24.405 I/NpuProbe(28598): c[0]=128.000000 (esperado 128.0)
10-07 17:28:24.405 I/NpuProbe(28598): RESULTADO: APP-UID OK: sessao HTP + op executado com resultado correto
10-07 17:28:24.406 I/NpuProbe(28598): REPORT:
10-07 17:28:24.406 I/NpuProbe(28598): libdir=/data/app/~~-AAa5lDaii0dMGTPgPeENA==/br.gov.sp.pcsp.npuprobe-rKDzfVqWrdi-4lPwWdPEAA==/lib/arm64
10-07 17:28:24.406 I/NpuProbe(28598): build=llama.cpp-upstream-pkg (v11-libs) + probe R4
10-07 17:28:24.406 I/NpuProbe(28598): controle-sistema (liblog.so)=OK
10-07 17:28:24.406 I/NpuProbe(28598): negativo-fake (libnaoexiste_xyz.so)=FALHOU err=dlopen failed: library "libnaoexiste_xyz.so" not found
10-07 17:28:24.406 I/NpuProbe(28598): cdsprpc-nome (libcdsprpc.so)=OK
10-07 17:28:24.406 I/NpuProbe(28598): cdsprpc-abs (/vendor/lib64/libcdsprpc.so)=OK
10-07 17:28:24.406 I/NpuProbe(28598): ADSP_LIBRARY_PATH=libdir (setenv)
10-07 17:28:24.406 I/NpuProbe(28598): load_all_from_path=73ms
10-07 17:28:24.406 I/NpuProbe(28598): load(hexagon direto)=FALHOU em 0ms
10-07 17:28:24.406 I/NpuProbe(28598): devices=4
10-07 17:28:24.406 I/NpuProbe(28598):   dev[0] Vulkan0 (Adreno (TM) 840)
10-07 17:28:24.406 I/NpuProbe(28598):   dev[1] GPUOpenCL (QUALCOMM Adreno(TM) 840)
10-07 17:28:24.406 I/NpuProbe(28598):   dev[2] HTP0 (Hexagon)
10-07 17:28:24.406 I/NpuProbe(28598):   dev[3] CPU (CPU)
10-07 17:28:24.406 I/NpuProbe(28598): dev_init(HTP0)=0ms -> SESSAO ABERTA
10-07 17:28:24.406 I/NpuProbe(28598): graph_compute(MUL_MAT 64x64)=0.7ms status=0
10-07 17:28:24.406 I/NpuProbe(28598): c[0]=128.000000 (esperado 128.0)
10-07 17:28:24.406 I/NpuProbe(28598): RESULTADO: APP-UID OK: sessao HTP + op executado com resultado correto
10-07 17:28:24.406 I/NpuProbe(28598): AUTO-GATILHO='smart:opencl'
10-07 17:28:24.407 I/NpuProbe(28598): SMART iniciando rota=opencl com /data/local/tmp/hymt2_app.gguf
10-07 17:28:24.407 I/NpuProbe(28598): SMARTv2 rota='opencl' mutante=smart_export_trunc_grande
10-07 17:28:24.412 I/NpuProbe(28598): MODO VALIDACAO (espelho teacher-forcing)
10-07 17:28:24.412 I/NpuProbe(28598): MODO PONTE: origem=htp | destino=opencl (GPUOpenCL)
10-07 17:28:28.726 I/NpuProbe(28598): load(destino)=4314ms
10-07 17:28:28.726 I/NpuProbe(28598): [ggml] ggml_opencl: OpenCL driver: OpenCL 3.0 QUALCOMM build: 0842.41 Compiler E031.50.19.27
10-07 17:28:28.726 I/NpuProbe(28598): [ggml] ggml_opencl: vector subgroup broadcast support: true
10-07 17:28:28.726 I/NpuProbe(28598): [ggml] ggml_opencl: subgroup shuffle support: true
10-07 17:28:28.726 I/NpuProbe(28598): [ggml] ggml_opencl: device FP16 support: true
10-07 17:28:28.726 I/NpuProbe(28598): [ggml] ggml_opencl: khr dot product support: true
10-07 17:28:28.726 I/NpuProbe(28598): [ggml] ggml_opencl: mem base addr align: 128
10-07 17:28:28.726 I/NpuProbe(28598): [ggml] ggml_opencl: global mem size: 7555 MB
10-07 17:28:28.726 I/NpuProbe(28598): [ggml] ggml_opencl: max mem alloc size: 2048 MB
10-07 17:28:28.726 I/NpuProbe(28598): [ggml] ggml_opencl: device max image buffer size (pixels): 2147483648
10-07 17:28:28.726 I/NpuProbe(28598): [ggml] ggml_opencl: device max image2d size: 16384 x 16384
10-07 17:28:28.726 I/NpuProbe(28598): [ggml] ggml_opencl: device max workgroup size: 1024
10-07 17:28:28.726 I/NpuProbe(28598): [ggml] ggml_opencl: SVM coarse grain buffer support: true
10-07 17:28:28.726 I/NpuProbe(28598): [ggml] ggml_opencl: SVM fine grain buffer support: true
10-07 17:28:28.726 I/NpuProbe(28598): [ggml] ggml_opencl: SVM fine grain system support: false
10-07 17:28:28.726 I/NpuProbe(28598): [ggml] ggml_opencl: SVM atomics support: true
10-07 17:28:28.726 I/NpuProbe(28598): [ggml] ggml_opencl: cl_qcom_subgroup_shuffle support: true
10-07 17:28:28.726 I/NpuProbe(28598): [ggml] ggml_opencl: flattening quantized weights representation as struct of arrays (GGML_OPENCL_SOA_Q)
10-07 17:28:28.726 I/NpuProbe(28598): [ggml] ggml_opencl: using kernels optimized for Adreno (GGML_OPENCL_USE_ADRENO_KERNELS)
10-07 17:28:29.069 I/NpuProbe(28598): load(origem)=280ms
10-07 17:28:29.093 I/NpuProbe(28598): ctxs prontos (cold_total=4685ms)
10-07 17:28:30.603 I/NpuProbe(28598): A1: ok=0 cap=0 eog_tok1=0 tok1=-1 amostrados(s/d)=0/0 emitidos=0 consumidos=0 decodes_s_pos_ponte=0
10-07 17:28:30.603 I/NpuProbe(28598): A1 tempos: prefill=1480.37ms export=0.12ms(0B) import=0.00ms gen=0.00ms
10-07 17:28:30.603 I/NpuProbe(28598): A1 espelho: passos=0 iguais=0 div_pos=-1 div_marg(d/s)=-1.000/-1.000
10-07 17:28:30.603 I/NpuProbe(28598): A1 fronteiras(ms desde request): prefill_done=6166.1 tok1_ready=-100016653.3 import_done=-100016653.3 tok2_ready=-100016653.3 fim=-100016653.3 (INTERNAS; sem streaming de UI no probe)
10-07 17:28:30.603 I/NpuProbe(28598): A1 prompt_hash=a5de647b1ff84e74
10-07 17:28:30.603 I/NpuProbe(28598): A1 texto: 
10-07 17:28:30.603 I/NpuProbe(28598): RESULTADO: SMART-FALHA (A1: export_invalido(tam!=contrato))
10-07 17:28:30.751 I/NpuProbe(28598): SMART REPORT:
10-07 17:28:30.751 I/NpuProbe(28598): SMART (opencl)
10-07 17:28:30.751 I/NpuProbe(28598): 
10-07 17:28:30.751 I/NpuProbe(28598): SMARTv2 rota='opencl' mutante=smart_export_trunc_grande
10-07 17:28:30.751 I/NpuProbe(28598): MODO VALIDACAO (espelho teacher-forcing)
10-07 17:28:30.751 I/NpuProbe(28598): MODO PONTE: origem=htp | destino=opencl (GPUOpenCL)
10-07 17:28:30.751 I/NpuProbe(28598): load(destino)=4314ms
10-07 17:28:30.751 I/NpuProbe(28598): load(origem)=280ms
10-07 17:28:30.751 I/NpuProbe(28598): ctxs prontos (cold_total=4685ms)
10-07 17:28:30.751 I/NpuProbe(28598): A1: ok=0 cap=0 eog_tok1=0 tok1=-1 amostrados(s/d)=0/0 emitidos=0 consumidos=0 decodes_s_pos_ponte=0
10-07 17:28:30.751 I/NpuProbe(28598): A1 tempos: prefill=1480.37ms export=0.12ms(0B) import=0.00ms gen=0.00ms
10-07 17:28:30.751 I/NpuProbe(28598): A1 espelho: passos=0 iguais=0 div_pos=-1 div_marg(d/s)=-1.000/-1.000
10-07 17:28:30.751 I/NpuProbe(28598): A1 fronteiras(ms desde request): prefill_done=6166.1 tok1_ready=-100016653.3 import_done=-100016653.3 tok2_ready=-100016653.3 fim=-100016653.3 (INTERNAS; sem streaming de UI no probe)
10-07 17:28:30.751 I/NpuProbe(28598): A1 prompt_hash=a5de647b1ff84e74
10-07 17:28:30.751 I/NpuProbe(28598): A1 texto: 
10-07 17:28:30.751 I/NpuProbe(28598): RESULTADO: SMART-FALHA (A1: export_invalido(tam!=contrato))
[reconnect 17:28:06]
[reconnect 17:28:23]
[rec 17:31:02]
--------- beginning of main
10-07 17:32:10.801 I/NpuProbe( 5065): nativeLibraryDir=/data/app/~~-AAa5lDaii0dMGTPgPeENA==/br.gov.sp.pcsp.npuprobe-rKDzfVqWrdi-4lPwWdPEAA==/lib/arm64
10-07 17:32:10.805 I/NpuProbe( 5065): libdir=/data/app/~~-AAa5lDaii0dMGTPgPeENA==/br.gov.sp.pcsp.npuprobe-rKDzfVqWrdi-4lPwWdPEAA==/lib/arm64
10-07 17:32:10.805 I/NpuProbe( 5065): build=llama.cpp-upstream-pkg (v11-libs) + probe R4
10-07 17:32:10.805 I/NpuProbe( 5065): controle-sistema (liblog.so)=OK
10-07 17:32:10.805 I/NpuProbe( 5065): negativo-fake (libnaoexiste_xyz.so)=FALHOU err=dlopen failed: library "libnaoexiste_xyz.so" not found
10-07 17:32:10.808 I/NpuProbe( 5065): cdsprpc-nome (libcdsprpc.so)=OK
10-07 17:32:10.809 I/NpuProbe( 5065): cdsprpc-abs (/vendor/lib64/libcdsprpc.so)=OK
10-07 17:32:10.809 I/NpuProbe( 5065): ADSP_LIBRARY_PATH=libdir (setenv)
10-07 17:32:10.810 I/NpuProbe( 5065): [ggml] ggml_vulkan: Found 1 Vulkan devices:
10-07 17:32:10.811 I/NpuProbe( 5065): [ggml] ggml_vulkan: 0 = Adreno (TM) 840 (Qualcomm Technologies Inc. Adreno Vulkan Driver) | uma: 1 | fp16: 1 | bf16: 0 | fp4: 0 | warp size: 64 | shared memory: 32768 | int dot: 0 | matrix cores: none
10-07 17:32:10.821 I/NpuProbe( 5065): [ggml] ggml_opencl: selected platform: 'QUALCOMM Snapdragon(TM)'
10-07 17:32:10.821 I/NpuProbe( 5065): [ggml] 
10-07 17:32:10.821 I/NpuProbe( 5065): ggml_opencl: device: 'QUALCOMM Adreno(TM) 840 (OpenCL 3.0 Adreno(TM) 840)'
10-07 17:32:10.821 I/NpuProbe( 5065): [ggml] ggml_opencl: default device: 'QUALCOMM Adreno(TM) 840 (OpenCL 3.0 Adreno(TM) 840)'
10-07 17:32:10.821 I/NpuProbe( 5065): [ggml] ggml-hex: Loading driver libcdsprpc.so
10-07 17:32:10.823 I/NpuProbe( 5065): [ggml] ggml-hex: Hexagon backend (experimental) : allocating new registry : ndev 1
10-07 17:32:10.823 I/NpuProbe( 5065): [ggml] ggml-hex: Hexagon Arch version v81
10-07 17:32:10.823 I/NpuProbe( 5065): [ggml] ggml-hex: HTP0 allocating new session
10-07 17:32:10.856 I/NpuProbe( 5065): [ggml] ggml-hex: HTP0 hwinfo: threads 8, hvx 8, hmx 1, vtcm 8 MB
10-07 17:32:10.856 I/NpuProbe( 5065): [ggml] ggml-hex: HTP0 new session : session-id 0 domain-id 3 uri file:///libggml-htp-v81.so?htp_iface_skel_handle_invoke&_modver=1.0&_dom=cdsp&_session=0 handle 0xb4000077cfe21100
10-07 17:32:10.859 I/NpuProbe( 5065): [ggml] ggml-hex: HTP0 op batching: n-bufs 16 n-tensors 7168 n-ops 1024 vmem 3355443200
10-07 17:32:10.865 I/NpuProbe( 5065): load_all_from_path=56ms
10-07 17:32:10.865 I/NpuProbe( 5065): [ggml] load_backend: failed to find ggml_backend_init in /data/app/~~-AAa5lDaii0dMGTPgPeENA==/br.gov.sp.pcsp.npuprobe-rKDzfVqWrdi-4lPwWdPEAA==/lib/arm64/libggml-hexagon.so
10-07 17:32:10.865 I/NpuProbe( 5065): load(hexagon direto)=FALHOU em 0ms
10-07 17:32:10.865 I/NpuProbe( 5065): devices=4
10-07 17:32:10.865 I/NpuProbe( 5065):   dev[0] Vulkan0 (Adreno (TM) 840)
10-07 17:32:10.865 I/NpuProbe( 5065):   dev[1] GPUOpenCL (QUALCOMM Adreno(TM) 840)
10-07 17:32:10.865 I/NpuProbe( 5065):   dev[2] HTP0 (Hexagon)
10-07 17:32:10.865 I/NpuProbe( 5065):   dev[3] CPU (CPU)
10-07 17:32:10.865 I/NpuProbe( 5065): dev_init(HTP0)=0ms -> SESSAO ABERTA
10-07 17:32:10.866 I/NpuProbe( 5065): graph_compute(MUL_MAT 64x64)=0.5ms status=0
10-07 17:32:10.866 I/NpuProbe( 5065): c[0]=128.000000 (esperado 128.0)
10-07 17:32:10.866 I/NpuProbe( 5065): RESULTADO: APP-UID OK: sessao HTP + op executado com resultado correto
10-07 17:32:10.866 I/NpuProbe( 5065): REPORT:
10-07 17:32:10.866 I/NpuProbe( 5065): libdir=/data/app/~~-AAa5lDaii0dMGTPgPeENA==/br.gov.sp.pcsp.npuprobe-rKDzfVqWrdi-4lPwWdPEAA==/lib/arm64
10-07 17:32:10.866 I/NpuProbe( 5065): build=llama.cpp-upstream-pkg (v11-libs) + probe R4
10-07 17:32:10.866 I/NpuProbe( 5065): controle-sistema (liblog.so)=OK
10-07 17:32:10.866 I/NpuProbe( 5065): negativo-fake (libnaoexiste_xyz.so)=FALHOU err=dlopen failed: library "libnaoexiste_xyz.so" not found
10-07 17:32:10.866 I/NpuProbe( 5065): cdsprpc-nome (libcdsprpc.so)=OK
10-07 17:32:10.866 I/NpuProbe( 5065): cdsprpc-abs (/vendor/lib64/libcdsprpc.so)=OK
10-07 17:32:10.866 I/NpuProbe( 5065): ADSP_LIBRARY_PATH=libdir (setenv)
10-07 17:32:10.866 I/NpuProbe( 5065): load_all_from_path=56ms
10-07 17:32:10.866 I/NpuProbe( 5065): load(hexagon direto)=FALHOU em 0ms
10-07 17:32:10.866 I/NpuProbe( 5065): devices=4
10-07 17:32:10.866 I/NpuProbe( 5065):   dev[0] Vulkan0 (Adreno (TM) 840)
10-07 17:32:10.866 I/NpuProbe( 5065):   dev[1] GPUOpenCL (QUALCOMM Adreno(TM) 840)
10-07 17:32:10.866 I/NpuProbe( 5065):   dev[2] HTP0 (Hexagon)
10-07 17:32:10.866 I/NpuProbe( 5065):   dev[3] CPU (CPU)
10-07 17:32:10.866 I/NpuProbe( 5065): dev_init(HTP0)=0ms -> SESSAO ABERTA
10-07 17:32:10.866 I/NpuProbe( 5065): graph_compute(MUL_MAT 64x64)=0.5ms status=0
10-07 17:32:10.866 I/NpuProbe( 5065): c[0]=128.000000 (esperado 128.0)
10-07 17:32:10.866 I/NpuProbe( 5065): RESULTADO: APP-UID OK: sessao HTP + op executado com resultado correto
10-07 17:32:10.867 I/NpuProbe( 5065): AUTO-GATILHO='smart:opencl'
10-07 17:32:10.867 I/NpuProbe( 5065): SMART iniciando rota=opencl com /data/local/tmp/hymt2_app.gguf
10-07 17:32:10.867 I/NpuProbe( 5065): SMARTv2 rota='opencl' mutante=smart_cap1
10-07 17:32:10.868 I/NpuProbe( 5065): MODO VALIDACAO (espelho teacher-forcing)
10-07 17:32:10.868 I/NpuProbe( 5065): MODO PONTE: origem=htp | destino=opencl (GPUOpenCL)
10-07 17:32:10.869 I/NpuProbe( 5065): prompt: ARQUIVO (len=379)
10-07 17:32:10.869 I/NpuProbe( 5065): cap: ARQUIVO = 160
10-07 17:32:14.276 I/NpuProbe( 5065): load(destino)=3407ms
10-07 17:32:14.276 I/NpuProbe( 5065): [ggml] ggml_opencl: OpenCL driver: OpenCL 3.0 QUALCOMM build: 0842.41 Compiler E031.50.19.27
10-07 17:32:14.276 I/NpuProbe( 5065): [ggml] ggml_opencl: vector subgroup broadcast support: true
10-07 17:32:14.276 I/NpuProbe( 5065): [ggml] ggml_opencl: subgroup shuffle support: true
10-07 17:32:14.276 I/NpuProbe( 5065): [ggml] ggml_opencl: device FP16 support: true
10-07 17:32:14.276 I/NpuProbe( 5065): [ggml] ggml_opencl: khr dot product support: true
10-07 17:32:14.276 I/NpuProbe( 5065): [ggml] ggml_opencl: mem base addr align: 128
10-07 17:32:14.276 I/NpuProbe( 5065): [ggml] ggml_opencl: global mem size: 7555 MB
10-07 17:32:14.276 I/NpuProbe( 5065): [ggml] ggml_opencl: max mem alloc size: 2048 MB
10-07 17:32:14.276 I/NpuProbe( 5065): [ggml] ggml_opencl: device max image buffer size (pixels): 2147483648
10-07 17:32:14.276 I/NpuProbe( 5065): [ggml] ggml_opencl: device max image2d size: 16384 x 16384
10-07 17:32:14.276 I/NpuProbe( 5065): [ggml] ggml_opencl: device max workgroup size: 1024
10-07 17:32:14.276 I/NpuProbe( 5065): [ggml] ggml_opencl: SVM coarse grain buffer support: true
10-07 17:32:14.276 I/NpuProbe( 5065): [ggml] ggml_opencl: SVM fine grain buffer support: true
10-07 17:32:14.276 I/NpuProbe( 5065): [ggml] ggml_opencl: SVM fine grain system support: false
10-07 17:32:14.276 I/NpuProbe( 5065): [ggml] ggml_opencl: SVM atomics support: true
10-07 17:32:14.276 I/NpuProbe( 5065): [ggml] ggml_opencl: cl_qcom_subgroup_shuffle support: true
10-07 17:32:14.276 I/NpuProbe( 5065): [ggml] ggml_opencl: flattening quantized weights representation as struct of arrays (GGML_OPENCL_SOA_Q)
10-07 17:32:14.276 I/NpuProbe( 5065): [ggml] ggml_opencl: using kernels optimized for Adreno (GGML_OPENCL_USE_ADRENO_KERNELS)
10-07 17:32:14.614 I/NpuProbe( 5065): load(origem)=310ms
10-07 17:32:14.638 I/NpuProbe( 5065): ctxs prontos (cold_total=3771ms)
10-07 17:32:16.702 I/NpuProbe( 5065): A1: ok=1 cap=1 eog_tok1=0 tok1=32 amostrados(s/d)=1/0 emitidos=1 consumidos=0 decodes_s_pos_ponte=0
10-07 17:32:16.702 I/NpuProbe( 5065): A1 tempos: prefill=1997.42ms export=0.24ms(3802585B) import=6.20ms gen=0.00ms
10-07 17:32:16.702 I/NpuProbe( 5065): A1 espelho: passos=0 iguais=0 div_pos=-1 div_marg(d/s)=-1.000/-1.000
10-07 17:32:16.702 I/NpuProbe( 5065): A1 fronteiras(ms desde request): prefill_done=5769.4 tok1_ready=5799.0 import_done=5805.2 tok2_ready=-100243113.2 fim=5805.2 (INTERNAS; sem streaming de UI no probe)
10-07 17:32:16.702 I/NpuProbe( 5065): A1 prompt_hash=0edc23f816808e4e
10-07 17:32:16.702 I/NpuProbe( 5065): A1 texto: A
10-07 17:32:16.707 I/NpuProbe( 5065): reset: pos cmp (origem=-1 destino=-1) -> VAZIO ok
10-07 17:32:18.530 I/NpuProbe( 5065): A2: ok=1 texto igual ao A1: SIM
10-07 17:32:18.530 I/NpuProbe( 5065): RESULTADO: SMART-PARCIAL (cap atingido; A-B-A igual)
10-07 17:32:18.660 I/NpuProbe( 5065): SMART REPORT:
10-07 17:32:18.660 I/NpuProbe( 5065): SMART (opencl)
10-07 17:32:18.660 I/NpuProbe( 5065): 
10-07 17:32:18.660 I/NpuProbe( 5065): SMARTv2 rota='opencl' mutante=smart_cap1
10-07 17:32:18.660 I/NpuProbe( 5065): MODO VALIDACAO (espelho teacher-forcing)
10-07 17:32:18.660 I/NpuProbe( 5065): MODO PONTE: origem=htp | destino=opencl (GPUOpenCL)
10-07 17:32:18.660 I/NpuProbe( 5065): prompt: ARQUIVO (len=379)
10-07 17:32:18.660 I/NpuProbe( 5065): cap: ARQUIVO = 160
10-07 17:32:18.660 I/NpuProbe( 5065): load(destino)=3407ms
10-07 17:32:18.660 I/NpuProbe( 5065): load(origem)=310ms
10-07 17:32:18.660 I/NpuProbe( 5065): ctxs prontos (cold_total=3771ms)
10-07 17:32:18.660 I/NpuProbe( 5065): A1: ok=1 cap=1 eog_tok1=0 tok1=32 amostrados(s/d)=1/0 emitidos=1 consumidos=0 decodes_s_pos_ponte=0
10-07 17:32:18.660 I/NpuProbe( 5065): A1 tempos: prefill=1997.42ms export=0.24ms(3802585B) import=6.20ms gen=0.00ms
10-07 17:32:18.660 I/NpuProbe( 5065): A1 espelho: passos=0 iguais=0 div_pos=-1 div_marg(d/s)=-1.000/-1.000
10-07 17:32:18.660 I/NpuProbe( 5065): A1 fronteiras(ms desde request): prefill_done=5769.4 tok1_ready=5799.0 import_done=5805.2 tok2_ready=-100243113.2 fim=5805.2 (INTERNAS; sem streaming de UI no probe)
10-07 17:32:18.660 I/NpuProbe( 5065): A1 prompt_hash=0edc23f816808e4e
10-07 17:32:18.660 I/NpuProbe( 5065): A1 texto: A
10-07 17:32:18.660 I/NpuProbe( 5065): reset: pos cmp (origem=-1 destino=-1) -> VAZIO ok
10-07 17:32:18.660 I/NpuProbe( 5065): A2: ok=1 texto igual ao A1: SIM
10-07 17:32:18.660 I/NpuProbe( 5065): RESULTADO: SMART-PARCIAL (cap atingido; A-B-A igual)
[rec 17:31:29]
--------- beginning of main
10-07 17:32:16.702 I/NpuProbe( 5065): A1: ok=1 cap=1 eog_tok1=0 tok1=32 amostrados(s/d)=1/0 emitidos=1 consumidos=0 decodes_s_pos_ponte=0
10-07 17:32:16.702 I/NpuProbe( 5065): A1 tempos: prefill=1997.42ms export=0.24ms(3802585B) import=6.20ms gen=0.00ms
10-07 17:32:16.702 I/NpuProbe( 5065): A1 espelho: passos=0 iguais=0 div_pos=-1 div_marg(d/s)=-1.000/-1.000
10-07 17:32:16.702 I/NpuProbe( 5065): A1 fronteiras(ms desde request): prefill_done=5769.4 tok1_ready=5799.0 import_done=5805.2 tok2_ready=-100243113.2 fim=5805.2 (INTERNAS; sem streaming de UI no probe)
10-07 17:32:16.702 I/NpuProbe( 5065): A1 prompt_hash=0edc23f816808e4e
10-07 17:32:16.702 I/NpuProbe( 5065): A1 texto: A
10-07 17:32:16.707 I/NpuProbe( 5065): reset: pos cmp (origem=-1 destino=-1) -> VAZIO ok
10-07 17:32:18.530 I/NpuProbe( 5065): A2: ok=1 texto igual ao A1: SIM
10-07 17:32:18.530 I/NpuProbe( 5065): RESULTADO: SMART-PARCIAL (cap atingido; A-B-A igual)
10-07 17:32:18.660 I/NpuProbe( 5065): SMART REPORT:
10-07 17:32:18.660 I/NpuProbe( 5065): SMART (opencl)
10-07 17:32:18.660 I/NpuProbe( 5065): 
10-07 17:32:18.660 I/NpuProbe( 5065): SMARTv2 rota='opencl' mutante=smart_cap1
10-07 17:32:18.660 I/NpuProbe( 5065): MODO VALIDACAO (espelho teacher-forcing)
10-07 17:32:18.660 I/NpuProbe( 5065): MODO PONTE: origem=htp | destino=opencl (GPUOpenCL)
10-07 17:32:18.660 I/NpuProbe( 5065): prompt: ARQUIVO (len=379)
10-07 17:32:18.660 I/NpuProbe( 5065): cap: ARQUIVO = 160
10-07 17:32:18.660 I/NpuProbe( 5065): load(destino)=3407ms
10-07 17:32:18.660 I/NpuProbe( 5065): load(origem)=310ms
10-07 17:32:18.660 I/NpuProbe( 5065): ctxs prontos (cold_total=3771ms)
10-07 17:32:18.660 I/NpuProbe( 5065): A1: ok=1 cap=1 eog_tok1=0 tok1=32 amostrados(s/d)=1/0 emitidos=1 consumidos=0 decodes_s_pos_ponte=0
10-07 17:32:18.660 I/NpuProbe( 5065): A1 tempos: prefill=1997.42ms export=0.24ms(3802585B) import=6.20ms gen=0.00ms
10-07 17:32:18.660 I/NpuProbe( 5065): A1 espelho: passos=0 iguais=0 div_pos=-1 div_marg(d/s)=-1.000/-1.000
10-07 17:32:18.660 I/NpuProbe( 5065): A1 fronteiras(ms desde request): prefill_done=5769.4 tok1_ready=5799.0 import_done=5805.2 tok2_ready=-100243113.2 fim=5805.2 (INTERNAS; sem streaming de UI no probe)
10-07 17:32:18.660 I/NpuProbe( 5065): A1 prompt_hash=0edc23f816808e4e
10-07 17:32:18.660 I/NpuProbe( 5065): A1 texto: A
10-07 17:32:18.660 I/NpuProbe( 5065): reset: pos cmp (origem=-1 destino=-1) -> VAZIO ok
10-07 17:32:18.660 I/NpuProbe( 5065): A2: ok=1 texto igual ao A1: SIM
10-07 17:32:18.660 I/NpuProbe( 5065): RESULTADO: SMART-PARCIAL (cap atingido; A-B-A igual)
[rec 17:31:58]
--------- beginning of main
10-07 17:32:18.660 I/NpuProbe( 5065): SMART REPORT:
10-07 17:32:18.660 I/NpuProbe( 5065): SMART (opencl)
10-07 17:32:18.660 I/NpuProbe( 5065): 
10-07 17:32:18.660 I/NpuProbe( 5065): SMARTv2 rota='opencl' mutante=smart_cap1
10-07 17:32:18.660 I/NpuProbe( 5065): MODO VALIDACAO (espelho teacher-forcing)
10-07 17:32:18.660 I/NpuProbe( 5065): MODO PONTE: origem=htp | destino=opencl (GPUOpenCL)
10-07 17:32:18.660 I/NpuProbe( 5065): prompt: ARQUIVO (len=379)
10-07 17:32:18.660 I/NpuProbe( 5065): cap: ARQUIVO = 160
10-07 17:32:18.660 I/NpuProbe( 5065): load(destino)=3407ms
10-07 17:32:18.660 I/NpuProbe( 5065): load(origem)=310ms
10-07 17:32:18.660 I/NpuProbe( 5065): ctxs prontos (cold_total=3771ms)
10-07 17:32:18.660 I/NpuProbe( 5065): A1: ok=1 cap=1 eog_tok1=0 tok1=32 amostrados(s/d)=1/0 emitidos=1 consumidos=0 decodes_s_pos_ponte=0
10-07 17:32:18.660 I/NpuProbe( 5065): A1 tempos: prefill=1997.42ms export=0.24ms(3802585B) import=6.20ms gen=0.00ms
10-07 17:32:18.660 I/NpuProbe( 5065): A1 espelho: passos=0 iguais=0 div_pos=-1 div_marg(d/s)=-1.000/-1.000
10-07 17:32:18.660 I/NpuProbe( 5065): A1 fronteiras(ms desde request): prefill_done=5769.4 tok1_ready=5799.0 import_done=5805.2 tok2_ready=-100243113.2 fim=5805.2 (INTERNAS; sem streaming de UI no probe)
10-07 17:32:18.660 I/NpuProbe( 5065): A1 prompt_hash=0edc23f816808e4e
10-07 17:32:18.660 I/NpuProbe( 5065): A1 texto: A
10-07 17:32:18.660 I/NpuProbe( 5065): reset: pos cmp (origem=-1 destino=-1) -> VAZIO ok
10-07 17:32:18.660 I/NpuProbe( 5065): A2: ok=1 texto igual ao A1: SIM
10-07 17:32:18.660 I/NpuProbe( 5065): RESULTADO: SMART-PARCIAL (cap atingido; A-B-A igual)
10-07 17:33:06.136 I/NpuProbe( 5376): nativeLibraryDir=/data/app/~~-AAa5lDaii0dMGTPgPeENA==/br.gov.sp.pcsp.npuprobe-rKDzfVqWrdi-4lPwWdPEAA==/lib/arm64
10-07 17:33:06.136 I/NpuProbe( 5376): libdir=/data/app/~~-AAa5lDaii0dMGTPgPeENA==/br.gov.sp.pcsp.npuprobe-rKDzfVqWrdi-4lPwWdPEAA==/lib/arm64
10-07 17:33:06.136 I/NpuProbe( 5376): build=llama.cpp-upstream-pkg (v11-libs) + probe R4
10-07 17:33:06.136 I/NpuProbe( 5376): controle-sistema (liblog.so)=OK
10-07 17:33:06.136 I/NpuProbe( 5376): negativo-fake (libnaoexiste_xyz.so)=FALHOU err=dlopen failed: library "libnaoexiste_xyz.so" not found
10-07 17:33:06.137 I/NpuProbe( 5376): cdsprpc-nome (libcdsprpc.so)=OK
10-07 17:33:06.138 I/NpuProbe( 5376): cdsprpc-abs (/vendor/lib64/libcdsprpc.so)=OK
10-07 17:33:06.138 I/NpuProbe( 5376): ADSP_LIBRARY_PATH=libdir (setenv)
10-07 17:33:06.139 I/NpuProbe( 5376): [ggml] ggml_vulkan: Found 1 Vulkan devices:
10-07 17:33:06.139 I/NpuProbe( 5376): [ggml] ggml_vulkan: 0 = Adreno (TM) 840 (Qualcomm Technologies Inc. Adreno Vulkan Driver) | uma: 1 | fp16: 1 | bf16: 0 | fp4: 0 | warp size: 64 | shared memory: 32768 | int dot: 0 | matrix cores: none
10-07 17:33:06.145 I/NpuProbe( 5376): [ggml] ggml_opencl: selected platform: 'QUALCOMM Snapdragon(TM)'
10-07 17:33:06.146 I/NpuProbe( 5376): [ggml] 
10-07 17:33:06.146 I/NpuProbe( 5376): ggml_opencl: device: 'QUALCOMM Adreno(TM) 840 (OpenCL 3.0 Adreno(TM) 840)'
10-07 17:33:06.146 I/NpuProbe( 5376): [ggml] ggml_opencl: default device: 'QUALCOMM Adreno(TM) 840 (OpenCL 3.0 Adreno(TM) 840)'
10-07 17:33:06.146 I/NpuProbe( 5376): [ggml] ggml-hex: Loading driver libcdsprpc.so
10-07 17:33:06.147 I/NpuProbe( 5376): [ggml] ggml-hex: Hexagon backend (experimental) : allocating new registry : ndev 1
10-07 17:33:06.147 I/NpuProbe( 5376): [ggml] ggml-hex: Hexagon Arch version v81
10-07 17:33:06.147 I/NpuProbe( 5376): [ggml] ggml-hex: HTP0 allocating new session
10-07 17:33:06.181 I/NpuProbe( 5376): [ggml] ggml-hex: HTP0 hwinfo: threads 8, hvx 8, hmx 1, vtcm 8 MB
10-07 17:33:06.181 I/NpuProbe( 5376): [ggml] ggml-hex: HTP0 new session : session-id 0 domain-id 3 uri file:///libggml-htp-v81.so?htp_iface_skel_handle_invoke&_modver=1.0&_dom=cdsp&_session=0 handle 0xb4000077d53c7940
10-07 17:33:06.184 I/NpuProbe( 5376): [ggml] ggml-hex: HTP0 op batching: n-bufs 16 n-tensors 7168 n-ops 1024 vmem 3355443200
10-07 17:33:06.190 I/NpuProbe( 5376): load_all_from_path=52ms
10-07 17:33:06.190 I/NpuProbe( 5376): [ggml] load_backend: failed to find ggml_backend_init in /data/app/~~-AAa5lDaii0dMGTPgPeENA==/br.gov.sp.pcsp.npuprobe-rKDzfVqWrdi-4lPwWdPEAA==/lib/arm64/libggml-hexagon.so
10-07 17:33:06.190 I/NpuProbe( 5376): load(hexagon direto)=FALHOU em 0ms
10-07 17:33:06.190 I/NpuProbe( 5376): devices=4
10-07 17:33:06.190 I/NpuProbe( 5376):   dev[0] Vulkan0 (Adreno (TM) 840)
10-07 17:33:06.190 I/NpuProbe( 5376):   dev[1] GPUOpenCL (QUALCOMM Adreno(TM) 840)
10-07 17:33:06.190 I/NpuProbe( 5376):   dev[2] HTP0 (Hexagon)
10-07 17:33:06.190 I/NpuProbe( 5376):   dev[3] CPU (CPU)
10-07 17:33:06.190 I/NpuProbe( 5376): dev_init(HTP0)=0ms -> SESSAO ABERTA
10-07 17:33:06.191 I/NpuProbe( 5376): graph_compute(MUL_MAT 64x64)=0.5ms status=0
10-07 17:33:06.191 I/NpuProbe( 5376): c[0]=128.000000 (esperado 128.0)
10-07 17:33:06.191 I/NpuProbe( 5376): RESULTADO: APP-UID OK: sessao HTP + op executado com resultado correto
10-07 17:33:06.192 I/NpuProbe( 5376): REPORT:
10-07 17:33:06.192 I/NpuProbe( 5376): libdir=/data/app/~~-AAa5lDaii0dMGTPgPeENA==/br.gov.sp.pcsp.npuprobe-rKDzfVqWrdi-4lPwWdPEAA==/lib/arm64
10-07 17:33:06.192 I/NpuProbe( 5376): build=llama.cpp-upstream-pkg (v11-libs) + probe R4
10-07 17:33:06.192 I/NpuProbe( 5376): controle-sistema (liblog.so)=OK
10-07 17:33:06.192 I/NpuProbe( 5376): negativo-fake (libnaoexiste_xyz.so)=FALHOU err=dlopen failed: library "libnaoexiste_xyz.so" not found
10-07 17:33:06.192 I/NpuProbe( 5376): cdsprpc-nome (libcdsprpc.so)=OK
10-07 17:33:06.192 I/NpuProbe( 5376): cdsprpc-abs (/vendor/lib64/libcdsprpc.so)=OK
10-07 17:33:06.192 I/NpuProbe( 5376): ADSP_LIBRARY_PATH=libdir (setenv)
10-07 17:33:06.192 I/NpuProbe( 5376): load_all_from_path=52ms
10-07 17:33:06.192 I/NpuProbe( 5376): load(hexagon direto)=FALHOU em 0ms
10-07 17:33:06.192 I/NpuProbe( 5376): devices=4
10-07 17:33:06.192 I/NpuProbe( 5376):   dev[0] Vulkan0 (Adreno (TM) 840)
10-07 17:33:06.192 I/NpuProbe( 5376):   dev[1] GPUOpenCL (QUALCOMM Adreno(TM) 840)
10-07 17:33:06.192 I/NpuProbe( 5376):   dev[2] HTP0 (Hexagon)
10-07 17:33:06.192 I/NpuProbe( 5376):   dev[3] CPU (CPU)
10-07 17:33:06.192 I/NpuProbe( 5376): dev_init(HTP0)=0ms -> SESSAO ABERTA
10-07 17:33:06.192 I/NpuProbe( 5376): graph_compute(MUL_MAT 64x64)=0.5ms status=0
10-07 17:33:06.192 I/NpuProbe( 5376): c[0]=128.000000 (esperado 128.0)
10-07 17:33:06.192 I/NpuProbe( 5376): RESULTADO: APP-UID OK: sessao HTP + op executado com resultado correto
10-07 17:33:06.192 I/NpuProbe( 5376): AUTO-GATILHO='smart:opencl'
10-07 17:33:06.192 I/NpuProbe( 5376): SMART iniciando rota=opencl com /data/local/tmp/hymt2_app.gguf
10-07 17:33:06.192 I/NpuProbe( 5376): SMARTv2 rota='opencl' mutante=(none)
10-07 17:33:06.193 I/NpuProbe( 5376): MODO VALIDACAO (espelho teacher-forcing)
10-07 17:33:06.193 I/NpuProbe( 5376): MODO PONTE: origem=htp | destino=opencl (GPUOpenCL)
10-07 17:33:06.194 I/NpuProbe( 5376): prompt: ARQUIVO (len=379)
10-07 17:33:06.195 I/NpuProbe( 5376): cap: ARQUIVO = 160
10-07 17:33:09.020 I/NpuProbe( 5376): load(destino)=2825ms
10-07 17:33:09.020 I/NpuProbe( 5376): [ggml] ggml_opencl: OpenCL driver: OpenCL 3.0 QUALCOMM build: 0842.41 Compiler E031.50.19.27
10-07 17:33:09.020 I/NpuProbe( 5376): [ggml] ggml_opencl: vector subgroup broadcast support: true
10-07 17:33:09.020 I/NpuProbe( 5376): [ggml] ggml_opencl: subgroup shuffle support: true
10-07 17:33:09.020 I/NpuProbe( 5376): [ggml] ggml_opencl: device FP16 support: true
10-07 17:33:09.020 I/NpuProbe( 5376): [ggml] ggml_opencl: khr dot product support: true
10-07 17:33:09.020 I/NpuProbe( 5376): [ggml] ggml_opencl: mem base addr align: 128
10-07 17:33:09.020 I/NpuProbe( 5376): [ggml] ggml_opencl: global mem size: 7555 MB
10-07 17:33:09.020 I/NpuProbe( 5376): [ggml] ggml_opencl: max mem alloc size: 2048 MB
10-07 17:33:09.020 I/NpuProbe( 5376): [ggml] ggml_opencl: device max image buffer size (pixels): 2147483648
10-07 17:33:09.020 I/NpuProbe( 5376): [ggml] ggml_opencl: device max image2d size: 16384 x 16384
10-07 17:33:09.020 I/NpuProbe( 5376): [ggml] ggml_opencl: device max workgroup size: 1024
10-07 17:33:09.020 I/NpuProbe( 5376): [ggml] ggml_opencl: SVM coarse grain buffer support: true
10-07 17:33:09.020 I/NpuProbe( 5376): [ggml] ggml_opencl: SVM fine grain buffer support: true
10-07 17:33:09.020 I/NpuProbe( 5376): [ggml] ggml_opencl: SVM fine grain system support: false
10-07 17:33:09.020 I/NpuProbe( 5376): [ggml] ggml_opencl: SVM atomics support: true
10-07 17:33:09.020 I/NpuProbe( 5376): [ggml] ggml_opencl: cl_qcom_subgroup_shuffle support: true
10-07 17:33:09.020 I/NpuProbe( 5376): [ggml] ggml_opencl: flattening quantized weights representation as struct of arrays (GGML_OPENCL_SOA_Q)
10-07 17:33:09.020 I/NpuProbe( 5376): [ggml] ggml_opencl: using kernels optimized for Adreno (GGML_OPENCL_USE_ADRENO_KERNELS)
10-07 17:33:09.370 I/NpuProbe( 5376): load(origem)=313ms
10-07 17:33:09.397 I/NpuProbe( 5376): ctxs prontos (cold_total=3205ms)
10-07 17:33:11.899 I/NpuProbe( 5376): [ggml] ggml_opencl: lazy-compiling flash_attn prepass for DK=128 DV=128
10-07 17:33:11.899 I/NpuProbe( 5376): [ggml] ggml_opencl: compiling fa prepass f16
10-07 17:33:11.984 I/NpuProbe( 5376): [ggml] ggml_opencl: compiling fa f32_f16
10-07 17:33:13.090 I/NpuProbe( 5376): [ggml] ggml_opencl: flash_attn_f32_f16_q1_vec_mq_split_c8 DK=128 DV=128 per-kernel max 128 < required 256; skipping registration (will fall back)
10-07 17:33:13.090 I/NpuProbe( 5376): [ggml] ggml_opencl: compiling fa f32_f16 MQ_GQA=8
10-07 17:33:13.638 I/NpuProbe( 5376): [ggml] ggml_opencl: flash_attn_f32_f16_q1_vec_mq_split_c8 (g8) DK=128 DV=128 per-kernel max 128 < required 192; skipping registration (will fall back)
10-07 17:33:13.638 I/NpuProbe( 5376): [ggml] ggml_opencl: compiling fa f32_f16 c8 NSG2
10-07 17:33:14.012 I/NpuProbe( 5376): [ggml] ggml_opencl: compiling fa f32_f16 c8 g8 NSG2
10-07 17:33:14.561 I/NpuProbe( 5376): [ggml] ggml_opencl: compiling fa f32_f16 split
[rec 17:32:25]
--------- beginning of main
10-07 17:33:06.136 I/NpuProbe( 5376): nativeLibraryDir=/data/app/~~-AAa5lDaii0dMGTPgPeENA==/br.gov.sp.pcsp.npuprobe-rKDzfVqWrdi-4lPwWdPEAA==/lib/arm64
10-07 17:33:06.136 I/NpuProbe( 5376): libdir=/data/app/~~-AAa5lDaii0dMGTPgPeENA==/br.gov.sp.pcsp.npuprobe-rKDzfVqWrdi-4lPwWdPEAA==/lib/arm64
10-07 17:33:06.136 I/NpuProbe( 5376): build=llama.cpp-upstream-pkg (v11-libs) + probe R4
10-07 17:33:06.136 I/NpuProbe( 5376): controle-sistema (liblog.so)=OK
10-07 17:33:06.136 I/NpuProbe( 5376): negativo-fake (libnaoexiste_xyz.so)=FALHOU err=dlopen failed: library "libnaoexiste_xyz.so" not found
10-07 17:33:06.137 I/NpuProbe( 5376): cdsprpc-nome (libcdsprpc.so)=OK
10-07 17:33:06.138 I/NpuProbe( 5376): cdsprpc-abs (/vendor/lib64/libcdsprpc.so)=OK
10-07 17:33:06.138 I/NpuProbe( 5376): ADSP_LIBRARY_PATH=libdir (setenv)
10-07 17:33:06.139 I/NpuProbe( 5376): [ggml] ggml_vulkan: Found 1 Vulkan devices:
10-07 17:33:06.139 I/NpuProbe( 5376): [ggml] ggml_vulkan: 0 = Adreno (TM) 840 (Qualcomm Technologies Inc. Adreno Vulkan Driver) | uma: 1 | fp16: 1 | bf16: 0 | fp4: 0 | warp size: 64 | shared memory: 32768 | int dot: 0 | matrix cores: none
10-07 17:33:06.145 I/NpuProbe( 5376): [ggml] ggml_opencl: selected platform: 'QUALCOMM Snapdragon(TM)'
10-07 17:33:06.146 I/NpuProbe( 5376): [ggml] 
10-07 17:33:06.146 I/NpuProbe( 5376): ggml_opencl: device: 'QUALCOMM Adreno(TM) 840 (OpenCL 3.0 Adreno(TM) 840)'
10-07 17:33:06.146 I/NpuProbe( 5376): [ggml] ggml_opencl: default device: 'QUALCOMM Adreno(TM) 840 (OpenCL 3.0 Adreno(TM) 840)'
10-07 17:33:06.146 I/NpuProbe( 5376): [ggml] ggml-hex: Loading driver libcdsprpc.so
10-07 17:33:06.147 I/NpuProbe( 5376): [ggml] ggml-hex: Hexagon backend (experimental) : allocating new registry : ndev 1
10-07 17:33:06.147 I/NpuProbe( 5376): [ggml] ggml-hex: Hexagon Arch version v81
10-07 17:33:06.147 I/NpuProbe( 5376): [ggml] ggml-hex: HTP0 allocating new session
10-07 17:33:06.181 I/NpuProbe( 5376): [ggml] ggml-hex: HTP0 hwinfo: threads 8, hvx 8, hmx 1, vtcm 8 MB
10-07 17:33:06.181 I/NpuProbe( 5376): [ggml] ggml-hex: HTP0 new session : session-id 0 domain-id 3 uri file:///libggml-htp-v81.so?htp_iface_skel_handle_invoke&_modver=1.0&_dom=cdsp&_session=0 handle 0xb4000077d53c7940
10-07 17:33:06.184 I/NpuProbe( 5376): [ggml] ggml-hex: HTP0 op batching: n-bufs 16 n-tensors 7168 n-ops 1024 vmem 3355443200
10-07 17:33:06.190 I/NpuProbe( 5376): load_all_from_path=52ms
10-07 17:33:06.190 I/NpuProbe( 5376): [ggml] load_backend: failed to find ggml_backend_init in /data/app/~~-AAa5lDaii0dMGTPgPeENA==/br.gov.sp.pcsp.npuprobe-rKDzfVqWrdi-4lPwWdPEAA==/lib/arm64/libggml-hexagon.so
10-07 17:33:06.190 I/NpuProbe( 5376): load(hexagon direto)=FALHOU em 0ms
10-07 17:33:06.190 I/NpuProbe( 5376): devices=4
10-07 17:33:06.190 I/NpuProbe( 5376):   dev[0] Vulkan0 (Adreno (TM) 840)
10-07 17:33:06.190 I/NpuProbe( 5376):   dev[1] GPUOpenCL (QUALCOMM Adreno(TM) 840)
10-07 17:33:06.190 I/NpuProbe( 5376):   dev[2] HTP0 (Hexagon)
10-07 17:33:06.190 I/NpuProbe( 5376):   dev[3] CPU (CPU)
10-07 17:33:06.190 I/NpuProbe( 5376): dev_init(HTP0)=0ms -> SESSAO ABERTA
10-07 17:33:06.191 I/NpuProbe( 5376): graph_compute(MUL_MAT 64x64)=0.5ms status=0
10-07 17:33:06.191 I/NpuProbe( 5376): c[0]=128.000000 (esperado 128.0)
10-07 17:33:06.191 I/NpuProbe( 5376): RESULTADO: APP-UID OK: sessao HTP + op executado com resultado correto
10-07 17:33:06.192 I/NpuProbe( 5376): REPORT:
10-07 17:33:06.192 I/NpuProbe( 5376): libdir=/data/app/~~-AAa5lDaii0dMGTPgPeENA==/br.gov.sp.pcsp.npuprobe-rKDzfVqWrdi-4lPwWdPEAA==/lib/arm64
10-07 17:33:06.192 I/NpuProbe( 5376): build=llama.cpp-upstream-pkg (v11-libs) + probe R4
10-07 17:33:06.192 I/NpuProbe( 5376): controle-sistema (liblog.so)=OK
10-07 17:33:06.192 I/NpuProbe( 5376): negativo-fake (libnaoexiste_xyz.so)=FALHOU err=dlopen failed: library "libnaoexiste_xyz.so" not found
10-07 17:33:06.192 I/NpuProbe( 5376): cdsprpc-nome (libcdsprpc.so)=OK
10-07 17:33:06.192 I/NpuProbe( 5376): cdsprpc-abs (/vendor/lib64/libcdsprpc.so)=OK
10-07 17:33:06.192 I/NpuProbe( 5376): ADSP_LIBRARY_PATH=libdir (setenv)
10-07 17:33:06.192 I/NpuProbe( 5376): load_all_from_path=52ms
10-07 17:33:06.192 I/NpuProbe( 5376): load(hexagon direto)=FALHOU em 0ms
10-07 17:33:06.192 I/NpuProbe( 5376): devices=4
10-07 17:33:06.192 I/NpuProbe( 5376):   dev[0] Vulkan0 (Adreno (TM) 840)
10-07 17:33:06.192 I/NpuProbe( 5376):   dev[1] GPUOpenCL (QUALCOMM Adreno(TM) 840)
10-07 17:33:06.192 I/NpuProbe( 5376):   dev[2] HTP0 (Hexagon)
10-07 17:33:06.192 I/NpuProbe( 5376):   dev[3] CPU (CPU)
10-07 17:33:06.192 I/NpuProbe( 5376): dev_init(HTP0)=0ms -> SESSAO ABERTA
10-07 17:33:06.192 I/NpuProbe( 5376): graph_compute(MUL_MAT 64x64)=0.5ms status=0
10-07 17:33:06.192 I/NpuProbe( 5376): c[0]=128.000000 (esperado 128.0)
10-07 17:33:06.192 I/NpuProbe( 5376): RESULTADO: APP-UID OK: sessao HTP + op executado com resultado correto
10-07 17:33:06.192 I/NpuProbe( 5376): AUTO-GATILHO='smart:opencl'
10-07 17:33:06.192 I/NpuProbe( 5376): SMART iniciando rota=opencl com /data/local/tmp/hymt2_app.gguf
10-07 17:33:06.192 I/NpuProbe( 5376): SMARTv2 rota='opencl' mutante=(none)
10-07 17:33:06.193 I/NpuProbe( 5376): MODO VALIDACAO (espelho teacher-forcing)
10-07 17:33:06.193 I/NpuProbe( 5376): MODO PONTE: origem=htp | destino=opencl (GPUOpenCL)
10-07 17:33:06.194 I/NpuProbe( 5376): prompt: ARQUIVO (len=379)
10-07 17:33:06.195 I/NpuProbe( 5376): cap: ARQUIVO = 160
10-07 17:33:09.020 I/NpuProbe( 5376): load(destino)=2825ms
10-07 17:33:09.020 I/NpuProbe( 5376): [ggml] ggml_opencl: OpenCL driver: OpenCL 3.0 QUALCOMM build: 0842.41 Compiler E031.50.19.27
10-07 17:33:09.020 I/NpuProbe( 5376): [ggml] ggml_opencl: vector subgroup broadcast support: true
10-07 17:33:09.020 I/NpuProbe( 5376): [ggml] ggml_opencl: subgroup shuffle support: true
10-07 17:33:09.020 I/NpuProbe( 5376): [ggml] ggml_opencl: device FP16 support: true
10-07 17:33:09.020 I/NpuProbe( 5376): [ggml] ggml_opencl: khr dot product support: true
10-07 17:33:09.020 I/NpuProbe( 5376): [ggml] ggml_opencl: mem base addr align: 128
10-07 17:33:09.020 I/NpuProbe( 5376): [ggml] ggml_opencl: global mem size: 7555 MB
10-07 17:33:09.020 I/NpuProbe( 5376): [ggml] ggml_opencl: max mem alloc size: 2048 MB
10-07 17:33:09.020 I/NpuProbe( 5376): [ggml] ggml_opencl: device max image buffer size (pixels): 2147483648
10-07 17:33:09.020 I/NpuProbe( 5376): [ggml] ggml_opencl: device max image2d size: 16384 x 16384
10-07 17:33:09.020 I/NpuProbe( 5376): [ggml] ggml_opencl: device max workgroup size: 1024
10-07 17:33:09.020 I/NpuProbe( 5376): [ggml] ggml_opencl: SVM coarse grain buffer support: true
10-07 17:33:09.020 I/NpuProbe( 5376): [ggml] ggml_opencl: SVM fine grain buffer support: true
10-07 17:33:09.020 I/NpuProbe( 5376): [ggml] ggml_opencl: SVM fine grain system support: false
10-07 17:33:09.020 I/NpuProbe( 5376): [ggml] ggml_opencl: SVM atomics support: true
10-07 17:33:09.020 I/NpuProbe( 5376): [ggml] ggml_opencl: cl_qcom_subgroup_shuffle support: true
10-07 17:33:09.020 I/NpuProbe( 5376): [ggml] ggml_opencl: flattening quantized weights representation as struct of arrays (GGML_OPENCL_SOA_Q)
10-07 17:33:09.020 I/NpuProbe( 5376): [ggml] ggml_opencl: using kernels optimized for Adreno (GGML_OPENCL_USE_ADRENO_KERNELS)
10-07 17:33:09.370 I/NpuProbe( 5376): load(origem)=313ms
10-07 17:33:09.397 I/NpuProbe( 5376): ctxs prontos (cold_total=3205ms)
10-07 17:33:11.899 I/NpuProbe( 5376): [ggml] ggml_opencl: lazy-compiling flash_attn prepass for DK=128 DV=128
10-07 17:33:11.899 I/NpuProbe( 5376): [ggml] ggml_opencl: compiling fa prepass f16
10-07 17:33:11.984 I/NpuProbe( 5376): [ggml] ggml_opencl: compiling fa f32_f16
10-07 17:33:13.090 I/NpuProbe( 5376): [ggml] ggml_opencl: flash_attn_f32_f16_q1_vec_mq_split_c8 DK=128 DV=128 per-kernel max 128 < required 256; skipping registration (will fall back)
10-07 17:33:13.090 I/NpuProbe( 5376): [ggml] ggml_opencl: compiling fa f32_f16 MQ_GQA=8
10-07 17:33:13.638 I/NpuProbe( 5376): [ggml] ggml_opencl: flash_attn_f32_f16_q1_vec_mq_split_c8 (g8) DK=128 DV=128 per-kernel max 128 < required 192; skipping registration (will fall back)
10-07 17:33:13.638 I/NpuProbe( 5376): [ggml] ggml_opencl: compiling fa f32_f16 c8 NSG2
10-07 17:33:14.012 I/NpuProbe( 5376): [ggml] ggml_opencl: compiling fa f32_f16 c8 g8 NSG2
10-07 17:33:14.561 I/NpuProbe( 5376): [ggml] ggml_opencl: compiling fa f32_f16 split
10-07 17:33:24.219 I/NpuProbe( 5376): A1: ok=1 cap=0 eog_tok1=0 tok1=32 amostrados(s/d)=64/63 emitidos=63 consumidos=63 decodes_s_pos_ponte=63
10-07 17:33:24.219 I/NpuProbe( 5376): A1 tempos: prefill=2455.41ms export=0.21ms(3802585B) import=4.07ms gen=12294.51ms
10-07 17:33:24.219 I/NpuProbe( 5376): A1 espelho: passos=63 iguais=63 div_pos=-1 div_marg(d/s)=-1.000/-1.000
10-07 17:33:24.219 I/NpuProbe( 5376): A1 fronteiras(ms desde request): prefill_done=5660.6 tok1_ready=5697.7 import_done=5701.8 tok2_ready=9241.7 fim=17996.3 (INTERNAS; sem streaming de UI no probe)
10-07 17:33:24.219 I/NpuProbe( 5376): A1 prompt_hash=0edc23f816808e4e
10-07 17:33:24.219 I/NpuProbe( 5376): A1 texto: A raposa marrom e rápida salta sobre o cachorro preguiçoso, enquanto o sol se põe lentamente atrás das montanhas. O rio continua a fluir pelo vale onde o velho moinho uma vez ficou em pé.
10-07 17:33:24.224 I/NpuProbe( 5376): reset: pos cmp (origem=-1 destino=-1) -> VAZIO ok
10-07 17:33:35.982 I/NpuProbe( 5376): A2: ok=1 texto igual ao A1: SIM
10-07 17:33:35.982 I/NpuProbe( 5376): RESULTADO: SMART-ACEITO (htp->opencl; A-B-A integral; espelho 63/63)
10-07 17:33:36.189 I/NpuProbe( 5376): SMART REPORT:
10-07 17:33:36.189 I/NpuProbe( 5376): SMART (opencl)
10-07 17:33:36.189 I/NpuProbe( 5376): 
10-07 17:33:36.189 I/NpuProbe( 5376): SMARTv2 rota='opencl' mutante=(none)
10-07 17:33:36.189 I/NpuProbe( 5376): MODO VALIDACAO (espelho teacher-forcing)
10-07 17:33:36.189 I/NpuProbe( 5376): MODO PONTE: origem=htp | destino=opencl (GPUOpenCL)
10-07 17:33:36.189 I/NpuProbe( 5376): prompt: ARQUIVO (len=379)
10-07 17:33:36.189 I/NpuProbe( 5376): cap: ARQUIVO = 160
10-07 17:33:36.189 I/NpuProbe( 5376): load(destino)=2825ms
10-07 17:33:36.189 I/NpuProbe( 5376): load(origem)=313ms
10-07 17:33:36.189 I/NpuProbe( 5376): ctxs prontos (cold_total=3205ms)
10-07 17:33:36.189 I/NpuProbe( 5376): A1: ok=1 cap=0 eog_tok1=0 tok1=32 amostrados(s/d)=64/63 emitidos=63 consumidos=63 decodes_s_pos_ponte=63
10-07 17:33:36.189 I/NpuProbe( 5376): A1 tempos: prefill=2455.41ms export=0.21ms(3802585B) import=4.07ms gen=12294.51ms
10-07 17:33:36.189 I/NpuProbe( 5376): A1 espelho: passos=63 iguais=63 div_pos=-1 div_marg(d/s)=-1.000/-1.000
10-07 17:33:36.189 I/NpuProbe( 5376): A1 fronteiras(ms desde request): prefill_done=5660.6 tok1_ready=5697.7 import_done=5701.8 tok2_ready=9241.7 fim=17996.3 (INTERNAS; sem streaming de UI no probe)
10-07 17:33:36.189 I/NpuProbe( 5376): A1 prompt_hash=0edc23f816808e4e
10-07 17:33:36.189 I/NpuProbe( 5376): A1 texto: A raposa marrom e rápida salta sobre o cachorro preguiçoso, enquanto o sol se põe lentamente atrás das montanhas. O rio continua a fluir pelo vale onde o velho moinho uma vez ficou em pé.
10-07 17:33:36.189 I/NpuProbe( 5376): reset: pos cmp (origem=-1 destino=-1) -> VAZIO ok
10-07 17:33:36.189 I/NpuProbe( 5376): A2: ok=1 texto igual ao A1: SIM
10-07 17:33:36.189 I/NpuProbe( 5376): RESULTADO: SMART-ACEITO (htp->opencl; A-B-A integral; espelho 63/63)
[rec 17:32:54]
[rec 17:33:21]
--------- beginning of main
10-07 17:34:40.432 I/NpuProbe( 8463): nativeLibraryDir=/data/app/~~-AAa5lDaii0dMGTPgPeENA==/br.gov.sp.pcsp.npuprobe-rKDzfVqWrdi-4lPwWdPEAA==/lib/arm64
10-07 17:34:40.432 I/NpuProbe( 8463): libdir=/data/app/~~-AAa5lDaii0dMGTPgPeENA==/br.gov.sp.pcsp.npuprobe-rKDzfVqWrdi-4lPwWdPEAA==/lib/arm64
10-07 17:34:40.432 I/NpuProbe( 8463): build=llama.cpp-upstream-pkg (v11-libs) + probe R4
10-07 17:34:40.432 I/NpuProbe( 8463): controle-sistema (liblog.so)=OK
10-07 17:34:40.432 I/NpuProbe( 8463): negativo-fake (libnaoexiste_xyz.so)=FALHOU err=dlopen failed: library "libnaoexiste_xyz.so" not found
10-07 17:34:40.432 I/NpuProbe( 8463): cdsprpc-nome (libcdsprpc.so)=OK
10-07 17:34:40.433 I/NpuProbe( 8463): cdsprpc-abs (/vendor/lib64/libcdsprpc.so)=OK
10-07 17:34:40.433 I/NpuProbe( 8463): ADSP_LIBRARY_PATH=libdir (setenv)
10-07 17:34:40.434 I/NpuProbe( 8463): [ggml] ggml_vulkan: Found 1 Vulkan devices:
10-07 17:34:40.434 I/NpuProbe( 8463): [ggml] ggml_vulkan: 0 = Adreno (TM) 840 (Qualcomm Technologies Inc. Adreno Vulkan Driver) | uma: 1 | fp16: 1 | bf16: 0 | fp4: 0 | warp size: 64 | shared memory: 32768 | int dot: 0 | matrix cores: none
10-07 17:34:40.440 I/NpuProbe( 8463): [ggml] ggml_opencl: selected platform: 'QUALCOMM Snapdragon(TM)'
10-07 17:34:40.440 I/NpuProbe( 8463): [ggml] 
10-07 17:34:40.440 I/NpuProbe( 8463): ggml_opencl: device: 'QUALCOMM Adreno(TM) 840 (OpenCL 3.0 Adreno(TM) 840)'
10-07 17:34:40.440 I/NpuProbe( 8463): [ggml] ggml_opencl: default device: 'QUALCOMM Adreno(TM) 840 (OpenCL 3.0 Adreno(TM) 840)'
10-07 17:34:40.440 I/NpuProbe( 8463): [ggml] ggml-hex: Loading driver libcdsprpc.so
10-07 17:34:40.441 I/NpuProbe( 8463): [ggml] ggml-hex: Hexagon backend (experimental) : allocating new registry : ndev 1
10-07 17:34:40.441 I/NpuProbe( 8463): [ggml] ggml-hex: Hexagon Arch version v81
10-07 17:34:40.441 I/NpuProbe( 8463): [ggml] ggml-hex: HTP0 allocating new session
10-07 17:34:40.475 I/NpuProbe( 8463): [ggml] ggml-hex: HTP0 hwinfo: threads 8, hvx 8, hmx 1, vtcm 8 MB
10-07 17:34:40.476 I/NpuProbe( 8463): [ggml] ggml-hex: HTP0 new session : session-id 0 domain-id 3 uri file:///libggml-htp-v81.so?htp_iface_skel_handle_invoke&_modver=1.0&_dom=cdsp&_session=0 handle 0xb4000077d52ef640
10-07 17:34:40.479 I/NpuProbe( 8463): [ggml] ggml-hex: HTP0 op batching: n-bufs 16 n-tensors 7168 n-ops 1024 vmem 3355443200
10-07 17:34:40.483 I/NpuProbe( 8463): load_all_from_path=50ms
10-07 17:34:40.483 I/NpuProbe( 8463): [ggml] load_backend: failed to find ggml_backend_init in /data/app/~~-AAa5lDaii0dMGTPgPeENA==/br.gov.sp.pcsp.npuprobe-rKDzfVqWrdi-4lPwWdPEAA==/lib/arm64/libggml-hexagon.so
10-07 17:34:40.483 I/NpuProbe( 8463): load(hexagon direto)=FALHOU em 0ms
10-07 17:34:40.483 I/NpuProbe( 8463): devices=4
10-07 17:34:40.483 I/NpuProbe( 8463):   dev[0] Vulkan0 (Adreno (TM) 840)
10-07 17:34:40.483 I/NpuProbe( 8463):   dev[1] GPUOpenCL (QUALCOMM Adreno(TM) 840)
10-07 17:34:40.483 I/NpuProbe( 8463):   dev[2] HTP0 (Hexagon)
10-07 17:34:40.483 I/NpuProbe( 8463):   dev[3] CPU (CPU)
10-07 17:34:40.483 I/NpuProbe( 8463): dev_init(HTP0)=0ms -> SESSAO ABERTA
10-07 17:34:40.484 I/NpuProbe( 8463): graph_compute(MUL_MAT 64x64)=0.5ms status=0
10-07 17:34:40.484 I/NpuProbe( 8463): c[0]=128.000000 (esperado 128.0)
10-07 17:34:40.484 I/NpuProbe( 8463): RESULTADO: APP-UID OK: sessao HTP + op executado com resultado correto
10-07 17:34:40.485 I/NpuProbe( 8463): REPORT:
10-07 17:34:40.485 I/NpuProbe( 8463): libdir=/data/app/~~-AAa5lDaii0dMGTPgPeENA==/br.gov.sp.pcsp.npuprobe-rKDzfVqWrdi-4lPwWdPEAA==/lib/arm64
10-07 17:34:40.485 I/NpuProbe( 8463): build=llama.cpp-upstream-pkg (v11-libs) + probe R4
10-07 17:34:40.485 I/NpuProbe( 8463): controle-sistema (liblog.so)=OK
10-07 17:34:40.485 I/NpuProbe( 8463): negativo-fake (libnaoexiste_xyz.so)=FALHOU err=dlopen failed: library "libnaoexiste_xyz.so" not found
10-07 17:34:40.485 I/NpuProbe( 8463): cdsprpc-nome (libcdsprpc.so)=OK
10-07 17:34:40.485 I/NpuProbe( 8463): cdsprpc-abs (/vendor/lib64/libcdsprpc.so)=OK
10-07 17:34:40.485 I/NpuProbe( 8463): ADSP_LIBRARY_PATH=libdir (setenv)
10-07 17:34:40.485 I/NpuProbe( 8463): load_all_from_path=50ms
10-07 17:34:40.485 I/NpuProbe( 8463): load(hexagon direto)=FALHOU em 0ms
10-07 17:34:40.485 I/NpuProbe( 8463): devices=4
10-07 17:34:40.485 I/NpuProbe( 8463):   dev[0] Vulkan0 (Adreno (TM) 840)
10-07 17:34:40.485 I/NpuProbe( 8463):   dev[1] GPUOpenCL (QUALCOMM Adreno(TM) 840)
10-07 17:34:40.485 I/NpuProbe( 8463):   dev[2] HTP0 (Hexagon)
10-07 17:34:40.485 I/NpuProbe( 8463):   dev[3] CPU (CPU)
10-07 17:34:40.485 I/NpuProbe( 8463): dev_init(HTP0)=0ms -> SESSAO ABERTA
10-07 17:34:40.485 I/NpuProbe( 8463): graph_compute(MUL_MAT 64x64)=0.5ms status=0
10-07 17:34:40.485 I/NpuProbe( 8463): c[0]=128.000000 (esperado 128.0)
10-07 17:34:40.485 I/NpuProbe( 8463): RESULTADO: APP-UID OK: sessao HTP + op executado com resultado correto
10-07 17:34:40.485 I/NpuProbe( 8463): AUTO-GATILHO='smart:vulkan'
10-07 17:34:40.485 I/NpuProbe( 8463): SMART iniciando rota=vulkan com /data/local/tmp/hymt2_app.gguf
10-07 17:34:40.485 I/NpuProbe( 8463): SMARTv2 rota='vulkan' mutante=(none)
10-07 17:34:40.486 I/NpuProbe( 8463): MODO VALIDACAO (espelho teacher-forcing)
10-07 17:34:40.487 I/NpuProbe( 8463): MODO PONTE: origem=htp | destino=vulkan (Vulkan0)
10-07 17:34:40.487 I/NpuProbe( 8463): prompt: ARQUIVO (len=379)
10-07 17:34:40.487 I/NpuProbe( 8463): cap: ARQUIVO = 160
[rec 17:33:48]
--------- beginning of main
10-07 17:34:40.432 I/NpuProbe( 8463): nativeLibraryDir=/data/app/~~-AAa5lDaii0dMGTPgPeENA==/br.gov.sp.pcsp.npuprobe-rKDzfVqWrdi-4lPwWdPEAA==/lib/arm64
10-07 17:34:40.432 I/NpuProbe( 8463): libdir=/data/app/~~-AAa5lDaii0dMGTPgPeENA==/br.gov.sp.pcsp.npuprobe-rKDzfVqWrdi-4lPwWdPEAA==/lib/arm64
10-07 17:34:40.432 I/NpuProbe( 8463): build=llama.cpp-upstream-pkg (v11-libs) + probe R4
10-07 17:34:40.432 I/NpuProbe( 8463): controle-sistema (liblog.so)=OK
10-07 17:34:40.432 I/NpuProbe( 8463): negativo-fake (libnaoexiste_xyz.so)=FALHOU err=dlopen failed: library "libnaoexiste_xyz.so" not found
10-07 17:34:40.432 I/NpuProbe( 8463): cdsprpc-nome (libcdsprpc.so)=OK
10-07 17:34:40.433 I/NpuProbe( 8463): cdsprpc-abs (/vendor/lib64/libcdsprpc.so)=OK
10-07 17:34:40.433 I/NpuProbe( 8463): ADSP_LIBRARY_PATH=libdir (setenv)
10-07 17:34:40.434 I/NpuProbe( 8463): [ggml] ggml_vulkan: Found 1 Vulkan devices:
10-07 17:34:40.434 I/NpuProbe( 8463): [ggml] ggml_vulkan: 0 = Adreno (TM) 840 (Qualcomm Technologies Inc. Adreno Vulkan Driver) | uma: 1 | fp16: 1 | bf16: 0 | fp4: 0 | warp size: 64 | shared memory: 32768 | int dot: 0 | matrix cores: none
10-07 17:34:40.440 I/NpuProbe( 8463): [ggml] ggml_opencl: selected platform: 'QUALCOMM Snapdragon(TM)'
10-07 17:34:40.440 I/NpuProbe( 8463): [ggml] 
10-07 17:34:40.440 I/NpuProbe( 8463): ggml_opencl: device: 'QUALCOMM Adreno(TM) 840 (OpenCL 3.0 Adreno(TM) 840)'
10-07 17:34:40.440 I/NpuProbe( 8463): [ggml] ggml_opencl: default device: 'QUALCOMM Adreno(TM) 840 (OpenCL 3.0 Adreno(TM) 840)'
10-07 17:34:40.440 I/NpuProbe( 8463): [ggml] ggml-hex: Loading driver libcdsprpc.so
10-07 17:34:40.441 I/NpuProbe( 8463): [ggml] ggml-hex: Hexagon backend (experimental) : allocating new registry : ndev 1
10-07 17:34:40.441 I/NpuProbe( 8463): [ggml] ggml-hex: Hexagon Arch version v81
10-07 17:34:40.441 I/NpuProbe( 8463): [ggml] ggml-hex: HTP0 allocating new session
10-07 17:34:40.475 I/NpuProbe( 8463): [ggml] ggml-hex: HTP0 hwinfo: threads 8, hvx 8, hmx 1, vtcm 8 MB
10-07 17:34:40.476 I/NpuProbe( 8463): [ggml] ggml-hex: HTP0 new session : session-id 0 domain-id 3 uri file:///libggml-htp-v81.so?htp_iface_skel_handle_invoke&_modver=1.0&_dom=cdsp&_session=0 handle 0xb4000077d52ef640
10-07 17:34:40.479 I/NpuProbe( 8463): [ggml] ggml-hex: HTP0 op batching: n-bufs 16 n-tensors 7168 n-ops 1024 vmem 3355443200
10-07 17:34:40.483 I/NpuProbe( 8463): load_all_from_path=50ms
10-07 17:34:40.483 I/NpuProbe( 8463): [ggml] load_backend: failed to find ggml_backend_init in /data/app/~~-AAa5lDaii0dMGTPgPeENA==/br.gov.sp.pcsp.npuprobe-rKDzfVqWrdi-4lPwWdPEAA==/lib/arm64/libggml-hexagon.so
10-07 17:34:40.483 I/NpuProbe( 8463): load(hexagon direto)=FALHOU em 0ms
10-07 17:34:40.483 I/NpuProbe( 8463): devices=4
10-07 17:34:40.483 I/NpuProbe( 8463):   dev[0] Vulkan0 (Adreno (TM) 840)
10-07 17:34:40.483 I/NpuProbe( 8463):   dev[1] GPUOpenCL (QUALCOMM Adreno(TM) 840)
10-07 17:34:40.483 I/NpuProbe( 8463):   dev[2] HTP0 (Hexagon)
10-07 17:34:40.483 I/NpuProbe( 8463):   dev[3] CPU (CPU)
10-07 17:34:40.483 I/NpuProbe( 8463): dev_init(HTP0)=0ms -> SESSAO ABERTA
10-07 17:34:40.484 I/NpuProbe( 8463): graph_compute(MUL_MAT 64x64)=0.5ms status=0
10-07 17:34:40.484 I/NpuProbe( 8463): c[0]=128.000000 (esperado 128.0)
10-07 17:34:40.484 I/NpuProbe( 8463): RESULTADO: APP-UID OK: sessao HTP + op executado com resultado correto
10-07 17:34:40.485 I/NpuProbe( 8463): REPORT:
10-07 17:34:40.485 I/NpuProbe( 8463): libdir=/data/app/~~-AAa5lDaii0dMGTPgPeENA==/br.gov.sp.pcsp.npuprobe-rKDzfVqWrdi-4lPwWdPEAA==/lib/arm64
10-07 17:34:40.485 I/NpuProbe( 8463): build=llama.cpp-upstream-pkg (v11-libs) + probe R4
10-07 17:34:40.485 I/NpuProbe( 8463): controle-sistema (liblog.so)=OK
10-07 17:34:40.485 I/NpuProbe( 8463): negativo-fake (libnaoexiste_xyz.so)=FALHOU err=dlopen failed: library "libnaoexiste_xyz.so" not found
10-07 17:34:40.485 I/NpuProbe( 8463): cdsprpc-nome (libcdsprpc.so)=OK
10-07 17:34:40.485 I/NpuProbe( 8463): cdsprpc-abs (/vendor/lib64/libcdsprpc.so)=OK
10-07 17:34:40.485 I/NpuProbe( 8463): ADSP_LIBRARY_PATH=libdir (setenv)
10-07 17:34:40.485 I/NpuProbe( 8463): load_all_from_path=50ms
10-07 17:34:40.485 I/NpuProbe( 8463): load(hexagon direto)=FALHOU em 0ms
10-07 17:34:40.485 I/NpuProbe( 8463): devices=4
10-07 17:34:40.485 I/NpuProbe( 8463):   dev[0] Vulkan0 (Adreno (TM) 840)
10-07 17:34:40.485 I/NpuProbe( 8463):   dev[1] GPUOpenCL (QUALCOMM Adreno(TM) 840)
10-07 17:34:40.485 I/NpuProbe( 8463):   dev[2] HTP0 (Hexagon)
10-07 17:34:40.485 I/NpuProbe( 8463):   dev[3] CPU (CPU)
10-07 17:34:40.485 I/NpuProbe( 8463): dev_init(HTP0)=0ms -> SESSAO ABERTA
10-07 17:34:40.485 I/NpuProbe( 8463): graph_compute(MUL_MAT 64x64)=0.5ms status=0
10-07 17:34:40.485 I/NpuProbe( 8463): c[0]=128.000000 (esperado 128.0)
10-07 17:34:40.485 I/NpuProbe( 8463): RESULTADO: APP-UID OK: sessao HTP + op executado com resultado correto
10-07 17:34:40.485 I/NpuProbe( 8463): AUTO-GATILHO='smart:vulkan'
10-07 17:34:40.485 I/NpuProbe( 8463): SMART iniciando rota=vulkan com /data/local/tmp/hymt2_app.gguf
10-07 17:34:40.485 I/NpuProbe( 8463): SMARTv2 rota='vulkan' mutante=(none)
10-07 17:34:40.486 I/NpuProbe( 8463): MODO VALIDACAO (espelho teacher-forcing)
10-07 17:34:40.487 I/NpuProbe( 8463): MODO PONTE: origem=htp | destino=vulkan (Vulkan0)
10-07 17:34:40.487 I/NpuProbe( 8463): prompt: ARQUIVO (len=379)
10-07 17:34:40.487 I/NpuProbe( 8463): cap: ARQUIVO = 160
10-07 17:34:52.218 I/NpuProbe( 8463): A1: ok=1 cap=0 eog_tok1=0 tok1=32 amostrados(s/d)=64/63 emitidos=63 consumidos=63 decodes_s_pos_ponte=63
10-07 17:34:52.218 I/NpuProbe( 8463): A1 tempos: prefill=1566.52ms export=0.33ms(3802585B) import=2.03ms gen=9289.96ms
10-07 17:34:52.218 I/NpuProbe( 8463): A1 espelho: passos=63 iguais=63 div_pos=-1 div_marg(d/s)=-1.000/-1.000
10-07 17:34:52.218 I/NpuProbe( 8463): A1 fronteiras(ms desde request): prefill_done=2365.7 tok1_ready=2410.3 import_done=2412.3 tok2_ready=3384.3 fim=11702.3 (INTERNAS; sem streaming de UI no probe)
10-07 17:34:52.218 I/NpuProbe( 8463): A1 prompt_hash=0edc23f816808e4e
10-07 17:34:52.218 I/NpuProbe( 8463): A1 texto: A raposa marrom e rápida salta sobre o cachorro preguiçoso, enquanto o sol se põe lentamente atrás das montanhas. O rio continua a fluir pelo vale onde o velho moinho uma vez ficou em pé.
10-07 17:34:52.223 I/NpuProbe( 8463): reset: pos cmp (origem=-1 destino=-1) -> VAZIO ok
10-07 17:35:03.134 I/NpuProbe( 8463): A2: ok=1 texto igual ao A1: SIM
10-07 17:35:03.134 I/NpuProbe( 8463): RESULTADO: SMART-ACEITO (htp->vulkan; A-B-A integral; espelho 63/63)
10-07 17:35:03.284 I/NpuProbe( 8463): SMART REPORT:
10-07 17:35:03.284 I/NpuProbe( 8463): SMART (vulkan)
10-07 17:35:03.284 I/NpuProbe( 8463): 
10-07 17:35:03.284 I/NpuProbe( 8463): SMARTv2 rota='vulkan' mutante=(none)
10-07 17:35:03.284 I/NpuProbe( 8463): MODO VALIDACAO (espelho teacher-forcing)
10-07 17:35:03.284 I/NpuProbe( 8463): MODO PONTE: origem=htp | destino=vulkan (Vulkan0)
10-07 17:35:03.284 I/NpuProbe( 8463): prompt: ARQUIVO (len=379)
10-07 17:35:03.284 I/NpuProbe( 8463): cap: ARQUIVO = 160
10-07 17:35:03.284 I/NpuProbe( 8463): load(destino)=587ms
10-07 17:35:03.284 I/NpuProbe( 8463): load(origem)=147ms
10-07 17:35:03.284 I/NpuProbe( 8463): ctxs prontos (cold_total=799ms)
10-07 17:35:03.284 I/NpuProbe( 8463): A1: ok=1 cap=0 eog_tok1=0 tok1=32 amostrados(s/d)=64/63 emitidos=63 consumidos=63 decodes_s_pos_ponte=63
10-07 17:35:03.284 I/NpuProbe( 8463): A1 tempos: prefill=1566.52ms export=0.33ms(3802585B) import=2.03ms gen=9289.96ms
10-07 17:35:03.284 I/NpuProbe( 8463): A1 espelho: passos=63 iguais=63 div_pos=-1 div_marg(d/s)=-1.000/-1.000
10-07 17:35:03.284 I/NpuProbe( 8463): A1 fronteiras(ms desde request): prefill_done=2365.7 tok1_ready=2410.3 import_done=2412.3 tok2_ready=3384.3 fim=11702.3 (INTERNAS; sem streaming de UI no probe)
10-07 17:35:03.284 I/NpuProbe( 8463): A1 prompt_hash=0edc23f816808e4e
10-07 17:35:03.284 I/NpuProbe( 8463): A1 texto: A raposa marrom e rápida salta sobre o cachorro preguiçoso, enquanto o sol se põe lentamente atrás das montanhas. O rio continua a fluir pelo vale onde o velho moinho uma vez ficou em pé.
10-07 17:35:03.284 I/NpuProbe( 8463): reset: pos cmp (origem=-1 destino=-1) -> VAZIO ok
10-07 17:35:03.284 I/NpuProbe( 8463): A2: ok=1 texto igual ao A1: SIM
10-07 17:35:03.284 I/NpuProbe( 8463): RESULTADO: SMART-ACEITO (htp->vulkan; A-B-A integral; espelho 63/63)
[rec 17:34:16]
--------- beginning of main
10-07 17:34:40.432 I/NpuProbe( 8463): nativeLibraryDir=/data/app/~~-AAa5lDaii0dMGTPgPeENA==/br.gov.sp.pcsp.npuprobe-rKDzfVqWrdi-4lPwWdPEAA==/lib/arm64
10-07 17:34:40.432 I/NpuProbe( 8463): libdir=/data/app/~~-AAa5lDaii0dMGTPgPeENA==/br.gov.sp.pcsp.npuprobe-rKDzfVqWrdi-4lPwWdPEAA==/lib/arm64
10-07 17:34:40.432 I/NpuProbe( 8463): build=llama.cpp-upstream-pkg (v11-libs) + probe R4
10-07 17:34:40.432 I/NpuProbe( 8463): controle-sistema (liblog.so)=OK
10-07 17:34:40.432 I/NpuProbe( 8463): negativo-fake (libnaoexiste_xyz.so)=FALHOU err=dlopen failed: library "libnaoexiste_xyz.so" not found
10-07 17:34:40.432 I/NpuProbe( 8463): cdsprpc-nome (libcdsprpc.so)=OK
10-07 17:34:40.433 I/NpuProbe( 8463): cdsprpc-abs (/vendor/lib64/libcdsprpc.so)=OK
10-07 17:34:40.433 I/NpuProbe( 8463): ADSP_LIBRARY_PATH=libdir (setenv)
10-07 17:34:40.434 I/NpuProbe( 8463): [ggml] ggml_vulkan: Found 1 Vulkan devices:
10-07 17:34:40.434 I/NpuProbe( 8463): [ggml] ggml_vulkan: 0 = Adreno (TM) 840 (Qualcomm Technologies Inc. Adreno Vulkan Driver) | uma: 1 | fp16: 1 | bf16: 0 | fp4: 0 | warp size: 64 | shared memory: 32768 | int dot: 0 | matrix cores: none
10-07 17:34:40.440 I/NpuProbe( 8463): [ggml] ggml_opencl: selected platform: 'QUALCOMM Snapdragon(TM)'
10-07 17:34:40.440 I/NpuProbe( 8463): [ggml] 
10-07 17:34:40.440 I/NpuProbe( 8463): ggml_opencl: device: 'QUALCOMM Adreno(TM) 840 (OpenCL 3.0 Adreno(TM) 840)'
10-07 17:34:40.440 I/NpuProbe( 8463): [ggml] ggml_opencl: default device: 'QUALCOMM Adreno(TM) 840 (OpenCL 3.0 Adreno(TM) 840)'
10-07 17:34:40.440 I/NpuProbe( 8463): [ggml] ggml-hex: Loading driver libcdsprpc.so
10-07 17:34:40.441 I/NpuProbe( 8463): [ggml] ggml-hex: Hexagon backend (experimental) : allocating new registry : ndev 1
10-07 17:34:40.441 I/NpuProbe( 8463): [ggml] ggml-hex: Hexagon Arch version v81
10-07 17:34:40.441 I/NpuProbe( 8463): [ggml] ggml-hex: HTP0 allocating new session
10-07 17:34:40.475 I/NpuProbe( 8463): [ggml] ggml-hex: HTP0 hwinfo: threads 8, hvx 8, hmx 1, vtcm 8 MB
10-07 17:34:40.476 I/NpuProbe( 8463): [ggml] ggml-hex: HTP0 new session : session-id 0 domain-id 3 uri file:///libggml-htp-v81.so?htp_iface_skel_handle_invoke&_modver=1.0&_dom=cdsp&_session=0 handle 0xb4000077d52ef640
10-07 17:34:40.479 I/NpuProbe( 8463): [ggml] ggml-hex: HTP0 op batching: n-bufs 16 n-tensors 7168 n-ops 1024 vmem 3355443200
10-07 17:34:40.483 I/NpuProbe( 8463): load_all_from_path=50ms
10-07 17:34:40.483 I/NpuProbe( 8463): [ggml] load_backend: failed to find ggml_backend_init in /data/app/~~-AAa5lDaii0dMGTPgPeENA==/br.gov.sp.pcsp.npuprobe-rKDzfVqWrdi-4lPwWdPEAA==/lib/arm64/libggml-hexagon.so
10-07 17:34:40.483 I/NpuProbe( 8463): load(hexagon direto)=FALHOU em 0ms
10-07 17:34:40.483 I/NpuProbe( 8463): devices=4
10-07 17:34:40.483 I/NpuProbe( 8463):   dev[0] Vulkan0 (Adreno (TM) 840)
10-07 17:34:40.483 I/NpuProbe( 8463):   dev[1] GPUOpenCL (QUALCOMM Adreno(TM) 840)
10-07 17:34:40.483 I/NpuProbe( 8463):   dev[2] HTP0 (Hexagon)
10-07 17:34:40.483 I/NpuProbe( 8463):   dev[3] CPU (CPU)
10-07 17:34:40.483 I/NpuProbe( 8463): dev_init(HTP0)=0ms -> SESSAO ABERTA
10-07 17:34:40.484 I/NpuProbe( 8463): graph_compute(MUL_MAT 64x64)=0.5ms status=0
10-07 17:34:40.484 I/NpuProbe( 8463): c[0]=128.000000 (esperado 128.0)
10-07 17:34:40.484 I/NpuProbe( 8463): RESULTADO: APP-UID OK: sessao HTP + op executado com resultado correto
10-07 17:34:40.485 I/NpuProbe( 8463): REPORT:
10-07 17:34:40.485 I/NpuProbe( 8463): libdir=/data/app/~~-AAa5lDaii0dMGTPgPeENA==/br.gov.sp.pcsp.npuprobe-rKDzfVqWrdi-4lPwWdPEAA==/lib/arm64
10-07 17:34:40.485 I/NpuProbe( 8463): build=llama.cpp-upstream-pkg (v11-libs) + probe R4
10-07 17:34:40.485 I/NpuProbe( 8463): controle-sistema (liblog.so)=OK
10-07 17:34:40.485 I/NpuProbe( 8463): negativo-fake (libnaoexiste_xyz.so)=FALHOU err=dlopen failed: library "libnaoexiste_xyz.so" not found
10-07 17:34:40.485 I/NpuProbe( 8463): cdsprpc-nome (libcdsprpc.so)=OK
10-07 17:34:40.485 I/NpuProbe( 8463): cdsprpc-abs (/vendor/lib64/libcdsprpc.so)=OK
10-07 17:34:40.485 I/NpuProbe( 8463): ADSP_LIBRARY_PATH=libdir (setenv)
10-07 17:34:40.485 I/NpuProbe( 8463): load_all_from_path=50ms
10-07 17:34:40.485 I/NpuProbe( 8463): load(hexagon direto)=FALHOU em 0ms
10-07 17:34:40.485 I/NpuProbe( 8463): devices=4
10-07 17:34:40.485 I/NpuProbe( 8463):   dev[0] Vulkan0 (Adreno (TM) 840)
10-07 17:34:40.485 I/NpuProbe( 8463):   dev[1] GPUOpenCL (QUALCOMM Adreno(TM) 840)
10-07 17:34:40.485 I/NpuProbe( 8463):   dev[2] HTP0 (Hexagon)
10-07 17:34:40.485 I/NpuProbe( 8463):   dev[3] CPU (CPU)
10-07 17:34:40.485 I/NpuProbe( 8463): dev_init(HTP0)=0ms -> SESSAO ABERTA
10-07 17:34:40.485 I/NpuProbe( 8463): graph_compute(MUL_MAT 64x64)=0.5ms status=0
10-07 17:34:40.485 I/NpuProbe( 8463): c[0]=128.000000 (esperado 128.0)
10-07 17:34:40.485 I/NpuProbe( 8463): RESULTADO: APP-UID OK: sessao HTP + op executado com resultado correto
10-07 17:34:40.485 I/NpuProbe( 8463): AUTO-GATILHO='smart:vulkan'
10-07 17:34:40.485 I/NpuProbe( 8463): SMART iniciando rota=vulkan com /data/local/tmp/hymt2_app.gguf
10-07 17:34:40.485 I/NpuProbe( 8463): SMARTv2 rota='vulkan' mutante=(none)
10-07 17:34:40.486 I/NpuProbe( 8463): MODO VALIDACAO (espelho teacher-forcing)
10-07 17:34:40.487 I/NpuProbe( 8463): MODO PONTE: origem=htp | destino=vulkan (Vulkan0)
10-07 17:34:40.487 I/NpuProbe( 8463): prompt: ARQUIVO (len=379)
10-07 17:34:40.487 I/NpuProbe( 8463): cap: ARQUIVO = 160
10-07 17:34:52.218 I/NpuProbe( 8463): A1: ok=1 cap=0 eog_tok1=0 tok1=32 amostrados(s/d)=64/63 emitidos=63 consumidos=63 decodes_s_pos_ponte=63
10-07 17:34:52.218 I/NpuProbe( 8463): A1 tempos: prefill=1566.52ms export=0.33ms(3802585B) import=2.03ms gen=9289.96ms
10-07 17:34:52.218 I/NpuProbe( 8463): A1 espelho: passos=63 iguais=63 div_pos=-1 div_marg(d/s)=-1.000/-1.000
10-07 17:34:52.218 I/NpuProbe( 8463): A1 fronteiras(ms desde request): prefill_done=2365.7 tok1_ready=2410.3 import_done=2412.3 tok2_ready=3384.3 fim=11702.3 (INTERNAS; sem streaming de UI no probe)
10-07 17:34:52.218 I/NpuProbe( 8463): A1 prompt_hash=0edc23f816808e4e
10-07 17:34:52.218 I/NpuProbe( 8463): A1 texto: A raposa marrom e rápida salta sobre o cachorro preguiçoso, enquanto o sol se põe lentamente atrás das montanhas. O rio continua a fluir pelo vale onde o velho moinho uma vez ficou em pé.
10-07 17:34:52.223 I/NpuProbe( 8463): reset: pos cmp (origem=-1 destino=-1) -> VAZIO ok
10-07 17:35:03.134 I/NpuProbe( 8463): A2: ok=1 texto igual ao A1: SIM
10-07 17:35:03.134 I/NpuProbe( 8463): RESULTADO: SMART-ACEITO (htp->vulkan; A-B-A integral; espelho 63/63)
10-07 17:35:03.284 I/NpuProbe( 8463): SMART REPORT:
10-07 17:35:03.284 I/NpuProbe( 8463): SMART (vulkan)
10-07 17:35:03.284 I/NpuProbe( 8463): 
10-07 17:35:03.284 I/NpuProbe( 8463): SMARTv2 rota='vulkan' mutante=(none)
10-07 17:35:03.284 I/NpuProbe( 8463): MODO VALIDACAO (espelho teacher-forcing)
10-07 17:35:03.284 I/NpuProbe( 8463): MODO PONTE: origem=htp | destino=vulkan (Vulkan0)
10-07 17:35:03.284 I/NpuProbe( 8463): prompt: ARQUIVO (len=379)
10-07 17:35:03.284 I/NpuProbe( 8463): cap: ARQUIVO = 160
10-07 17:35:03.284 I/NpuProbe( 8463): load(destino)=587ms
10-07 17:35:03.284 I/NpuProbe( 8463): load(origem)=147ms
10-07 17:35:03.284 I/NpuProbe( 8463): ctxs prontos (cold_total=799ms)
10-07 17:35:03.284 I/NpuProbe( 8463): A1: ok=1 cap=0 eog_tok1=0 tok1=32 amostrados(s/d)=64/63 emitidos=63 consumidos=63 decodes_s_pos_ponte=63
10-07 17:35:03.284 I/NpuProbe( 8463): A1 tempos: prefill=1566.52ms export=0.33ms(3802585B) import=2.03ms gen=9289.96ms
10-07 17:35:03.284 I/NpuProbe( 8463): A1 espelho: passos=63 iguais=63 div_pos=-1 div_marg(d/s)=-1.000/-1.000
10-07 17:35:03.284 I/NpuProbe( 8463): A1 fronteiras(ms desde request): prefill_done=2365.7 tok1_ready=2410.3 import_done=2412.3 tok2_ready=3384.3 fim=11702.3 (INTERNAS; sem streaming de UI no probe)
10-07 17:35:03.284 I/NpuProbe( 8463): A1 prompt_hash=0edc23f816808e4e
10-07 17:35:03.284 I/NpuProbe( 8463): A1 texto: A raposa marrom e rápida salta sobre o cachorro preguiçoso, enquanto o sol se põe lentamente atrás das montanhas. O rio continua a fluir pelo vale onde o velho moinho uma vez ficou em pé.
10-07 17:35:03.284 I/NpuProbe( 8463): reset: pos cmp (origem=-1 destino=-1) -> VAZIO ok
10-07 17:35:03.284 I/NpuProbe( 8463): A2: ok=1 texto igual ao A1: SIM
10-07 17:35:03.284 I/NpuProbe( 8463): RESULTADO: SMART-ACEITO (htp->vulkan; A-B-A integral; espelho 63/63)
10-07 17:35:12.360 I/NpuProbe( 8463): P4v2 iniciando rota=cpu com /data/local/tmp/hymt2_app.gguf
10-07 17:35:12.360 I/NpuProbe( 8463): P4v2 modelo=/data/local/tmp/hymt2_app.gguf rota=cpu mutante=(none)
10-07 17:35:12.361 I/NpuProbe( 8463): device alvo: CPU (CPU)
10-07 17:35:12.695 I/NpuProbe( 8463): load=333ms
10-07 17:35:12.740 I/NpuProbe( 8463): ctx=45ms (cold_total ate aqui=379ms)
10-07 17:35:12.740 I/NpuProbe( 8463): template_seam: OK (marcadores hy presentes)
10-07 17:35:12.740 I/NpuProbe( 8463): promptA: tokens=31 hash=a5de647b1ff84e74 alvo=Portuguese
10-07 17:35:14.422 I/NpuProbe( 8463): A1: ok=1 stop=0 pieces=8 decodes=8 prefill=1240.36ms gen=440.33ms pp1=0.15ms
10-07 17:35:14.422 I/NpuProbe( 8463): A1 texto: Bom dia, como você está?
10-07 17:35:14.424 I/NpuProbe( 8463): reset1: pos_max=-1 -> VAZIO ok
10-07 17:35:15.756 I/NpuProbe( 8463): B: ok=1 stop=0 pieces=8 texto: O clima está bom hoje.
10-07 17:35:15.759 I/NpuProbe( 8463): reset2: pos_max=-1 -> VAZIO ok
10-07 17:35:17.484 I/NpuProbe( 8463): A2: ok=1 pieces=8 | A-B-A: A1==A2 (comparacao integral ok)
10-07 17:35:17.484 I/NpuProbe( 8463): metricas: pos_prefill_primeiro_piece=0.15ms | requestA1->primeiro_piece=1240.51ms | cold_total=5124ms
10-07 17:35:17.484 I/NpuProbe( 8463): stop_reasons: A1=0 B=0 A2=0 (0=EOG 1=limite_cap 2=erro)
10-07 17:35:17.484 I/NpuProbe( 8463): nota: rota CPU = referencia matched (nao e' evidencia NPU)
10-07 17:35:17.582 I/NpuProbe( 8463): RESULTADO: P4v2 SUCESSO (template+A1+reset1+B+reset2+A2 + A-B-A integral)
10-07 17:35:17.582 I/NpuProbe( 8463): P4 REPORT:
10-07 17:35:17.582 I/NpuProbe( 8463): P4v2 (cpu, /data/local/tmp/hymt2_app.gguf)
10-07 17:35:17.582 I/NpuProbe( 8463): 
10-07 17:35:17.582 I/NpuProbe( 8463): P4v2 modelo=/data/local/tmp/hymt2_app.gguf rota=cpu mutante=(none)
10-07 17:35:17.582 I/NpuProbe( 8463): device alvo: CPU (CPU)
10-07 17:35:17.582 I/NpuProbe( 8463): load=333ms
10-07 17:35:17.582 I/NpuProbe( 8463): ctx=45ms (cold_total ate aqui=379ms)
10-07 17:35:17.582 I/NpuProbe( 8463): template_seam: OK (marcadores hy presentes)
10-07 17:35:17.582 I/NpuProbe( 8463): promptA: tokens=31 hash=a5de647b1ff84e74 alvo=Portuguese
10-07 17:35:17.582 I/NpuProbe( 8463): A1: ok=1 stop=0 pieces=8 decodes=8 prefill=1240.36ms gen=440.33ms pp1=0.15ms
10-07 17:35:17.582 I/NpuProbe( 8463): A1 texto: Bom dia, como você está?
10-07 17:35:17.582 I/NpuProbe( 8463): reset1: pos_max=-1 -> VAZIO ok
10-07 17:35:17.582 I/NpuProbe( 8463): B: ok=1 stop=0 pieces=8 texto: O clima está bom hoje.
10-07 17:35:17.582 I/NpuProbe( 8463): reset2: pos_max=-1 -> VAZIO ok
10-07 17:35:17.582 I/NpuProbe( 8463): A2: ok=1 pieces=8 | A-B-A: A1==A2 (comparacao integral ok)
10-07 17:35:17.582 I/NpuProbe( 8463): metricas: pos_prefill_primeiro_piece=0.15ms | requestA1->primeiro_piece=1240.51ms | cold_total=5124ms
10-07 17:35:17.582 I/NpuProbe( 8463): stop_reasons: A1=0 B=0 A2=0 (0=EOG 1=limite_cap 2=erro)
10-07 17:35:17.582 I/NpuProbe( 8463): nota: rota CPU = referencia matched (nao e' evidencia NPU)
10-07 17:35:17.582 I/NpuProbe( 8463): RESULTADO: P4v2 SUCESSO (template+A1+reset1+B+reset2+A2 + A-B-A integral)
[rec 17:34:42]
[rec 17:35:09]
--------- beginning of main
10-07 17:36:14.951 I/NpuProbe(19805): nativeLibraryDir=/data/app/~~-AAa5lDaii0dMGTPgPeENA==/br.gov.sp.pcsp.npuprobe-rKDzfVqWrdi-4lPwWdPEAA==/lib/arm64
10-07 17:36:14.951 I/NpuProbe(19805): libdir=/data/app/~~-AAa5lDaii0dMGTPgPeENA==/br.gov.sp.pcsp.npuprobe-rKDzfVqWrdi-4lPwWdPEAA==/lib/arm64
10-07 17:36:14.951 I/NpuProbe(19805): build=llama.cpp-upstream-pkg (v11-libs) + probe R4
10-07 17:36:14.951 I/NpuProbe(19805): controle-sistema (liblog.so)=OK
10-07 17:36:14.951 I/NpuProbe(19805): negativo-fake (libnaoexiste_xyz.so)=FALHOU err=dlopen failed: library "libnaoexiste_xyz.so" not found
10-07 17:36:14.955 I/NpuProbe(19805): cdsprpc-nome (libcdsprpc.so)=OK
10-07 17:36:14.956 I/NpuProbe(19805): cdsprpc-abs (/vendor/lib64/libcdsprpc.so)=OK
10-07 17:36:14.957 I/NpuProbe(19805): ADSP_LIBRARY_PATH=libdir (setenv)
10-07 17:36:14.960 I/NpuProbe(19805): [ggml] ggml_vulkan: Found 1 Vulkan devices:
10-07 17:36:14.961 I/NpuProbe(19805): [ggml] ggml_vulkan: 0 = Adreno (TM) 840 (Qualcomm Technologies Inc. Adreno Vulkan Driver) | uma: 1 | fp16: 1 | bf16: 0 | fp4: 0 | warp size: 64 | shared memory: 32768 | int dot: 0 | matrix cores: none
10-07 17:36:14.984 I/NpuProbe(19805): [ggml] ggml_opencl: selected platform: 'QUALCOMM Snapdragon(TM)'
10-07 17:36:14.986 I/NpuProbe(19805): [ggml] 
10-07 17:36:14.986 I/NpuProbe(19805): ggml_opencl: device: 'QUALCOMM Adreno(TM) 840 (OpenCL 3.0 Adreno(TM) 840)'
10-07 17:36:14.986 I/NpuProbe(19805): [ggml] ggml_opencl: default device: 'QUALCOMM Adreno(TM) 840 (OpenCL 3.0 Adreno(TM) 840)'
10-07 17:36:14.986 I/NpuProbe(19805): [ggml] ggml-hex: Loading driver libcdsprpc.so
10-07 17:36:14.997 I/NpuProbe(19805): [ggml] ggml-hex: Hexagon backend (experimental) : allocating new registry : ndev 1
10-07 17:36:14.997 I/NpuProbe(19805): [ggml] ggml-hex: Hexagon Arch version v81
10-07 17:36:14.997 I/NpuProbe(19805): [ggml] ggml-hex: HTP0 allocating new session
10-07 17:36:15.045 I/NpuProbe(19805): [ggml] ggml-hex: HTP0 hwinfo: threads 8, hvx 8, hmx 1, vtcm 8 MB
10-07 17:36:15.046 I/NpuProbe(19805): [ggml] ggml-hex: HTP0 new session : session-id 0 domain-id 3 uri file:///libggml-htp-v81.so?htp_iface_skel_handle_invoke&_modver=1.0&_dom=cdsp&_session=0 handle 0xb4000077d5295480
10-07 17:36:15.053 I/NpuProbe(19805): [ggml] ggml-hex: HTP0 op batching: n-bufs 16 n-tensors 7168 n-ops 1024 vmem 3355443200
10-07 17:36:15.060 I/NpuProbe(19805): load_all_from_path=103ms
10-07 17:36:15.060 I/NpuProbe(19805): [ggml] load_backend: failed to find ggml_backend_init in /data/app/~~-AAa5lDaii0dMGTPgPeENA==/br.gov.sp.pcsp.npuprobe-rKDzfVqWrdi-4lPwWdPEAA==/lib/arm64/libggml-hexagon.so
10-07 17:36:15.060 I/NpuProbe(19805): load(hexagon direto)=FALHOU em 0ms
10-07 17:36:15.060 I/NpuProbe(19805): devices=4
10-07 17:36:15.060 I/NpuProbe(19805):   dev[0] Vulkan0 (Adreno (TM) 840)
10-07 17:36:15.060 I/NpuProbe(19805):   dev[1] GPUOpenCL (QUALCOMM Adreno(TM) 840)
10-07 17:36:15.060 I/NpuProbe(19805):   dev[2] HTP0 (Hexagon)
10-07 17:36:15.060 I/NpuProbe(19805):   dev[3] CPU (CPU)
10-07 17:36:15.060 I/NpuProbe(19805): dev_init(HTP0)=0ms -> SESSAO ABERTA
10-07 17:36:15.062 I/NpuProbe(19805): graph_compute(MUL_MAT 64x64)=0.6ms status=0
10-07 17:36:15.062 I/NpuProbe(19805): c[0]=128.000000 (esperado 128.0)
10-07 17:36:15.062 I/NpuProbe(19805): RESULTADO: APP-UID OK: sessao HTP + op executado com resultado correto
10-07 17:36:15.063 I/NpuProbe(19805): REPORT:
10-07 17:36:15.063 I/NpuProbe(19805): libdir=/data/app/~~-AAa5lDaii0dMGTPgPeENA==/br.gov.sp.pcsp.npuprobe-rKDzfVqWrdi-4lPwWdPEAA==/lib/arm64
10-07 17:36:15.063 I/NpuProbe(19805): build=llama.cpp-upstream-pkg (v11-libs) + probe R4
10-07 17:36:15.063 I/NpuProbe(19805): controle-sistema (liblog.so)=OK
10-07 17:36:15.063 I/NpuProbe(19805): negativo-fake (libnaoexiste_xyz.so)=FALHOU err=dlopen failed: library "libnaoexiste_xyz.so" not found
10-07 17:36:15.063 I/NpuProbe(19805): cdsprpc-nome (libcdsprpc.so)=OK
10-07 17:36:15.063 I/NpuProbe(19805): cdsprpc-abs (/vendor/lib64/libcdsprpc.so)=OK
10-07 17:36:15.063 I/NpuProbe(19805): ADSP_LIBRARY_PATH=libdir (setenv)
10-07 17:36:15.063 I/NpuProbe(19805): load_all_from_path=103ms
10-07 17:36:15.063 I/NpuProbe(19805): load(hexagon direto)=FALHOU em 0ms
10-07 17:36:15.063 I/NpuProbe(19805): devices=4
10-07 17:36:15.063 I/NpuProbe(19805):   dev[0] Vulkan0 (Adreno (TM) 840)
10-07 17:36:15.063 I/NpuProbe(19805):   dev[1] GPUOpenCL (QUALCOMM Adreno(TM) 840)
10-07 17:36:15.063 I/NpuProbe(19805):   dev[2] HTP0 (Hexagon)
10-07 17:36:15.063 I/NpuProbe(19805):   dev[3] CPU (CPU)
10-07 17:36:15.063 I/NpuProbe(19805): dev_init(HTP0)=0ms -> SESSAO ABERTA
10-07 17:36:15.063 I/NpuProbe(19805): graph_compute(MUL_MAT 64x64)=0.6ms status=0
10-07 17:36:15.063 I/NpuProbe(19805): c[0]=128.000000 (esperado 128.0)
10-07 17:36:15.063 I/NpuProbe(19805): RESULTADO: APP-UID OK: sessao HTP + op executado com resultado correto
10-07 17:36:15.063 I/NpuProbe(19805): AUTO-GATILHO='smart:opencl@bench'
10-07 17:36:15.064 I/NpuProbe(19805): SMART iniciando rota=opencl@bench com /data/local/tmp/hymt2_app.gguf
10-07 17:36:15.064 I/NpuProbe(19805): SMARTv2 rota='opencl@bench' mutante=(none)
10-07 17:36:15.065 I/NpuProbe(19805): MODO BENCHMARK (@bench; sem espelho; decode so no destino)
10-07 17:36:15.065 I/NpuProbe(19805): MODO PONTE: origem=htp | destino=opencl (GPUOpenCL)
10-07 17:36:15.066 I/NpuProbe(19805): prompt: ARQUIVO (len=379)
10-07 17:36:15.067 I/NpuProbe(19805): cap: ARQUIVO = 160
10-07 17:36:15.741 I/NpuProbe(19805): [ggml] .
10-07 17:36:15.742 I/NpuProbe(19805): [ggml] .
10-07 17:36:15.742 I/NpuProbe(19805): [ggml] .
10-07 17:36:15.742 I/NpuProbe(19805): [ggml] .
10-07 17:36:15.743 I/NpuProbe(19805): [ggml] .
10-07 17:36:15.743 I/NpuProbe(19805): [ggml] .
10-07 17:36:15.743 I/NpuProbe(19805): [ggml] .
10-07 17:36:15.744 I/NpuProbe(19805): [ggml] .
10-07 17:36:15.744 I/NpuProbe(19805): [ggml] .
10-07 17:36:15.744 I/NpuProbe(19805): [ggml] .
10-07 17:36:15.744 I/NpuProbe(19805): [ggml] .
10-07 17:36:15.744 I/NpuProbe(19805): [ggml] .
10-07 17:36:15.745 I/NpuProbe(19805): [ggml] .
10-07 17:36:15.745 I/NpuProbe(19805): [ggml] .
10-07 17:36:15.745 I/NpuProbe(19805): [ggml] .
10-07 17:36:15.746 I/NpuProbe(19805): [ggml] .
10-07 17:36:15.746 I/NpuProbe(19805): [ggml] .
10-07 17:36:15.746 I/NpuProbe(19805): [ggml] .
10-07 17:36:15.746 I/NpuProbe(19805): [ggml] .
10-07 17:36:15.746 I/NpuProbe(19805): [ggml] .
10-07 17:36:15.746 I/NpuProbe(19805): [ggml] .
10-07 17:36:15.746 I/NpuProbe(19805): [ggml] .
10-07 17:36:15.747 I/NpuProbe(19805): [ggml] .
10-07 17:36:15.747 I/NpuProbe(19805): [ggml] .
10-07 17:36:15.747 I/NpuProbe(19805): [ggml] .
10-07 17:36:15.747 I/NpuProbe(19805): [ggml] .
10-07 17:36:15.747 I/NpuProbe(19805): [ggml] .
10-07 17:36:15.747 I/NpuProbe(19805): [ggml] .
10-07 17:36:15.748 I/NpuProbe(19805): [ggml] .
10-07 17:36:15.748 I/NpuProbe(19805): [ggml] .
10-07 17:36:15.748 I/NpuProbe(19805): [ggml] .
10-07 17:36:15.748 I/NpuProbe(19805): [ggml] .
10-07 17:36:15.748 I/NpuProbe(19805): [ggml] .
10-07 17:36:15.748 I/NpuProbe(19805): [ggml] .
10-07 17:36:15.748 I/NpuProbe(19805): [ggml] .
10-07 17:36:15.749 I/NpuProbe(19805): [ggml] .
10-07 17:36:15.749 I/NpuProbe(19805): [ggml] .
10-07 17:36:15.749 I/NpuProbe(19805): [ggml] .
10-07 17:36:15.749 I/NpuProbe(19805): [ggml] .
10-07 17:36:15.750 I/NpuProbe(19805): [ggml] .
10-07 17:36:15.750 I/NpuProbe(19805): [ggml] .
10-07 17:36:15.750 I/NpuProbe(19805): [ggml] .
10-07 17:36:15.751 I/NpuProbe(19805): [ggml] .
10-07 17:36:15.751 I/NpuProbe(19805): [ggml] .
10-07 17:36:15.755 I/NpuProbe(19805): [ggml] .
10-07 17:36:15.755 I/NpuProbe(19805): [ggml] .
10-07 17:36:15.756 I/NpuProbe(19805): [ggml] .
10-07 17:36:15.756 I/NpuProbe(19805): [ggml] .
10-07 17:36:15.756 I/NpuProbe(19805): [ggml] .
10-07 17:36:15.756 I/NpuProbe(19805): [ggml] .
10-07 17:36:15.756 I/NpuProbe(19805): [ggml] .
10-07 17:36:15.757 I/NpuProbe(19805): [ggml] .
10-07 17:36:15.757 I/NpuProbe(19805): [ggml] .
10-07 17:36:15.757 I/NpuProbe(19805): [ggml] .
10-07 17:36:15.757 I/NpuProbe(19805): [ggml] .
10-07 17:36:15.758 I/NpuProbe(19805): [ggml] .
10-07 17:36:15.758 I/NpuProbe(19805): [ggml] .
10-07 17:36:15.758 I/NpuProbe(19805): [ggml] .
10-07 17:36:15.759 I/NpuProbe(19805): [ggml] .
10-07 17:36:15.759 I/NpuProbe(19805): [ggml] .
10-07 17:36:15.759 I/NpuProbe(19805): [ggml] .
10-07 17:36:15.759 I/NpuProbe(19805): [ggml] .
10-07 17:36:15.759 I/NpuProbe(19805): [ggml] .
10-07 17:36:15.760 I/NpuProbe(19805): [ggml] .
10-07 17:36:15.760 I/NpuProbe(19805): [ggml] .
10-07 17:36:15.760 I/NpuProbe(19805): [ggml] .
10-07 17:36:15.761 I/NpuProbe(19805): [ggml] .
10-07 17:36:15.761 I/NpuProbe(19805): [ggml] .
10-07 17:36:15.761 I/NpuProbe(19805): [ggml] .
10-07 17:36:15.762 I/NpuProbe(19805): [ggml] .
10-07 17:36:15.762 I/NpuProbe(19805): [ggml] .
10-07 17:36:15.762 I/NpuProbe(19805): [ggml] .
10-07 17:36:15.762 I/NpuProbe(19805): [ggml] .
10-07 17:36:15.763 I/NpuProbe(19805): [ggml] .
10-07 17:36:15.763 I/NpuProbe(19805): [ggml] .
10-07 17:36:15.764 I/NpuProbe(19805): [ggml] .
10-07 17:36:15.764 I/NpuProbe(19805): [ggml] .
10-07 17:36:15.764 I/NpuProbe(19805): [ggml] .
10-07 17:36:15.765 I/NpuProbe(19805): [ggml] .
10-07 17:36:15.765 I/NpuProbe(19805): [ggml] .
10-07 17:36:15.765 I/NpuProbe(19805): [ggml] .
10-07 17:36:15.766 I/NpuProbe(19805): [ggml] .
10-07 17:36:15.766 I/NpuProbe(19805): [ggml] .
10-07 17:36:15.766 I/NpuProbe(19805): [ggml] .
10-07 17:36:15.766 I/NpuProbe(19805): [ggml] .
10-07 17:36:15.767 I/NpuProbe(19805): [ggml] .
10-07 17:36:15.767 I/NpuProbe(19805): [ggml] .
10-07 17:36:15.767 I/NpuProbe(19805): [ggml] .
10-07 17:36:15.768 I/NpuProbe(19805): [ggml] .
10-07 17:36:15.768 I/NpuProbe(19805): [ggml] .
10-07 17:36:15.768 I/NpuProbe(19805): [ggml] .
10-07 17:36:15.768 I/NpuProbe(19805): [ggml] .
10-07 17:36:15.769 I/NpuProbe(19805): [ggml] .
10-07 17:36:15.769 I/NpuProbe(19805): [ggml] .
10-07 17:36:15.770 I/NpuProbe(19805): [ggml] .
10-07 17:36:15.770 I/NpuProbe(19805): [ggml] .
10-07 17:36:15.771 I/NpuProbe(19805): [ggml] .
10-07 17:36:15.771 I/NpuProbe(19805): [ggml] .
10-07 17:36:15.771 I/NpuProbe(19805): [ggml] .
10-07 17:36:15.772 I/NpuProbe(19805): [ggml] .
10-07 17:36:15.772 I/NpuProbe(19805): [ggml] .
10-07 17:36:15.772 I/NpuProbe(19805): [ggml] .
10-07 17:36:15.773 I/NpuProbe(19805): [ggml] .
10-07 17:36:15.773 I/NpuProbe(19805): [ggml] .
10-07 17:36:15.773 I/NpuProbe(19805): [ggml] .
10-07 17:36:15.773 I/NpuProbe(19805): [ggml] .
10-07 17:36:15.774 I/NpuProbe(19805): [ggml] .
10-07 17:36:15.774 I/NpuProbe(19805): [ggml] .
10-07 17:36:15.774 I/NpuProbe(19805): [ggml] .
10-07 17:36:15.775 I/NpuProbe(19805): [ggml] .
10-07 17:36:15.775 I/NpuProbe(19805): [ggml] .
10-07 17:36:15.775 I/NpuProbe(19805): [ggml] 
10-07 17:36:20.712 I/NpuProbe(19805): load(destino)=5645ms
10-07 17:36:20.712 I/NpuProbe(19805): [ggml] ggml_opencl: OpenCL driver: OpenCL 3.0 QUALCOMM build: 0842.41 Compiler E031.50.19.27
10-07 17:36:20.712 I/NpuProbe(19805): [ggml] ggml_opencl: vector subgroup broadcast support: true
10-07 17:36:20.712 I/NpuProbe(19805): [ggml] ggml_opencl: subgroup shuffle support: true
10-07 17:36:20.712 I/NpuProbe(19805): [ggml] ggml_opencl: device FP16 support: true
10-07 17:36:20.712 I/NpuProbe(19805): [ggml] ggml_opencl: khr dot product support: true
10-07 17:36:20.712 I/NpuProbe(19805): [ggml] ggml_opencl: mem base addr align: 128
10-07 17:36:20.712 I/NpuProbe(19805): [ggml] ggml_opencl: global mem size: 7555 MB
10-07 17:36:20.712 I/NpuProbe(19805): [ggml] ggml_opencl: max mem alloc size: 2048 MB
10-07 17:36:20.712 I/NpuProbe(19805): [ggml] ggml_opencl: device max image buffer size (pixels): 2147483648
10-07 17:36:20.712 I/NpuProbe(19805): [ggml] ggml_opencl: device max image2d size: 16384 x 16384
10-07 17:36:20.712 I/NpuProbe(19805): [ggml] ggml_opencl: device max workgroup size: 1024
10-07 17:36:20.712 I/NpuProbe(19805): [ggml] ggml_opencl: SVM coarse grain buffer support: true
10-07 17:36:20.712 I/NpuProbe(19805): [ggml] ggml_opencl: SVM fine grain buffer support: true
10-07 17:36:20.712 I/NpuProbe(19805): [ggml] ggml_opencl: SVM fine grain system support: false
10-07 17:36:20.712 I/NpuProbe(19805): [ggml] ggml_opencl: SVM atomics support: true
10-07 17:36:20.712 I/NpuProbe(19805): [ggml] ggml_opencl: cl_qcom_subgroup_shuffle support: true
10-07 17:36:20.712 I/NpuProbe(19805): [ggml] ggml_opencl: flattening quantized weights representation as struct of arrays (GGML_OPENCL_SOA_Q)
10-07 17:36:20.712 I/NpuProbe(19805): [ggml] ggml_opencl: using kernels optimized for Adreno (GGML_OPENCL_USE_ADRENO_KERNELS)
10-07 17:36:21.128 I/NpuProbe(19805): load(origem)=378ms
10-07 17:36:21.164 I/NpuProbe(19805): ctxs prontos (cold_total=6100ms)
10-07 17:36:23.807 I/NpuProbe(19805): [ggml] ggml_opencl: lazy-compiling flash_attn prepass for DK=128 DV=128
10-07 17:36:23.807 I/NpuProbe(19805): [ggml] ggml_opencl: compiling fa prepass f16
10-07 17:36:23.869 I/NpuProbe(19805): [ggml] ggml_opencl: compiling fa f32_f16
10-07 17:36:25.069 I/NpuProbe(19805): [ggml] ggml_opencl: flash_attn_f32_f16_q1_vec_mq_split_c8 DK=128 DV=128 per-kernel max 128 < required 256; skipping registration (will fall back)
10-07 17:36:25.069 I/NpuProbe(19805): [ggml] ggml_opencl: compiling fa f32_f16 MQ_GQA=8
10-07 17:36:25.667 I/NpuProbe(19805): [ggml] ggml_opencl: flash_attn_f32_f16_q1_vec_mq_split_c8 (g8) DK=128 DV=128 per-kernel max 128 < required 192; skipping registration (will fall back)
10-07 17:36:25.667 I/NpuProbe(19805): [ggml] ggml_opencl: compiling fa f32_f16 c8 NSG2
10-07 17:36:26.077 I/NpuProbe(19805): [ggml] ggml_opencl: compiling fa f32_f16 c8 g8 NSG2
10-07 17:36:26.670 I/NpuProbe(19805): [ggml] ggml_opencl: compiling fa f32_f16 split
[rec 17:35:36]
--------- beginning of main
10-07 17:36:14.951 I/NpuProbe(19805): nativeLibraryDir=/data/app/~~-AAa5lDaii0dMGTPgPeENA==/br.gov.sp.pcsp.npuprobe-rKDzfVqWrdi-4lPwWdPEAA==/lib/arm64
10-07 17:36:14.951 I/NpuProbe(19805): libdir=/data/app/~~-AAa5lDaii0dMGTPgPeENA==/br.gov.sp.pcsp.npuprobe-rKDzfVqWrdi-4lPwWdPEAA==/lib/arm64
10-07 17:36:14.951 I/NpuProbe(19805): build=llama.cpp-upstream-pkg (v11-libs) + probe R4
10-07 17:36:14.951 I/NpuProbe(19805): controle-sistema (liblog.so)=OK
10-07 17:36:14.951 I/NpuProbe(19805): negativo-fake (libnaoexiste_xyz.so)=FALHOU err=dlopen failed: library "libnaoexiste_xyz.so" not found
10-07 17:36:14.955 I/NpuProbe(19805): cdsprpc-nome (libcdsprpc.so)=OK
10-07 17:36:14.956 I/NpuProbe(19805): cdsprpc-abs (/vendor/lib64/libcdsprpc.so)=OK
10-07 17:36:14.957 I/NpuProbe(19805): ADSP_LIBRARY_PATH=libdir (setenv)
10-07 17:36:14.960 I/NpuProbe(19805): [ggml] ggml_vulkan: Found 1 Vulkan devices:
10-07 17:36:14.961 I/NpuProbe(19805): [ggml] ggml_vulkan: 0 = Adreno (TM) 840 (Qualcomm Technologies Inc. Adreno Vulkan Driver) | uma: 1 | fp16: 1 | bf16: 0 | fp4: 0 | warp size: 64 | shared memory: 32768 | int dot: 0 | matrix cores: none
10-07 17:36:14.984 I/NpuProbe(19805): [ggml] ggml_opencl: selected platform: 'QUALCOMM Snapdragon(TM)'
10-07 17:36:14.986 I/NpuProbe(19805): [ggml] 
10-07 17:36:14.986 I/NpuProbe(19805): ggml_opencl: device: 'QUALCOMM Adreno(TM) 840 (OpenCL 3.0 Adreno(TM) 840)'
10-07 17:36:14.986 I/NpuProbe(19805): [ggml] ggml_opencl: default device: 'QUALCOMM Adreno(TM) 840 (OpenCL 3.0 Adreno(TM) 840)'
10-07 17:36:14.986 I/NpuProbe(19805): [ggml] ggml-hex: Loading driver libcdsprpc.so
10-07 17:36:14.997 I/NpuProbe(19805): [ggml] ggml-hex: Hexagon backend (experimental) : allocating new registry : ndev 1
10-07 17:36:14.997 I/NpuProbe(19805): [ggml] ggml-hex: Hexagon Arch version v81
10-07 17:36:14.997 I/NpuProbe(19805): [ggml] ggml-hex: HTP0 allocating new session
10-07 17:36:15.045 I/NpuProbe(19805): [ggml] ggml-hex: HTP0 hwinfo: threads 8, hvx 8, hmx 1, vtcm 8 MB
10-07 17:36:15.046 I/NpuProbe(19805): [ggml] ggml-hex: HTP0 new session : session-id 0 domain-id 3 uri file:///libggml-htp-v81.so?htp_iface_skel_handle_invoke&_modver=1.0&_dom=cdsp&_session=0 handle 0xb4000077d5295480
10-07 17:36:15.053 I/NpuProbe(19805): [ggml] ggml-hex: HTP0 op batching: n-bufs 16 n-tensors 7168 n-ops 1024 vmem 3355443200
10-07 17:36:15.060 I/NpuProbe(19805): load_all_from_path=103ms
10-07 17:36:15.060 I/NpuProbe(19805): [ggml] load_backend: failed to find ggml_backend_init in /data/app/~~-AAa5lDaii0dMGTPgPeENA==/br.gov.sp.pcsp.npuprobe-rKDzfVqWrdi-4lPwWdPEAA==/lib/arm64/libggml-hexagon.so
10-07 17:36:15.060 I/NpuProbe(19805): load(hexagon direto)=FALHOU em 0ms
10-07 17:36:15.060 I/NpuProbe(19805): devices=4
10-07 17:36:15.060 I/NpuProbe(19805):   dev[0] Vulkan0 (Adreno (TM) 840)
10-07 17:36:15.060 I/NpuProbe(19805):   dev[1] GPUOpenCL (QUALCOMM Adreno(TM) 840)
10-07 17:36:15.060 I/NpuProbe(19805):   dev[2] HTP0 (Hexagon)
10-07 17:36:15.060 I/NpuProbe(19805):   dev[3] CPU (CPU)
10-07 17:36:15.060 I/NpuProbe(19805): dev_init(HTP0)=0ms -> SESSAO ABERTA
10-07 17:36:15.062 I/NpuProbe(19805): graph_compute(MUL_MAT 64x64)=0.6ms status=0
10-07 17:36:15.062 I/NpuProbe(19805): c[0]=128.000000 (esperado 128.0)
10-07 17:36:15.062 I/NpuProbe(19805): RESULTADO: APP-UID OK: sessao HTP + op executado com resultado correto
10-07 17:36:15.063 I/NpuProbe(19805): REPORT:
10-07 17:36:15.063 I/NpuProbe(19805): libdir=/data/app/~~-AAa5lDaii0dMGTPgPeENA==/br.gov.sp.pcsp.npuprobe-rKDzfVqWrdi-4lPwWdPEAA==/lib/arm64
10-07 17:36:15.063 I/NpuProbe(19805): build=llama.cpp-upstream-pkg (v11-libs) + probe R4
10-07 17:36:15.063 I/NpuProbe(19805): controle-sistema (liblog.so)=OK
10-07 17:36:15.063 I/NpuProbe(19805): negativo-fake (libnaoexiste_xyz.so)=FALHOU err=dlopen failed: library "libnaoexiste_xyz.so" not found
10-07 17:36:15.063 I/NpuProbe(19805): cdsprpc-nome (libcdsprpc.so)=OK
10-07 17:36:15.063 I/NpuProbe(19805): cdsprpc-abs (/vendor/lib64/libcdsprpc.so)=OK
10-07 17:36:15.063 I/NpuProbe(19805): ADSP_LIBRARY_PATH=libdir (setenv)
10-07 17:36:15.063 I/NpuProbe(19805): load_all_from_path=103ms
10-07 17:36:15.063 I/NpuProbe(19805): load(hexagon direto)=FALHOU em 0ms
10-07 17:36:15.063 I/NpuProbe(19805): devices=4
10-07 17:36:15.063 I/NpuProbe(19805):   dev[0] Vulkan0 (Adreno (TM) 840)
10-07 17:36:15.063 I/NpuProbe(19805):   dev[1] GPUOpenCL (QUALCOMM Adreno(TM) 840)
10-07 17:36:15.063 I/NpuProbe(19805):   dev[2] HTP0 (Hexagon)
10-07 17:36:15.063 I/NpuProbe(19805):   dev[3] CPU (CPU)
10-07 17:36:15.063 I/NpuProbe(19805): dev_init(HTP0)=0ms -> SESSAO ABERTA
10-07 17:36:15.063 I/NpuProbe(19805): graph_compute(MUL_MAT 64x64)=0.6ms status=0
10-07 17:36:15.063 I/NpuProbe(19805): c[0]=128.000000 (esperado 128.0)
10-07 17:36:15.063 I/NpuProbe(19805): RESULTADO: APP-UID OK: sessao HTP + op executado com resultado correto
10-07 17:36:15.063 I/NpuProbe(19805): AUTO-GATILHO='smart:opencl@bench'
10-07 17:36:15.064 I/NpuProbe(19805): SMART iniciando rota=opencl@bench com /data/local/tmp/hymt2_app.gguf
10-07 17:36:15.064 I/NpuProbe(19805): SMARTv2 rota='opencl@bench' mutante=(none)
10-07 17:36:15.065 I/NpuProbe(19805): MODO BENCHMARK (@bench; sem espelho; decode so no destino)
10-07 17:36:15.065 I/NpuProbe(19805): MODO PONTE: origem=htp | destino=opencl (GPUOpenCL)
10-07 17:36:15.066 I/NpuProbe(19805): prompt: ARQUIVO (len=379)
10-07 17:36:15.067 I/NpuProbe(19805): cap: ARQUIVO = 160
10-07 17:36:15.741 I/NpuProbe(19805): [ggml] .
10-07 17:36:15.742 I/NpuProbe(19805): [ggml] .
10-07 17:36:15.742 I/NpuProbe(19805): [ggml] .
10-07 17:36:15.742 I/NpuProbe(19805): [ggml] .
10-07 17:36:15.743 I/NpuProbe(19805): [ggml] .
10-07 17:36:15.743 I/NpuProbe(19805): [ggml] .
10-07 17:36:15.743 I/NpuProbe(19805): [ggml] .
10-07 17:36:15.744 I/NpuProbe(19805): [ggml] .
10-07 17:36:15.744 I/NpuProbe(19805): [ggml] .
10-07 17:36:15.744 I/NpuProbe(19805): [ggml] .
10-07 17:36:15.744 I/NpuProbe(19805): [ggml] .
10-07 17:36:15.744 I/NpuProbe(19805): [ggml] .
10-07 17:36:15.745 I/NpuProbe(19805): [ggml] .
10-07 17:36:15.745 I/NpuProbe(19805): [ggml] .
10-07 17:36:15.745 I/NpuProbe(19805): [ggml] .
10-07 17:36:15.746 I/NpuProbe(19805): [ggml] .
10-07 17:36:15.746 I/NpuProbe(19805): [ggml] .
10-07 17:36:15.746 I/NpuProbe(19805): [ggml] .
10-07 17:36:15.746 I/NpuProbe(19805): [ggml] .
10-07 17:36:15.746 I/NpuProbe(19805): [ggml] .
10-07 17:36:15.746 I/NpuProbe(19805): [ggml] .
10-07 17:36:15.746 I/NpuProbe(19805): [ggml] .
10-07 17:36:15.747 I/NpuProbe(19805): [ggml] .
10-07 17:36:15.747 I/NpuProbe(19805): [ggml] .
10-07 17:36:15.747 I/NpuProbe(19805): [ggml] .
10-07 17:36:15.747 I/NpuProbe(19805): [ggml] .
10-07 17:36:15.747 I/NpuProbe(19805): [ggml] .
10-07 17:36:15.747 I/NpuProbe(19805): [ggml] .
10-07 17:36:15.748 I/NpuProbe(19805): [ggml] .
10-07 17:36:15.748 I/NpuProbe(19805): [ggml] .
10-07 17:36:15.748 I/NpuProbe(19805): [ggml] .
10-07 17:36:15.748 I/NpuProbe(19805): [ggml] .
10-07 17:36:15.748 I/NpuProbe(19805): [ggml] .
10-07 17:36:15.748 I/NpuProbe(19805): [ggml] .
10-07 17:36:15.748 I/NpuProbe(19805): [ggml] .
10-07 17:36:15.749 I/NpuProbe(19805): [ggml] .
10-07 17:36:15.749 I/NpuProbe(19805): [ggml] .
10-07 17:36:15.749 I/NpuProbe(19805): [ggml] .
10-07 17:36:15.749 I/NpuProbe(19805): [ggml] .
10-07 17:36:15.750 I/NpuProbe(19805): [ggml] .
10-07 17:36:15.750 I/NpuProbe(19805): [ggml] .
10-07 17:36:15.750 I/NpuProbe(19805): [ggml] .
10-07 17:36:15.751 I/NpuProbe(19805): [ggml] .
10-07 17:36:15.751 I/NpuProbe(19805): [ggml] .
10-07 17:36:15.755 I/NpuProbe(19805): [ggml] .
10-07 17:36:15.755 I/NpuProbe(19805): [ggml] .
10-07 17:36:15.756 I/NpuProbe(19805): [ggml] .
10-07 17:36:15.756 I/NpuProbe(19805): [ggml] .
10-07 17:36:15.756 I/NpuProbe(19805): [ggml] .
10-07 17:36:15.756 I/NpuProbe(19805): [ggml] .
10-07 17:36:15.756 I/NpuProbe(19805): [ggml] .
10-07 17:36:15.757 I/NpuProbe(19805): [ggml] .
10-07 17:36:15.757 I/NpuProbe(19805): [ggml] .
10-07 17:36:15.757 I/NpuProbe(19805): [ggml] .
10-07 17:36:15.757 I/NpuProbe(19805): [ggml] .
10-07 17:36:15.758 I/NpuProbe(19805): [ggml] .
10-07 17:36:15.758 I/NpuProbe(19805): [ggml] .
10-07 17:36:15.758 I/NpuProbe(19805): [ggml] .
10-07 17:36:15.759 I/NpuProbe(19805): [ggml] .
10-07 17:36:15.759 I/NpuProbe(19805): [ggml] .
10-07 17:36:15.759 I/NpuProbe(19805): [ggml] .
10-07 17:36:15.759 I/NpuProbe(19805): [ggml] .
10-07 17:36:15.759 I/NpuProbe(19805): [ggml] .
10-07 17:36:15.760 I/NpuProbe(19805): [ggml] .
10-07 17:36:15.760 I/NpuProbe(19805): [ggml] .
10-07 17:36:15.760 I/NpuProbe(19805): [ggml] .
10-07 17:36:15.761 I/NpuProbe(19805): [ggml] .
10-07 17:36:15.761 I/NpuProbe(19805): [ggml] .
10-07 17:36:15.761 I/NpuProbe(19805): [ggml] .
10-07 17:36:15.762 I/NpuProbe(19805): [ggml] .
10-07 17:36:15.762 I/NpuProbe(19805): [ggml] .
10-07 17:36:15.762 I/NpuProbe(19805): [ggml] .
10-07 17:36:15.762 I/NpuProbe(19805): [ggml] .
10-07 17:36:15.763 I/NpuProbe(19805): [ggml] .
10-07 17:36:15.763 I/NpuProbe(19805): [ggml] .
10-07 17:36:15.764 I/NpuProbe(19805): [ggml] .
10-07 17:36:15.764 I/NpuProbe(19805): [ggml] .
10-07 17:36:15.764 I/NpuProbe(19805): [ggml] .
10-07 17:36:15.765 I/NpuProbe(19805): [ggml] .
10-07 17:36:15.765 I/NpuProbe(19805): [ggml] .
10-07 17:36:15.765 I/NpuProbe(19805): [ggml] .
10-07 17:36:15.766 I/NpuProbe(19805): [ggml] .
10-07 17:36:15.766 I/NpuProbe(19805): [ggml] .
10-07 17:36:15.766 I/NpuProbe(19805): [ggml] .
10-07 17:36:15.766 I/NpuProbe(19805): [ggml] .
10-07 17:36:15.767 I/NpuProbe(19805): [ggml] .
10-07 17:36:15.767 I/NpuProbe(19805): [ggml] .
10-07 17:36:15.767 I/NpuProbe(19805): [ggml] .
10-07 17:36:15.768 I/NpuProbe(19805): [ggml] .
10-07 17:36:15.768 I/NpuProbe(19805): [ggml] .
10-07 17:36:15.768 I/NpuProbe(19805): [ggml] .
10-07 17:36:15.768 I/NpuProbe(19805): [ggml] .
10-07 17:36:15.769 I/NpuProbe(19805): [ggml] .
10-07 17:36:15.769 I/NpuProbe(19805): [ggml] .
10-07 17:36:15.770 I/NpuProbe(19805): [ggml] .
10-07 17:36:15.770 I/NpuProbe(19805): [ggml] .
10-07 17:36:15.771 I/NpuProbe(19805): [ggml] .
10-07 17:36:15.771 I/NpuProbe(19805): [ggml] .
10-07 17:36:15.771 I/NpuProbe(19805): [ggml] .
10-07 17:36:15.772 I/NpuProbe(19805): [ggml] .
10-07 17:36:15.772 I/NpuProbe(19805): [ggml] .
10-07 17:36:15.772 I/NpuProbe(19805): [ggml] .
10-07 17:36:15.773 I/NpuProbe(19805): [ggml] .
10-07 17:36:15.773 I/NpuProbe(19805): [ggml] .
10-07 17:36:15.773 I/NpuProbe(19805): [ggml] .
10-07 17:36:15.773 I/NpuProbe(19805): [ggml] .
10-07 17:36:15.774 I/NpuProbe(19805): [ggml] .
10-07 17:36:15.774 I/NpuProbe(19805): [ggml] .
10-07 17:36:15.774 I/NpuProbe(19805): [ggml] .
10-07 17:36:15.775 I/NpuProbe(19805): [ggml] .
10-07 17:36:15.775 I/NpuProbe(19805): [ggml] .
10-07 17:36:15.775 I/NpuProbe(19805): [ggml] 
10-07 17:36:20.712 I/NpuProbe(19805): load(destino)=5645ms
10-07 17:36:20.712 I/NpuProbe(19805): [ggml] ggml_opencl: OpenCL driver: OpenCL 3.0 QUALCOMM build: 0842.41 Compiler E031.50.19.27
10-07 17:36:20.712 I/NpuProbe(19805): [ggml] ggml_opencl: vector subgroup broadcast support: true
10-07 17:36:20.712 I/NpuProbe(19805): [ggml] ggml_opencl: subgroup shuffle support: true
10-07 17:36:20.712 I/NpuProbe(19805): [ggml] ggml_opencl: device FP16 support: true
10-07 17:36:20.712 I/NpuProbe(19805): [ggml] ggml_opencl: khr dot product support: true
10-07 17:36:20.712 I/NpuProbe(19805): [ggml] ggml_opencl: mem base addr align: 128
10-07 17:36:20.712 I/NpuProbe(19805): [ggml] ggml_opencl: global mem size: 7555 MB
10-07 17:36:20.712 I/NpuProbe(19805): [ggml] ggml_opencl: max mem alloc size: 2048 MB
10-07 17:36:20.712 I/NpuProbe(19805): [ggml] ggml_opencl: device max image buffer size (pixels): 2147483648
10-07 17:36:20.712 I/NpuProbe(19805): [ggml] ggml_opencl: device max image2d size: 16384 x 16384
10-07 17:36:20.712 I/NpuProbe(19805): [ggml] ggml_opencl: device max workgroup size: 1024
10-07 17:36:20.712 I/NpuProbe(19805): [ggml] ggml_opencl: SVM coarse grain buffer support: true
10-07 17:36:20.712 I/NpuProbe(19805): [ggml] ggml_opencl: SVM fine grain buffer support: true
10-07 17:36:20.712 I/NpuProbe(19805): [ggml] ggml_opencl: SVM fine grain system support: false
10-07 17:36:20.712 I/NpuProbe(19805): [ggml] ggml_opencl: SVM atomics support: true
10-07 17:36:20.712 I/NpuProbe(19805): [ggml] ggml_opencl: cl_qcom_subgroup_shuffle support: true
10-07 17:36:20.712 I/NpuProbe(19805): [ggml] ggml_opencl: flattening quantized weights representation as struct of arrays (GGML_OPENCL_SOA_Q)
10-07 17:36:20.712 I/NpuProbe(19805): [ggml] ggml_opencl: using kernels optimized for Adreno (GGML_OPENCL_USE_ADRENO_KERNELS)
10-07 17:36:21.128 I/NpuProbe(19805): load(origem)=378ms
10-07 17:36:21.164 I/NpuProbe(19805): ctxs prontos (cold_total=6100ms)
10-07 17:36:23.807 I/NpuProbe(19805): [ggml] ggml_opencl: lazy-compiling flash_attn prepass for DK=128 DV=128
10-07 17:36:23.807 I/NpuProbe(19805): [ggml] ggml_opencl: compiling fa prepass f16
10-07 17:36:23.869 I/NpuProbe(19805): [ggml] ggml_opencl: compiling fa f32_f16
10-07 17:36:25.069 I/NpuProbe(19805): [ggml] ggml_opencl: flash_attn_f32_f16_q1_vec_mq_split_c8 DK=128 DV=128 per-kernel max 128 < required 256; skipping registration (will fall back)
10-07 17:36:25.069 I/NpuProbe(19805): [ggml] ggml_opencl: compiling fa f32_f16 MQ_GQA=8
10-07 17:36:25.667 I/NpuProbe(19805): [ggml] ggml_opencl: flash_attn_f32_f16_q1_vec_mq_split_c8 (g8) DK=128 DV=128 per-kernel max 128 < required 192; skipping registration (will fall back)
10-07 17:36:25.667 I/NpuProbe(19805): [ggml] ggml_opencl: compiling fa f32_f16 c8 NSG2
10-07 17:36:26.077 I/NpuProbe(19805): [ggml] ggml_opencl: compiling fa f32_f16 c8 g8 NSG2
10-07 17:36:26.670 I/NpuProbe(19805): [ggml] ggml_opencl: compiling fa f32_f16 split
10-07 17:36:30.730 I/NpuProbe(19805): A1: ok=1 cap=0 eog_tok1=0 tok1=32 amostrados(s/d)=1/63 emitidos=63 consumidos=63 decodes_s_pos_ponte=0
10-07 17:36:30.730 I/NpuProbe(19805): A1 tempos: prefill=2588.96ms export=0.19ms(3802585B) import=5.04ms gen=6858.32ms
10-07 17:36:30.730 I/NpuProbe(19805): A1 espelho: passos=0 iguais=0 div_pos=-1 div_marg(d/s)=-1.000/-1.000
10-07 17:36:30.730 I/NpuProbe(19805): A1 fronteiras(ms desde request): prefill_done=8690.1 tok1_ready=8734.6 import_done=8739.6 tok2_ready=12581.4 fim=15597.9 (INTERNAS; sem streaming de UI no probe)
10-07 17:36:30.730 I/NpuProbe(19805): A1 prompt_hash=0edc23f816808e4e
10-07 17:36:30.730 I/NpuProbe(19805): A1 texto: A raposa marrom e rápida salta sobre o cachorro preguiçoso, enquanto o sol se põe lentamente atrás das montanhas. O rio continua a fluir pelo vale onde o velho moinho uma vez ficou em pé.
10-07 17:36:30.736 I/NpuProbe(19805): reset: pos cmp (origem=-1 destino=-1) -> VAZIO ok
10-07 17:36:37.087 I/NpuProbe(19805): A2: ok=1 texto igual ao A1: SIM
10-07 17:36:37.088 I/NpuProbe(19805): RESULTADO: BENCH-CONCLUIDO (htp->opencl; sem espelho; decode origem pos-ponte=0; A-B-A texto igual)
10-07 17:36:37.393 I/NpuProbe(19805): SMART REPORT:
10-07 17:36:37.393 I/NpuProbe(19805): SMART (opencl@bench)
10-07 17:36:37.393 I/NpuProbe(19805): 
10-07 17:36:37.393 I/NpuProbe(19805): SMARTv2 rota='opencl@bench' mutante=(none)
10-07 17:36:37.393 I/NpuProbe(19805): MODO BENCHMARK (@bench; sem espelho; decode so no destino)
10-07 17:36:37.393 I/NpuProbe(19805): MODO PONTE: origem=htp | destino=opencl (GPUOpenCL)
10-07 17:36:37.393 I/NpuProbe(19805): prompt: ARQUIVO (len=379)
10-07 17:36:37.393 I/NpuProbe(19805): cap: ARQUIVO = 160
10-07 17:36:37.393 I/NpuProbe(19805): load(destino)=5645ms
10-07 17:36:37.393 I/NpuProbe(19805): load(origem)=378ms
10-07 17:36:37.393 I/NpuProbe(19805): ctxs prontos (cold_total=6100ms)
10-07 17:36:37.393 I/NpuProbe(19805): A1: ok=1 cap=0 eog_tok1=0 tok1=32 amostrados(s/d)=1/63 emitidos=63 consumidos=63 decodes_s_pos_ponte=0
10-07 17:36:37.393 I/NpuProbe(19805): A1 tempos: prefill=2588.96ms export=0.19ms(3802585B) import=5.04ms gen=6858.32ms
10-07 17:36:37.393 I/NpuProbe(19805): A1 espelho: passos=0 iguais=0 div_pos=-1 div_marg(d/s)=-1.000/-1.000
10-07 17:36:37.393 I/NpuProbe(19805): A1 fronteiras(ms desde request): prefill_done=8690.1 tok1_ready=8734.6 import_done=8739.6 tok2_ready=12581.4 fim=15597.9 (INTERNAS; sem streaming de UI no probe)
10-07 17:36:37.393 I/NpuProbe(19805): A1 prompt_hash=0edc23f816808e4e
10-07 17:36:37.393 I/NpuProbe(19805): A1 texto: A raposa marrom e rápida salta sobre o cachorro preguiçoso, enquanto o sol se põe lentamente atrás das montanhas. O rio continua a fluir pelo vale onde o velho moinho uma vez ficou em pé.
10-07 17:36:37.393 I/NpuProbe(19805): reset: pos cmp (origem=-1 destino=-1) -> VAZIO ok
10-07 17:36:37.393 I/NpuProbe(19805): A2: ok=1 texto igual ao A1: SIM
10-07 17:36:37.393 I/NpuProbe(19805): RESULTADO: BENCH-CONCLUIDO (htp->opencl; sem espelho; decode origem pos-ponte=0; A-B-A texto igual)
[rec 17:36:03]
--------- beginning of main
10-07 17:36:14.951 I/NpuProbe(19805): nativeLibraryDir=/data/app/~~-AAa5lDaii0dMGTPgPeENA==/br.gov.sp.pcsp.npuprobe-rKDzfVqWrdi-4lPwWdPEAA==/lib/arm64
10-07 17:36:14.951 I/NpuProbe(19805): libdir=/data/app/~~-AAa5lDaii0dMGTPgPeENA==/br.gov.sp.pcsp.npuprobe-rKDzfVqWrdi-4lPwWdPEAA==/lib/arm64
10-07 17:36:14.951 I/NpuProbe(19805): build=llama.cpp-upstream-pkg (v11-libs) + probe R4
10-07 17:36:14.951 I/NpuProbe(19805): controle-sistema (liblog.so)=OK
10-07 17:36:14.951 I/NpuProbe(19805): negativo-fake (libnaoexiste_xyz.so)=FALHOU err=dlopen failed: library "libnaoexiste_xyz.so" not found
10-07 17:36:14.955 I/NpuProbe(19805): cdsprpc-nome (libcdsprpc.so)=OK
10-07 17:36:14.956 I/NpuProbe(19805): cdsprpc-abs (/vendor/lib64/libcdsprpc.so)=OK
10-07 17:36:14.957 I/NpuProbe(19805): ADSP_LIBRARY_PATH=libdir (setenv)
10-07 17:36:14.960 I/NpuProbe(19805): [ggml] ggml_vulkan: Found 1 Vulkan devices:
10-07 17:36:14.961 I/NpuProbe(19805): [ggml] ggml_vulkan: 0 = Adreno (TM) 840 (Qualcomm Technologies Inc. Adreno Vulkan Driver) | uma: 1 | fp16: 1 | bf16: 0 | fp4: 0 | warp size: 64 | shared memory: 32768 | int dot: 0 | matrix cores: none
10-07 17:36:14.984 I/NpuProbe(19805): [ggml] ggml_opencl: selected platform: 'QUALCOMM Snapdragon(TM)'
10-07 17:36:14.986 I/NpuProbe(19805): [ggml] 
10-07 17:36:14.986 I/NpuProbe(19805): ggml_opencl: device: 'QUALCOMM Adreno(TM) 840 (OpenCL 3.0 Adreno(TM) 840)'
10-07 17:36:14.986 I/NpuProbe(19805): [ggml] ggml_opencl: default device: 'QUALCOMM Adreno(TM) 840 (OpenCL 3.0 Adreno(TM) 840)'
10-07 17:36:14.986 I/NpuProbe(19805): [ggml] ggml-hex: Loading driver libcdsprpc.so
10-07 17:36:14.997 I/NpuProbe(19805): [ggml] ggml-hex: Hexagon backend (experimental) : allocating new registry : ndev 1
10-07 17:36:14.997 I/NpuProbe(19805): [ggml] ggml-hex: Hexagon Arch version v81
10-07 17:36:14.997 I/NpuProbe(19805): [ggml] ggml-hex: HTP0 allocating new session
10-07 17:36:15.045 I/NpuProbe(19805): [ggml] ggml-hex: HTP0 hwinfo: threads 8, hvx 8, hmx 1, vtcm 8 MB
10-07 17:36:15.046 I/NpuProbe(19805): [ggml] ggml-hex: HTP0 new session : session-id 0 domain-id 3 uri file:///libggml-htp-v81.so?htp_iface_skel_handle_invoke&_modver=1.0&_dom=cdsp&_session=0 handle 0xb4000077d5295480
10-07 17:36:15.053 I/NpuProbe(19805): [ggml] ggml-hex: HTP0 op batching: n-bufs 16 n-tensors 7168 n-ops 1024 vmem 3355443200
10-07 17:36:15.060 I/NpuProbe(19805): load_all_from_path=103ms
10-07 17:36:15.060 I/NpuProbe(19805): [ggml] load_backend: failed to find ggml_backend_init in /data/app/~~-AAa5lDaii0dMGTPgPeENA==/br.gov.sp.pcsp.npuprobe-rKDzfVqWrdi-4lPwWdPEAA==/lib/arm64/libggml-hexagon.so
10-07 17:36:15.060 I/NpuProbe(19805): load(hexagon direto)=FALHOU em 0ms
10-07 17:36:15.060 I/NpuProbe(19805): devices=4
10-07 17:36:15.060 I/NpuProbe(19805):   dev[0] Vulkan0 (Adreno (TM) 840)
10-07 17:36:15.060 I/NpuProbe(19805):   dev[1] GPUOpenCL (QUALCOMM Adreno(TM) 840)
10-07 17:36:15.060 I/NpuProbe(19805):   dev[2] HTP0 (Hexagon)
10-07 17:36:15.060 I/NpuProbe(19805):   dev[3] CPU (CPU)
10-07 17:36:15.060 I/NpuProbe(19805): dev_init(HTP0)=0ms -> SESSAO ABERTA
10-07 17:36:15.062 I/NpuProbe(19805): graph_compute(MUL_MAT 64x64)=0.6ms status=0
10-07 17:36:15.062 I/NpuProbe(19805): c[0]=128.000000 (esperado 128.0)
10-07 17:36:15.062 I/NpuProbe(19805): RESULTADO: APP-UID OK: sessao HTP + op executado com resultado correto
10-07 17:36:15.063 I/NpuProbe(19805): REPORT:
10-07 17:36:15.063 I/NpuProbe(19805): libdir=/data/app/~~-AAa5lDaii0dMGTPgPeENA==/br.gov.sp.pcsp.npuprobe-rKDzfVqWrdi-4lPwWdPEAA==/lib/arm64
10-07 17:36:15.063 I/NpuProbe(19805): build=llama.cpp-upstream-pkg (v11-libs) + probe R4
10-07 17:36:15.063 I/NpuProbe(19805): controle-sistema (liblog.so)=OK
10-07 17:36:15.063 I/NpuProbe(19805): negativo-fake (libnaoexiste_xyz.so)=FALHOU err=dlopen failed: library "libnaoexiste_xyz.so" not found
10-07 17:36:15.063 I/NpuProbe(19805): cdsprpc-nome (libcdsprpc.so)=OK
10-07 17:36:15.063 I/NpuProbe(19805): cdsprpc-abs (/vendor/lib64/libcdsprpc.so)=OK
10-07 17:36:15.063 I/NpuProbe(19805): ADSP_LIBRARY_PATH=libdir (setenv)
10-07 17:36:15.063 I/NpuProbe(19805): load_all_from_path=103ms
10-07 17:36:15.063 I/NpuProbe(19805): load(hexagon direto)=FALHOU em 0ms
10-07 17:36:15.063 I/NpuProbe(19805): devices=4
10-07 17:36:15.063 I/NpuProbe(19805):   dev[0] Vulkan0 (Adreno (TM) 840)
10-07 17:36:15.063 I/NpuProbe(19805):   dev[1] GPUOpenCL (QUALCOMM Adreno(TM) 840)
10-07 17:36:15.063 I/NpuProbe(19805):   dev[2] HTP0 (Hexagon)
10-07 17:36:15.063 I/NpuProbe(19805):   dev[3] CPU (CPU)
10-07 17:36:15.063 I/NpuProbe(19805): dev_init(HTP0)=0ms -> SESSAO ABERTA
10-07 17:36:15.063 I/NpuProbe(19805): graph_compute(MUL_MAT 64x64)=0.6ms status=0
10-07 17:36:15.063 I/NpuProbe(19805): c[0]=128.000000 (esperado 128.0)
10-07 17:36:15.063 I/NpuProbe(19805): RESULTADO: APP-UID OK: sessao HTP + op executado com resultado correto
10-07 17:36:15.063 I/NpuProbe(19805): AUTO-GATILHO='smart:opencl@bench'
10-07 17:36:15.064 I/NpuProbe(19805): SMART iniciando rota=opencl@bench com /data/local/tmp/hymt2_app.gguf
10-07 17:36:15.064 I/NpuProbe(19805): SMARTv2 rota='opencl@bench' mutante=(none)
10-07 17:36:15.065 I/NpuProbe(19805): MODO BENCHMARK (@bench; sem espelho; decode so no destino)
10-07 17:36:15.065 I/NpuProbe(19805): MODO PONTE: origem=htp | destino=opencl (GPUOpenCL)
10-07 17:36:15.066 I/NpuProbe(19805): prompt: ARQUIVO (len=379)
10-07 17:36:15.067 I/NpuProbe(19805): cap: ARQUIVO = 160
10-07 17:36:15.741 I/NpuProbe(19805): [ggml] .
10-07 17:36:15.742 I/NpuProbe(19805): [ggml] .
10-07 17:36:15.742 I/NpuProbe(19805): [ggml] .
10-07 17:36:15.742 I/NpuProbe(19805): [ggml] .
10-07 17:36:15.743 I/NpuProbe(19805): [ggml] .
10-07 17:36:15.743 I/NpuProbe(19805): [ggml] .
10-07 17:36:15.743 I/NpuProbe(19805): [ggml] .
10-07 17:36:15.744 I/NpuProbe(19805): [ggml] .
10-07 17:36:15.744 I/NpuProbe(19805): [ggml] .
10-07 17:36:15.744 I/NpuProbe(19805): [ggml] .
10-07 17:36:15.744 I/NpuProbe(19805): [ggml] .
10-07 17:36:15.744 I/NpuProbe(19805): [ggml] .
10-07 17:36:15.745 I/NpuProbe(19805): [ggml] .
10-07 17:36:15.745 I/NpuProbe(19805): [ggml] .
10-07 17:36:15.745 I/NpuProbe(19805): [ggml] .
10-07 17:36:15.746 I/NpuProbe(19805): [ggml] .
10-07 17:36:15.746 I/NpuProbe(19805): [ggml] .
10-07 17:36:15.746 I/NpuProbe(19805): [ggml] .
10-07 17:36:15.746 I/NpuProbe(19805): [ggml] .
10-07 17:36:15.746 I/NpuProbe(19805): [ggml] .
10-07 17:36:15.746 I/NpuProbe(19805): [ggml] .
10-07 17:36:15.746 I/NpuProbe(19805): [ggml] .
10-07 17:36:15.747 I/NpuProbe(19805): [ggml] .
10-07 17:36:15.747 I/NpuProbe(19805): [ggml] .
10-07 17:36:15.747 I/NpuProbe(19805): [ggml] .
10-07 17:36:15.747 I/NpuProbe(19805): [ggml] .
10-07 17:36:15.747 I/NpuProbe(19805): [ggml] .
10-07 17:36:15.747 I/NpuProbe(19805): [ggml] .
10-07 17:36:15.748 I/NpuProbe(19805): [ggml] .
10-07 17:36:15.748 I/NpuProbe(19805): [ggml] .
10-07 17:36:15.748 I/NpuProbe(19805): [ggml] .
10-07 17:36:15.748 I/NpuProbe(19805): [ggml] .
10-07 17:36:15.748 I/NpuProbe(19805): [ggml] .
10-07 17:36:15.748 I/NpuProbe(19805): [ggml] .
10-07 17:36:15.748 I/NpuProbe(19805): [ggml] .
10-07 17:36:15.749 I/NpuProbe(19805): [ggml] .
10-07 17:36:15.749 I/NpuProbe(19805): [ggml] .
10-07 17:36:15.749 I/NpuProbe(19805): [ggml] .
10-07 17:36:15.749 I/NpuProbe(19805): [ggml] .
10-07 17:36:15.750 I/NpuProbe(19805): [ggml] .
10-07 17:36:15.750 I/NpuProbe(19805): [ggml] .
10-07 17:36:15.750 I/NpuProbe(19805): [ggml] .
10-07 17:36:15.751 I/NpuProbe(19805): [ggml] .
10-07 17:36:15.751 I/NpuProbe(19805): [ggml] .
10-07 17:36:15.755 I/NpuProbe(19805): [ggml] .
10-07 17:36:15.755 I/NpuProbe(19805): [ggml] .
10-07 17:36:15.756 I/NpuProbe(19805): [ggml] .
10-07 17:36:15.756 I/NpuProbe(19805): [ggml] .
10-07 17:36:15.756 I/NpuProbe(19805): [ggml] .
10-07 17:36:15.756 I/NpuProbe(19805): [ggml] .
10-07 17:36:15.756 I/NpuProbe(19805): [ggml] .
10-07 17:36:15.757 I/NpuProbe(19805): [ggml] .
10-07 17:36:15.757 I/NpuProbe(19805): [ggml] .
10-07 17:36:15.757 I/NpuProbe(19805): [ggml] .
10-07 17:36:15.757 I/NpuProbe(19805): [ggml] .
10-07 17:36:15.758 I/NpuProbe(19805): [ggml] .
10-07 17:36:15.758 I/NpuProbe(19805): [ggml] .
10-07 17:36:15.758 I/NpuProbe(19805): [ggml] .
10-07 17:36:15.759 I/NpuProbe(19805): [ggml] .
10-07 17:36:15.759 I/NpuProbe(19805): [ggml] .
10-07 17:36:15.759 I/NpuProbe(19805): [ggml] .
10-07 17:36:15.759 I/NpuProbe(19805): [ggml] .
10-07 17:36:15.759 I/NpuProbe(19805): [ggml] .
10-07 17:36:15.760 I/NpuProbe(19805): [ggml] .
10-07 17:36:15.760 I/NpuProbe(19805): [ggml] .
10-07 17:36:15.760 I/NpuProbe(19805): [ggml] .
10-07 17:36:15.761 I/NpuProbe(19805): [ggml] .
10-07 17:36:15.761 I/NpuProbe(19805): [ggml] .
10-07 17:36:15.761 I/NpuProbe(19805): [ggml] .
10-07 17:36:15.762 I/NpuProbe(19805): [ggml] .
10-07 17:36:15.762 I/NpuProbe(19805): [ggml] .
10-07 17:36:15.762 I/NpuProbe(19805): [ggml] .
10-07 17:36:15.762 I/NpuProbe(19805): [ggml] .
10-07 17:36:15.763 I/NpuProbe(19805): [ggml] .
10-07 17:36:15.763 I/NpuProbe(19805): [ggml] .
10-07 17:36:15.764 I/NpuProbe(19805): [ggml] .
10-07 17:36:15.764 I/NpuProbe(19805): [ggml] .
10-07 17:36:15.764 I/NpuProbe(19805): [ggml] .
10-07 17:36:15.765 I/NpuProbe(19805): [ggml] .
10-07 17:36:15.765 I/NpuProbe(19805): [ggml] .
10-07 17:36:15.765 I/NpuProbe(19805): [ggml] .
10-07 17:36:15.766 I/NpuProbe(19805): [ggml] .
10-07 17:36:15.766 I/NpuProbe(19805): [ggml] .
10-07 17:36:15.766 I/NpuProbe(19805): [ggml] .
10-07 17:36:15.766 I/NpuProbe(19805): [ggml] .
10-07 17:36:15.767 I/NpuProbe(19805): [ggml] .
10-07 17:36:15.767 I/NpuProbe(19805): [ggml] .
10-07 17:36:15.767 I/NpuProbe(19805): [ggml] .
10-07 17:36:15.768 I/NpuProbe(19805): [ggml] .
10-07 17:36:15.768 I/NpuProbe(19805): [ggml] .
10-07 17:36:15.768 I/NpuProbe(19805): [ggml] .
10-07 17:36:15.768 I/NpuProbe(19805): [ggml] .
10-07 17:36:15.769 I/NpuProbe(19805): [ggml] .
10-07 17:36:15.769 I/NpuProbe(19805): [ggml] .
10-07 17:36:15.770 I/NpuProbe(19805): [ggml] .
10-07 17:36:15.770 I/NpuProbe(19805): [ggml] .
10-07 17:36:15.771 I/NpuProbe(19805): [ggml] .
10-07 17:36:15.771 I/NpuProbe(19805): [ggml] .
10-07 17:36:15.771 I/NpuProbe(19805): [ggml] .
10-07 17:36:15.772 I/NpuProbe(19805): [ggml] .
10-07 17:36:15.772 I/NpuProbe(19805): [ggml] .
10-07 17:36:15.772 I/NpuProbe(19805): [ggml] .
10-07 17:36:15.773 I/NpuProbe(19805): [ggml] .
10-07 17:36:15.773 I/NpuProbe(19805): [ggml] .
10-07 17:36:15.773 I/NpuProbe(19805): [ggml] .
10-07 17:36:15.773 I/NpuProbe(19805): [ggml] .
10-07 17:36:15.774 I/NpuProbe(19805): [ggml] .
10-07 17:36:15.774 I/NpuProbe(19805): [ggml] .
10-07 17:36:15.774 I/NpuProbe(19805): [ggml] .
10-07 17:36:15.775 I/NpuProbe(19805): [ggml] .
10-07 17:36:15.775 I/NpuProbe(19805): [ggml] .
10-07 17:36:15.775 I/NpuProbe(19805): [ggml] 
10-07 17:36:20.712 I/NpuProbe(19805): load(destino)=5645ms
10-07 17:36:20.712 I/NpuProbe(19805): [ggml] ggml_opencl: OpenCL driver: OpenCL 3.0 QUALCOMM build: 0842.41 Compiler E031.50.19.27
10-07 17:36:20.712 I/NpuProbe(19805): [ggml] ggml_opencl: vector subgroup broadcast support: true
10-07 17:36:20.712 I/NpuProbe(19805): [ggml] ggml_opencl: subgroup shuffle support: true
10-07 17:36:20.712 I/NpuProbe(19805): [ggml] ggml_opencl: device FP16 support: true
10-07 17:36:20.712 I/NpuProbe(19805): [ggml] ggml_opencl: khr dot product support: true
10-07 17:36:20.712 I/NpuProbe(19805): [ggml] ggml_opencl: mem base addr align: 128
10-07 17:36:20.712 I/NpuProbe(19805): [ggml] ggml_opencl: global mem size: 7555 MB
10-07 17:36:20.712 I/NpuProbe(19805): [ggml] ggml_opencl: max mem alloc size: 2048 MB
10-07 17:36:20.712 I/NpuProbe(19805): [ggml] ggml_opencl: device max image buffer size (pixels): 2147483648
10-07 17:36:20.712 I/NpuProbe(19805): [ggml] ggml_opencl: device max image2d size: 16384 x 16384
10-07 17:36:20.712 I/NpuProbe(19805): [ggml] ggml_opencl: device max workgroup size: 1024
10-07 17:36:20.712 I/NpuProbe(19805): [ggml] ggml_opencl: SVM coarse grain buffer support: true
10-07 17:36:20.712 I/NpuProbe(19805): [ggml] ggml_opencl: SVM fine grain buffer support: true
10-07 17:36:20.712 I/NpuProbe(19805): [ggml] ggml_opencl: SVM fine grain system support: false
10-07 17:36:20.712 I/NpuProbe(19805): [ggml] ggml_opencl: SVM atomics support: true
10-07 17:36:20.712 I/NpuProbe(19805): [ggml] ggml_opencl: cl_qcom_subgroup_shuffle support: true
10-07 17:36:20.712 I/NpuProbe(19805): [ggml] ggml_opencl: flattening quantized weights representation as struct of arrays (GGML_OPENCL_SOA_Q)
10-07 17:36:20.712 I/NpuProbe(19805): [ggml] ggml_opencl: using kernels optimized for Adreno (GGML_OPENCL_USE_ADRENO_KERNELS)
10-07 17:36:21.128 I/NpuProbe(19805): load(origem)=378ms
10-07 17:36:21.164 I/NpuProbe(19805): ctxs prontos (cold_total=6100ms)
10-07 17:36:23.807 I/NpuProbe(19805): [ggml] ggml_opencl: lazy-compiling flash_attn prepass for DK=128 DV=128
10-07 17:36:23.807 I/NpuProbe(19805): [ggml] ggml_opencl: compiling fa prepass f16
10-07 17:36:23.869 I/NpuProbe(19805): [ggml] ggml_opencl: compiling fa f32_f16
10-07 17:36:25.069 I/NpuProbe(19805): [ggml] ggml_opencl: flash_attn_f32_f16_q1_vec_mq_split_c8 DK=128 DV=128 per-kernel max 128 < required 256; skipping registration (will fall back)
10-07 17:36:25.069 I/NpuProbe(19805): [ggml] ggml_opencl: compiling fa f32_f16 MQ_GQA=8
10-07 17:36:25.667 I/NpuProbe(19805): [ggml] ggml_opencl: flash_attn_f32_f16_q1_vec_mq_split_c8 (g8) DK=128 DV=128 per-kernel max 128 < required 192; skipping registration (will fall back)
10-07 17:36:25.667 I/NpuProbe(19805): [ggml] ggml_opencl: compiling fa f32_f16 c8 NSG2
10-07 17:36:26.077 I/NpuProbe(19805): [ggml] ggml_opencl: compiling fa f32_f16 c8 g8 NSG2
10-07 17:36:26.670 I/NpuProbe(19805): [ggml] ggml_opencl: compiling fa f32_f16 split
10-07 17:36:30.730 I/NpuProbe(19805): A1: ok=1 cap=0 eog_tok1=0 tok1=32 amostrados(s/d)=1/63 emitidos=63 consumidos=63 decodes_s_pos_ponte=0
10-07 17:36:30.730 I/NpuProbe(19805): A1 tempos: prefill=2588.96ms export=0.19ms(3802585B) import=5.04ms gen=6858.32ms
10-07 17:36:30.730 I/NpuProbe(19805): A1 espelho: passos=0 iguais=0 div_pos=-1 div_marg(d/s)=-1.000/-1.000
10-07 17:36:30.730 I/NpuProbe(19805): A1 fronteiras(ms desde request): prefill_done=8690.1 tok1_ready=8734.6 import_done=8739.6 tok2_ready=12581.4 fim=15597.9 (INTERNAS; sem streaming de UI no probe)
10-07 17:36:30.730 I/NpuProbe(19805): A1 prompt_hash=0edc23f816808e4e
10-07 17:36:30.730 I/NpuProbe(19805): A1 texto: A raposa marrom e rápida salta sobre o cachorro preguiçoso, enquanto o sol se põe lentamente atrás das montanhas. O rio continua a fluir pelo vale onde o velho moinho uma vez ficou em pé.
10-07 17:36:30.736 I/NpuProbe(19805): reset: pos cmp (origem=-1 destino=-1) -> VAZIO ok
10-07 17:36:37.087 I/NpuProbe(19805): A2: ok=1 texto igual ao A1: SIM
10-07 17:36:37.088 I/NpuProbe(19805): RESULTADO: BENCH-CONCLUIDO (htp->opencl; sem espelho; decode origem pos-ponte=0; A-B-A texto igual)
10-07 17:36:37.393 I/NpuProbe(19805): SMART REPORT:
10-07 17:36:37.393 I/NpuProbe(19805): SMART (opencl@bench)
10-07 17:36:37.393 I/NpuProbe(19805): 
10-07 17:36:37.393 I/NpuProbe(19805): SMARTv2 rota='opencl@bench' mutante=(none)
10-07 17:36:37.393 I/NpuProbe(19805): MODO BENCHMARK (@bench; sem espelho; decode so no destino)
10-07 17:36:37.393 I/NpuProbe(19805): MODO PONTE: origem=htp | destino=opencl (GPUOpenCL)
10-07 17:36:37.393 I/NpuProbe(19805): prompt: ARQUIVO (len=379)
10-07 17:36:37.393 I/NpuProbe(19805): cap: ARQUIVO = 160
10-07 17:36:37.393 I/NpuProbe(19805): load(destino)=5645ms
10-07 17:36:37.393 I/NpuProbe(19805): load(origem)=378ms
10-07 17:36:37.393 I/NpuProbe(19805): ctxs prontos (cold_total=6100ms)
10-07 17:36:37.393 I/NpuProbe(19805): A1: ok=1 cap=0 eog_tok1=0 tok1=32 amostrados(s/d)=1/63 emitidos=63 consumidos=63 decodes_s_pos_ponte=0
10-07 17:36:37.393 I/NpuProbe(19805): A1 tempos: prefill=2588.96ms export=0.19ms(3802585B) import=5.04ms gen=6858.32ms
10-07 17:36:37.393 I/NpuProbe(19805): A1 espelho: passos=0 iguais=0 div_pos=-1 div_marg(d/s)=-1.000/-1.000
10-07 17:36:37.393 I/NpuProbe(19805): A1 fronteiras(ms desde request): prefill_done=8690.1 tok1_ready=8734.6 import_done=8739.6 tok2_ready=12581.4 fim=15597.9 (INTERNAS; sem streaming de UI no probe)
10-07 17:36:37.393 I/NpuProbe(19805): A1 prompt_hash=0edc23f816808e4e
10-07 17:36:37.393 I/NpuProbe(19805): A1 texto: A raposa marrom e rápida salta sobre o cachorro preguiçoso, enquanto o sol se põe lentamente atrás das montanhas. O rio continua a fluir pelo vale onde o velho moinho uma vez ficou em pé.
10-07 17:36:37.393 I/NpuProbe(19805): reset: pos cmp (origem=-1 destino=-1) -> VAZIO ok
10-07 17:36:37.393 I/NpuProbe(19805): A2: ok=1 texto igual ao A1: SIM
10-07 17:36:37.393 I/NpuProbe(19805): RESULTADO: BENCH-CONCLUIDO (htp->opencl; sem espelho; decode origem pos-ponte=0; A-B-A texto igual)
[rec 17:36:30]
--------- beginning of main
10-07 17:36:14.951 I/NpuProbe(19805): nativeLibraryDir=/data/app/~~-AAa5lDaii0dMGTPgPeENA==/br.gov.sp.pcsp.npuprobe-rKDzfVqWrdi-4lPwWdPEAA==/lib/arm64
10-07 17:36:14.951 I/NpuProbe(19805): libdir=/data/app/~~-AAa5lDaii0dMGTPgPeENA==/br.gov.sp.pcsp.npuprobe-rKDzfVqWrdi-4lPwWdPEAA==/lib/arm64
10-07 17:36:14.951 I/NpuProbe(19805): build=llama.cpp-upstream-pkg (v11-libs) + probe R4
10-07 17:36:14.951 I/NpuProbe(19805): controle-sistema (liblog.so)=OK
10-07 17:36:14.951 I/NpuProbe(19805): negativo-fake (libnaoexiste_xyz.so)=FALHOU err=dlopen failed: library "libnaoexiste_xyz.so" not found
10-07 17:36:14.955 I/NpuProbe(19805): cdsprpc-nome (libcdsprpc.so)=OK
10-07 17:36:14.956 I/NpuProbe(19805): cdsprpc-abs (/vendor/lib64/libcdsprpc.so)=OK
10-07 17:36:14.957 I/NpuProbe(19805): ADSP_LIBRARY_PATH=libdir (setenv)
10-07 17:36:14.960 I/NpuProbe(19805): [ggml] ggml_vulkan: Found 1 Vulkan devices:
10-07 17:36:14.961 I/NpuProbe(19805): [ggml] ggml_vulkan: 0 = Adreno (TM) 840 (Qualcomm Technologies Inc. Adreno Vulkan Driver) | uma: 1 | fp16: 1 | bf16: 0 | fp4: 0 | warp size: 64 | shared memory: 32768 | int dot: 0 | matrix cores: none
10-07 17:36:14.984 I/NpuProbe(19805): [ggml] ggml_opencl: selected platform: 'QUALCOMM Snapdragon(TM)'
10-07 17:36:14.986 I/NpuProbe(19805): [ggml] 
10-07 17:36:14.986 I/NpuProbe(19805): ggml_opencl: device: 'QUALCOMM Adreno(TM) 840 (OpenCL 3.0 Adreno(TM) 840)'
10-07 17:36:14.986 I/NpuProbe(19805): [ggml] ggml_opencl: default device: 'QUALCOMM Adreno(TM) 840 (OpenCL 3.0 Adreno(TM) 840)'
10-07 17:36:14.986 I/NpuProbe(19805): [ggml] ggml-hex: Loading driver libcdsprpc.so
10-07 17:36:14.997 I/NpuProbe(19805): [ggml] ggml-hex: Hexagon backend (experimental) : allocating new registry : ndev 1
10-07 17:36:14.997 I/NpuProbe(19805): [ggml] ggml-hex: Hexagon Arch version v81
10-07 17:36:14.997 I/NpuProbe(19805): [ggml] ggml-hex: HTP0 allocating new session
10-07 17:36:15.045 I/NpuProbe(19805): [ggml] ggml-hex: HTP0 hwinfo: threads 8, hvx 8, hmx 1, vtcm 8 MB
10-07 17:36:15.046 I/NpuProbe(19805): [ggml] ggml-hex: HTP0 new session : session-id 0 domain-id 3 uri file:///libggml-htp-v81.so?htp_iface_skel_handle_invoke&_modver=1.0&_dom=cdsp&_session=0 handle 0xb4000077d5295480
10-07 17:36:15.053 I/NpuProbe(19805): [ggml] ggml-hex: HTP0 op batching: n-bufs 16 n-tensors 7168 n-ops 1024 vmem 3355443200
10-07 17:36:15.060 I/NpuProbe(19805): load_all_from_path=103ms
10-07 17:36:15.060 I/NpuProbe(19805): [ggml] load_backend: failed to find ggml_backend_init in /data/app/~~-AAa5lDaii0dMGTPgPeENA==/br.gov.sp.pcsp.npuprobe-rKDzfVqWrdi-4lPwWdPEAA==/lib/arm64/libggml-hexagon.so
10-07 17:36:15.060 I/NpuProbe(19805): load(hexagon direto)=FALHOU em 0ms
10-07 17:36:15.060 I/NpuProbe(19805): devices=4
10-07 17:36:15.060 I/NpuProbe(19805):   dev[0] Vulkan0 (Adreno (TM) 840)
10-07 17:36:15.060 I/NpuProbe(19805):   dev[1] GPUOpenCL (QUALCOMM Adreno(TM) 840)
10-07 17:36:15.060 I/NpuProbe(19805):   dev[2] HTP0 (Hexagon)
10-07 17:36:15.060 I/NpuProbe(19805):   dev[3] CPU (CPU)
10-07 17:36:15.060 I/NpuProbe(19805): dev_init(HTP0)=0ms -> SESSAO ABERTA
10-07 17:36:15.062 I/NpuProbe(19805): graph_compute(MUL_MAT 64x64)=0.6ms status=0
10-07 17:36:15.062 I/NpuProbe(19805): c[0]=128.000000 (esperado 128.0)
10-07 17:36:15.062 I/NpuProbe(19805): RESULTADO: APP-UID OK: sessao HTP + op executado com resultado correto
10-07 17:36:15.063 I/NpuProbe(19805): REPORT:
10-07 17:36:15.063 I/NpuProbe(19805): libdir=/data/app/~~-AAa5lDaii0dMGTPgPeENA==/br.gov.sp.pcsp.npuprobe-rKDzfVqWrdi-4lPwWdPEAA==/lib/arm64
10-07 17:36:15.063 I/NpuProbe(19805): build=llama.cpp-upstream-pkg (v11-libs) + probe R4
10-07 17:36:15.063 I/NpuProbe(19805): controle-sistema (liblog.so)=OK
10-07 17:36:15.063 I/NpuProbe(19805): negativo-fake (libnaoexiste_xyz.so)=FALHOU err=dlopen failed: library "libnaoexiste_xyz.so" not found
10-07 17:36:15.063 I/NpuProbe(19805): cdsprpc-nome (libcdsprpc.so)=OK
10-07 17:36:15.063 I/NpuProbe(19805): cdsprpc-abs (/vendor/lib64/libcdsprpc.so)=OK
10-07 17:36:15.063 I/NpuProbe(19805): ADSP_LIBRARY_PATH=libdir (setenv)
10-07 17:36:15.063 I/NpuProbe(19805): load_all_from_path=103ms
10-07 17:36:15.063 I/NpuProbe(19805): load(hexagon direto)=FALHOU em 0ms
10-07 17:36:15.063 I/NpuProbe(19805): devices=4
10-07 17:36:15.063 I/NpuProbe(19805):   dev[0] Vulkan0 (Adreno (TM) 840)
10-07 17:36:15.063 I/NpuProbe(19805):   dev[1] GPUOpenCL (QUALCOMM Adreno(TM) 840)
10-07 17:36:15.063 I/NpuProbe(19805):   dev[2] HTP0 (Hexagon)
10-07 17:36:15.063 I/NpuProbe(19805):   dev[3] CPU (CPU)
10-07 17:36:15.063 I/NpuProbe(19805): dev_init(HTP0)=0ms -> SESSAO ABERTA
10-07 17:36:15.063 I/NpuProbe(19805): graph_compute(MUL_MAT 64x64)=0.6ms status=0
10-07 17:36:15.063 I/NpuProbe(19805): c[0]=128.000000 (esperado 128.0)
10-07 17:36:15.063 I/NpuProbe(19805): RESULTADO: APP-UID OK: sessao HTP + op executado com resultado correto
10-07 17:36:15.063 I/NpuProbe(19805): AUTO-GATILHO='smart:opencl@bench'
10-07 17:36:15.064 I/NpuProbe(19805): SMART iniciando rota=opencl@bench com /data/local/tmp/hymt2_app.gguf
10-07 17:36:15.064 I/NpuProbe(19805): SMARTv2 rota='opencl@bench' mutante=(none)
10-07 17:36:15.065 I/NpuProbe(19805): MODO BENCHMARK (@bench; sem espelho; decode so no destino)
10-07 17:36:15.065 I/NpuProbe(19805): MODO PONTE: origem=htp | destino=opencl (GPUOpenCL)
10-07 17:36:15.066 I/NpuProbe(19805): prompt: ARQUIVO (len=379)
10-07 17:36:15.067 I/NpuProbe(19805): cap: ARQUIVO = 160
10-07 17:36:15.741 I/NpuProbe(19805): [ggml] .
10-07 17:36:15.742 I/NpuProbe(19805): [ggml] .
10-07 17:36:15.742 I/NpuProbe(19805): [ggml] .
10-07 17:36:15.742 I/NpuProbe(19805): [ggml] .
10-07 17:36:15.743 I/NpuProbe(19805): [ggml] .
10-07 17:36:15.743 I/NpuProbe(19805): [ggml] .
10-07 17:36:15.743 I/NpuProbe(19805): [ggml] .
10-07 17:36:15.744 I/NpuProbe(19805): [ggml] .
10-07 17:36:15.744 I/NpuProbe(19805): [ggml] .
10-07 17:36:15.744 I/NpuProbe(19805): [ggml] .
10-07 17:36:15.744 I/NpuProbe(19805): [ggml] .
10-07 17:36:15.744 I/NpuProbe(19805): [ggml] .
10-07 17:36:15.745 I/NpuProbe(19805): [ggml] .
10-07 17:36:15.745 I/NpuProbe(19805): [ggml] .
10-07 17:36:15.745 I/NpuProbe(19805): [ggml] .
10-07 17:36:15.746 I/NpuProbe(19805): [ggml] .
10-07 17:36:15.746 I/NpuProbe(19805): [ggml] .
10-07 17:36:15.746 I/NpuProbe(19805): [ggml] .
10-07 17:36:15.746 I/NpuProbe(19805): [ggml] .
10-07 17:36:15.746 I/NpuProbe(19805): [ggml] .
10-07 17:36:15.746 I/NpuProbe(19805): [ggml] .
10-07 17:36:15.746 I/NpuProbe(19805): [ggml] .
10-07 17:36:15.747 I/NpuProbe(19805): [ggml] .
10-07 17:36:15.747 I/NpuProbe(19805): [ggml] .
10-07 17:36:15.747 I/NpuProbe(19805): [ggml] .
10-07 17:36:15.747 I/NpuProbe(19805): [ggml] .
10-07 17:36:15.747 I/NpuProbe(19805): [ggml] .
10-07 17:36:15.747 I/NpuProbe(19805): [ggml] .
10-07 17:36:15.748 I/NpuProbe(19805): [ggml] .
10-07 17:36:15.748 I/NpuProbe(19805): [ggml] .
10-07 17:36:15.748 I/NpuProbe(19805): [ggml] .
10-07 17:36:15.748 I/NpuProbe(19805): [ggml] .
10-07 17:36:15.748 I/NpuProbe(19805): [ggml] .
10-07 17:36:15.748 I/NpuProbe(19805): [ggml] .
10-07 17:36:15.748 I/NpuProbe(19805): [ggml] .
10-07 17:36:15.749 I/NpuProbe(19805): [ggml] .
10-07 17:36:15.749 I/NpuProbe(19805): [ggml] .
10-07 17:36:15.749 I/NpuProbe(19805): [ggml] .
10-07 17:36:15.749 I/NpuProbe(19805): [ggml] .
10-07 17:36:15.750 I/NpuProbe(19805): [ggml] .
10-07 17:36:15.750 I/NpuProbe(19805): [ggml] .
10-07 17:36:15.750 I/NpuProbe(19805): [ggml] .
10-07 17:36:15.751 I/NpuProbe(19805): [ggml] .
10-07 17:36:15.751 I/NpuProbe(19805): [ggml] .
10-07 17:36:15.755 I/NpuProbe(19805): [ggml] .
10-07 17:36:15.755 I/NpuProbe(19805): [ggml] .
10-07 17:36:15.756 I/NpuProbe(19805): [ggml] .
10-07 17:36:15.756 I/NpuProbe(19805): [ggml] .
10-07 17:36:15.756 I/NpuProbe(19805): [ggml] .
10-07 17:36:15.756 I/NpuProbe(19805): [ggml] .
10-07 17:36:15.756 I/NpuProbe(19805): [ggml] .
10-07 17:36:15.757 I/NpuProbe(19805): [ggml] .
10-07 17:36:15.757 I/NpuProbe(19805): [ggml] .
10-07 17:36:15.757 I/NpuProbe(19805): [ggml] .
10-07 17:36:15.757 I/NpuProbe(19805): [ggml] .
10-07 17:36:15.758 I/NpuProbe(19805): [ggml] .
10-07 17:36:15.758 I/NpuProbe(19805): [ggml] .
10-07 17:36:15.758 I/NpuProbe(19805): [ggml] .
10-07 17:36:15.759 I/NpuProbe(19805): [ggml] .
10-07 17:36:15.759 I/NpuProbe(19805): [ggml] .
10-07 17:36:15.759 I/NpuProbe(19805): [ggml] .
10-07 17:36:15.759 I/NpuProbe(19805): [ggml] .
10-07 17:36:15.759 I/NpuProbe(19805): [ggml] .
10-07 17:36:15.760 I/NpuProbe(19805): [ggml] .
10-07 17:36:15.760 I/NpuProbe(19805): [ggml] .
10-07 17:36:15.760 I/NpuProbe(19805): [ggml] .
10-07 17:36:15.761 I/NpuProbe(19805): [ggml] .
10-07 17:36:15.761 I/NpuProbe(19805): [ggml] .
10-07 17:36:15.761 I/NpuProbe(19805): [ggml] .
10-07 17:36:15.762 I/NpuProbe(19805): [ggml] .
10-07 17:36:15.762 I/NpuProbe(19805): [ggml] .
10-07 17:36:15.762 I/NpuProbe(19805): [ggml] .
10-07 17:36:15.762 I/NpuProbe(19805): [ggml] .
10-07 17:36:15.763 I/NpuProbe(19805): [ggml] .
10-07 17:36:15.763 I/NpuProbe(19805): [ggml] .
10-07 17:36:15.764 I/NpuProbe(19805): [ggml] .
10-07 17:36:15.764 I/NpuProbe(19805): [ggml] .
10-07 17:36:15.764 I/NpuProbe(19805): [ggml] .
10-07 17:36:15.765 I/NpuProbe(19805): [ggml] .
10-07 17:36:15.765 I/NpuProbe(19805): [ggml] .
10-07 17:36:15.765 I/NpuProbe(19805): [ggml] .
10-07 17:36:15.766 I/NpuProbe(19805): [ggml] .
10-07 17:36:15.766 I/NpuProbe(19805): [ggml] .
10-07 17:36:15.766 I/NpuProbe(19805): [ggml] .
10-07 17:36:15.766 I/NpuProbe(19805): [ggml] .
10-07 17:36:15.767 I/NpuProbe(19805): [ggml] .
10-07 17:36:15.767 I/NpuProbe(19805): [ggml] .
10-07 17:36:15.767 I/NpuProbe(19805): [ggml] .
10-07 17:36:15.768 I/NpuProbe(19805): [ggml] .
10-07 17:36:15.768 I/NpuProbe(19805): [ggml] .
10-07 17:36:15.768 I/NpuProbe(19805): [ggml] .
10-07 17:36:15.768 I/NpuProbe(19805): [ggml] .
10-07 17:36:15.769 I/NpuProbe(19805): [ggml] .
10-07 17:36:15.769 I/NpuProbe(19805): [ggml] .
10-07 17:36:15.770 I/NpuProbe(19805): [ggml] .
10-07 17:36:15.770 I/NpuProbe(19805): [ggml] .
10-07 17:36:15.771 I/NpuProbe(19805): [ggml] .
10-07 17:36:15.771 I/NpuProbe(19805): [ggml] .
10-07 17:36:15.771 I/NpuProbe(19805): [ggml] .
10-07 17:36:15.772 I/NpuProbe(19805): [ggml] .
10-07 17:36:15.772 I/NpuProbe(19805): [ggml] .
10-07 17:36:15.772 I/NpuProbe(19805): [ggml] .
10-07 17:36:15.773 I/NpuProbe(19805): [ggml] .
10-07 17:36:15.773 I/NpuProbe(19805): [ggml] .
10-07 17:36:15.773 I/NpuProbe(19805): [ggml] .
10-07 17:36:15.773 I/NpuProbe(19805): [ggml] .
10-07 17:36:15.774 I/NpuProbe(19805): [ggml] .
10-07 17:36:15.774 I/NpuProbe(19805): [ggml] .
10-07 17:36:15.774 I/NpuProbe(19805): [ggml] .
10-07 17:36:15.775 I/NpuProbe(19805): [ggml] .
10-07 17:36:15.775 I/NpuProbe(19805): [ggml] .
10-07 17:36:15.775 I/NpuProbe(19805): [ggml] 
10-07 17:36:20.712 I/NpuProbe(19805): load(destino)=5645ms
10-07 17:36:20.712 I/NpuProbe(19805): [ggml] ggml_opencl: OpenCL driver: OpenCL 3.0 QUALCOMM build: 0842.41 Compiler E031.50.19.27
10-07 17:36:20.712 I/NpuProbe(19805): [ggml] ggml_opencl: vector subgroup broadcast support: true
10-07 17:36:20.712 I/NpuProbe(19805): [ggml] ggml_opencl: subgroup shuffle support: true
10-07 17:36:20.712 I/NpuProbe(19805): [ggml] ggml_opencl: device FP16 support: true
10-07 17:36:20.712 I/NpuProbe(19805): [ggml] ggml_opencl: khr dot product support: true
10-07 17:36:20.712 I/NpuProbe(19805): [ggml] ggml_opencl: mem base addr align: 128
10-07 17:36:20.712 I/NpuProbe(19805): [ggml] ggml_opencl: global mem size: 7555 MB
10-07 17:36:20.712 I/NpuProbe(19805): [ggml] ggml_opencl: max mem alloc size: 2048 MB
10-07 17:36:20.712 I/NpuProbe(19805): [ggml] ggml_opencl: device max image buffer size (pixels): 2147483648
10-07 17:36:20.712 I/NpuProbe(19805): [ggml] ggml_opencl: device max image2d size: 16384 x 16384
10-07 17:36:20.712 I/NpuProbe(19805): [ggml] ggml_opencl: device max workgroup size: 1024
10-07 17:36:20.712 I/NpuProbe(19805): [ggml] ggml_opencl: SVM coarse grain buffer support: true
10-07 17:36:20.712 I/NpuProbe(19805): [ggml] ggml_opencl: SVM fine grain buffer support: true
10-07 17:36:20.712 I/NpuProbe(19805): [ggml] ggml_opencl: SVM fine grain system support: false
10-07 17:36:20.712 I/NpuProbe(19805): [ggml] ggml_opencl: SVM atomics support: true
10-07 17:36:20.712 I/NpuProbe(19805): [ggml] ggml_opencl: cl_qcom_subgroup_shuffle support: true
10-07 17:36:20.712 I/NpuProbe(19805): [ggml] ggml_opencl: flattening quantized weights representation as struct of arrays (GGML_OPENCL_SOA_Q)
10-07 17:36:20.712 I/NpuProbe(19805): [ggml] ggml_opencl: using kernels optimized for Adreno (GGML_OPENCL_USE_ADRENO_KERNELS)
10-07 17:36:21.128 I/NpuProbe(19805): load(origem)=378ms
10-07 17:36:21.164 I/NpuProbe(19805): ctxs prontos (cold_total=6100ms)
10-07 17:36:23.807 I/NpuProbe(19805): [ggml] ggml_opencl: lazy-compiling flash_attn prepass for DK=128 DV=128
10-07 17:36:23.807 I/NpuProbe(19805): [ggml] ggml_opencl: compiling fa prepass f16
10-07 17:36:23.869 I/NpuProbe(19805): [ggml] ggml_opencl: compiling fa f32_f16
10-07 17:36:25.069 I/NpuProbe(19805): [ggml] ggml_opencl: flash_attn_f32_f16_q1_vec_mq_split_c8 DK=128 DV=128 per-kernel max 128 < required 256; skipping registration (will fall back)
10-07 17:36:25.069 I/NpuProbe(19805): [ggml] ggml_opencl: compiling fa f32_f16 MQ_GQA=8
10-07 17:36:25.667 I/NpuProbe(19805): [ggml] ggml_opencl: flash_attn_f32_f16_q1_vec_mq_split_c8 (g8) DK=128 DV=128 per-kernel max 128 < required 192; skipping registration (will fall back)
10-07 17:36:25.667 I/NpuProbe(19805): [ggml] ggml_opencl: compiling fa f32_f16 c8 NSG2
10-07 17:36:26.077 I/NpuProbe(19805): [ggml] ggml_opencl: compiling fa f32_f16 c8 g8 NSG2
10-07 17:36:26.670 I/NpuProbe(19805): [ggml] ggml_opencl: compiling fa f32_f16 split
10-07 17:36:30.730 I/NpuProbe(19805): A1: ok=1 cap=0 eog_tok1=0 tok1=32 amostrados(s/d)=1/63 emitidos=63 consumidos=63 decodes_s_pos_ponte=0
10-07 17:36:30.730 I/NpuProbe(19805): A1 tempos: prefill=2588.96ms export=0.19ms(3802585B) import=5.04ms gen=6858.32ms
10-07 17:36:30.730 I/NpuProbe(19805): A1 espelho: passos=0 iguais=0 div_pos=-1 div_marg(d/s)=-1.000/-1.000
10-07 17:36:30.730 I/NpuProbe(19805): A1 fronteiras(ms desde request): prefill_done=8690.1 tok1_ready=8734.6 import_done=8739.6 tok2_ready=12581.4 fim=15597.9 (INTERNAS; sem streaming de UI no probe)
10-07 17:36:30.730 I/NpuProbe(19805): A1 prompt_hash=0edc23f816808e4e
10-07 17:36:30.730 I/NpuProbe(19805): A1 texto: A raposa marrom e rápida salta sobre o cachorro preguiçoso, enquanto o sol se põe lentamente atrás das montanhas. O rio continua a fluir pelo vale onde o velho moinho uma vez ficou em pé.
10-07 17:36:30.736 I/NpuProbe(19805): reset: pos cmp (origem=-1 destino=-1) -> VAZIO ok
10-07 17:36:37.087 I/NpuProbe(19805): A2: ok=1 texto igual ao A1: SIM
10-07 17:36:37.088 I/NpuProbe(19805): RESULTADO: BENCH-CONCLUIDO (htp->opencl; sem espelho; decode origem pos-ponte=0; A-B-A texto igual)
10-07 17:36:37.393 I/NpuProbe(19805): SMART REPORT:
10-07 17:36:37.393 I/NpuProbe(19805): SMART (opencl@bench)
10-07 17:36:37.393 I/NpuProbe(19805): 
10-07 17:36:37.393 I/NpuProbe(19805): SMARTv2 rota='opencl@bench' mutante=(none)
10-07 17:36:37.393 I/NpuProbe(19805): MODO BENCHMARK (@bench; sem espelho; decode so no destino)
10-07 17:36:37.393 I/NpuProbe(19805): MODO PONTE: origem=htp | destino=opencl (GPUOpenCL)
10-07 17:36:37.393 I/NpuProbe(19805): prompt: ARQUIVO (len=379)
10-07 17:36:37.393 I/NpuProbe(19805): cap: ARQUIVO = 160
10-07 17:36:37.393 I/NpuProbe(19805): load(destino)=5645ms
10-07 17:36:37.393 I/NpuProbe(19805): load(origem)=378ms
10-07 17:36:37.393 I/NpuProbe(19805): ctxs prontos (cold_total=6100ms)
10-07 17:36:37.393 I/NpuProbe(19805): A1: ok=1 cap=0 eog_tok1=0 tok1=32 amostrados(s/d)=1/63 emitidos=63 consumidos=63 decodes_s_pos_ponte=0
10-07 17:36:37.393 I/NpuProbe(19805): A1 tempos: prefill=2588.96ms export=0.19ms(3802585B) import=5.04ms gen=6858.32ms
10-07 17:36:37.393 I/NpuProbe(19805): A1 espelho: passos=0 iguais=0 div_pos=-1 div_marg(d/s)=-1.000/-1.000
10-07 17:36:37.393 I/NpuProbe(19805): A1 fronteiras(ms desde request): prefill_done=8690.1 tok1_ready=8734.6 import_done=8739.6 tok2_ready=12581.4 fim=15597.9 (INTERNAS; sem streaming de UI no probe)
10-07 17:36:37.393 I/NpuProbe(19805): A1 prompt_hash=0edc23f816808e4e
10-07 17:36:37.393 I/NpuProbe(19805): A1 texto: A raposa marrom e rápida salta sobre o cachorro preguiçoso, enquanto o sol se põe lentamente atrás das montanhas. O rio continua a fluir pelo vale onde o velho moinho uma vez ficou em pé.
10-07 17:36:37.393 I/NpuProbe(19805): reset: pos cmp (origem=-1 destino=-1) -> VAZIO ok
10-07 17:36:37.393 I/NpuProbe(19805): A2: ok=1 texto igual ao A1: SIM
10-07 17:36:37.393 I/NpuProbe(19805): RESULTADO: BENCH-CONCLUIDO (htp->opencl; sem espelho; decode origem pos-ponte=0; A-B-A texto igual)
10-07 17:37:49.338 I/NpuProbe(20678): nativeLibraryDir=/data/app/~~-AAa5lDaii0dMGTPgPeENA==/br.gov.sp.pcsp.npuprobe-rKDzfVqWrdi-4lPwWdPEAA==/lib/arm64
10-07 17:37:49.338 I/NpuProbe(20678): libdir=/data/app/~~-AAa5lDaii0dMGTPgPeENA==/br.gov.sp.pcsp.npuprobe-rKDzfVqWrdi-4lPwWdPEAA==/lib/arm64
10-07 17:37:49.338 I/NpuProbe(20678): build=llama.cpp-upstream-pkg (v11-libs) + probe R4
10-07 17:37:49.339 I/NpuProbe(20678): controle-sistema (liblog.so)=OK
10-07 17:37:49.339 I/NpuProbe(20678): negativo-fake (libnaoexiste_xyz.so)=FALHOU err=dlopen failed: library "libnaoexiste_xyz.so" not found
10-07 17:37:49.342 I/NpuProbe(20678): cdsprpc-nome (libcdsprpc.so)=OK
10-07 17:37:49.343 I/NpuProbe(20678): cdsprpc-abs (/vendor/lib64/libcdsprpc.so)=OK
10-07 17:37:49.343 I/NpuProbe(20678): ADSP_LIBRARY_PATH=libdir (setenv)
10-07 17:37:49.346 I/NpuProbe(20678): [ggml] ggml_vulkan: Found 1 Vulkan devices:
10-07 17:37:49.347 I/NpuProbe(20678): [ggml] ggml_vulkan: 0 = Adreno (TM) 840 (Qualcomm Technologies Inc. Adreno Vulkan Driver) | uma: 1 | fp16: 1 | bf16: 0 | fp4: 0 | warp size: 64 | shared memory: 32768 | int dot: 0 | matrix cores: none
10-07 17:37:49.359 I/NpuProbe(20678): [ggml] ggml_opencl: selected platform: 'QUALCOMM Snapdragon(TM)'
10-07 17:37:49.360 I/NpuProbe(20678): [ggml] 
10-07 17:37:49.360 I/NpuProbe(20678): ggml_opencl: device: 'QUALCOMM Adreno(TM) 840 (OpenCL 3.0 Adreno(TM) 840)'
10-07 17:37:49.360 I/NpuProbe(20678): [ggml] ggml_opencl: default device: 'QUALCOMM Adreno(TM) 840 (OpenCL 3.0 Adreno(TM) 840)'
10-07 17:37:49.361 I/NpuProbe(20678): [ggml] ggml-hex: Loading driver libcdsprpc.so
10-07 17:37:49.364 I/NpuProbe(20678): [ggml] ggml-hex: Hexagon backend (experimental) : allocating new registry : ndev 1
10-07 17:37:49.364 I/NpuProbe(20678): [ggml] ggml-hex: Hexagon Arch version v81
10-07 17:37:49.364 I/NpuProbe(20678): [ggml] ggml-hex: HTP0 allocating new session
10-07 17:37:49.401 I/NpuProbe(20678): [ggml] ggml-hex: HTP0 hwinfo: threads 8, hvx 8, hmx 1, vtcm 8 MB
10-07 17:37:49.401 I/NpuProbe(20678): [ggml] ggml-hex: HTP0 new session : session-id 0 domain-id 3 uri file:///libggml-htp-v81.so?htp_iface_skel_handle_invoke&_modver=1.0&_dom=cdsp&_session=0 handle 0xb4000077d52a49c0
10-07 17:37:49.406 I/NpuProbe(20678): [ggml] ggml-hex: HTP0 op batching: n-bufs 16 n-tensors 7168 n-ops 1024 vmem 3355443200
10-07 17:37:49.414 I/NpuProbe(20678): load_all_from_path=70ms
10-07 17:37:49.414 I/NpuProbe(20678): [ggml] load_backend: failed to find ggml_backend_init in /data/app/~~-AAa5lDaii0dMGTPgPeENA==/br.gov.sp.pcsp.npuprobe-rKDzfVqWrdi-4lPwWdPEAA==/lib/arm64/libggml-hexagon.so
10-07 17:37:49.414 I/NpuProbe(20678): load(hexagon direto)=FALHOU em 0ms
10-07 17:37:49.414 I/NpuProbe(20678): devices=4
10-07 17:37:49.414 I/NpuProbe(20678):   dev[0] Vulkan0 (Adreno (TM) 840)
10-07 17:37:49.414 I/NpuProbe(20678):   dev[1] GPUOpenCL (QUALCOMM Adreno(TM) 840)
10-07 17:37:49.414 I/NpuProbe(20678):   dev[2] HTP0 (Hexagon)
10-07 17:37:49.414 I/NpuProbe(20678):   dev[3] CPU (CPU)
10-07 17:37:49.414 I/NpuProbe(20678): dev_init(HTP0)=0ms -> SESSAO ABERTA
10-07 17:37:49.415 I/NpuProbe(20678): graph_compute(MUL_MAT 64x64)=0.6ms status=0
10-07 17:37:49.415 I/NpuProbe(20678): c[0]=128.000000 (esperado 128.0)
10-07 17:37:49.415 I/NpuProbe(20678): RESULTADO: APP-UID OK: sessao HTP + op executado com resultado correto
10-07 17:37:49.416 I/NpuProbe(20678): REPORT:
10-07 17:37:49.416 I/NpuProbe(20678): libdir=/data/app/~~-AAa5lDaii0dMGTPgPeENA==/br.gov.sp.pcsp.npuprobe-rKDzfVqWrdi-4lPwWdPEAA==/lib/arm64
10-07 17:37:49.416 I/NpuProbe(20678): build=llama.cpp-upstream-pkg (v11-libs) + probe R4
10-07 17:37:49.416 I/NpuProbe(20678): controle-sistema (liblog.so)=OK
10-07 17:37:49.416 I/NpuProbe(20678): negativo-fake (libnaoexiste_xyz.so)=FALHOU err=dlopen failed: library "libnaoexiste_xyz.so" not found
10-07 17:37:49.416 I/NpuProbe(20678): cdsprpc-nome (libcdsprpc.so)=OK
10-07 17:37:49.416 I/NpuProbe(20678): cdsprpc-abs (/vendor/lib64/libcdsprpc.so)=OK
10-07 17:37:49.416 I/NpuProbe(20678): ADSP_LIBRARY_PATH=libdir (setenv)
10-07 17:37:49.416 I/NpuProbe(20678): load_all_from_path=70ms
10-07 17:37:49.416 I/NpuProbe(20678): load(hexagon direto)=FALHOU em 0ms
10-07 17:37:49.416 I/NpuProbe(20678): devices=4
10-07 17:37:49.416 I/NpuProbe(20678):   dev[0] Vulkan0 (Adreno (TM) 840)
10-07 17:37:49.416 I/NpuProbe(20678):   dev[1] GPUOpenCL (QUALCOMM Adreno(TM) 840)
10-07 17:37:49.416 I/NpuProbe(20678):   dev[2] HTP0 (Hexagon)
10-07 17:37:49.416 I/NpuProbe(20678):   dev[3] CPU (CPU)
10-07 17:37:49.416 I/NpuProbe(20678): dev_init(HTP0)=0ms -> SESSAO ABERTA
10-07 17:37:49.416 I/NpuProbe(20678): graph_compute(MUL_MAT 64x64)=0.6ms status=0
10-07 17:37:49.416 I/NpuProbe(20678): c[0]=128.000000 (esperado 128.0)
10-07 17:37:49.416 I/NpuProbe(20678): RESULTADO: APP-UID OK: sessao HTP + op executado com resultado correto
10-07 17:37:49.417 I/NpuProbe(20678): AUTO-GATILHO='smart:vulkan@bench'
10-07 17:37:49.417 I/NpuProbe(20678): SMART iniciando rota=vulkan@bench com /data/local/tmp/hymt2_app.gguf
10-07 17:37:49.417 I/NpuProbe(20678): SMARTv2 rota='vulkan@bench' mutante=(none)
10-07 17:37:49.419 I/NpuProbe(20678): MODO BENCHMARK (@bench; sem espelho; decode so no destino)
10-07 17:37:49.419 I/NpuProbe(20678): MODO PONTE: origem=htp | destino=vulkan (Vulkan0)
10-07 17:37:49.420 I/NpuProbe(20678): prompt: ARQUIVO (len=379)
10-07 17:37:49.421 I/NpuProbe(20678): cap: ARQUIVO = 160
10-07 17:37:50.413 I/NpuProbe(20678): load(destino)=992ms
10-07 17:37:50.879 I/NpuProbe(20678): load(origem)=382ms
10-07 17:37:50.916 I/NpuProbe(20678): ctxs prontos (cold_total=1499ms)
[rec 17:36:57]
--------- beginning of main
10-07 17:36:23.807 I/NpuProbe(19805): [ggml] ggml_opencl: lazy-compiling flash_attn prepass for DK=128 DV=128
10-07 17:36:23.807 I/NpuProbe(19805): [ggml] ggml_opencl: compiling fa prepass f16
10-07 17:36:23.869 I/NpuProbe(19805): [ggml] ggml_opencl: compiling fa f32_f16
10-07 17:36:25.069 I/NpuProbe(19805): [ggml] ggml_opencl: flash_attn_f32_f16_q1_vec_mq_split_c8 DK=128 DV=128 per-kernel max 128 < required 256; skipping registration (will fall back)
10-07 17:36:25.069 I/NpuProbe(19805): [ggml] ggml_opencl: compiling fa f32_f16 MQ_GQA=8
10-07 17:36:25.667 I/NpuProbe(19805): [ggml] ggml_opencl: flash_attn_f32_f16_q1_vec_mq_split_c8 (g8) DK=128 DV=128 per-kernel max 128 < required 192; skipping registration (will fall back)
10-07 17:36:25.667 I/NpuProbe(19805): [ggml] ggml_opencl: compiling fa f32_f16 c8 NSG2
10-07 17:36:26.077 I/NpuProbe(19805): [ggml] ggml_opencl: compiling fa f32_f16 c8 g8 NSG2
10-07 17:36:26.670 I/NpuProbe(19805): [ggml] ggml_opencl: compiling fa f32_f16 split
10-07 17:36:30.730 I/NpuProbe(19805): A1: ok=1 cap=0 eog_tok1=0 tok1=32 amostrados(s/d)=1/63 emitidos=63 consumidos=63 decodes_s_pos_ponte=0
10-07 17:36:30.730 I/NpuProbe(19805): A1 tempos: prefill=2588.96ms export=0.19ms(3802585B) import=5.04ms gen=6858.32ms
10-07 17:36:30.730 I/NpuProbe(19805): A1 espelho: passos=0 iguais=0 div_pos=-1 div_marg(d/s)=-1.000/-1.000
10-07 17:36:30.730 I/NpuProbe(19805): A1 fronteiras(ms desde request): prefill_done=8690.1 tok1_ready=8734.6 import_done=8739.6 tok2_ready=12581.4 fim=15597.9 (INTERNAS; sem streaming de UI no probe)
10-07 17:36:30.730 I/NpuProbe(19805): A1 prompt_hash=0edc23f816808e4e
10-07 17:36:30.730 I/NpuProbe(19805): A1 texto: A raposa marrom e rápida salta sobre o cachorro preguiçoso, enquanto o sol se põe lentamente atrás das montanhas. O rio continua a fluir pelo vale onde o velho moinho uma vez ficou em pé.
10-07 17:36:30.736 I/NpuProbe(19805): reset: pos cmp (origem=-1 destino=-1) -> VAZIO ok
10-07 17:36:37.087 I/NpuProbe(19805): A2: ok=1 texto igual ao A1: SIM
10-07 17:36:37.088 I/NpuProbe(19805): RESULTADO: BENCH-CONCLUIDO (htp->opencl; sem espelho; decode origem pos-ponte=0; A-B-A texto igual)
10-07 17:36:37.393 I/NpuProbe(19805): SMART REPORT:
10-07 17:36:37.393 I/NpuProbe(19805): SMART (opencl@bench)
10-07 17:36:37.393 I/NpuProbe(19805): 
10-07 17:36:37.393 I/NpuProbe(19805): SMARTv2 rota='opencl@bench' mutante=(none)
10-07 17:36:37.393 I/NpuProbe(19805): MODO BENCHMARK (@bench; sem espelho; decode so no destino)
10-07 17:36:37.393 I/NpuProbe(19805): MODO PONTE: origem=htp | destino=opencl (GPUOpenCL)
10-07 17:36:37.393 I/NpuProbe(19805): prompt: ARQUIVO (len=379)
10-07 17:36:37.393 I/NpuProbe(19805): cap: ARQUIVO = 160
10-07 17:36:37.393 I/NpuProbe(19805): load(destino)=5645ms
10-07 17:36:37.393 I/NpuProbe(19805): load(origem)=378ms
10-07 17:36:37.393 I/NpuProbe(19805): ctxs prontos (cold_total=6100ms)
10-07 17:36:37.393 I/NpuProbe(19805): A1: ok=1 cap=0 eog_tok1=0 tok1=32 amostrados(s/d)=1/63 emitidos=63 consumidos=63 decodes_s_pos_ponte=0
10-07 17:36:37.393 I/NpuProbe(19805): A1 tempos: prefill=2588.96ms export=0.19ms(3802585B) import=5.04ms gen=6858.32ms
10-07 17:36:37.393 I/NpuProbe(19805): A1 espelho: passos=0 iguais=0 div_pos=-1 div_marg(d/s)=-1.000/-1.000
10-07 17:36:37.393 I/NpuProbe(19805): A1 fronteiras(ms desde request): prefill_done=8690.1 tok1_ready=8734.6 import_done=8739.6 tok2_ready=12581.4 fim=15597.9 (INTERNAS; sem streaming de UI no probe)
10-07 17:36:37.393 I/NpuProbe(19805): A1 prompt_hash=0edc23f816808e4e
10-07 17:36:37.393 I/NpuProbe(19805): A1 texto: A raposa marrom e rápida salta sobre o cachorro preguiçoso, enquanto o sol se põe lentamente atrás das montanhas. O rio continua a fluir pelo vale onde o velho moinho uma vez ficou em pé.
10-07 17:36:37.393 I/NpuProbe(19805): reset: pos cmp (origem=-1 destino=-1) -> VAZIO ok
10-07 17:36:37.393 I/NpuProbe(19805): A2: ok=1 texto igual ao A1: SIM
10-07 17:36:37.393 I/NpuProbe(19805): RESULTADO: BENCH-CONCLUIDO (htp->opencl; sem espelho; decode origem pos-ponte=0; A-B-A texto igual)
10-07 17:37:49.338 I/NpuProbe(20678): nativeLibraryDir=/data/app/~~-AAa5lDaii0dMGTPgPeENA==/br.gov.sp.pcsp.npuprobe-rKDzfVqWrdi-4lPwWdPEAA==/lib/arm64
10-07 17:37:49.338 I/NpuProbe(20678): libdir=/data/app/~~-AAa5lDaii0dMGTPgPeENA==/br.gov.sp.pcsp.npuprobe-rKDzfVqWrdi-4lPwWdPEAA==/lib/arm64
10-07 17:37:49.338 I/NpuProbe(20678): build=llama.cpp-upstream-pkg (v11-libs) + probe R4
10-07 17:37:49.339 I/NpuProbe(20678): controle-sistema (liblog.so)=OK
10-07 17:37:49.339 I/NpuProbe(20678): negativo-fake (libnaoexiste_xyz.so)=FALHOU err=dlopen failed: library "libnaoexiste_xyz.so" not found
10-07 17:37:49.342 I/NpuProbe(20678): cdsprpc-nome (libcdsprpc.so)=OK
10-07 17:37:49.343 I/NpuProbe(20678): cdsprpc-abs (/vendor/lib64/libcdsprpc.so)=OK
10-07 17:37:49.343 I/NpuProbe(20678): ADSP_LIBRARY_PATH=libdir (setenv)
10-07 17:37:49.346 I/NpuProbe(20678): [ggml] ggml_vulkan: Found 1 Vulkan devices:
10-07 17:37:49.347 I/NpuProbe(20678): [ggml] ggml_vulkan: 0 = Adreno (TM) 840 (Qualcomm Technologies Inc. Adreno Vulkan Driver) | uma: 1 | fp16: 1 | bf16: 0 | fp4: 0 | warp size: 64 | shared memory: 32768 | int dot: 0 | matrix cores: none
10-07 17:37:49.359 I/NpuProbe(20678): [ggml] ggml_opencl: selected platform: 'QUALCOMM Snapdragon(TM)'
10-07 17:37:49.360 I/NpuProbe(20678): [ggml] 
10-07 17:37:49.360 I/NpuProbe(20678): ggml_opencl: device: 'QUALCOMM Adreno(TM) 840 (OpenCL 3.0 Adreno(TM) 840)'
10-07 17:37:49.360 I/NpuProbe(20678): [ggml] ggml_opencl: default device: 'QUALCOMM Adreno(TM) 840 (OpenCL 3.0 Adreno(TM) 840)'
10-07 17:37:49.361 I/NpuProbe(20678): [ggml] ggml-hex: Loading driver libcdsprpc.so
10-07 17:37:49.364 I/NpuProbe(20678): [ggml] ggml-hex: Hexagon backend (experimental) : allocating new registry : ndev 1
10-07 17:37:49.364 I/NpuProbe(20678): [ggml] ggml-hex: Hexagon Arch version v81
10-07 17:37:49.364 I/NpuProbe(20678): [ggml] ggml-hex: HTP0 allocating new session
10-07 17:37:49.401 I/NpuProbe(20678): [ggml] ggml-hex: HTP0 hwinfo: threads 8, hvx 8, hmx 1, vtcm 8 MB
10-07 17:37:49.401 I/NpuProbe(20678): [ggml] ggml-hex: HTP0 new session : session-id 0 domain-id 3 uri file:///libggml-htp-v81.so?htp_iface_skel_handle_invoke&_modver=1.0&_dom=cdsp&_session=0 handle 0xb4000077d52a49c0
10-07 17:37:49.406 I/NpuProbe(20678): [ggml] ggml-hex: HTP0 op batching: n-bufs 16 n-tensors 7168 n-ops 1024 vmem 3355443200
10-07 17:37:49.414 I/NpuProbe(20678): load_all_from_path=70ms
10-07 17:37:49.414 I/NpuProbe(20678): [ggml] load_backend: failed to find ggml_backend_init in /data/app/~~-AAa5lDaii0dMGTPgPeENA==/br.gov.sp.pcsp.npuprobe-rKDzfVqWrdi-4lPwWdPEAA==/lib/arm64/libggml-hexagon.so
10-07 17:37:49.414 I/NpuProbe(20678): load(hexagon direto)=FALHOU em 0ms
10-07 17:37:49.414 I/NpuProbe(20678): devices=4
10-07 17:37:49.414 I/NpuProbe(20678):   dev[0] Vulkan0 (Adreno (TM) 840)
10-07 17:37:49.414 I/NpuProbe(20678):   dev[1] GPUOpenCL (QUALCOMM Adreno(TM) 840)
10-07 17:37:49.414 I/NpuProbe(20678):   dev[2] HTP0 (Hexagon)
10-07 17:37:49.414 I/NpuProbe(20678):   dev[3] CPU (CPU)
10-07 17:37:49.414 I/NpuProbe(20678): dev_init(HTP0)=0ms -> SESSAO ABERTA
10-07 17:37:49.415 I/NpuProbe(20678): graph_compute(MUL_MAT 64x64)=0.6ms status=0
10-07 17:37:49.415 I/NpuProbe(20678): c[0]=128.000000 (esperado 128.0)
10-07 17:37:49.415 I/NpuProbe(20678): RESULTADO: APP-UID OK: sessao HTP + op executado com resultado correto
10-07 17:37:49.416 I/NpuProbe(20678): REPORT:
10-07 17:37:49.416 I/NpuProbe(20678): libdir=/data/app/~~-AAa5lDaii0dMGTPgPeENA==/br.gov.sp.pcsp.npuprobe-rKDzfVqWrdi-4lPwWdPEAA==/lib/arm64
10-07 17:37:49.416 I/NpuProbe(20678): build=llama.cpp-upstream-pkg (v11-libs) + probe R4
10-07 17:37:49.416 I/NpuProbe(20678): controle-sistema (liblog.so)=OK
10-07 17:37:49.416 I/NpuProbe(20678): negativo-fake (libnaoexiste_xyz.so)=FALHOU err=dlopen failed: library "libnaoexiste_xyz.so" not found
10-07 17:37:49.416 I/NpuProbe(20678): cdsprpc-nome (libcdsprpc.so)=OK
10-07 17:37:49.416 I/NpuProbe(20678): cdsprpc-abs (/vendor/lib64/libcdsprpc.so)=OK
10-07 17:37:49.416 I/NpuProbe(20678): ADSP_LIBRARY_PATH=libdir (setenv)
10-07 17:37:49.416 I/NpuProbe(20678): load_all_from_path=70ms
10-07 17:37:49.416 I/NpuProbe(20678): load(hexagon direto)=FALHOU em 0ms
10-07 17:37:49.416 I/NpuProbe(20678): devices=4
10-07 17:37:49.416 I/NpuProbe(20678):   dev[0] Vulkan0 (Adreno (TM) 840)
10-07 17:37:49.416 I/NpuProbe(20678):   dev[1] GPUOpenCL (QUALCOMM Adreno(TM) 840)
10-07 17:37:49.416 I/NpuProbe(20678):   dev[2] HTP0 (Hexagon)
10-07 17:37:49.416 I/NpuProbe(20678):   dev[3] CPU (CPU)
10-07 17:37:49.416 I/NpuProbe(20678): dev_init(HTP0)=0ms -> SESSAO ABERTA
10-07 17:37:49.416 I/NpuProbe(20678): graph_compute(MUL_MAT 64x64)=0.6ms status=0
10-07 17:37:49.416 I/NpuProbe(20678): c[0]=128.000000 (esperado 128.0)
10-07 17:37:49.416 I/NpuProbe(20678): RESULTADO: APP-UID OK: sessao HTP + op executado com resultado correto
10-07 17:37:49.417 I/NpuProbe(20678): AUTO-GATILHO='smart:vulkan@bench'
10-07 17:37:49.417 I/NpuProbe(20678): SMART iniciando rota=vulkan@bench com /data/local/tmp/hymt2_app.gguf
10-07 17:37:49.417 I/NpuProbe(20678): SMARTv2 rota='vulkan@bench' mutante=(none)
10-07 17:37:49.419 I/NpuProbe(20678): MODO BENCHMARK (@bench; sem espelho; decode so no destino)
10-07 17:37:49.419 I/NpuProbe(20678): MODO PONTE: origem=htp | destino=vulkan (Vulkan0)
10-07 17:37:49.420 I/NpuProbe(20678): prompt: ARQUIVO (len=379)
10-07 17:37:49.421 I/NpuProbe(20678): cap: ARQUIVO = 160
10-07 17:37:50.413 I/NpuProbe(20678): load(destino)=992ms
10-07 17:37:50.879 I/NpuProbe(20678): load(origem)=382ms
10-07 17:37:50.916 I/NpuProbe(20678): ctxs prontos (cold_total=1499ms)
10-07 17:37:56.665 I/NpuProbe(20678): A1: ok=1 cap=0 eog_tok1=0 tok1=32 amostrados(s/d)=1/63 emitidos=63 consumidos=63 decodes_s_pos_ponte=0
10-07 17:37:56.665 I/NpuProbe(20678): A1 tempos: prefill=2958.03ms export=0.20ms(3802585B) import=2.07ms gen=2702.21ms
10-07 17:37:56.665 I/NpuProbe(20678): A1 espelho: passos=0 iguais=0 div_pos=-1 div_marg(d/s)=-1.000/-1.000
10-07 17:37:56.665 I/NpuProbe(20678): A1 fronteiras(ms desde request): prefill_done=4457.5 tok1_ready=4506.3 import_done=4508.3 tok2_ready=5543.1 fim=7210.6 (INTERNAS; sem streaming de UI no probe)
10-07 17:37:56.665 I/NpuProbe(20678): A1 prompt_hash=0edc23f816808e4e
10-07 17:37:56.665 I/NpuProbe(20678): A1 texto: A raposa marrom e rápida salta sobre o cachorro preguiçoso, enquanto o sol se põe lentamente atrás das montanhas. O rio continua a fluir pelo vale onde o velho moinho uma vez ficou em pé.
10-07 17:37:56.669 I/NpuProbe(20678): reset: pos cmp (origem=-1 destino=-1) -> VAZIO ok
10-07 17:38:01.502 I/NpuProbe(20678): A2: ok=1 texto igual ao A1: SIM
10-07 17:38:01.502 I/NpuProbe(20678): RESULTADO: BENCH-CONCLUIDO (htp->vulkan; sem espelho; decode origem pos-ponte=0; A-B-A texto igual)
10-07 17:38:01.687 I/NpuProbe(20678): SMART REPORT:
10-07 17:38:01.687 I/NpuProbe(20678): SMART (vulkan@bench)
10-07 17:38:01.687 I/NpuProbe(20678): 
10-07 17:38:01.687 I/NpuProbe(20678): SMARTv2 rota='vulkan@bench' mutante=(none)
10-07 17:38:01.687 I/NpuProbe(20678): MODO BENCHMARK (@bench; sem espelho; decode so no destino)
10-07 17:38:01.687 I/NpuProbe(20678): MODO PONTE: origem=htp | destino=vulkan (Vulkan0)
10-07 17:38:01.687 I/NpuProbe(20678): prompt: ARQUIVO (len=379)
10-07 17:38:01.687 I/NpuProbe(20678): cap: ARQUIVO = 160
10-07 17:38:01.687 I/NpuProbe(20678): load(destino)=992ms
10-07 17:38:01.687 I/NpuProbe(20678): load(origem)=382ms
10-07 17:38:01.687 I/NpuProbe(20678): ctxs prontos (cold_total=1499ms)
10-07 17:38:01.687 I/NpuProbe(20678): A1: ok=1 cap=0 eog_tok1=0 tok1=32 amostrados(s/d)=1/63 emitidos=63 consumidos=63 decodes_s_pos_ponte=0
10-07 17:38:01.687 I/NpuProbe(20678): A1 tempos: prefill=2958.03ms export=0.20ms(3802585B) import=2.07ms gen=2702.21ms
10-07 17:38:01.687 I/NpuProbe(20678): A1 espelho: passos=0 iguais=0 div_pos=-1 div_marg(d/s)=-1.000/-1.000
10-07 17:38:01.687 I/NpuProbe(20678): A1 fronteiras(ms desde request): prefill_done=4457.5 tok1_ready=4506.3 import_done=4508.3 tok2_ready=5543.1 fim=7210.6 (INTERNAS; sem streaming de UI no probe)
10-07 17:38:01.687 I/NpuProbe(20678): A1 prompt_hash=0edc23f816808e4e
10-07 17:38:01.687 I/NpuProbe(20678): A1 texto: A raposa marrom e rápida salta sobre o cachorro preguiçoso, enquanto o sol se põe lentamente atrás das montanhas. O rio continua a fluir pelo vale onde o velho moinho uma vez ficou em pé.
10-07 17:38:01.687 I/NpuProbe(20678): reset: pos cmp (origem=-1 destino=-1) -> VAZIO ok
10-07 17:38:01.687 I/NpuProbe(20678): A2: ok=1 texto igual ao A1: SIM
10-07 17:38:01.687 I/NpuProbe(20678): RESULTADO: BENCH-CONCLUIDO (htp->vulkan; sem espelho; decode origem pos-ponte=0; A-B-A texto igual)
[rec 17:37:24]
--------- beginning of main
10-07 17:36:23.807 I/NpuProbe(19805): [ggml] ggml_opencl: lazy-compiling flash_attn prepass for DK=128 DV=128
10-07 17:36:23.807 I/NpuProbe(19805): [ggml] ggml_opencl: compiling fa prepass f16
10-07 17:36:23.869 I/NpuProbe(19805): [ggml] ggml_opencl: compiling fa f32_f16
10-07 17:36:25.069 I/NpuProbe(19805): [ggml] ggml_opencl: flash_attn_f32_f16_q1_vec_mq_split_c8 DK=128 DV=128 per-kernel max 128 < required 256; skipping registration (will fall back)
10-07 17:36:25.069 I/NpuProbe(19805): [ggml] ggml_opencl: compiling fa f32_f16 MQ_GQA=8
10-07 17:36:25.667 I/NpuProbe(19805): [ggml] ggml_opencl: flash_attn_f32_f16_q1_vec_mq_split_c8 (g8) DK=128 DV=128 per-kernel max 128 < required 192; skipping registration (will fall back)
10-07 17:36:25.667 I/NpuProbe(19805): [ggml] ggml_opencl: compiling fa f32_f16 c8 NSG2
10-07 17:36:26.077 I/NpuProbe(19805): [ggml] ggml_opencl: compiling fa f32_f16 c8 g8 NSG2
10-07 17:36:26.670 I/NpuProbe(19805): [ggml] ggml_opencl: compiling fa f32_f16 split
10-07 17:36:30.730 I/NpuProbe(19805): A1: ok=1 cap=0 eog_tok1=0 tok1=32 amostrados(s/d)=1/63 emitidos=63 consumidos=63 decodes_s_pos_ponte=0
10-07 17:36:30.730 I/NpuProbe(19805): A1 tempos: prefill=2588.96ms export=0.19ms(3802585B) import=5.04ms gen=6858.32ms
10-07 17:36:30.730 I/NpuProbe(19805): A1 espelho: passos=0 iguais=0 div_pos=-1 div_marg(d/s)=-1.000/-1.000
10-07 17:36:30.730 I/NpuProbe(19805): A1 fronteiras(ms desde request): prefill_done=8690.1 tok1_ready=8734.6 import_done=8739.6 tok2_ready=12581.4 fim=15597.9 (INTERNAS; sem streaming de UI no probe)
10-07 17:36:30.730 I/NpuProbe(19805): A1 prompt_hash=0edc23f816808e4e
10-07 17:36:30.730 I/NpuProbe(19805): A1 texto: A raposa marrom e rápida salta sobre o cachorro preguiçoso, enquanto o sol se põe lentamente atrás das montanhas. O rio continua a fluir pelo vale onde o velho moinho uma vez ficou em pé.
10-07 17:36:30.736 I/NpuProbe(19805): reset: pos cmp (origem=-1 destino=-1) -> VAZIO ok
10-07 17:36:37.087 I/NpuProbe(19805): A2: ok=1 texto igual ao A1: SIM
10-07 17:36:37.088 I/NpuProbe(19805): RESULTADO: BENCH-CONCLUIDO (htp->opencl; sem espelho; decode origem pos-ponte=0; A-B-A texto igual)
10-07 17:36:37.393 I/NpuProbe(19805): SMART REPORT:
10-07 17:36:37.393 I/NpuProbe(19805): SMART (opencl@bench)
10-07 17:36:37.393 I/NpuProbe(19805): 
10-07 17:36:37.393 I/NpuProbe(19805): SMARTv2 rota='opencl@bench' mutante=(none)
10-07 17:36:37.393 I/NpuProbe(19805): MODO BENCHMARK (@bench; sem espelho; decode so no destino)
10-07 17:36:37.393 I/NpuProbe(19805): MODO PONTE: origem=htp | destino=opencl (GPUOpenCL)
10-07 17:36:37.393 I/NpuProbe(19805): prompt: ARQUIVO (len=379)
10-07 17:36:37.393 I/NpuProbe(19805): cap: ARQUIVO = 160
10-07 17:36:37.393 I/NpuProbe(19805): load(destino)=5645ms
10-07 17:36:37.393 I/NpuProbe(19805): load(origem)=378ms
10-07 17:36:37.393 I/NpuProbe(19805): ctxs prontos (cold_total=6100ms)
10-07 17:36:37.393 I/NpuProbe(19805): A1: ok=1 cap=0 eog_tok1=0 tok1=32 amostrados(s/d)=1/63 emitidos=63 consumidos=63 decodes_s_pos_ponte=0
10-07 17:36:37.393 I/NpuProbe(19805): A1 tempos: prefill=2588.96ms export=0.19ms(3802585B) import=5.04ms gen=6858.32ms
10-07 17:36:37.393 I/NpuProbe(19805): A1 espelho: passos=0 iguais=0 div_pos=-1 div_marg(d/s)=-1.000/-1.000
10-07 17:36:37.393 I/NpuProbe(19805): A1 fronteiras(ms desde request): prefill_done=8690.1 tok1_ready=8734.6 import_done=8739.6 tok2_ready=12581.4 fim=15597.9 (INTERNAS; sem streaming de UI no probe)
10-07 17:36:37.393 I/NpuProbe(19805): A1 prompt_hash=0edc23f816808e4e
10-07 17:36:37.393 I/NpuProbe(19805): A1 texto: A raposa marrom e rápida salta sobre o cachorro preguiçoso, enquanto o sol se põe lentamente atrás das montanhas. O rio continua a fluir pelo vale onde o velho moinho uma vez ficou em pé.
10-07 17:36:37.393 I/NpuProbe(19805): reset: pos cmp (origem=-1 destino=-1) -> VAZIO ok
10-07 17:36:37.393 I/NpuProbe(19805): A2: ok=1 texto igual ao A1: SIM
10-07 17:36:37.393 I/NpuProbe(19805): RESULTADO: BENCH-CONCLUIDO (htp->opencl; sem espelho; decode origem pos-ponte=0; A-B-A texto igual)
10-07 17:37:49.338 I/NpuProbe(20678): nativeLibraryDir=/data/app/~~-AAa5lDaii0dMGTPgPeENA==/br.gov.sp.pcsp.npuprobe-rKDzfVqWrdi-4lPwWdPEAA==/lib/arm64
10-07 17:37:49.338 I/NpuProbe(20678): libdir=/data/app/~~-AAa5lDaii0dMGTPgPeENA==/br.gov.sp.pcsp.npuprobe-rKDzfVqWrdi-4lPwWdPEAA==/lib/arm64
10-07 17:37:49.338 I/NpuProbe(20678): build=llama.cpp-upstream-pkg (v11-libs) + probe R4
10-07 17:37:49.339 I/NpuProbe(20678): controle-sistema (liblog.so)=OK
10-07 17:37:49.339 I/NpuProbe(20678): negativo-fake (libnaoexiste_xyz.so)=FALHOU err=dlopen failed: library "libnaoexiste_xyz.so" not found
10-07 17:37:49.342 I/NpuProbe(20678): cdsprpc-nome (libcdsprpc.so)=OK
10-07 17:37:49.343 I/NpuProbe(20678): cdsprpc-abs (/vendor/lib64/libcdsprpc.so)=OK
10-07 17:37:49.343 I/NpuProbe(20678): ADSP_LIBRARY_PATH=libdir (setenv)
10-07 17:37:49.346 I/NpuProbe(20678): [ggml] ggml_vulkan: Found 1 Vulkan devices:
10-07 17:37:49.347 I/NpuProbe(20678): [ggml] ggml_vulkan: 0 = Adreno (TM) 840 (Qualcomm Technologies Inc. Adreno Vulkan Driver) | uma: 1 | fp16: 1 | bf16: 0 | fp4: 0 | warp size: 64 | shared memory: 32768 | int dot: 0 | matrix cores: none
10-07 17:37:49.359 I/NpuProbe(20678): [ggml] ggml_opencl: selected platform: 'QUALCOMM Snapdragon(TM)'
10-07 17:37:49.360 I/NpuProbe(20678): [ggml] 
10-07 17:37:49.360 I/NpuProbe(20678): ggml_opencl: device: 'QUALCOMM Adreno(TM) 840 (OpenCL 3.0 Adreno(TM) 840)'
10-07 17:37:49.360 I/NpuProbe(20678): [ggml] ggml_opencl: default device: 'QUALCOMM Adreno(TM) 840 (OpenCL 3.0 Adreno(TM) 840)'
10-07 17:37:49.361 I/NpuProbe(20678): [ggml] ggml-hex: Loading driver libcdsprpc.so
10-07 17:37:49.364 I/NpuProbe(20678): [ggml] ggml-hex: Hexagon backend (experimental) : allocating new registry : ndev 1
10-07 17:37:49.364 I/NpuProbe(20678): [ggml] ggml-hex: Hexagon Arch version v81
10-07 17:37:49.364 I/NpuProbe(20678): [ggml] ggml-hex: HTP0 allocating new session
10-07 17:37:49.401 I/NpuProbe(20678): [ggml] ggml-hex: HTP0 hwinfo: threads 8, hvx 8, hmx 1, vtcm 8 MB
10-07 17:37:49.401 I/NpuProbe(20678): [ggml] ggml-hex: HTP0 new session : session-id 0 domain-id 3 uri file:///libggml-htp-v81.so?htp_iface_skel_handle_invoke&_modver=1.0&_dom=cdsp&_session=0 handle 0xb4000077d52a49c0
10-07 17:37:49.406 I/NpuProbe(20678): [ggml] ggml-hex: HTP0 op batching: n-bufs 16 n-tensors 7168 n-ops 1024 vmem 3355443200
10-07 17:37:49.414 I/NpuProbe(20678): load_all_from_path=70ms
10-07 17:37:49.414 I/NpuProbe(20678): [ggml] load_backend: failed to find ggml_backend_init in /data/app/~~-AAa5lDaii0dMGTPgPeENA==/br.gov.sp.pcsp.npuprobe-rKDzfVqWrdi-4lPwWdPEAA==/lib/arm64/libggml-hexagon.so
10-07 17:37:49.414 I/NpuProbe(20678): load(hexagon direto)=FALHOU em 0ms
10-07 17:37:49.414 I/NpuProbe(20678): devices=4
10-07 17:37:49.414 I/NpuProbe(20678):   dev[0] Vulkan0 (Adreno (TM) 840)
10-07 17:37:49.414 I/NpuProbe(20678):   dev[1] GPUOpenCL (QUALCOMM Adreno(TM) 840)
10-07 17:37:49.414 I/NpuProbe(20678):   dev[2] HTP0 (Hexagon)
10-07 17:37:49.414 I/NpuProbe(20678):   dev[3] CPU (CPU)
10-07 17:37:49.414 I/NpuProbe(20678): dev_init(HTP0)=0ms -> SESSAO ABERTA
10-07 17:37:49.415 I/NpuProbe(20678): graph_compute(MUL_MAT 64x64)=0.6ms status=0
10-07 17:37:49.415 I/NpuProbe(20678): c[0]=128.000000 (esperado 128.0)
10-07 17:37:49.415 I/NpuProbe(20678): RESULTADO: APP-UID OK: sessao HTP + op executado com resultado correto
10-07 17:37:49.416 I/NpuProbe(20678): REPORT:
10-07 17:37:49.416 I/NpuProbe(20678): libdir=/data/app/~~-AAa5lDaii0dMGTPgPeENA==/br.gov.sp.pcsp.npuprobe-rKDzfVqWrdi-4lPwWdPEAA==/lib/arm64
10-07 17:37:49.416 I/NpuProbe(20678): build=llama.cpp-upstream-pkg (v11-libs) + probe R4
10-07 17:37:49.416 I/NpuProbe(20678): controle-sistema (liblog.so)=OK
10-07 17:37:49.416 I/NpuProbe(20678): negativo-fake (libnaoexiste_xyz.so)=FALHOU err=dlopen failed: library "libnaoexiste_xyz.so" not found
10-07 17:37:49.416 I/NpuProbe(20678): cdsprpc-nome (libcdsprpc.so)=OK
10-07 17:37:49.416 I/NpuProbe(20678): cdsprpc-abs (/vendor/lib64/libcdsprpc.so)=OK
10-07 17:37:49.416 I/NpuProbe(20678): ADSP_LIBRARY_PATH=libdir (setenv)
10-07 17:37:49.416 I/NpuProbe(20678): load_all_from_path=70ms
10-07 17:37:49.416 I/NpuProbe(20678): load(hexagon direto)=FALHOU em 0ms
10-07 17:37:49.416 I/NpuProbe(20678): devices=4
10-07 17:37:49.416 I/NpuProbe(20678):   dev[0] Vulkan0 (Adreno (TM) 840)
10-07 17:37:49.416 I/NpuProbe(20678):   dev[1] GPUOpenCL (QUALCOMM Adreno(TM) 840)
10-07 17:37:49.416 I/NpuProbe(20678):   dev[2] HTP0 (Hexagon)
10-07 17:37:49.416 I/NpuProbe(20678):   dev[3] CPU (CPU)
10-07 17:37:49.416 I/NpuProbe(20678): dev_init(HTP0)=0ms -> SESSAO ABERTA
10-07 17:37:49.416 I/NpuProbe(20678): graph_compute(MUL_MAT 64x64)=0.6ms status=0
10-07 17:37:49.416 I/NpuProbe(20678): c[0]=128.000000 (esperado 128.0)
10-07 17:37:49.416 I/NpuProbe(20678): RESULTADO: APP-UID OK: sessao HTP + op executado com resultado correto
10-07 17:37:49.417 I/NpuProbe(20678): AUTO-GATILHO='smart:vulkan@bench'
10-07 17:37:49.417 I/NpuProbe(20678): SMART iniciando rota=vulkan@bench com /data/local/tmp/hymt2_app.gguf
10-07 17:37:49.417 I/NpuProbe(20678): SMARTv2 rota='vulkan@bench' mutante=(none)
10-07 17:37:49.419 I/NpuProbe(20678): MODO BENCHMARK (@bench; sem espelho; decode so no destino)
10-07 17:37:49.419 I/NpuProbe(20678): MODO PONTE: origem=htp | destino=vulkan (Vulkan0)
10-07 17:37:49.420 I/NpuProbe(20678): prompt: ARQUIVO (len=379)
10-07 17:37:49.421 I/NpuProbe(20678): cap: ARQUIVO = 160
10-07 17:37:50.413 I/NpuProbe(20678): load(destino)=992ms
10-07 17:37:50.879 I/NpuProbe(20678): load(origem)=382ms
10-07 17:37:50.916 I/NpuProbe(20678): ctxs prontos (cold_total=1499ms)
10-07 17:37:56.665 I/NpuProbe(20678): A1: ok=1 cap=0 eog_tok1=0 tok1=32 amostrados(s/d)=1/63 emitidos=63 consumidos=63 decodes_s_pos_ponte=0
10-07 17:37:56.665 I/NpuProbe(20678): A1 tempos: prefill=2958.03ms export=0.20ms(3802585B) import=2.07ms gen=2702.21ms
10-07 17:37:56.665 I/NpuProbe(20678): A1 espelho: passos=0 iguais=0 div_pos=-1 div_marg(d/s)=-1.000/-1.000
10-07 17:37:56.665 I/NpuProbe(20678): A1 fronteiras(ms desde request): prefill_done=4457.5 tok1_ready=4506.3 import_done=4508.3 tok2_ready=5543.1 fim=7210.6 (INTERNAS; sem streaming de UI no probe)
10-07 17:37:56.665 I/NpuProbe(20678): A1 prompt_hash=0edc23f816808e4e
10-07 17:37:56.665 I/NpuProbe(20678): A1 texto: A raposa marrom e rápida salta sobre o cachorro preguiçoso, enquanto o sol se põe lentamente atrás das montanhas. O rio continua a fluir pelo vale onde o velho moinho uma vez ficou em pé.
10-07 17:37:56.669 I/NpuProbe(20678): reset: pos cmp (origem=-1 destino=-1) -> VAZIO ok
10-07 17:38:01.502 I/NpuProbe(20678): A2: ok=1 texto igual ao A1: SIM
10-07 17:38:01.502 I/NpuProbe(20678): RESULTADO: BENCH-CONCLUIDO (htp->vulkan; sem espelho; decode origem pos-ponte=0; A-B-A texto igual)
10-07 17:38:01.687 I/NpuProbe(20678): SMART REPORT:
10-07 17:38:01.687 I/NpuProbe(20678): SMART (vulkan@bench)
10-07 17:38:01.687 I/NpuProbe(20678): 
10-07 17:38:01.687 I/NpuProbe(20678): SMARTv2 rota='vulkan@bench' mutante=(none)
10-07 17:38:01.687 I/NpuProbe(20678): MODO BENCHMARK (@bench; sem espelho; decode so no destino)
10-07 17:38:01.687 I/NpuProbe(20678): MODO PONTE: origem=htp | destino=vulkan (Vulkan0)
10-07 17:38:01.687 I/NpuProbe(20678): prompt: ARQUIVO (len=379)
10-07 17:38:01.687 I/NpuProbe(20678): cap: ARQUIVO = 160
10-07 17:38:01.687 I/NpuProbe(20678): load(destino)=992ms
10-07 17:38:01.687 I/NpuProbe(20678): load(origem)=382ms
10-07 17:38:01.687 I/NpuProbe(20678): ctxs prontos (cold_total=1499ms)
10-07 17:38:01.687 I/NpuProbe(20678): A1: ok=1 cap=0 eog_tok1=0 tok1=32 amostrados(s/d)=1/63 emitidos=63 consumidos=63 decodes_s_pos_ponte=0
10-07 17:38:01.687 I/NpuProbe(20678): A1 tempos: prefill=2958.03ms export=0.20ms(3802585B) import=2.07ms gen=2702.21ms
10-07 17:38:01.687 I/NpuProbe(20678): A1 espelho: passos=0 iguais=0 div_pos=-1 div_marg(d/s)=-1.000/-1.000
10-07 17:38:01.687 I/NpuProbe(20678): A1 fronteiras(ms desde request): prefill_done=4457.5 tok1_ready=4506.3 import_done=4508.3 tok2_ready=5543.1 fim=7210.6 (INTERNAS; sem streaming de UI no probe)
10-07 17:38:01.687 I/NpuProbe(20678): A1 prompt_hash=0edc23f816808e4e
10-07 17:38:01.687 I/NpuProbe(20678): A1 texto: A raposa marrom e rápida salta sobre o cachorro preguiçoso, enquanto o sol se põe lentamente atrás das montanhas. O rio continua a fluir pelo vale onde o velho moinho uma vez ficou em pé.
10-07 17:38:01.687 I/NpuProbe(20678): reset: pos cmp (origem=-1 destino=-1) -> VAZIO ok
10-07 17:38:01.687 I/NpuProbe(20678): A2: ok=1 texto igual ao A1: SIM
10-07 17:38:01.687 I/NpuProbe(20678): RESULTADO: BENCH-CONCLUIDO (htp->vulkan; sem espelho; decode origem pos-ponte=0; A-B-A texto igual)
[rec 17:37:51]
--------- beginning of main
10-07 17:36:37.087 I/NpuProbe(19805): A2: ok=1 texto igual ao A1: SIM
10-07 17:36:37.088 I/NpuProbe(19805): RESULTADO: BENCH-CONCLUIDO (htp->opencl; sem espelho; decode origem pos-ponte=0; A-B-A texto igual)
10-07 17:36:37.393 I/NpuProbe(19805): SMART REPORT:
10-07 17:36:37.393 I/NpuProbe(19805): SMART (opencl@bench)
10-07 17:36:37.393 I/NpuProbe(19805): 
10-07 17:36:37.393 I/NpuProbe(19805): SMARTv2 rota='opencl@bench' mutante=(none)
10-07 17:36:37.393 I/NpuProbe(19805): MODO BENCHMARK (@bench; sem espelho; decode so no destino)
10-07 17:36:37.393 I/NpuProbe(19805): MODO PONTE: origem=htp | destino=opencl (GPUOpenCL)
10-07 17:36:37.393 I/NpuProbe(19805): prompt: ARQUIVO (len=379)
10-07 17:36:37.393 I/NpuProbe(19805): cap: ARQUIVO = 160
10-07 17:36:37.393 I/NpuProbe(19805): load(destino)=5645ms
10-07 17:36:37.393 I/NpuProbe(19805): load(origem)=378ms
10-07 17:36:37.393 I/NpuProbe(19805): ctxs prontos (cold_total=6100ms)
10-07 17:36:37.393 I/NpuProbe(19805): A1: ok=1 cap=0 eog_tok1=0 tok1=32 amostrados(s/d)=1/63 emitidos=63 consumidos=63 decodes_s_pos_ponte=0
10-07 17:36:37.393 I/NpuProbe(19805): A1 tempos: prefill=2588.96ms export=0.19ms(3802585B) import=5.04ms gen=6858.32ms
10-07 17:36:37.393 I/NpuProbe(19805): A1 espelho: passos=0 iguais=0 div_pos=-1 div_marg(d/s)=-1.000/-1.000
10-07 17:36:37.393 I/NpuProbe(19805): A1 fronteiras(ms desde request): prefill_done=8690.1 tok1_ready=8734.6 import_done=8739.6 tok2_ready=12581.4 fim=15597.9 (INTERNAS; sem streaming de UI no probe)
10-07 17:36:37.393 I/NpuProbe(19805): A1 prompt_hash=0edc23f816808e4e
10-07 17:36:37.393 I/NpuProbe(19805): A1 texto: A raposa marrom e rápida salta sobre o cachorro preguiçoso, enquanto o sol se põe lentamente atrás das montanhas. O rio continua a fluir pelo vale onde o velho moinho uma vez ficou em pé.
10-07 17:36:37.393 I/NpuProbe(19805): reset: pos cmp (origem=-1 destino=-1) -> VAZIO ok
10-07 17:36:37.393 I/NpuProbe(19805): A2: ok=1 texto igual ao A1: SIM
10-07 17:36:37.393 I/NpuProbe(19805): RESULTADO: BENCH-CONCLUIDO (htp->opencl; sem espelho; decode origem pos-ponte=0; A-B-A texto igual)
10-07 17:37:49.338 I/NpuProbe(20678): nativeLibraryDir=/data/app/~~-AAa5lDaii0dMGTPgPeENA==/br.gov.sp.pcsp.npuprobe-rKDzfVqWrdi-4lPwWdPEAA==/lib/arm64
10-07 17:37:49.338 I/NpuProbe(20678): libdir=/data/app/~~-AAa5lDaii0dMGTPgPeENA==/br.gov.sp.pcsp.npuprobe-rKDzfVqWrdi-4lPwWdPEAA==/lib/arm64
10-07 17:37:49.338 I/NpuProbe(20678): build=llama.cpp-upstream-pkg (v11-libs) + probe R4
10-07 17:37:49.339 I/NpuProbe(20678): controle-sistema (liblog.so)=OK
10-07 17:37:49.339 I/NpuProbe(20678): negativo-fake (libnaoexiste_xyz.so)=FALHOU err=dlopen failed: library "libnaoexiste_xyz.so" not found
10-07 17:37:49.342 I/NpuProbe(20678): cdsprpc-nome (libcdsprpc.so)=OK
10-07 17:37:49.343 I/NpuProbe(20678): cdsprpc-abs (/vendor/lib64/libcdsprpc.so)=OK
10-07 17:37:49.343 I/NpuProbe(20678): ADSP_LIBRARY_PATH=libdir (setenv)
10-07 17:37:49.346 I/NpuProbe(20678): [ggml] ggml_vulkan: Found 1 Vulkan devices:
10-07 17:37:49.347 I/NpuProbe(20678): [ggml] ggml_vulkan: 0 = Adreno (TM) 840 (Qualcomm Technologies Inc. Adreno Vulkan Driver) | uma: 1 | fp16: 1 | bf16: 0 | fp4: 0 | warp size: 64 | shared memory: 32768 | int dot: 0 | matrix cores: none
10-07 17:37:49.359 I/NpuProbe(20678): [ggml] ggml_opencl: selected platform: 'QUALCOMM Snapdragon(TM)'
10-07 17:37:49.360 I/NpuProbe(20678): [ggml] 
10-07 17:37:49.360 I/NpuProbe(20678): ggml_opencl: device: 'QUALCOMM Adreno(TM) 840 (OpenCL 3.0 Adreno(TM) 840)'
10-07 17:37:49.360 I/NpuProbe(20678): [ggml] ggml_opencl: default device: 'QUALCOMM Adreno(TM) 840 (OpenCL 3.0 Adreno(TM) 840)'
10-07 17:37:49.361 I/NpuProbe(20678): [ggml] ggml-hex: Loading driver libcdsprpc.so
10-07 17:37:49.364 I/NpuProbe(20678): [ggml] ggml-hex: Hexagon backend (experimental) : allocating new registry : ndev 1
10-07 17:37:49.364 I/NpuProbe(20678): [ggml] ggml-hex: Hexagon Arch version v81
10-07 17:37:49.364 I/NpuProbe(20678): [ggml] ggml-hex: HTP0 allocating new session
10-07 17:37:49.401 I/NpuProbe(20678): [ggml] ggml-hex: HTP0 hwinfo: threads 8, hvx 8, hmx 1, vtcm 8 MB
10-07 17:37:49.401 I/NpuProbe(20678): [ggml] ggml-hex: HTP0 new session : session-id 0 domain-id 3 uri file:///libggml-htp-v81.so?htp_iface_skel_handle_invoke&_modver=1.0&_dom=cdsp&_session=0 handle 0xb4000077d52a49c0
10-07 17:37:49.406 I/NpuProbe(20678): [ggml] ggml-hex: HTP0 op batching: n-bufs 16 n-tensors 7168 n-ops 1024 vmem 3355443200
10-07 17:37:49.414 I/NpuProbe(20678): load_all_from_path=70ms
10-07 17:37:49.414 I/NpuProbe(20678): [ggml] load_backend: failed to find ggml_backend_init in /data/app/~~-AAa5lDaii0dMGTPgPeENA==/br.gov.sp.pcsp.npuprobe-rKDzfVqWrdi-4lPwWdPEAA==/lib/arm64/libggml-hexagon.so
10-07 17:37:49.414 I/NpuProbe(20678): load(hexagon direto)=FALHOU em 0ms
10-07 17:37:49.414 I/NpuProbe(20678): devices=4
10-07 17:37:49.414 I/NpuProbe(20678):   dev[0] Vulkan0 (Adreno (TM) 840)
10-07 17:37:49.414 I/NpuProbe(20678):   dev[1] GPUOpenCL (QUALCOMM Adreno(TM) 840)
10-07 17:37:49.414 I/NpuProbe(20678):   dev[2] HTP0 (Hexagon)
10-07 17:37:49.414 I/NpuProbe(20678):   dev[3] CPU (CPU)
10-07 17:37:49.414 I/NpuProbe(20678): dev_init(HTP0)=0ms -> SESSAO ABERTA
10-07 17:37:49.415 I/NpuProbe(20678): graph_compute(MUL_MAT 64x64)=0.6ms status=0
10-07 17:37:49.415 I/NpuProbe(20678): c[0]=128.000000 (esperado 128.0)
10-07 17:37:49.415 I/NpuProbe(20678): RESULTADO: APP-UID OK: sessao HTP + op executado com resultado correto
10-07 17:37:49.416 I/NpuProbe(20678): REPORT:
10-07 17:37:49.416 I/NpuProbe(20678): libdir=/data/app/~~-AAa5lDaii0dMGTPgPeENA==/br.gov.sp.pcsp.npuprobe-rKDzfVqWrdi-4lPwWdPEAA==/lib/arm64
10-07 17:37:49.416 I/NpuProbe(20678): build=llama.cpp-upstream-pkg (v11-libs) + probe R4
10-07 17:37:49.416 I/NpuProbe(20678): controle-sistema (liblog.so)=OK
10-07 17:37:49.416 I/NpuProbe(20678): negativo-fake (libnaoexiste_xyz.so)=FALHOU err=dlopen failed: library "libnaoexiste_xyz.so" not found
10-07 17:37:49.416 I/NpuProbe(20678): cdsprpc-nome (libcdsprpc.so)=OK
10-07 17:37:49.416 I/NpuProbe(20678): cdsprpc-abs (/vendor/lib64/libcdsprpc.so)=OK
10-07 17:37:49.416 I/NpuProbe(20678): ADSP_LIBRARY_PATH=libdir (setenv)
10-07 17:37:49.416 I/NpuProbe(20678): load_all_from_path=70ms
10-07 17:37:49.416 I/NpuProbe(20678): load(hexagon direto)=FALHOU em 0ms
10-07 17:37:49.416 I/NpuProbe(20678): devices=4
10-07 17:37:49.416 I/NpuProbe(20678):   dev[0] Vulkan0 (Adreno (TM) 840)
10-07 17:37:49.416 I/NpuProbe(20678):   dev[1] GPUOpenCL (QUALCOMM Adreno(TM) 840)
10-07 17:37:49.416 I/NpuProbe(20678):   dev[2] HTP0 (Hexagon)
10-07 17:37:49.416 I/NpuProbe(20678):   dev[3] CPU (CPU)
10-07 17:37:49.416 I/NpuProbe(20678): dev_init(HTP0)=0ms -> SESSAO ABERTA
10-07 17:37:49.416 I/NpuProbe(20678): graph_compute(MUL_MAT 64x64)=0.6ms status=0
10-07 17:37:49.416 I/NpuProbe(20678): c[0]=128.000000 (esperado 128.0)
10-07 17:37:49.416 I/NpuProbe(20678): RESULTADO: APP-UID OK: sessao HTP + op executado com resultado correto
10-07 17:37:49.417 I/NpuProbe(20678): AUTO-GATILHO='smart:vulkan@bench'
10-07 17:37:49.417 I/NpuProbe(20678): SMART iniciando rota=vulkan@bench com /data/local/tmp/hymt2_app.gguf
10-07 17:37:49.417 I/NpuProbe(20678): SMARTv2 rota='vulkan@bench' mutante=(none)
10-07 17:37:49.419 I/NpuProbe(20678): MODO BENCHMARK (@bench; sem espelho; decode so no destino)
10-07 17:37:49.419 I/NpuProbe(20678): MODO PONTE: origem=htp | destino=vulkan (Vulkan0)
10-07 17:37:49.420 I/NpuProbe(20678): prompt: ARQUIVO (len=379)
10-07 17:37:49.421 I/NpuProbe(20678): cap: ARQUIVO = 160
10-07 17:37:50.413 I/NpuProbe(20678): load(destino)=992ms
10-07 17:37:50.879 I/NpuProbe(20678): load(origem)=382ms
10-07 17:37:50.916 I/NpuProbe(20678): ctxs prontos (cold_total=1499ms)
10-07 17:37:56.665 I/NpuProbe(20678): A1: ok=1 cap=0 eog_tok1=0 tok1=32 amostrados(s/d)=1/63 emitidos=63 consumidos=63 decodes_s_pos_ponte=0
10-07 17:37:56.665 I/NpuProbe(20678): A1 tempos: prefill=2958.03ms export=0.20ms(3802585B) import=2.07ms gen=2702.21ms
10-07 17:37:56.665 I/NpuProbe(20678): A1 espelho: passos=0 iguais=0 div_pos=-1 div_marg(d/s)=-1.000/-1.000
10-07 17:37:56.665 I/NpuProbe(20678): A1 fronteiras(ms desde request): prefill_done=4457.5 tok1_ready=4506.3 import_done=4508.3 tok2_ready=5543.1 fim=7210.6 (INTERNAS; sem streaming de UI no probe)
10-07 17:37:56.665 I/NpuProbe(20678): A1 prompt_hash=0edc23f816808e4e
10-07 17:37:56.665 I/NpuProbe(20678): A1 texto: A raposa marrom e rápida salta sobre o cachorro preguiçoso, enquanto o sol se põe lentamente atrás das montanhas. O rio continua a fluir pelo vale onde o velho moinho uma vez ficou em pé.
10-07 17:37:56.669 I/NpuProbe(20678): reset: pos cmp (origem=-1 destino=-1) -> VAZIO ok
10-07 17:38:01.502 I/NpuProbe(20678): A2: ok=1 texto igual ao A1: SIM
10-07 17:38:01.502 I/NpuProbe(20678): RESULTADO: BENCH-CONCLUIDO (htp->vulkan; sem espelho; decode origem pos-ponte=0; A-B-A texto igual)
10-07 17:38:01.687 I/NpuProbe(20678): SMART REPORT:
10-07 17:38:01.687 I/NpuProbe(20678): SMART (vulkan@bench)
10-07 17:38:01.687 I/NpuProbe(20678): 
10-07 17:38:01.687 I/NpuProbe(20678): SMARTv2 rota='vulkan@bench' mutante=(none)
10-07 17:38:01.687 I/NpuProbe(20678): MODO BENCHMARK (@bench; sem espelho; decode so no destino)
10-07 17:38:01.687 I/NpuProbe(20678): MODO PONTE: origem=htp | destino=vulkan (Vulkan0)
10-07 17:38:01.687 I/NpuProbe(20678): prompt: ARQUIVO (len=379)
10-07 17:38:01.687 I/NpuProbe(20678): cap: ARQUIVO = 160
10-07 17:38:01.687 I/NpuProbe(20678): load(destino)=992ms
10-07 17:38:01.687 I/NpuProbe(20678): load(origem)=382ms
10-07 17:38:01.687 I/NpuProbe(20678): ctxs prontos (cold_total=1499ms)
10-07 17:38:01.687 I/NpuProbe(20678): A1: ok=1 cap=0 eog_tok1=0 tok1=32 amostrados(s/d)=1/63 emitidos=63 consumidos=63 decodes_s_pos_ponte=0
10-07 17:38:01.687 I/NpuProbe(20678): A1 tempos: prefill=2958.03ms export=0.20ms(3802585B) import=2.07ms gen=2702.21ms
10-07 17:38:01.687 I/NpuProbe(20678): A1 espelho: passos=0 iguais=0 div_pos=-1 div_marg(d/s)=-1.000/-1.000
10-07 17:38:01.687 I/NpuProbe(20678): A1 fronteiras(ms desde request): prefill_done=4457.5 tok1_ready=4506.3 import_done=4508.3 tok2_ready=5543.1 fim=7210.6 (INTERNAS; sem streaming de UI no probe)
10-07 17:38:01.687 I/NpuProbe(20678): A1 prompt_hash=0edc23f816808e4e
10-07 17:38:01.687 I/NpuProbe(20678): A1 texto: A raposa marrom e rápida salta sobre o cachorro preguiçoso, enquanto o sol se põe lentamente atrás das montanhas. O rio continua a fluir pelo vale onde o velho moinho uma vez ficou em pé.
10-07 17:38:01.687 I/NpuProbe(20678): reset: pos cmp (origem=-1 destino=-1) -> VAZIO ok
10-07 17:38:01.687 I/NpuProbe(20678): A2: ok=1 texto igual ao A1: SIM
10-07 17:38:01.687 I/NpuProbe(20678): RESULTADO: BENCH-CONCLUIDO (htp->vulkan; sem espelho; decode origem pos-ponte=0; A-B-A texto igual)
[rec 17:38:18]
--------- beginning of main
10-07 17:37:49.338 I/NpuProbe(20678): nativeLibraryDir=/data/app/~~-AAa5lDaii0dMGTPgPeENA==/br.gov.sp.pcsp.npuprobe-rKDzfVqWrdi-4lPwWdPEAA==/lib/arm64
10-07 17:37:49.338 I/NpuProbe(20678): libdir=/data/app/~~-AAa5lDaii0dMGTPgPeENA==/br.gov.sp.pcsp.npuprobe-rKDzfVqWrdi-4lPwWdPEAA==/lib/arm64
10-07 17:37:49.338 I/NpuProbe(20678): build=llama.cpp-upstream-pkg (v11-libs) + probe R4
10-07 17:37:49.339 I/NpuProbe(20678): controle-sistema (liblog.so)=OK
10-07 17:37:49.339 I/NpuProbe(20678): negativo-fake (libnaoexiste_xyz.so)=FALHOU err=dlopen failed: library "libnaoexiste_xyz.so" not found
10-07 17:37:49.342 I/NpuProbe(20678): cdsprpc-nome (libcdsprpc.so)=OK
10-07 17:37:49.343 I/NpuProbe(20678): cdsprpc-abs (/vendor/lib64/libcdsprpc.so)=OK
10-07 17:37:49.343 I/NpuProbe(20678): ADSP_LIBRARY_PATH=libdir (setenv)
10-07 17:37:49.346 I/NpuProbe(20678): [ggml] ggml_vulkan: Found 1 Vulkan devices:
10-07 17:37:49.347 I/NpuProbe(20678): [ggml] ggml_vulkan: 0 = Adreno (TM) 840 (Qualcomm Technologies Inc. Adreno Vulkan Driver) | uma: 1 | fp16: 1 | bf16: 0 | fp4: 0 | warp size: 64 | shared memory: 32768 | int dot: 0 | matrix cores: none
10-07 17:37:49.359 I/NpuProbe(20678): [ggml] ggml_opencl: selected platform: 'QUALCOMM Snapdragon(TM)'
10-07 17:37:49.360 I/NpuProbe(20678): [ggml] 
10-07 17:37:49.360 I/NpuProbe(20678): ggml_opencl: device: 'QUALCOMM Adreno(TM) 840 (OpenCL 3.0 Adreno(TM) 840)'
10-07 17:37:49.360 I/NpuProbe(20678): [ggml] ggml_opencl: default device: 'QUALCOMM Adreno(TM) 840 (OpenCL 3.0 Adreno(TM) 840)'
10-07 17:37:49.361 I/NpuProbe(20678): [ggml] ggml-hex: Loading driver libcdsprpc.so
10-07 17:37:49.364 I/NpuProbe(20678): [ggml] ggml-hex: Hexagon backend (experimental) : allocating new registry : ndev 1
10-07 17:37:49.364 I/NpuProbe(20678): [ggml] ggml-hex: Hexagon Arch version v81
10-07 17:37:49.364 I/NpuProbe(20678): [ggml] ggml-hex: HTP0 allocating new session
10-07 17:37:49.401 I/NpuProbe(20678): [ggml] ggml-hex: HTP0 hwinfo: threads 8, hvx 8, hmx 1, vtcm 8 MB
10-07 17:37:49.401 I/NpuProbe(20678): [ggml] ggml-hex: HTP0 new session : session-id 0 domain-id 3 uri file:///libggml-htp-v81.so?htp_iface_skel_handle_invoke&_modver=1.0&_dom=cdsp&_session=0 handle 0xb4000077d52a49c0
10-07 17:37:49.406 I/NpuProbe(20678): [ggml] ggml-hex: HTP0 op batching: n-bufs 16 n-tensors 7168 n-ops 1024 vmem 3355443200
10-07 17:37:49.414 I/NpuProbe(20678): load_all_from_path=70ms
10-07 17:37:49.414 I/NpuProbe(20678): [ggml] load_backend: failed to find ggml_backend_init in /data/app/~~-AAa5lDaii0dMGTPgPeENA==/br.gov.sp.pcsp.npuprobe-rKDzfVqWrdi-4lPwWdPEAA==/lib/arm64/libggml-hexagon.so
10-07 17:37:49.414 I/NpuProbe(20678): load(hexagon direto)=FALHOU em 0ms
10-07 17:37:49.414 I/NpuProbe(20678): devices=4
10-07 17:37:49.414 I/NpuProbe(20678):   dev[0] Vulkan0 (Adreno (TM) 840)
10-07 17:37:49.414 I/NpuProbe(20678):   dev[1] GPUOpenCL (QUALCOMM Adreno(TM) 840)
10-07 17:37:49.414 I/NpuProbe(20678):   dev[2] HTP0 (Hexagon)
10-07 17:37:49.414 I/NpuProbe(20678):   dev[3] CPU (CPU)
10-07 17:37:49.414 I/NpuProbe(20678): dev_init(HTP0)=0ms -> SESSAO ABERTA
10-07 17:37:49.415 I/NpuProbe(20678): graph_compute(MUL_MAT 64x64)=0.6ms status=0
10-07 17:37:49.415 I/NpuProbe(20678): c[0]=128.000000 (esperado 128.0)
10-07 17:37:49.415 I/NpuProbe(20678): RESULTADO: APP-UID OK: sessao HTP + op executado com resultado correto
10-07 17:37:49.416 I/NpuProbe(20678): REPORT:
10-07 17:37:49.416 I/NpuProbe(20678): libdir=/data/app/~~-AAa5lDaii0dMGTPgPeENA==/br.gov.sp.pcsp.npuprobe-rKDzfVqWrdi-4lPwWdPEAA==/lib/arm64
10-07 17:37:49.416 I/NpuProbe(20678): build=llama.cpp-upstream-pkg (v11-libs) + probe R4
10-07 17:37:49.416 I/NpuProbe(20678): controle-sistema (liblog.so)=OK
10-07 17:37:49.416 I/NpuProbe(20678): negativo-fake (libnaoexiste_xyz.so)=FALHOU err=dlopen failed: library "libnaoexiste_xyz.so" not found
10-07 17:37:49.416 I/NpuProbe(20678): cdsprpc-nome (libcdsprpc.so)=OK
10-07 17:37:49.416 I/NpuProbe(20678): cdsprpc-abs (/vendor/lib64/libcdsprpc.so)=OK
10-07 17:37:49.416 I/NpuProbe(20678): ADSP_LIBRARY_PATH=libdir (setenv)
10-07 17:37:49.416 I/NpuProbe(20678): load_all_from_path=70ms
10-07 17:37:49.416 I/NpuProbe(20678): load(hexagon direto)=FALHOU em 0ms
10-07 17:37:49.416 I/NpuProbe(20678): devices=4
10-07 17:37:49.416 I/NpuProbe(20678):   dev[0] Vulkan0 (Adreno (TM) 840)
10-07 17:37:49.416 I/NpuProbe(20678):   dev[1] GPUOpenCL (QUALCOMM Adreno(TM) 840)
10-07 17:37:49.416 I/NpuProbe(20678):   dev[2] HTP0 (Hexagon)
10-07 17:37:49.416 I/NpuProbe(20678):   dev[3] CPU (CPU)
10-07 17:37:49.416 I/NpuProbe(20678): dev_init(HTP0)=0ms -> SESSAO ABERTA
10-07 17:37:49.416 I/NpuProbe(20678): graph_compute(MUL_MAT 64x64)=0.6ms status=0
10-07 17:37:49.416 I/NpuProbe(20678): c[0]=128.000000 (esperado 128.0)
10-07 17:37:49.416 I/NpuProbe(20678): RESULTADO: APP-UID OK: sessao HTP + op executado com resultado correto
10-07 17:37:49.417 I/NpuProbe(20678): AUTO-GATILHO='smart:vulkan@bench'
10-07 17:37:49.417 I/NpuProbe(20678): SMART iniciando rota=vulkan@bench com /data/local/tmp/hymt2_app.gguf
10-07 17:37:49.417 I/NpuProbe(20678): SMARTv2 rota='vulkan@bench' mutante=(none)
10-07 17:37:49.419 I/NpuProbe(20678): MODO BENCHMARK (@bench; sem espelho; decode so no destino)
10-07 17:37:49.419 I/NpuProbe(20678): MODO PONTE: origem=htp | destino=vulkan (Vulkan0)
10-07 17:37:49.420 I/NpuProbe(20678): prompt: ARQUIVO (len=379)
10-07 17:37:49.421 I/NpuProbe(20678): cap: ARQUIVO = 160
10-07 17:37:50.413 I/NpuProbe(20678): load(destino)=992ms
10-07 17:37:50.879 I/NpuProbe(20678): load(origem)=382ms
10-07 17:37:50.916 I/NpuProbe(20678): ctxs prontos (cold_total=1499ms)
10-07 17:37:56.665 I/NpuProbe(20678): A1: ok=1 cap=0 eog_tok1=0 tok1=32 amostrados(s/d)=1/63 emitidos=63 consumidos=63 decodes_s_pos_ponte=0
10-07 17:37:56.665 I/NpuProbe(20678): A1 tempos: prefill=2958.03ms export=0.20ms(3802585B) import=2.07ms gen=2702.21ms
10-07 17:37:56.665 I/NpuProbe(20678): A1 espelho: passos=0 iguais=0 div_pos=-1 div_marg(d/s)=-1.000/-1.000
10-07 17:37:56.665 I/NpuProbe(20678): A1 fronteiras(ms desde request): prefill_done=4457.5 tok1_ready=4506.3 import_done=4508.3 tok2_ready=5543.1 fim=7210.6 (INTERNAS; sem streaming de UI no probe)
10-07 17:37:56.665 I/NpuProbe(20678): A1 prompt_hash=0edc23f816808e4e
10-07 17:37:56.665 I/NpuProbe(20678): A1 texto: A raposa marrom e rápida salta sobre o cachorro preguiçoso, enquanto o sol se põe lentamente atrás das montanhas. O rio continua a fluir pelo vale onde o velho moinho uma vez ficou em pé.
10-07 17:37:56.669 I/NpuProbe(20678): reset: pos cmp (origem=-1 destino=-1) -> VAZIO ok
10-07 17:38:01.502 I/NpuProbe(20678): A2: ok=1 texto igual ao A1: SIM
10-07 17:38:01.502 I/NpuProbe(20678): RESULTADO: BENCH-CONCLUIDO (htp->vulkan; sem espelho; decode origem pos-ponte=0; A-B-A texto igual)
10-07 17:38:01.687 I/NpuProbe(20678): SMART REPORT:
10-07 17:38:01.687 I/NpuProbe(20678): SMART (vulkan@bench)
10-07 17:38:01.687 I/NpuProbe(20678): 
10-07 17:38:01.687 I/NpuProbe(20678): SMARTv2 rota='vulkan@bench' mutante=(none)
10-07 17:38:01.687 I/NpuProbe(20678): MODO BENCHMARK (@bench; sem espelho; decode so no destino)
10-07 17:38:01.687 I/NpuProbe(20678): MODO PONTE: origem=htp | destino=vulkan (Vulkan0)
10-07 17:38:01.687 I/NpuProbe(20678): prompt: ARQUIVO (len=379)
10-07 17:38:01.687 I/NpuProbe(20678): cap: ARQUIVO = 160
10-07 17:38:01.687 I/NpuProbe(20678): load(destino)=992ms
10-07 17:38:01.687 I/NpuProbe(20678): load(origem)=382ms
10-07 17:38:01.687 I/NpuProbe(20678): ctxs prontos (cold_total=1499ms)
10-07 17:38:01.687 I/NpuProbe(20678): A1: ok=1 cap=0 eog_tok1=0 tok1=32 amostrados(s/d)=1/63 emitidos=63 consumidos=63 decodes_s_pos_ponte=0
10-07 17:38:01.687 I/NpuProbe(20678): A1 tempos: prefill=2958.03ms export=0.20ms(3802585B) import=2.07ms gen=2702.21ms
10-07 17:38:01.687 I/NpuProbe(20678): A1 espelho: passos=0 iguais=0 div_pos=-1 div_marg(d/s)=-1.000/-1.000
10-07 17:38:01.687 I/NpuProbe(20678): A1 fronteiras(ms desde request): prefill_done=4457.5 tok1_ready=4506.3 import_done=4508.3 tok2_ready=5543.1 fim=7210.6 (INTERNAS; sem streaming de UI no probe)
10-07 17:38:01.687 I/NpuProbe(20678): A1 prompt_hash=0edc23f816808e4e
10-07 17:38:01.687 I/NpuProbe(20678): A1 texto: A raposa marrom e rápida salta sobre o cachorro preguiçoso, enquanto o sol se põe lentamente atrás das montanhas. O rio continua a fluir pelo vale onde o velho moinho uma vez ficou em pé.
10-07 17:38:01.687 I/NpuProbe(20678): reset: pos cmp (origem=-1 destino=-1) -> VAZIO ok
10-07 17:38:01.687 I/NpuProbe(20678): A2: ok=1 texto igual ao A1: SIM
10-07 17:38:01.687 I/NpuProbe(20678): RESULTADO: BENCH-CONCLUIDO (htp->vulkan; sem espelho; decode origem pos-ponte=0; A-B-A texto igual)
[rec 17:38:45]
--------- beginning of main
10-07 17:37:49.338 I/NpuProbe(20678): nativeLibraryDir=/data/app/~~-AAa5lDaii0dMGTPgPeENA==/br.gov.sp.pcsp.npuprobe-rKDzfVqWrdi-4lPwWdPEAA==/lib/arm64
10-07 17:37:49.338 I/NpuProbe(20678): libdir=/data/app/~~-AAa5lDaii0dMGTPgPeENA==/br.gov.sp.pcsp.npuprobe-rKDzfVqWrdi-4lPwWdPEAA==/lib/arm64
10-07 17:37:49.338 I/NpuProbe(20678): build=llama.cpp-upstream-pkg (v11-libs) + probe R4
10-07 17:37:49.339 I/NpuProbe(20678): controle-sistema (liblog.so)=OK
10-07 17:37:49.339 I/NpuProbe(20678): negativo-fake (libnaoexiste_xyz.so)=FALHOU err=dlopen failed: library "libnaoexiste_xyz.so" not found
10-07 17:37:49.342 I/NpuProbe(20678): cdsprpc-nome (libcdsprpc.so)=OK
10-07 17:37:49.343 I/NpuProbe(20678): cdsprpc-abs (/vendor/lib64/libcdsprpc.so)=OK
10-07 17:37:49.343 I/NpuProbe(20678): ADSP_LIBRARY_PATH=libdir (setenv)
10-07 17:37:49.346 I/NpuProbe(20678): [ggml] ggml_vulkan: Found 1 Vulkan devices:
10-07 17:37:49.347 I/NpuProbe(20678): [ggml] ggml_vulkan: 0 = Adreno (TM) 840 (Qualcomm Technologies Inc. Adreno Vulkan Driver) | uma: 1 | fp16: 1 | bf16: 0 | fp4: 0 | warp size: 64 | shared memory: 32768 | int dot: 0 | matrix cores: none
10-07 17:37:49.359 I/NpuProbe(20678): [ggml] ggml_opencl: selected platform: 'QUALCOMM Snapdragon(TM)'
10-07 17:37:49.360 I/NpuProbe(20678): [ggml] 
10-07 17:37:49.360 I/NpuProbe(20678): ggml_opencl: device: 'QUALCOMM Adreno(TM) 840 (OpenCL 3.0 Adreno(TM) 840)'
10-07 17:37:49.360 I/NpuProbe(20678): [ggml] ggml_opencl: default device: 'QUALCOMM Adreno(TM) 840 (OpenCL 3.0 Adreno(TM) 840)'
10-07 17:37:49.361 I/NpuProbe(20678): [ggml] ggml-hex: Loading driver libcdsprpc.so
10-07 17:37:49.364 I/NpuProbe(20678): [ggml] ggml-hex: Hexagon backend (experimental) : allocating new registry : ndev 1
10-07 17:37:49.364 I/NpuProbe(20678): [ggml] ggml-hex: Hexagon Arch version v81
10-07 17:37:49.364 I/NpuProbe(20678): [ggml] ggml-hex: HTP0 allocating new session
10-07 17:37:49.401 I/NpuProbe(20678): [ggml] ggml-hex: HTP0 hwinfo: threads 8, hvx 8, hmx 1, vtcm 8 MB
10-07 17:37:49.401 I/NpuProbe(20678): [ggml] ggml-hex: HTP0 new session : session-id 0 domain-id 3 uri file:///libggml-htp-v81.so?htp_iface_skel_handle_invoke&_modver=1.0&_dom=cdsp&_session=0 handle 0xb4000077d52a49c0
10-07 17:37:49.406 I/NpuProbe(20678): [ggml] ggml-hex: HTP0 op batching: n-bufs 16 n-tensors 7168 n-ops 1024 vmem 3355443200
10-07 17:37:49.414 I/NpuProbe(20678): load_all_from_path=70ms
10-07 17:37:49.414 I/NpuProbe(20678): [ggml] load_backend: failed to find ggml_backend_init in /data/app/~~-AAa5lDaii0dMGTPgPeENA==/br.gov.sp.pcsp.npuprobe-rKDzfVqWrdi-4lPwWdPEAA==/lib/arm64/libggml-hexagon.so
10-07 17:37:49.414 I/NpuProbe(20678): load(hexagon direto)=FALHOU em 0ms
10-07 17:37:49.414 I/NpuProbe(20678): devices=4
10-07 17:37:49.414 I/NpuProbe(20678):   dev[0] Vulkan0 (Adreno (TM) 840)
10-07 17:37:49.414 I/NpuProbe(20678):   dev[1] GPUOpenCL (QUALCOMM Adreno(TM) 840)
10-07 17:37:49.414 I/NpuProbe(20678):   dev[2] HTP0 (Hexagon)
10-07 17:37:49.414 I/NpuProbe(20678):   dev[3] CPU (CPU)
10-07 17:37:49.414 I/NpuProbe(20678): dev_init(HTP0)=0ms -> SESSAO ABERTA
10-07 17:37:49.415 I/NpuProbe(20678): graph_compute(MUL_MAT 64x64)=0.6ms status=0
10-07 17:37:49.415 I/NpuProbe(20678): c[0]=128.000000 (esperado 128.0)
10-07 17:37:49.415 I/NpuProbe(20678): RESULTADO: APP-UID OK: sessao HTP + op executado com resultado correto
10-07 17:37:49.416 I/NpuProbe(20678): REPORT:
10-07 17:37:49.416 I/NpuProbe(20678): libdir=/data/app/~~-AAa5lDaii0dMGTPgPeENA==/br.gov.sp.pcsp.npuprobe-rKDzfVqWrdi-4lPwWdPEAA==/lib/arm64
10-07 17:37:49.416 I/NpuProbe(20678): build=llama.cpp-upstream-pkg (v11-libs) + probe R4
10-07 17:37:49.416 I/NpuProbe(20678): controle-sistema (liblog.so)=OK
10-07 17:37:49.416 I/NpuProbe(20678): negativo-fake (libnaoexiste_xyz.so)=FALHOU err=dlopen failed: library "libnaoexiste_xyz.so" not found
10-07 17:37:49.416 I/NpuProbe(20678): cdsprpc-nome (libcdsprpc.so)=OK
10-07 17:37:49.416 I/NpuProbe(20678): cdsprpc-abs (/vendor/lib64/libcdsprpc.so)=OK
10-07 17:37:49.416 I/NpuProbe(20678): ADSP_LIBRARY_PATH=libdir (setenv)
10-07 17:37:49.416 I/NpuProbe(20678): load_all_from_path=70ms
10-07 17:37:49.416 I/NpuProbe(20678): load(hexagon direto)=FALHOU em 0ms
10-07 17:37:49.416 I/NpuProbe(20678): devices=4
10-07 17:37:49.416 I/NpuProbe(20678):   dev[0] Vulkan0 (Adreno (TM) 840)
10-07 17:37:49.416 I/NpuProbe(20678):   dev[1] GPUOpenCL (QUALCOMM Adreno(TM) 840)
10-07 17:37:49.416 I/NpuProbe(20678):   dev[2] HTP0 (Hexagon)
10-07 17:37:49.416 I/NpuProbe(20678):   dev[3] CPU (CPU)
10-07 17:37:49.416 I/NpuProbe(20678): dev_init(HTP0)=0ms -> SESSAO ABERTA
10-07 17:37:49.416 I/NpuProbe(20678): graph_compute(MUL_MAT 64x64)=0.6ms status=0
10-07 17:37:49.416 I/NpuProbe(20678): c[0]=128.000000 (esperado 128.0)
10-07 17:37:49.416 I/NpuProbe(20678): RESULTADO: APP-UID OK: sessao HTP + op executado com resultado correto
10-07 17:37:49.417 I/NpuProbe(20678): AUTO-GATILHO='smart:vulkan@bench'
10-07 17:37:49.417 I/NpuProbe(20678): SMART iniciando rota=vulkan@bench com /data/local/tmp/hymt2_app.gguf
10-07 17:37:49.417 I/NpuProbe(20678): SMARTv2 rota='vulkan@bench' mutante=(none)
10-07 17:37:49.419 I/NpuProbe(20678): MODO BENCHMARK (@bench; sem espelho; decode so no destino)
10-07 17:37:49.419 I/NpuProbe(20678): MODO PONTE: origem=htp | destino=vulkan (Vulkan0)
10-07 17:37:49.420 I/NpuProbe(20678): prompt: ARQUIVO (len=379)
10-07 17:37:49.421 I/NpuProbe(20678): cap: ARQUIVO = 160
10-07 17:37:50.413 I/NpuProbe(20678): load(destino)=992ms
10-07 17:37:50.879 I/NpuProbe(20678): load(origem)=382ms
10-07 17:37:50.916 I/NpuProbe(20678): ctxs prontos (cold_total=1499ms)
10-07 17:37:56.665 I/NpuProbe(20678): A1: ok=1 cap=0 eog_tok1=0 tok1=32 amostrados(s/d)=1/63 emitidos=63 consumidos=63 decodes_s_pos_ponte=0
10-07 17:37:56.665 I/NpuProbe(20678): A1 tempos: prefill=2958.03ms export=0.20ms(3802585B) import=2.07ms gen=2702.21ms
10-07 17:37:56.665 I/NpuProbe(20678): A1 espelho: passos=0 iguais=0 div_pos=-1 div_marg(d/s)=-1.000/-1.000
10-07 17:37:56.665 I/NpuProbe(20678): A1 fronteiras(ms desde request): prefill_done=4457.5 tok1_ready=4506.3 import_done=4508.3 tok2_ready=5543.1 fim=7210.6 (INTERNAS; sem streaming de UI no probe)
10-07 17:37:56.665 I/NpuProbe(20678): A1 prompt_hash=0edc23f816808e4e
10-07 17:37:56.665 I/NpuProbe(20678): A1 texto: A raposa marrom e rápida salta sobre o cachorro preguiçoso, enquanto o sol se põe lentamente atrás das montanhas. O rio continua a fluir pelo vale onde o velho moinho uma vez ficou em pé.
10-07 17:37:56.669 I/NpuProbe(20678): reset: pos cmp (origem=-1 destino=-1) -> VAZIO ok
10-07 17:38:01.502 I/NpuProbe(20678): A2: ok=1 texto igual ao A1: SIM
10-07 17:38:01.502 I/NpuProbe(20678): RESULTADO: BENCH-CONCLUIDO (htp->vulkan; sem espelho; decode origem pos-ponte=0; A-B-A texto igual)
10-07 17:38:01.687 I/NpuProbe(20678): SMART REPORT:
10-07 17:38:01.687 I/NpuProbe(20678): SMART (vulkan@bench)
10-07 17:38:01.687 I/NpuProbe(20678): 
10-07 17:38:01.687 I/NpuProbe(20678): SMARTv2 rota='vulkan@bench' mutante=(none)
10-07 17:38:01.687 I/NpuProbe(20678): MODO BENCHMARK (@bench; sem espelho; decode so no destino)
10-07 17:38:01.687 I/NpuProbe(20678): MODO PONTE: origem=htp | destino=vulkan (Vulkan0)
10-07 17:38:01.687 I/NpuProbe(20678): prompt: ARQUIVO (len=379)
10-07 17:38:01.687 I/NpuProbe(20678): cap: ARQUIVO = 160
10-07 17:38:01.687 I/NpuProbe(20678): load(destino)=992ms
10-07 17:38:01.687 I/NpuProbe(20678): load(origem)=382ms
10-07 17:38:01.687 I/NpuProbe(20678): ctxs prontos (cold_total=1499ms)
10-07 17:38:01.687 I/NpuProbe(20678): A1: ok=1 cap=0 eog_tok1=0 tok1=32 amostrados(s/d)=1/63 emitidos=63 consumidos=63 decodes_s_pos_ponte=0
10-07 17:38:01.687 I/NpuProbe(20678): A1 tempos: prefill=2958.03ms export=0.20ms(3802585B) import=2.07ms gen=2702.21ms
10-07 17:38:01.687 I/NpuProbe(20678): A1 espelho: passos=0 iguais=0 div_pos=-1 div_marg(d/s)=-1.000/-1.000
10-07 17:38:01.687 I/NpuProbe(20678): A1 fronteiras(ms desde request): prefill_done=4457.5 tok1_ready=4506.3 import_done=4508.3 tok2_ready=5543.1 fim=7210.6 (INTERNAS; sem streaming de UI no probe)
10-07 17:38:01.687 I/NpuProbe(20678): A1 prompt_hash=0edc23f816808e4e
10-07 17:38:01.687 I/NpuProbe(20678): A1 texto: A raposa marrom e rápida salta sobre o cachorro preguiçoso, enquanto o sol se põe lentamente atrás das montanhas. O rio continua a fluir pelo vale onde o velho moinho uma vez ficou em pé.
10-07 17:38:01.687 I/NpuProbe(20678): reset: pos cmp (origem=-1 destino=-1) -> VAZIO ok
10-07 17:38:01.687 I/NpuProbe(20678): A2: ok=1 texto igual ao A1: SIM
10-07 17:38:01.687 I/NpuProbe(20678): RESULTADO: BENCH-CONCLUIDO (htp->vulkan; sem espelho; decode origem pos-ponte=0; A-B-A texto igual)
[rec 17:39:12]
--------- beginning of main
10-07 17:37:49.338 I/NpuProbe(20678): nativeLibraryDir=/data/app/~~-AAa5lDaii0dMGTPgPeENA==/br.gov.sp.pcsp.npuprobe-rKDzfVqWrdi-4lPwWdPEAA==/lib/arm64
10-07 17:37:49.338 I/NpuProbe(20678): libdir=/data/app/~~-AAa5lDaii0dMGTPgPeENA==/br.gov.sp.pcsp.npuprobe-rKDzfVqWrdi-4lPwWdPEAA==/lib/arm64
10-07 17:37:49.338 I/NpuProbe(20678): build=llama.cpp-upstream-pkg (v11-libs) + probe R4
10-07 17:37:49.339 I/NpuProbe(20678): controle-sistema (liblog.so)=OK
10-07 17:37:49.339 I/NpuProbe(20678): negativo-fake (libnaoexiste_xyz.so)=FALHOU err=dlopen failed: library "libnaoexiste_xyz.so" not found
10-07 17:37:49.342 I/NpuProbe(20678): cdsprpc-nome (libcdsprpc.so)=OK
10-07 17:37:49.343 I/NpuProbe(20678): cdsprpc-abs (/vendor/lib64/libcdsprpc.so)=OK
10-07 17:37:49.343 I/NpuProbe(20678): ADSP_LIBRARY_PATH=libdir (setenv)
10-07 17:37:49.346 I/NpuProbe(20678): [ggml] ggml_vulkan: Found 1 Vulkan devices:
10-07 17:37:49.347 I/NpuProbe(20678): [ggml] ggml_vulkan: 0 = Adreno (TM) 840 (Qualcomm Technologies Inc. Adreno Vulkan Driver) | uma: 1 | fp16: 1 | bf16: 0 | fp4: 0 | warp size: 64 | shared memory: 32768 | int dot: 0 | matrix cores: none
10-07 17:37:49.359 I/NpuProbe(20678): [ggml] ggml_opencl: selected platform: 'QUALCOMM Snapdragon(TM)'
10-07 17:37:49.360 I/NpuProbe(20678): [ggml] 
10-07 17:37:49.360 I/NpuProbe(20678): ggml_opencl: device: 'QUALCOMM Adreno(TM) 840 (OpenCL 3.0 Adreno(TM) 840)'
10-07 17:37:49.360 I/NpuProbe(20678): [ggml] ggml_opencl: default device: 'QUALCOMM Adreno(TM) 840 (OpenCL 3.0 Adreno(TM) 840)'
10-07 17:37:49.361 I/NpuProbe(20678): [ggml] ggml-hex: Loading driver libcdsprpc.so
10-07 17:37:49.364 I/NpuProbe(20678): [ggml] ggml-hex: Hexagon backend (experimental) : allocating new registry : ndev 1
10-07 17:37:49.364 I/NpuProbe(20678): [ggml] ggml-hex: Hexagon Arch version v81
10-07 17:37:49.364 I/NpuProbe(20678): [ggml] ggml-hex: HTP0 allocating new session
10-07 17:37:49.401 I/NpuProbe(20678): [ggml] ggml-hex: HTP0 hwinfo: threads 8, hvx 8, hmx 1, vtcm 8 MB
10-07 17:37:49.401 I/NpuProbe(20678): [ggml] ggml-hex: HTP0 new session : session-id 0 domain-id 3 uri file:///libggml-htp-v81.so?htp_iface_skel_handle_invoke&_modver=1.0&_dom=cdsp&_session=0 handle 0xb4000077d52a49c0
10-07 17:37:49.406 I/NpuProbe(20678): [ggml] ggml-hex: HTP0 op batching: n-bufs 16 n-tensors 7168 n-ops 1024 vmem 3355443200
10-07 17:37:49.414 I/NpuProbe(20678): load_all_from_path=70ms
10-07 17:37:49.414 I/NpuProbe(20678): [ggml] load_backend: failed to find ggml_backend_init in /data/app/~~-AAa5lDaii0dMGTPgPeENA==/br.gov.sp.pcsp.npuprobe-rKDzfVqWrdi-4lPwWdPEAA==/lib/arm64/libggml-hexagon.so
10-07 17:37:49.414 I/NpuProbe(20678): load(hexagon direto)=FALHOU em 0ms
10-07 17:37:49.414 I/NpuProbe(20678): devices=4
10-07 17:37:49.414 I/NpuProbe(20678):   dev[0] Vulkan0 (Adreno (TM) 840)
10-07 17:37:49.414 I/NpuProbe(20678):   dev[1] GPUOpenCL (QUALCOMM Adreno(TM) 840)
10-07 17:37:49.414 I/NpuProbe(20678):   dev[2] HTP0 (Hexagon)
10-07 17:37:49.414 I/NpuProbe(20678):   dev[3] CPU (CPU)
10-07 17:37:49.414 I/NpuProbe(20678): dev_init(HTP0)=0ms -> SESSAO ABERTA
10-07 17:37:49.415 I/NpuProbe(20678): graph_compute(MUL_MAT 64x64)=0.6ms status=0
10-07 17:37:49.415 I/NpuProbe(20678): c[0]=128.000000 (esperado 128.0)
10-07 17:37:49.415 I/NpuProbe(20678): RESULTADO: APP-UID OK: sessao HTP + op executado com resultado correto
10-07 17:37:49.416 I/NpuProbe(20678): REPORT:
10-07 17:37:49.416 I/NpuProbe(20678): libdir=/data/app/~~-AAa5lDaii0dMGTPgPeENA==/br.gov.sp.pcsp.npuprobe-rKDzfVqWrdi-4lPwWdPEAA==/lib/arm64
10-07 17:37:49.416 I/NpuProbe(20678): build=llama.cpp-upstream-pkg (v11-libs) + probe R4
10-07 17:37:49.416 I/NpuProbe(20678): controle-sistema (liblog.so)=OK
10-07 17:37:49.416 I/NpuProbe(20678): negativo-fake (libnaoexiste_xyz.so)=FALHOU err=dlopen failed: library "libnaoexiste_xyz.so" not found
10-07 17:37:49.416 I/NpuProbe(20678): cdsprpc-nome (libcdsprpc.so)=OK
10-07 17:37:49.416 I/NpuProbe(20678): cdsprpc-abs (/vendor/lib64/libcdsprpc.so)=OK
10-07 17:37:49.416 I/NpuProbe(20678): ADSP_LIBRARY_PATH=libdir (setenv)
10-07 17:37:49.416 I/NpuProbe(20678): load_all_from_path=70ms
10-07 17:37:49.416 I/NpuProbe(20678): load(hexagon direto)=FALHOU em 0ms
10-07 17:37:49.416 I/NpuProbe(20678): devices=4
10-07 17:37:49.416 I/NpuProbe(20678):   dev[0] Vulkan0 (Adreno (TM) 840)
10-07 17:37:49.416 I/NpuProbe(20678):   dev[1] GPUOpenCL (QUALCOMM Adreno(TM) 840)
10-07 17:37:49.416 I/NpuProbe(20678):   dev[2] HTP0 (Hexagon)
10-07 17:37:49.416 I/NpuProbe(20678):   dev[3] CPU (CPU)
10-07 17:37:49.416 I/NpuProbe(20678): dev_init(HTP0)=0ms -> SESSAO ABERTA
10-07 17:37:49.416 I/NpuProbe(20678): graph_compute(MUL_MAT 64x64)=0.6ms status=0
10-07 17:37:49.416 I/NpuProbe(20678): c[0]=128.000000 (esperado 128.0)
10-07 17:37:49.416 I/NpuProbe(20678): RESULTADO: APP-UID OK: sessao HTP + op executado com resultado correto
10-07 17:37:49.417 I/NpuProbe(20678): AUTO-GATILHO='smart:vulkan@bench'
10-07 17:37:49.417 I/NpuProbe(20678): SMART iniciando rota=vulkan@bench com /data/local/tmp/hymt2_app.gguf
10-07 17:37:49.417 I/NpuProbe(20678): SMARTv2 rota='vulkan@bench' mutante=(none)
10-07 17:37:49.419 I/NpuProbe(20678): MODO BENCHMARK (@bench; sem espelho; decode so no destino)
10-07 17:37:49.419 I/NpuProbe(20678): MODO PONTE: origem=htp | destino=vulkan (Vulkan0)
10-07 17:37:49.420 I/NpuProbe(20678): prompt: ARQUIVO (len=379)
10-07 17:37:49.421 I/NpuProbe(20678): cap: ARQUIVO = 160
10-07 17:37:50.413 I/NpuProbe(20678): load(destino)=992ms
10-07 17:37:50.879 I/NpuProbe(20678): load(origem)=382ms
10-07 17:37:50.916 I/NpuProbe(20678): ctxs prontos (cold_total=1499ms)
10-07 17:37:56.665 I/NpuProbe(20678): A1: ok=1 cap=0 eog_tok1=0 tok1=32 amostrados(s/d)=1/63 emitidos=63 consumidos=63 decodes_s_pos_ponte=0
10-07 17:37:56.665 I/NpuProbe(20678): A1 tempos: prefill=2958.03ms export=0.20ms(3802585B) import=2.07ms gen=2702.21ms
10-07 17:37:56.665 I/NpuProbe(20678): A1 espelho: passos=0 iguais=0 div_pos=-1 div_marg(d/s)=-1.000/-1.000
10-07 17:37:56.665 I/NpuProbe(20678): A1 fronteiras(ms desde request): prefill_done=4457.5 tok1_ready=4506.3 import_done=4508.3 tok2_ready=5543.1 fim=7210.6 (INTERNAS; sem streaming de UI no probe)
10-07 17:37:56.665 I/NpuProbe(20678): A1 prompt_hash=0edc23f816808e4e
10-07 17:37:56.665 I/NpuProbe(20678): A1 texto: A raposa marrom e rápida salta sobre o cachorro preguiçoso, enquanto o sol se põe lentamente atrás das montanhas. O rio continua a fluir pelo vale onde o velho moinho uma vez ficou em pé.
10-07 17:37:56.669 I/NpuProbe(20678): reset: pos cmp (origem=-1 destino=-1) -> VAZIO ok
10-07 17:38:01.502 I/NpuProbe(20678): A2: ok=1 texto igual ao A1: SIM
10-07 17:38:01.502 I/NpuProbe(20678): RESULTADO: BENCH-CONCLUIDO (htp->vulkan; sem espelho; decode origem pos-ponte=0; A-B-A texto igual)
10-07 17:38:01.687 I/NpuProbe(20678): SMART REPORT:
10-07 17:38:01.687 I/NpuProbe(20678): SMART (vulkan@bench)
10-07 17:38:01.687 I/NpuProbe(20678): 
10-07 17:38:01.687 I/NpuProbe(20678): SMARTv2 rota='vulkan@bench' mutante=(none)
10-07 17:38:01.687 I/NpuProbe(20678): MODO BENCHMARK (@bench; sem espelho; decode so no destino)
10-07 17:38:01.687 I/NpuProbe(20678): MODO PONTE: origem=htp | destino=vulkan (Vulkan0)
10-07 17:38:01.687 I/NpuProbe(20678): prompt: ARQUIVO (len=379)
10-07 17:38:01.687 I/NpuProbe(20678): cap: ARQUIVO = 160
10-07 17:38:01.687 I/NpuProbe(20678): load(destino)=992ms
10-07 17:38:01.687 I/NpuProbe(20678): load(origem)=382ms
10-07 17:38:01.687 I/NpuProbe(20678): ctxs prontos (cold_total=1499ms)
10-07 17:38:01.687 I/NpuProbe(20678): A1: ok=1 cap=0 eog_tok1=0 tok1=32 amostrados(s/d)=1/63 emitidos=63 consumidos=63 decodes_s_pos_ponte=0
10-07 17:38:01.687 I/NpuProbe(20678): A1 tempos: prefill=2958.03ms export=0.20ms(3802585B) import=2.07ms gen=2702.21ms
10-07 17:38:01.687 I/NpuProbe(20678): A1 espelho: passos=0 iguais=0 div_pos=-1 div_marg(d/s)=-1.000/-1.000
10-07 17:38:01.687 I/NpuProbe(20678): A1 fronteiras(ms desde request): prefill_done=4457.5 tok1_ready=4506.3 import_done=4508.3 tok2_ready=5543.1 fim=7210.6 (INTERNAS; sem streaming de UI no probe)
10-07 17:38:01.687 I/NpuProbe(20678): A1 prompt_hash=0edc23f816808e4e
10-07 17:38:01.687 I/NpuProbe(20678): A1 texto: A raposa marrom e rápida salta sobre o cachorro preguiçoso, enquanto o sol se põe lentamente atrás das montanhas. O rio continua a fluir pelo vale onde o velho moinho uma vez ficou em pé.
10-07 17:38:01.687 I/NpuProbe(20678): reset: pos cmp (origem=-1 destino=-1) -> VAZIO ok
10-07 17:38:01.687 I/NpuProbe(20678): A2: ok=1 texto igual ao A1: SIM
10-07 17:38:01.687 I/NpuProbe(20678): RESULTADO: BENCH-CONCLUIDO (htp->vulkan; sem espelho; decode origem pos-ponte=0; A-B-A texto igual)
[rec 17:39:39]
[rec 17:39:54]
[rec 17:40:21]
[rec 17:40:48]
--------- beginning of main
10-07 17:41:43.095 I/NpuProbe(  454): nativeLibraryDir=/data/app/~~-AAa5lDaii0dMGTPgPeENA==/br.gov.sp.pcsp.npuprobe-rKDzfVqWrdi-4lPwWdPEAA==/lib/arm64
10-07 17:41:43.095 I/NpuProbe(  454): libdir=/data/app/~~-AAa5lDaii0dMGTPgPeENA==/br.gov.sp.pcsp.npuprobe-rKDzfVqWrdi-4lPwWdPEAA==/lib/arm64
10-07 17:41:43.095 I/NpuProbe(  454): build=llama.cpp-upstream-pkg (v11-libs) + probe R4
10-07 17:41:43.095 I/NpuProbe(  454): controle-sistema (liblog.so)=OK
10-07 17:41:43.095 I/NpuProbe(  454): negativo-fake (libnaoexiste_xyz.so)=FALHOU err=dlopen failed: library "libnaoexiste_xyz.so" not found
10-07 17:41:43.097 I/NpuProbe(  454): cdsprpc-nome (libcdsprpc.so)=OK
10-07 17:41:43.099 I/NpuProbe(  454): cdsprpc-abs (/vendor/lib64/libcdsprpc.so)=OK
10-07 17:41:43.099 I/NpuProbe(  454): ADSP_LIBRARY_PATH=libdir (setenv)
10-07 17:41:43.102 I/NpuProbe(  454): [ggml] ggml_vulkan: Found 1 Vulkan devices:
10-07 17:41:43.103 I/NpuProbe(  454): [ggml] ggml_vulkan: 0 = Adreno (TM) 840 (Qualcomm Technologies Inc. Adreno Vulkan Driver) | uma: 1 | fp16: 1 | bf16: 0 | fp4: 0 | warp size: 64 | shared memory: 32768 | int dot: 0 | matrix cores: none
10-07 17:41:43.121 I/NpuProbe(  454): [ggml] ggml_opencl: selected platform: 'QUALCOMM Snapdragon(TM)'
10-07 17:41:43.122 I/NpuProbe(  454): [ggml] 
10-07 17:41:43.122 I/NpuProbe(  454): ggml_opencl: device: 'QUALCOMM Adreno(TM) 840 (OpenCL 3.0 Adreno(TM) 840)'
10-07 17:41:43.122 I/NpuProbe(  454): [ggml] ggml_opencl: default device: 'QUALCOMM Adreno(TM) 840 (OpenCL 3.0 Adreno(TM) 840)'
10-07 17:41:43.122 I/NpuProbe(  454): [ggml] ggml-hex: Loading driver libcdsprpc.so
10-07 17:41:43.125 I/NpuProbe(  454): [ggml] ggml-hex: Hexagon backend (experimental) : allocating new registry : ndev 1
10-07 17:41:43.125 I/NpuProbe(  454): [ggml] ggml-hex: Hexagon Arch version v81
10-07 17:41:43.125 I/NpuProbe(  454): [ggml] ggml-hex: HTP0 allocating new session
10-07 17:41:43.159 I/NpuProbe(  454): [ggml] ggml-hex: HTP0 hwinfo: threads 8, hvx 8, hmx 1, vtcm 8 MB
10-07 17:41:43.159 I/NpuProbe(  454): [ggml] ggml-hex: HTP0 new session : session-id 0 domain-id 3 uri file:///libggml-htp-v81.so?htp_iface_skel_handle_invoke&_modver=1.0&_dom=cdsp&_session=0 handle 0xb4000077c5ef4d40
10-07 17:41:43.163 I/NpuProbe(  454): [ggml] ggml-hex: HTP0 op batching: n-bufs 16 n-tensors 7168 n-ops 1024 vmem 3355443200
10-07 17:41:43.169 I/NpuProbe(  454): load_all_from_path=70ms
10-07 17:41:43.169 I/NpuProbe(  454): [ggml] load_backend: failed to find ggml_backend_init in /data/app/~~-AAa5lDaii0dMGTPgPeENA==/br.gov.sp.pcsp.npuprobe-rKDzfVqWrdi-4lPwWdPEAA==/lib/arm64/libggml-hexagon.so
10-07 17:41:43.169 I/NpuProbe(  454): load(hexagon direto)=FALHOU em 0ms
10-07 17:41:43.169 I/NpuProbe(  454): devices=4
10-07 17:41:43.169 I/NpuProbe(  454):   dev[0] Vulkan0 (Adreno (TM) 840)
10-07 17:41:43.169 I/NpuProbe(  454):   dev[1] GPUOpenCL (QUALCOMM Adreno(TM) 840)
10-07 17:41:43.169 I/NpuProbe(  454):   dev[2] HTP0 (Hexagon)
10-07 17:41:43.169 I/NpuProbe(  454):   dev[3] CPU (CPU)
10-07 17:41:43.169 I/NpuProbe(  454): dev_init(HTP0)=0ms -> SESSAO ABERTA
10-07 17:41:43.170 I/NpuProbe(  454): graph_compute(MUL_MAT 64x64)=0.6ms status=0
10-07 17:41:43.170 I/NpuProbe(  454): c[0]=128.000000 (esperado 128.0)
10-07 17:41:43.170 I/NpuProbe(  454): RESULTADO: APP-UID OK: sessao HTP + op executado com resultado correto
10-07 17:41:43.171 I/NpuProbe(  454): REPORT:
10-07 17:41:43.171 I/NpuProbe(  454): libdir=/data/app/~~-AAa5lDaii0dMGTPgPeENA==/br.gov.sp.pcsp.npuprobe-rKDzfVqWrdi-4lPwWdPEAA==/lib/arm64
10-07 17:41:43.171 I/NpuProbe(  454): build=llama.cpp-upstream-pkg (v11-libs) + probe R4
10-07 17:41:43.171 I/NpuProbe(  454): controle-sistema (liblog.so)=OK
10-07 17:41:43.171 I/NpuProbe(  454): negativo-fake (libnaoexiste_xyz.so)=FALHOU err=dlopen failed: library "libnaoexiste_xyz.so" not found
10-07 17:41:43.171 I/NpuProbe(  454): cdsprpc-nome (libcdsprpc.so)=OK
10-07 17:41:43.171 I/NpuProbe(  454): cdsprpc-abs (/vendor/lib64/libcdsprpc.so)=OK
10-07 17:41:43.171 I/NpuProbe(  454): ADSP_LIBRARY_PATH=libdir (setenv)
10-07 17:41:43.171 I/NpuProbe(  454): load_all_from_path=70ms
10-07 17:41:43.171 I/NpuProbe(  454): load(hexagon direto)=FALHOU em 0ms
10-07 17:41:43.171 I/NpuProbe(  454): devices=4
10-07 17:41:43.171 I/NpuProbe(  454):   dev[0] Vulkan0 (Adreno (TM) 840)
10-07 17:41:43.171 I/NpuProbe(  454):   dev[1] GPUOpenCL (QUALCOMM Adreno(TM) 840)
10-07 17:41:43.171 I/NpuProbe(  454):   dev[2] HTP0 (Hexagon)
10-07 17:41:43.171 I/NpuProbe(  454):   dev[3] CPU (CPU)
10-07 17:41:43.171 I/NpuProbe(  454): dev_init(HTP0)=0ms -> SESSAO ABERTA
10-07 17:41:43.171 I/NpuProbe(  454): graph_compute(MUL_MAT 64x64)=0.6ms status=0
10-07 17:41:43.171 I/NpuProbe(  454): c[0]=128.000000 (esperado 128.0)
10-07 17:41:43.171 I/NpuProbe(  454): RESULTADO: APP-UID OK: sessao HTP + op executado com resultado correto
10-07 17:41:43.171 I/NpuProbe(  454): AUTO-GATILHO='smart:puro:cpu'
10-07 17:41:43.171 I/NpuProbe(  454): SMART iniciando rota=puro:cpu com /data/local/tmp/hymt2_app.gguf
10-07 17:41:43.171 I/NpuProbe(  454): SMARTv2 rota='puro:cpu' mutante=(none)
10-07 17:41:43.173 I/NpuProbe(  454): MODO VALIDACAO (espelho teacher-forcing)
10-07 17:41:43.173 I/NpuProbe(  454): MODO PURO: origem=(nenhuma) | destino=cpu (CPU)
10-07 17:41:45.372 I/NpuProbe(  454): puro: ok=1 pieces=8 prefill=1253.32ms gen=416.80ms pp1=0.51ms
10-07 17:41:45.372 I/NpuProbe(  454): puro texto: Bom dia, como você está?
10-07 17:41:45.372 I/NpuProbe(  454): RESULTADO: PURO-EXECUTADO (cpu; baseline; SEM juizo de qualidade — usar texto/stop)
10-07 17:41:45.444 I/NpuProbe(  454): SMART REPORT:
10-07 17:41:45.444 I/NpuProbe(  454): SMART (puro:cpu)
10-07 17:41:45.444 I/NpuProbe(  454): 
10-07 17:41:45.444 I/NpuProbe(  454): SMARTv2 rota='puro:cpu' mutante=(none)
10-07 17:41:45.444 I/NpuProbe(  454): MODO VALIDACAO (espelho teacher-forcing)
10-07 17:41:45.444 I/NpuProbe(  454): MODO PURO: origem=(nenhuma) | destino=cpu (CPU)
10-07 17:41:45.444 I/NpuProbe(  454): load(destino)=471ms
10-07 17:41:45.444 I/NpuProbe(  454): puro: ok=1 pieces=8 prefill=1253.32ms gen=416.80ms pp1=0.51ms
10-07 17:41:45.444 I/NpuProbe(  454): puro texto: Bom dia, como você está?
10-07 17:41:45.444 I/NpuProbe(  454): RESULTADO: PURO-EXECUTADO (cpu; baseline; SEM juizo de qualidade — usar texto/stop)
[rec 17:41:15]
[rec 17:41:42]
--------- beginning of main
10-07 17:42:44.720 I/NpuProbe( 5843): nativeLibraryDir=/data/app/~~-AAa5lDaii0dMGTPgPeENA==/br.gov.sp.pcsp.npuprobe-rKDzfVqWrdi-4lPwWdPEAA==/lib/arm64
10-07 17:42:44.720 I/NpuProbe( 5843): libdir=/data/app/~~-AAa5lDaii0dMGTPgPeENA==/br.gov.sp.pcsp.npuprobe-rKDzfVqWrdi-4lPwWdPEAA==/lib/arm64
10-07 17:42:44.720 I/NpuProbe( 5843): build=llama.cpp-upstream-pkg (v11-libs) + probe R4
10-07 17:42:44.721 I/NpuProbe( 5843): controle-sistema (liblog.so)=OK
10-07 17:42:44.721 I/NpuProbe( 5843): negativo-fake (libnaoexiste_xyz.so)=FALHOU err=dlopen failed: library "libnaoexiste_xyz.so" not found
10-07 17:42:44.721 I/NpuProbe( 5843): cdsprpc-nome (libcdsprpc.so)=OK
10-07 17:42:44.722 I/NpuProbe( 5843): cdsprpc-abs (/vendor/lib64/libcdsprpc.so)=OK
10-07 17:42:44.722 I/NpuProbe( 5843): ADSP_LIBRARY_PATH=libdir (setenv)
10-07 17:42:44.723 I/NpuProbe( 5843): [ggml] ggml_vulkan: Found 1 Vulkan devices:
10-07 17:42:44.723 I/NpuProbe( 5843): [ggml] ggml_vulkan: 0 = Adreno (TM) 840 (Qualcomm Technologies Inc. Adreno Vulkan Driver) | uma: 1 | fp16: 1 | bf16: 0 | fp4: 0 | warp size: 64 | shared memory: 32768 | int dot: 0 | matrix cores: none
10-07 17:42:44.728 I/NpuProbe( 5843): [ggml] ggml_opencl: selected platform: 'QUALCOMM Snapdragon(TM)'
10-07 17:42:44.729 I/NpuProbe( 5843): [ggml] 
10-07 17:42:44.729 I/NpuProbe( 5843): ggml_opencl: device: 'QUALCOMM Adreno(TM) 840 (OpenCL 3.0 Adreno(TM) 840)'
10-07 17:42:44.729 I/NpuProbe( 5843): [ggml] ggml_opencl: default device: 'QUALCOMM Adreno(TM) 840 (OpenCL 3.0 Adreno(TM) 840)'
10-07 17:42:44.729 I/NpuProbe( 5843): [ggml] ggml-hex: Loading driver libcdsprpc.so
10-07 17:42:44.730 I/NpuProbe( 5843): [ggml] ggml-hex: Hexagon backend (experimental) : allocating new registry : ndev 1
10-07 17:42:44.730 I/NpuProbe( 5843): [ggml] ggml-hex: Hexagon Arch version v81
10-07 17:42:44.730 I/NpuProbe( 5843): [ggml] ggml-hex: HTP0 allocating new session
10-07 17:42:44.764 I/NpuProbe( 5843): [ggml] ggml-hex: HTP0 hwinfo: threads 8, hvx 8, hmx 1, vtcm 8 MB
10-07 17:42:44.764 I/NpuProbe( 5843): [ggml] ggml-hex: HTP0 new session : session-id 0 domain-id 3 uri file:///libggml-htp-v81.so?htp_iface_skel_handle_invoke&_modver=1.0&_dom=cdsp&_session=0 handle 0xb4000077c5fb1a80
10-07 17:42:44.767 I/NpuProbe( 5843): [ggml] ggml-hex: HTP0 op batching: n-bufs 16 n-tensors 7168 n-ops 1024 vmem 3355443200
10-07 17:42:44.773 I/NpuProbe( 5843): load_all_from_path=51ms
10-07 17:42:44.773 I/NpuProbe( 5843): [ggml] load_backend: failed to find ggml_backend_init in /data/app/~~-AAa5lDaii0dMGTPgPeENA==/br.gov.sp.pcsp.npuprobe-rKDzfVqWrdi-4lPwWdPEAA==/lib/arm64/libggml-hexagon.so
10-07 17:42:44.773 I/NpuProbe( 5843): load(hexagon direto)=FALHOU em 0ms
10-07 17:42:44.773 I/NpuProbe( 5843): devices=4
10-07 17:42:44.773 I/NpuProbe( 5843):   dev[0] Vulkan0 (Adreno (TM) 840)
10-07 17:42:44.773 I/NpuProbe( 5843):   dev[1] GPUOpenCL (QUALCOMM Adreno(TM) 840)
10-07 17:42:44.773 I/NpuProbe( 5843):   dev[2] HTP0 (Hexagon)
10-07 17:42:44.773 I/NpuProbe( 5843):   dev[3] CPU (CPU)
10-07 17:42:44.773 I/NpuProbe( 5843): dev_init(HTP0)=0ms -> SESSAO ABERTA
10-07 17:42:44.774 I/NpuProbe( 5843): graph_compute(MUL_MAT 64x64)=0.5ms status=0
10-07 17:42:44.774 I/NpuProbe( 5843): c[0]=128.000000 (esperado 128.0)
10-07 17:42:44.774 I/NpuProbe( 5843): RESULTADO: APP-UID OK: sessao HTP + op executado com resultado correto
10-07 17:42:44.774 I/NpuProbe( 5843): REPORT:
10-07 17:42:44.774 I/NpuProbe( 5843): libdir=/data/app/~~-AAa5lDaii0dMGTPgPeENA==/br.gov.sp.pcsp.npuprobe-rKDzfVqWrdi-4lPwWdPEAA==/lib/arm64
10-07 17:42:44.774 I/NpuProbe( 5843): build=llama.cpp-upstream-pkg (v11-libs) + probe R4
10-07 17:42:44.774 I/NpuProbe( 5843): controle-sistema (liblog.so)=OK
10-07 17:42:44.774 I/NpuProbe( 5843): negativo-fake (libnaoexiste_xyz.so)=FALHOU err=dlopen failed: library "libnaoexiste_xyz.so" not found
10-07 17:42:44.774 I/NpuProbe( 5843): cdsprpc-nome (libcdsprpc.so)=OK
10-07 17:42:44.774 I/NpuProbe( 5843): cdsprpc-abs (/vendor/lib64/libcdsprpc.so)=OK
10-07 17:42:44.774 I/NpuProbe( 5843): ADSP_LIBRARY_PATH=libdir (setenv)
10-07 17:42:44.774 I/NpuProbe( 5843): load_all_from_path=51ms
10-07 17:42:44.774 I/NpuProbe( 5843): load(hexagon direto)=FALHOU em 0ms
10-07 17:42:44.774 I/NpuProbe( 5843): devices=4
10-07 17:42:44.774 I/NpuProbe( 5843):   dev[0] Vulkan0 (Adreno (TM) 840)
10-07 17:42:44.774 I/NpuProbe( 5843):   dev[1] GPUOpenCL (QUALCOMM Adreno(TM) 840)
10-07 17:42:44.774 I/NpuProbe( 5843):   dev[2] HTP0 (Hexagon)
10-07 17:42:44.774 I/NpuProbe( 5843):   dev[3] CPU (CPU)
10-07 17:42:44.774 I/NpuProbe( 5843): dev_init(HTP0)=0ms -> SESSAO ABERTA
10-07 17:42:44.774 I/NpuProbe( 5843): graph_compute(MUL_MAT 64x64)=0.5ms status=0
10-07 17:42:44.774 I/NpuProbe( 5843): c[0]=128.000000 (esperado 128.0)
10-07 17:42:44.774 I/NpuProbe( 5843): RESULTADO: APP-UID OK: sessao HTP + op executado com resultado correto
10-07 17:42:44.775 I/NpuProbe( 5843): AUTO-GATILHO='smart:puro:htp'
10-07 17:42:44.775 I/NpuProbe( 5843): SMART iniciando rota=puro:htp com /data/local/tmp/hymt2_app.gguf
10-07 17:42:44.775 I/NpuProbe( 5843): SMARTv2 rota='puro:htp' mutante=(none)
10-07 17:42:44.776 I/NpuProbe( 5843): MODO VALIDACAO (espelho teacher-forcing)
10-07 17:42:44.776 I/NpuProbe( 5843): MODO PURO: origem=(nenhuma) | destino=htp (HTP0)
10-07 17:42:46.549 I/NpuProbe( 5843): puro: ok=1 pieces=8 prefill=833.61ms gen=693.88ms pp1=0.32ms
10-07 17:42:46.549 I/NpuProbe( 5843): puro texto: Bom dia, como você está?
10-07 17:42:46.549 I/NpuProbe( 5843): RESULTADO: PURO-EXECUTADO (htp; baseline; SEM juizo de qualidade — usar texto/stop)
10-07 17:42:46.607 I/NpuProbe( 5843): SMART REPORT:
10-07 17:42:46.607 I/NpuProbe( 5843): SMART (puro:htp)
10-07 17:42:46.607 I/NpuProbe( 5843): 
10-07 17:42:46.607 I/NpuProbe( 5843): SMARTv2 rota='puro:htp' mutante=(none)
10-07 17:42:46.607 I/NpuProbe( 5843): MODO VALIDACAO (espelho teacher-forcing)
10-07 17:42:46.607 I/NpuProbe( 5843): MODO PURO: origem=(nenhuma) | destino=htp (HTP0)
10-07 17:42:46.607 I/NpuProbe( 5843): load(destino)=227ms
10-07 17:42:46.607 I/NpuProbe( 5843): puro: ok=1 pieces=8 prefill=833.61ms gen=693.88ms pp1=0.32ms
10-07 17:42:46.607 I/NpuProbe( 5843): puro texto: Bom dia, como você está?
10-07 17:42:46.607 I/NpuProbe( 5843): RESULTADO: PURO-EXECUTADO (htp; baseline; SEM juizo de qualidade — usar texto/stop)
[rec 17:42:09]
[rec 17:42:36]
--------- beginning of main
10-07 17:43:56.834 I/NpuProbe( 6941): nativeLibraryDir=/data/app/~~-AAa5lDaii0dMGTPgPeENA==/br.gov.sp.pcsp.npuprobe-rKDzfVqWrdi-4lPwWdPEAA==/lib/arm64
10-07 17:43:56.834 I/NpuProbe( 6941): libdir=/data/app/~~-AAa5lDaii0dMGTPgPeENA==/br.gov.sp.pcsp.npuprobe-rKDzfVqWrdi-4lPwWdPEAA==/lib/arm64
10-07 17:43:56.834 I/NpuProbe( 6941): build=llama.cpp-upstream-pkg (v11-libs) + probe R4
10-07 17:43:56.834 I/NpuProbe( 6941): controle-sistema (liblog.so)=OK
10-07 17:43:56.834 I/NpuProbe( 6941): negativo-fake (libnaoexiste_xyz.so)=FALHOU err=dlopen failed: library "libnaoexiste_xyz.so" not found
10-07 17:43:56.835 I/NpuProbe( 6941): cdsprpc-nome (libcdsprpc.so)=OK
10-07 17:43:56.835 I/NpuProbe( 6941): cdsprpc-abs (/vendor/lib64/libcdsprpc.so)=OK
10-07 17:43:56.836 I/NpuProbe( 6941): ADSP_LIBRARY_PATH=libdir (setenv)
10-07 17:43:56.837 I/NpuProbe( 6941): [ggml] ggml_vulkan: Found 1 Vulkan devices:
10-07 17:43:56.837 I/NpuProbe( 6941): [ggml] ggml_vulkan: 0 = Adreno (TM) 840 (Qualcomm Technologies Inc. Adreno Vulkan Driver) | uma: 1 | fp16: 1 | bf16: 0 | fp4: 0 | warp size: 64 | shared memory: 32768 | int dot: 0 | matrix cores: none
10-07 17:43:56.842 I/NpuProbe( 6941): [ggml] ggml_opencl: selected platform: 'QUALCOMM Snapdragon(TM)'
10-07 17:43:56.842 I/NpuProbe( 6941): [ggml] 
10-07 17:43:56.842 I/NpuProbe( 6941): ggml_opencl: device: 'QUALCOMM Adreno(TM) 840 (OpenCL 3.0 Adreno(TM) 840)'
10-07 17:43:56.842 I/NpuProbe( 6941): [ggml] ggml_opencl: default device: 'QUALCOMM Adreno(TM) 840 (OpenCL 3.0 Adreno(TM) 840)'
10-07 17:43:56.842 I/NpuProbe( 6941): [ggml] ggml-hex: Loading driver libcdsprpc.so
10-07 17:43:56.843 I/NpuProbe( 6941): [ggml] ggml-hex: Hexagon backend (experimental) : allocating new registry : ndev 1
10-07 17:43:56.843 I/NpuProbe( 6941): [ggml] ggml-hex: Hexagon Arch version v81
10-07 17:43:56.843 I/NpuProbe( 6941): [ggml] ggml-hex: HTP0 allocating new session
10-07 17:43:56.874 I/NpuProbe( 6941): [ggml] ggml-hex: HTP0 hwinfo: threads 8, hvx 8, hmx 1, vtcm 8 MB
10-07 17:43:56.874 I/NpuProbe( 6941): [ggml] ggml-hex: HTP0 new session : session-id 0 domain-id 3 uri file:///libggml-htp-v81.so?htp_iface_skel_handle_invoke&_modver=1.0&_dom=cdsp&_session=0 handle 0xb4000077d53995c0
10-07 17:43:56.877 I/NpuProbe( 6941): [ggml] ggml-hex: HTP0 op batching: n-bufs 16 n-tensors 7168 n-ops 1024 vmem 3355443200
10-07 17:43:56.882 I/NpuProbe( 6941): load_all_from_path=46ms
10-07 17:43:56.882 I/NpuProbe( 6941): [ggml] load_backend: failed to find ggml_backend_init in /data/app/~~-AAa5lDaii0dMGTPgPeENA==/br.gov.sp.pcsp.npuprobe-rKDzfVqWrdi-4lPwWdPEAA==/lib/arm64/libggml-hexagon.so
10-07 17:43:56.882 I/NpuProbe( 6941): load(hexagon direto)=FALHOU em 0ms
10-07 17:43:56.882 I/NpuProbe( 6941): devices=4
10-07 17:43:56.882 I/NpuProbe( 6941):   dev[0] Vulkan0 (Adreno (TM) 840)
10-07 17:43:56.882 I/NpuProbe( 6941):   dev[1] GPUOpenCL (QUALCOMM Adreno(TM) 840)
10-07 17:43:56.882 I/NpuProbe( 6941):   dev[2] HTP0 (Hexagon)
10-07 17:43:56.882 I/NpuProbe( 6941):   dev[3] CPU (CPU)
10-07 17:43:56.882 I/NpuProbe( 6941): dev_init(HTP0)=0ms -> SESSAO ABERTA
10-07 17:43:56.883 I/NpuProbe( 6941): graph_compute(MUL_MAT 64x64)=0.5ms status=0
10-07 17:43:56.883 I/NpuProbe( 6941): c[0]=128.000000 (esperado 128.0)
10-07 17:43:56.883 I/NpuProbe( 6941): RESULTADO: APP-UID OK: sessao HTP + op executado com resultado correto
10-07 17:43:56.883 I/NpuProbe( 6941): REPORT:
10-07 17:43:56.883 I/NpuProbe( 6941): libdir=/data/app/~~-AAa5lDaii0dMGTPgPeENA==/br.gov.sp.pcsp.npuprobe-rKDzfVqWrdi-4lPwWdPEAA==/lib/arm64
10-07 17:43:56.883 I/NpuProbe( 6941): build=llama.cpp-upstream-pkg (v11-libs) + probe R4
10-07 17:43:56.883 I/NpuProbe( 6941): controle-sistema (liblog.so)=OK
10-07 17:43:56.883 I/NpuProbe( 6941): negativo-fake (libnaoexiste_xyz.so)=FALHOU err=dlopen failed: library "libnaoexiste_xyz.so" not found
10-07 17:43:56.883 I/NpuProbe( 6941): cdsprpc-nome (libcdsprpc.so)=OK
10-07 17:43:56.883 I/NpuProbe( 6941): cdsprpc-abs (/vendor/lib64/libcdsprpc.so)=OK
10-07 17:43:56.883 I/NpuProbe( 6941): ADSP_LIBRARY_PATH=libdir (setenv)
10-07 17:43:56.883 I/NpuProbe( 6941): load_all_from_path=46ms
10-07 17:43:56.883 I/NpuProbe( 6941): load(hexagon direto)=FALHOU em 0ms
10-07 17:43:56.883 I/NpuProbe( 6941): devices=4
10-07 17:43:56.883 I/NpuProbe( 6941):   dev[0] Vulkan0 (Adreno (TM) 840)
10-07 17:43:56.883 I/NpuProbe( 6941):   dev[1] GPUOpenCL (QUALCOMM Adreno(TM) 840)
10-07 17:43:56.883 I/NpuProbe( 6941):   dev[2] HTP0 (Hexagon)
10-07 17:43:56.883 I/NpuProbe( 6941):   dev[3] CPU (CPU)
10-07 17:43:56.883 I/NpuProbe( 6941): dev_init(HTP0)=0ms -> SESSAO ABERTA
10-07 17:43:56.883 I/NpuProbe( 6941): graph_compute(MUL_MAT 64x64)=0.5ms status=0
10-07 17:43:56.883 I/NpuProbe( 6941): c[0]=128.000000 (esperado 128.0)
10-07 17:43:56.883 I/NpuProbe( 6941): RESULTADO: APP-UID OK: sessao HTP + op executado com resultado correto
10-07 17:43:56.883 I/NpuProbe( 6941): AUTO-GATILHO='smart:puro:opencl'
10-07 17:43:56.884 I/NpuProbe( 6941): SMART iniciando rota=puro:opencl com /data/local/tmp/hymt2_app.gguf
10-07 17:43:56.884 I/NpuProbe( 6941): SMARTv2 rota='puro:opencl' mutante=(none)
10-07 17:43:56.884 I/NpuProbe( 6941): MODO VALIDACAO (espelho teacher-forcing)
10-07 17:43:56.885 I/NpuProbe( 6941): MODO PURO: origem=(nenhuma) | destino=opencl (GPUOpenCL)
[rec 17:43:03]
--------- beginning of main
10-07 17:43:56.834 I/NpuProbe( 6941): nativeLibraryDir=/data/app/~~-AAa5lDaii0dMGTPgPeENA==/br.gov.sp.pcsp.npuprobe-rKDzfVqWrdi-4lPwWdPEAA==/lib/arm64
10-07 17:43:56.834 I/NpuProbe( 6941): libdir=/data/app/~~-AAa5lDaii0dMGTPgPeENA==/br.gov.sp.pcsp.npuprobe-rKDzfVqWrdi-4lPwWdPEAA==/lib/arm64
10-07 17:43:56.834 I/NpuProbe( 6941): build=llama.cpp-upstream-pkg (v11-libs) + probe R4
10-07 17:43:56.834 I/NpuProbe( 6941): controle-sistema (liblog.so)=OK
10-07 17:43:56.834 I/NpuProbe( 6941): negativo-fake (libnaoexiste_xyz.so)=FALHOU err=dlopen failed: library "libnaoexiste_xyz.so" not found
10-07 17:43:56.835 I/NpuProbe( 6941): cdsprpc-nome (libcdsprpc.so)=OK
10-07 17:43:56.835 I/NpuProbe( 6941): cdsprpc-abs (/vendor/lib64/libcdsprpc.so)=OK
10-07 17:43:56.836 I/NpuProbe( 6941): ADSP_LIBRARY_PATH=libdir (setenv)
10-07 17:43:56.837 I/NpuProbe( 6941): [ggml] ggml_vulkan: Found 1 Vulkan devices:
10-07 17:43:56.837 I/NpuProbe( 6941): [ggml] ggml_vulkan: 0 = Adreno (TM) 840 (Qualcomm Technologies Inc. Adreno Vulkan Driver) | uma: 1 | fp16: 1 | bf16: 0 | fp4: 0 | warp size: 64 | shared memory: 32768 | int dot: 0 | matrix cores: none
10-07 17:43:56.842 I/NpuProbe( 6941): [ggml] ggml_opencl: selected platform: 'QUALCOMM Snapdragon(TM)'
10-07 17:43:56.842 I/NpuProbe( 6941): [ggml] 
10-07 17:43:56.842 I/NpuProbe( 6941): ggml_opencl: device: 'QUALCOMM Adreno(TM) 840 (OpenCL 3.0 Adreno(TM) 840)'
10-07 17:43:56.842 I/NpuProbe( 6941): [ggml] ggml_opencl: default device: 'QUALCOMM Adreno(TM) 840 (OpenCL 3.0 Adreno(TM) 840)'
10-07 17:43:56.842 I/NpuProbe( 6941): [ggml] ggml-hex: Loading driver libcdsprpc.so
10-07 17:43:56.843 I/NpuProbe( 6941): [ggml] ggml-hex: Hexagon backend (experimental) : allocating new registry : ndev 1
10-07 17:43:56.843 I/NpuProbe( 6941): [ggml] ggml-hex: Hexagon Arch version v81
10-07 17:43:56.843 I/NpuProbe( 6941): [ggml] ggml-hex: HTP0 allocating new session
10-07 17:43:56.874 I/NpuProbe( 6941): [ggml] ggml-hex: HTP0 hwinfo: threads 8, hvx 8, hmx 1, vtcm 8 MB
10-07 17:43:56.874 I/NpuProbe( 6941): [ggml] ggml-hex: HTP0 new session : session-id 0 domain-id 3 uri file:///libggml-htp-v81.so?htp_iface_skel_handle_invoke&_modver=1.0&_dom=cdsp&_session=0 handle 0xb4000077d53995c0
10-07 17:43:56.877 I/NpuProbe( 6941): [ggml] ggml-hex: HTP0 op batching: n-bufs 16 n-tensors 7168 n-ops 1024 vmem 3355443200
10-07 17:43:56.882 I/NpuProbe( 6941): load_all_from_path=46ms
10-07 17:43:56.882 I/NpuProbe( 6941): [ggml] load_backend: failed to find ggml_backend_init in /data/app/~~-AAa5lDaii0dMGTPgPeENA==/br.gov.sp.pcsp.npuprobe-rKDzfVqWrdi-4lPwWdPEAA==/lib/arm64/libggml-hexagon.so
10-07 17:43:56.882 I/NpuProbe( 6941): load(hexagon direto)=FALHOU em 0ms
10-07 17:43:56.882 I/NpuProbe( 6941): devices=4
10-07 17:43:56.882 I/NpuProbe( 6941):   dev[0] Vulkan0 (Adreno (TM) 840)
10-07 17:43:56.882 I/NpuProbe( 6941):   dev[1] GPUOpenCL (QUALCOMM Adreno(TM) 840)
10-07 17:43:56.882 I/NpuProbe( 6941):   dev[2] HTP0 (Hexagon)
10-07 17:43:56.882 I/NpuProbe( 6941):   dev[3] CPU (CPU)
10-07 17:43:56.882 I/NpuProbe( 6941): dev_init(HTP0)=0ms -> SESSAO ABERTA
10-07 17:43:56.883 I/NpuProbe( 6941): graph_compute(MUL_MAT 64x64)=0.5ms status=0
10-07 17:43:56.883 I/NpuProbe( 6941): c[0]=128.000000 (esperado 128.0)
10-07 17:43:56.883 I/NpuProbe( 6941): RESULTADO: APP-UID OK: sessao HTP + op executado com resultado correto
10-07 17:43:56.883 I/NpuProbe( 6941): REPORT:
10-07 17:43:56.883 I/NpuProbe( 6941): libdir=/data/app/~~-AAa5lDaii0dMGTPgPeENA==/br.gov.sp.pcsp.npuprobe-rKDzfVqWrdi-4lPwWdPEAA==/lib/arm64
10-07 17:43:56.883 I/NpuProbe( 6941): build=llama.cpp-upstream-pkg (v11-libs) + probe R4
10-07 17:43:56.883 I/NpuProbe( 6941): controle-sistema (liblog.so)=OK
10-07 17:43:56.883 I/NpuProbe( 6941): negativo-fake (libnaoexiste_xyz.so)=FALHOU err=dlopen failed: library "libnaoexiste_xyz.so" not found
10-07 17:43:56.883 I/NpuProbe( 6941): cdsprpc-nome (libcdsprpc.so)=OK
10-07 17:43:56.883 I/NpuProbe( 6941): cdsprpc-abs (/vendor/lib64/libcdsprpc.so)=OK
10-07 17:43:56.883 I/NpuProbe( 6941): ADSP_LIBRARY_PATH=libdir (setenv)
10-07 17:43:56.883 I/NpuProbe( 6941): load_all_from_path=46ms
10-07 17:43:56.883 I/NpuProbe( 6941): load(hexagon direto)=FALHOU em 0ms
10-07 17:43:56.883 I/NpuProbe( 6941): devices=4
10-07 17:43:56.883 I/NpuProbe( 6941):   dev[0] Vulkan0 (Adreno (TM) 840)
10-07 17:43:56.883 I/NpuProbe( 6941):   dev[1] GPUOpenCL (QUALCOMM Adreno(TM) 840)
10-07 17:43:56.883 I/NpuProbe( 6941):   dev[2] HTP0 (Hexagon)
10-07 17:43:56.883 I/NpuProbe( 6941):   dev[3] CPU (CPU)
10-07 17:43:56.883 I/NpuProbe( 6941): dev_init(HTP0)=0ms -> SESSAO ABERTA
10-07 17:43:56.883 I/NpuProbe( 6941): graph_compute(MUL_MAT 64x64)=0.5ms status=0
10-07 17:43:56.883 I/NpuProbe( 6941): c[0]=128.000000 (esperado 128.0)
10-07 17:43:56.883 I/NpuProbe( 6941): RESULTADO: APP-UID OK: sessao HTP + op executado com resultado correto
10-07 17:43:56.883 I/NpuProbe( 6941): AUTO-GATILHO='smart:puro:opencl'
10-07 17:43:56.884 I/NpuProbe( 6941): SMART iniciando rota=puro:opencl com /data/local/tmp/hymt2_app.gguf
10-07 17:43:56.884 I/NpuProbe( 6941): SMARTv2 rota='puro:opencl' mutante=(none)
10-07 17:43:56.884 I/NpuProbe( 6941): MODO VALIDACAO (espelho teacher-forcing)
10-07 17:43:56.885 I/NpuProbe( 6941): MODO PURO: origem=(nenhuma) | destino=opencl (GPUOpenCL)
10-07 17:44:00.372 I/NpuProbe( 6941): load(destino)=3487ms
10-07 17:44:00.372 I/NpuProbe( 6941): [ggml] ggml_opencl: OpenCL driver: OpenCL 3.0 QUALCOMM build: 0842.41 Compiler E031.50.19.27
10-07 17:44:00.372 I/NpuProbe( 6941): [ggml] ggml_opencl: vector subgroup broadcast support: true
10-07 17:44:00.372 I/NpuProbe( 6941): [ggml] ggml_opencl: subgroup shuffle support: true
10-07 17:44:00.372 I/NpuProbe( 6941): [ggml] ggml_opencl: device FP16 support: true
10-07 17:44:00.372 I/NpuProbe( 6941): [ggml] ggml_opencl: khr dot product support: true
10-07 17:44:00.372 I/NpuProbe( 6941): [ggml] ggml_opencl: mem base addr align: 128
10-07 17:44:00.372 I/NpuProbe( 6941): [ggml] ggml_opencl: global mem size: 7555 MB
10-07 17:44:00.372 I/NpuProbe( 6941): [ggml] ggml_opencl: max mem alloc size: 2048 MB
10-07 17:44:00.372 I/NpuProbe( 6941): [ggml] ggml_opencl: device max image buffer size (pixels): 2147483648
10-07 17:44:00.372 I/NpuProbe( 6941): [ggml] ggml_opencl: device max image2d size: 16384 x 16384
10-07 17:44:00.372 I/NpuProbe( 6941): [ggml] ggml_opencl: device max workgroup size: 1024
10-07 17:44:00.372 I/NpuProbe( 6941): [ggml] ggml_opencl: SVM coarse grain buffer support: true
10-07 17:44:00.372 I/NpuProbe( 6941): [ggml] ggml_opencl: SVM fine grain buffer support: true
10-07 17:44:00.372 I/NpuProbe( 6941): [ggml] ggml_opencl: SVM fine grain system support: false
10-07 17:44:00.372 I/NpuProbe( 6941): [ggml] ggml_opencl: SVM atomics support: true
10-07 17:44:00.372 I/NpuProbe( 6941): [ggml] ggml_opencl: cl_qcom_subgroup_shuffle support: true
10-07 17:44:00.372 I/NpuProbe( 6941): [ggml] ggml_opencl: flattening quantized weights representation as struct of arrays (GGML_OPENCL_SOA_Q)
10-07 17:44:00.372 I/NpuProbe( 6941): [ggml] ggml_opencl: using kernels optimized for Adreno (GGML_OPENCL_USE_ADRENO_KERNELS)
10-07 17:44:00.436 I/NpuProbe( 6941): [ggml] ggml_opencl: lazy-compiling flash_attn prepass for DK=128 DV=128
10-07 17:44:00.436 I/NpuProbe( 6941): [ggml] ggml_opencl: compiling fa prepass f16
10-07 17:44:00.513 I/NpuProbe( 6941): [ggml] ggml_opencl: compiling fa f32_f16
10-07 17:44:01.730 I/NpuProbe( 6941): [ggml] ggml_opencl: flash_attn_f32_f16_q1_vec_mq_split_c8 DK=128 DV=128 per-kernel max 128 < required 256; skipping registration (will fall back)
10-07 17:44:01.730 I/NpuProbe( 6941): [ggml] ggml_opencl: compiling fa f32_f16 MQ_GQA=8
10-07 17:44:02.384 I/NpuProbe( 6941): [ggml] ggml_opencl: flash_attn_f32_f16_q1_vec_mq_split_c8 (g8) DK=128 DV=128 per-kernel max 128 < required 192; skipping registration (will fall back)
10-07 17:44:02.384 I/NpuProbe( 6941): [ggml] ggml_opencl: compiling fa f32_f16 c8 NSG2
10-07 17:44:02.824 I/NpuProbe( 6941): [ggml] ggml_opencl: compiling fa f32_f16 c8 g8 NSG2
10-07 17:44:03.485 I/NpuProbe( 6941): [ggml] ggml_opencl: compiling fa f32_f16 split
10-07 17:44:04.858 I/NpuProbe( 6941): puro: ok=1 pieces=8 prefill=4184.26ms gen=241.03ms pp1=0.62ms
10-07 17:44:04.858 I/NpuProbe( 6941): puro texto: Bom dia, como você está?
10-07 17:44:04.858 I/NpuProbe( 6941): RESULTADO: PURO-EXECUTADO (opencl; baseline; SEM juizo de qualidade — usar texto/stop)
10-07 17:44:05.070 I/NpuProbe( 6941): SMART REPORT:
10-07 17:44:05.070 I/NpuProbe( 6941): SMART (puro:opencl)
10-07 17:44:05.070 I/NpuProbe( 6941): 
10-07 17:44:05.070 I/NpuProbe( 6941): SMARTv2 rota='puro:opencl' mutante=(none)
10-07 17:44:05.070 I/NpuProbe( 6941): MODO VALIDACAO (espelho teacher-forcing)
10-07 17:44:05.070 I/NpuProbe( 6941): MODO PURO: origem=(nenhuma) | destino=opencl (GPUOpenCL)
10-07 17:44:05.070 I/NpuProbe( 6941): load(destino)=3487ms
10-07 17:44:05.070 I/NpuProbe( 6941): puro: ok=1 pieces=8 prefill=4184.26ms gen=241.03ms pp1=0.62ms
10-07 17:44:05.070 I/NpuProbe( 6941): puro texto: Bom dia, como você está?
10-07 17:44:05.070 I/NpuProbe( 6941): RESULTADO: PURO-EXECUTADO (opencl; baseline; SEM juizo de qualidade — usar texto/stop)
[rec 17:43:30]
[rec 17:43:57]
--------- beginning of main
10-07 17:44:57.698 I/NpuProbe(13504): nativeLibraryDir=/data/app/~~-AAa5lDaii0dMGTPgPeENA==/br.gov.sp.pcsp.npuprobe-rKDzfVqWrdi-4lPwWdPEAA==/lib/arm64
10-07 17:44:57.699 I/NpuProbe(13504): libdir=/data/app/~~-AAa5lDaii0dMGTPgPeENA==/br.gov.sp.pcsp.npuprobe-rKDzfVqWrdi-4lPwWdPEAA==/lib/arm64
10-07 17:44:57.699 I/NpuProbe(13504): build=llama.cpp-upstream-pkg (v11-libs) + probe R4
10-07 17:44:57.699 I/NpuProbe(13504): controle-sistema (liblog.so)=OK
10-07 17:44:57.699 I/NpuProbe(13504): negativo-fake (libnaoexiste_xyz.so)=FALHOU err=dlopen failed: library "libnaoexiste_xyz.so" not found
10-07 17:44:57.700 I/NpuProbe(13504): cdsprpc-nome (libcdsprpc.so)=OK
10-07 17:44:57.701 I/NpuProbe(13504): cdsprpc-abs (/vendor/lib64/libcdsprpc.so)=OK
10-07 17:44:57.701 I/NpuProbe(13504): ADSP_LIBRARY_PATH=libdir (setenv)
10-07 17:44:57.702 I/NpuProbe(13504): [ggml] ggml_vulkan: Found 1 Vulkan devices:
10-07 17:44:57.702 I/NpuProbe(13504): [ggml] ggml_vulkan: 0 = Adreno (TM) 840 (Qualcomm Technologies Inc. Adreno Vulkan Driver) | uma: 1 | fp16: 1 | bf16: 0 | fp4: 0 | warp size: 64 | shared memory: 32768 | int dot: 0 | matrix cores: none
10-07 17:44:57.709 I/NpuProbe(13504): [ggml] ggml_opencl: selected platform: 'QUALCOMM Snapdragon(TM)'
10-07 17:44:57.710 I/NpuProbe(13504): [ggml] 
10-07 17:44:57.710 I/NpuProbe(13504): ggml_opencl: device: 'QUALCOMM Adreno(TM) 840 (OpenCL 3.0 Adreno(TM) 840)'
10-07 17:44:57.710 I/NpuProbe(13504): [ggml] ggml_opencl: default device: 'QUALCOMM Adreno(TM) 840 (OpenCL 3.0 Adreno(TM) 840)'
10-07 17:44:57.710 I/NpuProbe(13504): [ggml] ggml-hex: Loading driver libcdsprpc.so
10-07 17:44:57.711 I/NpuProbe(13504): [ggml] ggml-hex: Hexagon backend (experimental) : allocating new registry : ndev 1
10-07 17:44:57.711 I/NpuProbe(13504): [ggml] ggml-hex: Hexagon Arch version v81
10-07 17:44:57.711 I/NpuProbe(13504): [ggml] ggml-hex: HTP0 allocating new session
10-07 17:44:57.742 I/NpuProbe(13504): [ggml] ggml-hex: HTP0 hwinfo: threads 8, hvx 8, hmx 1, vtcm 8 MB
10-07 17:44:57.742 I/NpuProbe(13504): [ggml] ggml-hex: HTP0 new session : session-id 0 domain-id 3 uri file:///libggml-htp-v81.so?htp_iface_skel_handle_invoke&_modver=1.0&_dom=cdsp&_session=0 handle 0xb4000077c5f9ef00
10-07 17:44:57.746 I/NpuProbe(13504): [ggml] ggml-hex: HTP0 op batching: n-bufs 16 n-tensors 7168 n-ops 1024 vmem 3355443200
10-07 17:44:57.751 I/NpuProbe(13504): load_all_from_path=50ms
10-07 17:44:57.751 I/NpuProbe(13504): [ggml] load_backend: failed to find ggml_backend_init in /data/app/~~-AAa5lDaii0dMGTPgPeENA==/br.gov.sp.pcsp.npuprobe-rKDzfVqWrdi-4lPwWdPEAA==/lib/arm64/libggml-hexagon.so
10-07 17:44:57.751 I/NpuProbe(13504): load(hexagon direto)=FALHOU em 0ms
10-07 17:44:57.751 I/NpuProbe(13504): devices=4
10-07 17:44:57.751 I/NpuProbe(13504):   dev[0] Vulkan0 (Adreno (TM) 840)
10-07 17:44:57.751 I/NpuProbe(13504):   dev[1] GPUOpenCL (QUALCOMM Adreno(TM) 840)
10-07 17:44:57.751 I/NpuProbe(13504):   dev[2] HTP0 (Hexagon)
10-07 17:44:57.751 I/NpuProbe(13504):   dev[3] CPU (CPU)
10-07 17:44:57.751 I/NpuProbe(13504): dev_init(HTP0)=0ms -> SESSAO ABERTA
10-07 17:44:57.752 I/NpuProbe(13504): graph_compute(MUL_MAT 64x64)=0.5ms status=0
10-07 17:44:57.752 I/NpuProbe(13504): c[0]=128.000000 (esperado 128.0)
10-07 17:44:57.752 I/NpuProbe(13504): RESULTADO: APP-UID OK: sessao HTP + op executado com resultado correto
10-07 17:44:57.752 I/NpuProbe(13504): REPORT:
10-07 17:44:57.752 I/NpuProbe(13504): libdir=/data/app/~~-AAa5lDaii0dMGTPgPeENA==/br.gov.sp.pcsp.npuprobe-rKDzfVqWrdi-4lPwWdPEAA==/lib/arm64
10-07 17:44:57.752 I/NpuProbe(13504): build=llama.cpp-upstream-pkg (v11-libs) + probe R4
10-07 17:44:57.752 I/NpuProbe(13504): controle-sistema (liblog.so)=OK
10-07 17:44:57.752 I/NpuProbe(13504): negativo-fake (libnaoexiste_xyz.so)=FALHOU err=dlopen failed: library "libnaoexiste_xyz.so" not found
10-07 17:44:57.752 I/NpuProbe(13504): cdsprpc-nome (libcdsprpc.so)=OK
10-07 17:44:57.752 I/NpuProbe(13504): cdsprpc-abs (/vendor/lib64/libcdsprpc.so)=OK
10-07 17:44:57.752 I/NpuProbe(13504): ADSP_LIBRARY_PATH=libdir (setenv)
10-07 17:44:57.752 I/NpuProbe(13504): load_all_from_path=50ms
10-07 17:44:57.752 I/NpuProbe(13504): load(hexagon direto)=FALHOU em 0ms
10-07 17:44:57.752 I/NpuProbe(13504): devices=4
10-07 17:44:57.752 I/NpuProbe(13504):   dev[0] Vulkan0 (Adreno (TM) 840)
10-07 17:44:57.752 I/NpuProbe(13504):   dev[1] GPUOpenCL (QUALCOMM Adreno(TM) 840)
10-07 17:44:57.752 I/NpuProbe(13504):   dev[2] HTP0 (Hexagon)
10-07 17:44:57.752 I/NpuProbe(13504):   dev[3] CPU (CPU)
10-07 17:44:57.752 I/NpuProbe(13504): dev_init(HTP0)=0ms -> SESSAO ABERTA
10-07 17:44:57.752 I/NpuProbe(13504): graph_compute(MUL_MAT 64x64)=0.5ms status=0
10-07 17:44:57.752 I/NpuProbe(13504): c[0]=128.000000 (esperado 128.0)
10-07 17:44:57.752 I/NpuProbe(13504): RESULTADO: APP-UID OK: sessao HTP + op executado com resultado correto
10-07 17:44:57.753 I/NpuProbe(13504): AUTO-GATILHO='smart:puro:vulkan'
10-07 17:44:57.753 I/NpuProbe(13504): SMART iniciando rota=puro:vulkan com /data/local/tmp/hymt2_app.gguf
10-07 17:44:57.753 I/NpuProbe(13504): SMARTv2 rota='puro:vulkan' mutante=(none)
10-07 17:44:57.754 I/NpuProbe(13504): MODO VALIDACAO (espelho teacher-forcing)
10-07 17:44:57.754 I/NpuProbe(13504): MODO PURO: origem=(nenhuma) | destino=vulkan (Vulkan0)
10-07 17:45:00.085 I/NpuProbe(13504): puro: ok=1 pieces=8 prefill=637.73ms gen=1063.64ms pp1=549.53ms
10-07 17:45:00.085 I/NpuProbe(13504): puro texto: Bom dia, como você está?
10-07 17:45:00.085 I/NpuProbe(13504): RESULTADO: PURO-EXECUTADO (vulkan; baseline; SEM juizo de qualidade — usar texto/stop)
10-07 17:45:00.162 I/NpuProbe(13504): SMART REPORT:
10-07 17:45:00.162 I/NpuProbe(13504): SMART (puro:vulkan)
10-07 17:45:00.162 I/NpuProbe(13504): 
10-07 17:45:00.162 I/NpuProbe(13504): SMARTv2 rota='puro:vulkan' mutante=(none)
10-07 17:45:00.162 I/NpuProbe(13504): MODO VALIDACAO (espelho teacher-forcing)
10-07 17:45:00.162 I/NpuProbe(13504): MODO PURO: origem=(nenhuma) | destino=vulkan (Vulkan0)
10-07 17:45:00.162 I/NpuProbe(13504): load(destino)=578ms
10-07 17:45:00.162 I/NpuProbe(13504): puro: ok=1 pieces=8 prefill=637.73ms gen=1063.64ms pp1=549.53ms
10-07 17:45:00.162 I/NpuProbe(13504): puro texto: Bom dia, como você está?
10-07 17:45:00.162 I/NpuProbe(13504): RESULTADO: PURO-EXECUTADO (vulkan; baseline; SEM juizo de qualidade — usar texto/stop)
[rec 17:44:24]
--------- beginning of main
10-07 17:44:57.698 I/NpuProbe(13504): nativeLibraryDir=/data/app/~~-AAa5lDaii0dMGTPgPeENA==/br.gov.sp.pcsp.npuprobe-rKDzfVqWrdi-4lPwWdPEAA==/lib/arm64
10-07 17:44:57.699 I/NpuProbe(13504): libdir=/data/app/~~-AAa5lDaii0dMGTPgPeENA==/br.gov.sp.pcsp.npuprobe-rKDzfVqWrdi-4lPwWdPEAA==/lib/arm64
10-07 17:44:57.699 I/NpuProbe(13504): build=llama.cpp-upstream-pkg (v11-libs) + probe R4
10-07 17:44:57.699 I/NpuProbe(13504): controle-sistema (liblog.so)=OK
10-07 17:44:57.699 I/NpuProbe(13504): negativo-fake (libnaoexiste_xyz.so)=FALHOU err=dlopen failed: library "libnaoexiste_xyz.so" not found
10-07 17:44:57.700 I/NpuProbe(13504): cdsprpc-nome (libcdsprpc.so)=OK
10-07 17:44:57.701 I/NpuProbe(13504): cdsprpc-abs (/vendor/lib64/libcdsprpc.so)=OK
10-07 17:44:57.701 I/NpuProbe(13504): ADSP_LIBRARY_PATH=libdir (setenv)
10-07 17:44:57.702 I/NpuProbe(13504): [ggml] ggml_vulkan: Found 1 Vulkan devices:
10-07 17:44:57.702 I/NpuProbe(13504): [ggml] ggml_vulkan: 0 = Adreno (TM) 840 (Qualcomm Technologies Inc. Adreno Vulkan Driver) | uma: 1 | fp16: 1 | bf16: 0 | fp4: 0 | warp size: 64 | shared memory: 32768 | int dot: 0 | matrix cores: none
10-07 17:44:57.709 I/NpuProbe(13504): [ggml] ggml_opencl: selected platform: 'QUALCOMM Snapdragon(TM)'
10-07 17:44:57.710 I/NpuProbe(13504): [ggml] 
10-07 17:44:57.710 I/NpuProbe(13504): ggml_opencl: device: 'QUALCOMM Adreno(TM) 840 (OpenCL 3.0 Adreno(TM) 840)'
10-07 17:44:57.710 I/NpuProbe(13504): [ggml] ggml_opencl: default device: 'QUALCOMM Adreno(TM) 840 (OpenCL 3.0 Adreno(TM) 840)'
10-07 17:44:57.710 I/NpuProbe(13504): [ggml] ggml-hex: Loading driver libcdsprpc.so
10-07 17:44:57.711 I/NpuProbe(13504): [ggml] ggml-hex: Hexagon backend (experimental) : allocating new registry : ndev 1
10-07 17:44:57.711 I/NpuProbe(13504): [ggml] ggml-hex: Hexagon Arch version v81
10-07 17:44:57.711 I/NpuProbe(13504): [ggml] ggml-hex: HTP0 allocating new session
10-07 17:44:57.742 I/NpuProbe(13504): [ggml] ggml-hex: HTP0 hwinfo: threads 8, hvx 8, hmx 1, vtcm 8 MB
10-07 17:44:57.742 I/NpuProbe(13504): [ggml] ggml-hex: HTP0 new session : session-id 0 domain-id 3 uri file:///libggml-htp-v81.so?htp_iface_skel_handle_invoke&_modver=1.0&_dom=cdsp&_session=0 handle 0xb4000077c5f9ef00
10-07 17:44:57.746 I/NpuProbe(13504): [ggml] ggml-hex: HTP0 op batching: n-bufs 16 n-tensors 7168 n-ops 1024 vmem 3355443200
10-07 17:44:57.751 I/NpuProbe(13504): load_all_from_path=50ms
10-07 17:44:57.751 I/NpuProbe(13504): [ggml] load_backend: failed to find ggml_backend_init in /data/app/~~-AAa5lDaii0dMGTPgPeENA==/br.gov.sp.pcsp.npuprobe-rKDzfVqWrdi-4lPwWdPEAA==/lib/arm64/libggml-hexagon.so
10-07 17:44:57.751 I/NpuProbe(13504): load(hexagon direto)=FALHOU em 0ms
10-07 17:44:57.751 I/NpuProbe(13504): devices=4
10-07 17:44:57.751 I/NpuProbe(13504):   dev[0] Vulkan0 (Adreno (TM) 840)
10-07 17:44:57.751 I/NpuProbe(13504):   dev[1] GPUOpenCL (QUALCOMM Adreno(TM) 840)
10-07 17:44:57.751 I/NpuProbe(13504):   dev[2] HTP0 (Hexagon)
10-07 17:44:57.751 I/NpuProbe(13504):   dev[3] CPU (CPU)
10-07 17:44:57.751 I/NpuProbe(13504): dev_init(HTP0)=0ms -> SESSAO ABERTA
10-07 17:44:57.752 I/NpuProbe(13504): graph_compute(MUL_MAT 64x64)=0.5ms status=0
10-07 17:44:57.752 I/NpuProbe(13504): c[0]=128.000000 (esperado 128.0)
10-07 17:44:57.752 I/NpuProbe(13504): RESULTADO: APP-UID OK: sessao HTP + op executado com resultado correto
10-07 17:44:57.752 I/NpuProbe(13504): REPORT:
10-07 17:44:57.752 I/NpuProbe(13504): libdir=/data/app/~~-AAa5lDaii0dMGTPgPeENA==/br.gov.sp.pcsp.npuprobe-rKDzfVqWrdi-4lPwWdPEAA==/lib/arm64
10-07 17:44:57.752 I/NpuProbe(13504): build=llama.cpp-upstream-pkg (v11-libs) + probe R4
10-07 17:44:57.752 I/NpuProbe(13504): controle-sistema (liblog.so)=OK
10-07 17:44:57.752 I/NpuProbe(13504): negativo-fake (libnaoexiste_xyz.so)=FALHOU err=dlopen failed: library "libnaoexiste_xyz.so" not found
10-07 17:44:57.752 I/NpuProbe(13504): cdsprpc-nome (libcdsprpc.so)=OK
10-07 17:44:57.752 I/NpuProbe(13504): cdsprpc-abs (/vendor/lib64/libcdsprpc.so)=OK
10-07 17:44:57.752 I/NpuProbe(13504): ADSP_LIBRARY_PATH=libdir (setenv)
10-07 17:44:57.752 I/NpuProbe(13504): load_all_from_path=50ms
10-07 17:44:57.752 I/NpuProbe(13504): load(hexagon direto)=FALHOU em 0ms
10-07 17:44:57.752 I/NpuProbe(13504): devices=4
10-07 17:44:57.752 I/NpuProbe(13504):   dev[0] Vulkan0 (Adreno (TM) 840)
10-07 17:44:57.752 I/NpuProbe(13504):   dev[1] GPUOpenCL (QUALCOMM Adreno(TM) 840)
10-07 17:44:57.752 I/NpuProbe(13504):   dev[2] HTP0 (Hexagon)
10-07 17:44:57.752 I/NpuProbe(13504):   dev[3] CPU (CPU)
10-07 17:44:57.752 I/NpuProbe(13504): dev_init(HTP0)=0ms -> SESSAO ABERTA
10-07 17:44:57.752 I/NpuProbe(13504): graph_compute(MUL_MAT 64x64)=0.5ms status=0
10-07 17:44:57.752 I/NpuProbe(13504): c[0]=128.000000 (esperado 128.0)
10-07 17:44:57.752 I/NpuProbe(13504): RESULTADO: APP-UID OK: sessao HTP + op executado com resultado correto
10-07 17:44:57.753 I/NpuProbe(13504): AUTO-GATILHO='smart:puro:vulkan'
10-07 17:44:57.753 I/NpuProbe(13504): SMART iniciando rota=puro:vulkan com /data/local/tmp/hymt2_app.gguf
10-07 17:44:57.753 I/NpuProbe(13504): SMARTv2 rota='puro:vulkan' mutante=(none)
10-07 17:44:57.754 I/NpuProbe(13504): MODO VALIDACAO (espelho teacher-forcing)
10-07 17:44:57.754 I/NpuProbe(13504): MODO PURO: origem=(nenhuma) | destino=vulkan (Vulkan0)
10-07 17:45:00.085 I/NpuProbe(13504): puro: ok=1 pieces=8 prefill=637.73ms gen=1063.64ms pp1=549.53ms
10-07 17:45:00.085 I/NpuProbe(13504): puro texto: Bom dia, como você está?
10-07 17:45:00.085 I/NpuProbe(13504): RESULTADO: PURO-EXECUTADO (vulkan; baseline; SEM juizo de qualidade — usar texto/stop)
10-07 17:45:00.162 I/NpuProbe(13504): SMART REPORT:
10-07 17:45:00.162 I/NpuProbe(13504): SMART (puro:vulkan)
10-07 17:45:00.162 I/NpuProbe(13504): 
10-07 17:45:00.162 I/NpuProbe(13504): SMARTv2 rota='puro:vulkan' mutante=(none)
10-07 17:45:00.162 I/NpuProbe(13504): MODO VALIDACAO (espelho teacher-forcing)
10-07 17:45:00.162 I/NpuProbe(13504): MODO PURO: origem=(nenhuma) | destino=vulkan (Vulkan0)
10-07 17:45:00.162 I/NpuProbe(13504): load(destino)=578ms
10-07 17:45:00.162 I/NpuProbe(13504): puro: ok=1 pieces=8 prefill=637.73ms gen=1063.64ms pp1=549.53ms
10-07 17:45:00.162 I/NpuProbe(13504): puro texto: Bom dia, como você está?
10-07 17:45:00.162 I/NpuProbe(13504): RESULTADO: PURO-EXECUTADO (vulkan; baseline; SEM juizo de qualidade — usar texto/stop)
[rec 17:44:52]
--------- beginning of main
10-07 17:45:57.810 I/NpuProbe(14787): nativeLibraryDir=/data/app/~~-AAa5lDaii0dMGTPgPeENA==/br.gov.sp.pcsp.npuprobe-rKDzfVqWrdi-4lPwWdPEAA==/lib/arm64
10-07 17:45:57.810 I/NpuProbe(14787): libdir=/data/app/~~-AAa5lDaii0dMGTPgPeENA==/br.gov.sp.pcsp.npuprobe-rKDzfVqWrdi-4lPwWdPEAA==/lib/arm64
10-07 17:45:57.810 I/NpuProbe(14787): build=llama.cpp-upstream-pkg (v11-libs) + probe R4
10-07 17:45:57.810 I/NpuProbe(14787): controle-sistema (liblog.so)=OK
10-07 17:45:57.810 I/NpuProbe(14787): negativo-fake (libnaoexiste_xyz.so)=FALHOU err=dlopen failed: library "libnaoexiste_xyz.so" not found
10-07 17:45:57.811 I/NpuProbe(14787): cdsprpc-nome (libcdsprpc.so)=OK
10-07 17:45:57.811 I/NpuProbe(14787): cdsprpc-abs (/vendor/lib64/libcdsprpc.so)=OK
10-07 17:45:57.812 I/NpuProbe(14787): ADSP_LIBRARY_PATH=libdir (setenv)
10-07 17:45:57.813 I/NpuProbe(14787): [ggml] ggml_vulkan: Found 1 Vulkan devices:
10-07 17:45:57.813 I/NpuProbe(14787): [ggml] ggml_vulkan: 0 = Adreno (TM) 840 (Qualcomm Technologies Inc. Adreno Vulkan Driver) | uma: 1 | fp16: 1 | bf16: 0 | fp4: 0 | warp size: 64 | shared memory: 32768 | int dot: 0 | matrix cores: none
10-07 17:45:57.818 I/NpuProbe(14787): [ggml] ggml_opencl: selected platform: 'QUALCOMM Snapdragon(TM)'
10-07 17:45:57.819 I/NpuProbe(14787): [ggml] 
10-07 17:45:57.819 I/NpuProbe(14787): ggml_opencl: device: 'QUALCOMM Adreno(TM) 840 (OpenCL 3.0 Adreno(TM) 840)'
10-07 17:45:57.819 I/NpuProbe(14787): [ggml] ggml_opencl: default device: 'QUALCOMM Adreno(TM) 840 (OpenCL 3.0 Adreno(TM) 840)'
10-07 17:45:57.819 I/NpuProbe(14787): [ggml] ggml-hex: Loading driver libcdsprpc.so
10-07 17:45:57.820 I/NpuProbe(14787): [ggml] ggml-hex: Hexagon backend (experimental) : allocating new registry : ndev 1
10-07 17:45:57.820 I/NpuProbe(14787): [ggml] ggml-hex: Hexagon Arch version v81
10-07 17:45:57.820 I/NpuProbe(14787): [ggml] ggml-hex: HTP0 allocating new session
10-07 17:45:57.851 I/NpuProbe(14787): [ggml] ggml-hex: HTP0 hwinfo: threads 8, hvx 8, hmx 1, vtcm 8 MB
10-07 17:45:57.851 I/NpuProbe(14787): [ggml] ggml-hex: HTP0 new session : session-id 0 domain-id 3 uri file:///libggml-htp-v81.so?htp_iface_skel_handle_invoke&_modver=1.0&_dom=cdsp&_session=0 handle 0xb4000077c5fb0a80
10-07 17:45:57.854 I/NpuProbe(14787): [ggml] ggml-hex: HTP0 op batching: n-bufs 16 n-tensors 7168 n-ops 1024 vmem 3355443200
10-07 17:45:57.859 I/NpuProbe(14787): load_all_from_path=47ms
10-07 17:45:57.859 I/NpuProbe(14787): [ggml] load_backend: failed to find ggml_backend_init in /data/app/~~-AAa5lDaii0dMGTPgPeENA==/br.gov.sp.pcsp.npuprobe-rKDzfVqWrdi-4lPwWdPEAA==/lib/arm64/libggml-hexagon.so
10-07 17:45:57.859 I/NpuProbe(14787): load(hexagon direto)=FALHOU em 0ms
10-07 17:45:57.859 I/NpuProbe(14787): devices=4
10-07 17:45:57.859 I/NpuProbe(14787):   dev[0] Vulkan0 (Adreno (TM) 840)
10-07 17:45:57.859 I/NpuProbe(14787):   dev[1] GPUOpenCL (QUALCOMM Adreno(TM) 840)
10-07 17:45:57.859 I/NpuProbe(14787):   dev[2] HTP0 (Hexagon)
10-07 17:45:57.859 I/NpuProbe(14787):   dev[3] CPU (CPU)
10-07 17:45:57.859 I/NpuProbe(14787): dev_init(HTP0)=0ms -> SESSAO ABERTA
10-07 17:45:57.860 I/NpuProbe(14787): graph_compute(MUL_MAT 64x64)=0.5ms status=0
10-07 17:45:57.860 I/NpuProbe(14787): c[0]=128.000000 (esperado 128.0)
10-07 17:45:57.860 I/NpuProbe(14787): RESULTADO: APP-UID OK: sessao HTP + op executado com resultado correto
10-07 17:45:57.860 I/NpuProbe(14787): REPORT:
10-07 17:45:57.860 I/NpuProbe(14787): libdir=/data/app/~~-AAa5lDaii0dMGTPgPeENA==/br.gov.sp.pcsp.npuprobe-rKDzfVqWrdi-4lPwWdPEAA==/lib/arm64
10-07 17:45:57.860 I/NpuProbe(14787): build=llama.cpp-upstream-pkg (v11-libs) + probe R4
10-07 17:45:57.860 I/NpuProbe(14787): controle-sistema (liblog.so)=OK
10-07 17:45:57.860 I/NpuProbe(14787): negativo-fake (libnaoexiste_xyz.so)=FALHOU err=dlopen failed: library "libnaoexiste_xyz.so" not found
10-07 17:45:57.860 I/NpuProbe(14787): cdsprpc-nome (libcdsprpc.so)=OK
10-07 17:45:57.860 I/NpuProbe(14787): cdsprpc-abs (/vendor/lib64/libcdsprpc.so)=OK
10-07 17:45:57.860 I/NpuProbe(14787): ADSP_LIBRARY_PATH=libdir (setenv)
10-07 17:45:57.860 I/NpuProbe(14787): load_all_from_path=47ms
10-07 17:45:57.860 I/NpuProbe(14787): load(hexagon direto)=FALHOU em 0ms
10-07 17:45:57.860 I/NpuProbe(14787): devices=4
10-07 17:45:57.860 I/NpuProbe(14787):   dev[0] Vulkan0 (Adreno (TM) 840)
10-07 17:45:57.860 I/NpuProbe(14787):   dev[1] GPUOpenCL (QUALCOMM Adreno(TM) 840)
10-07 17:45:57.860 I/NpuProbe(14787):   dev[2] HTP0 (Hexagon)
10-07 17:45:57.860 I/NpuProbe(14787):   dev[3] CPU (CPU)
10-07 17:45:57.860 I/NpuProbe(14787): dev_init(HTP0)=0ms -> SESSAO ABERTA
10-07 17:45:57.860 I/NpuProbe(14787): graph_compute(MUL_MAT 64x64)=0.5ms status=0
10-07 17:45:57.860 I/NpuProbe(14787): c[0]=128.000000 (esperado 128.0)
10-07 17:45:57.860 I/NpuProbe(14787): RESULTADO: APP-UID OK: sessao HTP + op executado com resultado correto
10-07 17:45:57.861 I/NpuProbe(14787): AUTO-GATILHO='smart:opencl@bench'
10-07 17:45:57.861 I/NpuProbe(14787): SMART iniciando rota=opencl@bench com /data/local/tmp/hymt2_app.gguf
10-07 17:45:57.861 I/NpuProbe(14787): SMARTv2 rota='opencl@bench' mutante=(none)
10-07 17:45:57.862 I/NpuProbe(14787): MODO BENCHMARK (@bench; sem espelho; decode so no destino)
10-07 17:45:57.862 I/NpuProbe(14787): MODO PONTE: origem=htp | destino=opencl (GPUOpenCL)
10-07 17:46:00.738 I/NpuProbe(14787): load(destino)=2876ms
10-07 17:46:00.738 I/NpuProbe(14787): [ggml] ggml_opencl: OpenCL driver: OpenCL 3.0 QUALCOMM build: 0842.41 Compiler E031.50.19.27
10-07 17:46:00.738 I/NpuProbe(14787): [ggml] ggml_opencl: vector subgroup broadcast support: true
10-07 17:46:00.738 I/NpuProbe(14787): [ggml] ggml_opencl: subgroup shuffle support: true
10-07 17:46:00.738 I/NpuProbe(14787): [ggml] ggml_opencl: device FP16 support: true
10-07 17:46:00.738 I/NpuProbe(14787): [ggml] ggml_opencl: khr dot product support: true
10-07 17:46:00.738 I/NpuProbe(14787): [ggml] ggml_opencl: mem base addr align: 128
10-07 17:46:00.738 I/NpuProbe(14787): [ggml] ggml_opencl: global mem size: 7555 MB
10-07 17:46:00.738 I/NpuProbe(14787): [ggml] ggml_opencl: max mem alloc size: 2048 MB
10-07 17:46:00.738 I/NpuProbe(14787): [ggml] ggml_opencl: device max image buffer size (pixels): 2147483648
10-07 17:46:00.738 I/NpuProbe(14787): [ggml] ggml_opencl: device max image2d size: 16384 x 16384
10-07 17:46:00.738 I/NpuProbe(14787): [ggml] ggml_opencl: device max workgroup size: 1024
10-07 17:46:00.738 I/NpuProbe(14787): [ggml] ggml_opencl: SVM coarse grain buffer support: true
10-07 17:46:00.738 I/NpuProbe(14787): [ggml] ggml_opencl: SVM fine grain buffer support: true
10-07 17:46:00.738 I/NpuProbe(14787): [ggml] ggml_opencl: SVM fine grain system support: false
10-07 17:46:00.738 I/NpuProbe(14787): [ggml] ggml_opencl: SVM atomics support: true
10-07 17:46:00.738 I/NpuProbe(14787): [ggml] ggml_opencl: cl_qcom_subgroup_shuffle support: true
10-07 17:46:00.738 I/NpuProbe(14787): [ggml] ggml_opencl: flattening quantized weights representation as struct of arrays (GGML_OPENCL_SOA_Q)
10-07 17:46:00.738 I/NpuProbe(14787): [ggml] ggml_opencl: using kernels optimized for Adreno (GGML_OPENCL_USE_ADRENO_KERNELS)
10-07 17:46:01.129 I/NpuProbe(14787): load(origem)=347ms
10-07 17:46:01.160 I/NpuProbe(14787): ctxs prontos (cold_total=3299ms)
10-07 17:46:02.644 I/NpuProbe(14787): [ggml] ggml_opencl: lazy-compiling flash_attn prepass for DK=128 DV=128
10-07 17:46:02.645 I/NpuProbe(14787): [ggml] ggml_opencl: compiling fa prepass f16
10-07 17:46:02.698 I/NpuProbe(14787): [ggml] ggml_opencl: compiling fa f32_f16
10-07 17:46:04.054 I/NpuProbe(14787): [ggml] ggml_opencl: flash_attn_f32_f16_q1_vec_mq_split_c8 DK=128 DV=128 per-kernel max 128 < required 256; skipping registration (will fall back)
10-07 17:46:04.054 I/NpuProbe(14787): [ggml] ggml_opencl: compiling fa f32_f16 MQ_GQA=8
10-07 17:46:04.616 I/NpuProbe(14787): [ggml] ggml_opencl: flash_attn_f32_f16_q1_vec_mq_split_c8 (g8) DK=128 DV=128 per-kernel max 128 < required 192; skipping registration (will fall back)
10-07 17:46:04.616 I/NpuProbe(14787): [ggml] ggml_opencl: compiling fa f32_f16 c8 NSG2
10-07 17:46:04.991 I/NpuProbe(14787): [ggml] ggml_opencl: compiling fa f32_f16 c8 g8 NSG2
10-07 17:46:05.535 I/NpuProbe(14787): [ggml] ggml_opencl: compiling fa f32_f16 split
10-07 17:46:06.790 I/NpuProbe(14787): A1: ok=1 cap=0 eog_tok1=0 tok1=33 amostrados(s/d)=1/8 emitidos=8 consumidos=8 decodes_s_pos_ponte=0
10-07 17:46:06.790 I/NpuProbe(14787): A1 tempos: prefill=1458.80ms export=0.16ms(2032789B) import=3.61ms gen=4112.86ms
10-07 17:46:06.790 I/NpuProbe(14787): A1 espelho: passos=0 iguais=0 div_pos=-1 div_marg(d/s)=-1.000/-1.000
10-07 17:46:06.790 I/NpuProbe(14787): A1 fronteiras(ms desde request): prefill_done=4758.0 tok1_ready=4779.1 import_done=4782.7 tok2_ready=8670.0 fim=8895.6 (INTERNAS; sem streaming de UI no probe)
10-07 17:46:06.790 I/NpuProbe(14787): A1 prompt_hash=a5de647b1ff84e74
10-07 17:46:06.790 I/NpuProbe(14787): A1 texto: Bom dia, como você está?
10-07 17:46:06.795 I/NpuProbe(14787): reset: pos cmp (origem=-1 destino=-1) -> VAZIO ok
10-07 17:46:08.737 I/NpuProbe(14787): A2: ok=1 texto igual ao A1: SIM
10-07 17:46:08.738 I/NpuProbe(14787): RESULTADO: BENCH-CONCLUIDO (htp->opencl; sem espelho; decode origem pos-ponte=0; A-B-A texto igual)
10-07 17:46:08.971 I/NpuProbe(14787): SMART REPORT:
10-07 17:46:08.971 I/NpuProbe(14787): SMART (opencl@bench)
10-07 17:46:08.971 I/NpuProbe(14787): 
10-07 17:46:08.971 I/NpuProbe(14787): SMARTv2 rota='opencl@bench' mutante=(none)
10-07 17:46:08.971 I/NpuProbe(14787): MODO BENCHMARK (@bench; sem espelho; decode so no destino)
10-07 17:46:08.971 I/NpuProbe(14787): MODO PONTE: origem=htp | destino=opencl (GPUOpenCL)
10-07 17:46:08.971 I/NpuProbe(14787): load(destino)=2876ms
10-07 17:46:08.971 I/NpuProbe(14787): load(origem)=347ms
10-07 17:46:08.971 I/NpuProbe(14787): ctxs prontos (cold_total=3299ms)
10-07 17:46:08.971 I/NpuProbe(14787): A1: ok=1 cap=0 eog_tok1=0 tok1=33 amostrados(s/d)=1/8 emitidos=8 consumidos=8 decodes_s_pos_ponte=0
10-07 17:46:08.971 I/NpuProbe(14787): A1 tempos: prefill=1458.80ms export=0.16ms(2032789B) import=3.61ms gen=4112.86ms
10-07 17:46:08.971 I/NpuProbe(14787): A1 espelho: passos=0 iguais=0 div_pos=-1 div_marg(d/s)=-1.000/-1.000
10-07 17:46:08.971 I/NpuProbe(14787): A1 fronteiras(ms desde request): prefill_done=4758.0 tok1_ready=4779.1 import_done=4782.7 tok2_ready=8670.0 fim=8895.6 (INTERNAS; sem streaming de UI no probe)
10-07 17:46:08.971 I/NpuProbe(14787): A1 prompt_hash=a5de647b1ff84e74
10-07 17:46:08.971 I/NpuProbe(14787): A1 texto: Bom dia, como você está?
10-07 17:46:08.971 I/NpuProbe(14787): reset: pos cmp (origem=-1 destino=-1) -> VAZIO ok
10-07 17:46:08.971 I/NpuProbe(14787): A2: ok=1 texto igual ao A1: SIM
10-07 17:46:08.971 I/NpuProbe(14787): RESULTADO: BENCH-CONCLUIDO (htp->opencl; sem espelho; decode origem pos-ponte=0; A-B-A texto igual)
[rec 17:45:20]
--------- beginning of main
10-07 17:46:06.790 I/NpuProbe(14787): A1: ok=1 cap=0 eog_tok1=0 tok1=33 amostrados(s/d)=1/8 emitidos=8 consumidos=8 decodes_s_pos_ponte=0
10-07 17:46:06.790 I/NpuProbe(14787): A1 tempos: prefill=1458.80ms export=0.16ms(2032789B) import=3.61ms gen=4112.86ms
10-07 17:46:06.790 I/NpuProbe(14787): A1 espelho: passos=0 iguais=0 div_pos=-1 div_marg(d/s)=-1.000/-1.000
10-07 17:46:06.790 I/NpuProbe(14787): A1 fronteiras(ms desde request): prefill_done=4758.0 tok1_ready=4779.1 import_done=4782.7 tok2_ready=8670.0 fim=8895.6 (INTERNAS; sem streaming de UI no probe)
10-07 17:46:06.790 I/NpuProbe(14787): A1 prompt_hash=a5de647b1ff84e74
10-07 17:46:06.790 I/NpuProbe(14787): A1 texto: Bom dia, como você está?
10-07 17:46:06.795 I/NpuProbe(14787): reset: pos cmp (origem=-1 destino=-1) -> VAZIO ok
10-07 17:46:08.737 I/NpuProbe(14787): A2: ok=1 texto igual ao A1: SIM
10-07 17:46:08.738 I/NpuProbe(14787): RESULTADO: BENCH-CONCLUIDO (htp->opencl; sem espelho; decode origem pos-ponte=0; A-B-A texto igual)
10-07 17:46:08.971 I/NpuProbe(14787): SMART REPORT:
10-07 17:46:08.971 I/NpuProbe(14787): SMART (opencl@bench)
10-07 17:46:08.971 I/NpuProbe(14787): 
10-07 17:46:08.971 I/NpuProbe(14787): SMARTv2 rota='opencl@bench' mutante=(none)
10-07 17:46:08.971 I/NpuProbe(14787): MODO BENCHMARK (@bench; sem espelho; decode so no destino)
10-07 17:46:08.971 I/NpuProbe(14787): MODO PONTE: origem=htp | destino=opencl (GPUOpenCL)
10-07 17:46:08.971 I/NpuProbe(14787): load(destino)=2876ms
10-07 17:46:08.971 I/NpuProbe(14787): load(origem)=347ms
10-07 17:46:08.971 I/NpuProbe(14787): ctxs prontos (cold_total=3299ms)
10-07 17:46:08.971 I/NpuProbe(14787): A1: ok=1 cap=0 eog_tok1=0 tok1=33 amostrados(s/d)=1/8 emitidos=8 consumidos=8 decodes_s_pos_ponte=0
10-07 17:46:08.971 I/NpuProbe(14787): A1 tempos: prefill=1458.80ms export=0.16ms(2032789B) import=3.61ms gen=4112.86ms
10-07 17:46:08.971 I/NpuProbe(14787): A1 espelho: passos=0 iguais=0 div_pos=-1 div_marg(d/s)=-1.000/-1.000
10-07 17:46:08.971 I/NpuProbe(14787): A1 fronteiras(ms desde request): prefill_done=4758.0 tok1_ready=4779.1 import_done=4782.7 tok2_ready=8670.0 fim=8895.6 (INTERNAS; sem streaming de UI no probe)
10-07 17:46:08.971 I/NpuProbe(14787): A1 prompt_hash=a5de647b1ff84e74
10-07 17:46:08.971 I/NpuProbe(14787): A1 texto: Bom dia, como você está?
10-07 17:46:08.971 I/NpuProbe(14787): reset: pos cmp (origem=-1 destino=-1) -> VAZIO ok
10-07 17:46:08.971 I/NpuProbe(14787): A2: ok=1 texto igual ao A1: SIM
10-07 17:46:08.971 I/NpuProbe(14787): RESULTADO: BENCH-CONCLUIDO (htp->opencl; sem espelho; decode origem pos-ponte=0; A-B-A texto igual)
[rec 17:45:48]
--------- beginning of main
10-07 17:47:06.354 I/NpuProbe(16194): nativeLibraryDir=/data/app/~~-AAa5lDaii0dMGTPgPeENA==/br.gov.sp.pcsp.npuprobe-rKDzfVqWrdi-4lPwWdPEAA==/lib/arm64
10-07 17:47:06.354 I/NpuProbe(16194): libdir=/data/app/~~-AAa5lDaii0dMGTPgPeENA==/br.gov.sp.pcsp.npuprobe-rKDzfVqWrdi-4lPwWdPEAA==/lib/arm64
10-07 17:47:06.354 I/NpuProbe(16194): build=llama.cpp-upstream-pkg (v11-libs) + probe R4
10-07 17:47:06.354 I/NpuProbe(16194): controle-sistema (liblog.so)=OK
10-07 17:47:06.354 I/NpuProbe(16194): negativo-fake (libnaoexiste_xyz.so)=FALHOU err=dlopen failed: library "libnaoexiste_xyz.so" not found
10-07 17:47:06.356 I/NpuProbe(16194): cdsprpc-nome (libcdsprpc.so)=OK
10-07 17:47:06.357 I/NpuProbe(16194): cdsprpc-abs (/vendor/lib64/libcdsprpc.so)=OK
10-07 17:47:06.357 I/NpuProbe(16194): ADSP_LIBRARY_PATH=libdir (setenv)
10-07 17:47:06.358 I/NpuProbe(16194): [ggml] ggml_vulkan: Found 1 Vulkan devices:
10-07 17:47:06.358 I/NpuProbe(16194): [ggml] ggml_vulkan: 0 = Adreno (TM) 840 (Qualcomm Technologies Inc. Adreno Vulkan Driver) | uma: 1 | fp16: 1 | bf16: 0 | fp4: 0 | warp size: 64 | shared memory: 32768 | int dot: 0 | matrix cores: none
10-07 17:47:06.363 I/NpuProbe(16194): [ggml] ggml_opencl: selected platform: 'QUALCOMM Snapdragon(TM)'
10-07 17:47:06.364 I/NpuProbe(16194): [ggml] 
10-07 17:47:06.364 I/NpuProbe(16194): ggml_opencl: device: 'QUALCOMM Adreno(TM) 840 (OpenCL 3.0 Adreno(TM) 840)'
10-07 17:47:06.364 I/NpuProbe(16194): [ggml] ggml_opencl: default device: 'QUALCOMM Adreno(TM) 840 (OpenCL 3.0 Adreno(TM) 840)'
10-07 17:47:06.364 I/NpuProbe(16194): [ggml] ggml-hex: Loading driver libcdsprpc.so
10-07 17:47:06.367 I/NpuProbe(16194): [ggml] ggml-hex: Hexagon backend (experimental) : allocating new registry : ndev 1
10-07 17:47:06.367 I/NpuProbe(16194): [ggml] ggml-hex: Hexagon Arch version v81
10-07 17:47:06.367 I/NpuProbe(16194): [ggml] ggml-hex: HTP0 allocating new session
10-07 17:47:06.399 I/NpuProbe(16194): [ggml] ggml-hex: HTP0 hwinfo: threads 8, hvx 8, hmx 1, vtcm 8 MB
10-07 17:47:06.400 I/NpuProbe(16194): [ggml] ggml-hex: HTP0 new session : session-id 0 domain-id 3 uri file:///libggml-htp-v81.so?htp_iface_skel_handle_invoke&_modver=1.0&_dom=cdsp&_session=0 handle 0xb4000077d52a7880
10-07 17:47:06.403 I/NpuProbe(16194): [ggml] ggml-hex: HTP0 op batching: n-bufs 16 n-tensors 7168 n-ops 1024 vmem 3355443200
10-07 17:47:06.409 I/NpuProbe(16194): load_all_from_path=53ms
10-07 17:47:06.409 I/NpuProbe(16194): [ggml] load_backend: failed to find ggml_backend_init in /data/app/~~-AAa5lDaii0dMGTPgPeENA==/br.gov.sp.pcsp.npuprobe-rKDzfVqWrdi-4lPwWdPEAA==/lib/arm64/libggml-hexagon.so
10-07 17:47:06.410 I/NpuProbe(16194): load(hexagon direto)=FALHOU em 0ms
10-07 17:47:06.410 I/NpuProbe(16194): devices=4
10-07 17:47:06.410 I/NpuProbe(16194):   dev[0] Vulkan0 (Adreno (TM) 840)
10-07 17:47:06.410 I/NpuProbe(16194):   dev[1] GPUOpenCL (QUALCOMM Adreno(TM) 840)
10-07 17:47:06.410 I/NpuProbe(16194):   dev[2] HTP0 (Hexagon)
10-07 17:47:06.410 I/NpuProbe(16194):   dev[3] CPU (CPU)
10-07 17:47:06.410 I/NpuProbe(16194): dev_init(HTP0)=0ms -> SESSAO ABERTA
10-07 17:47:06.411 I/NpuProbe(16194): graph_compute(MUL_MAT 64x64)=0.6ms status=0
10-07 17:47:06.411 I/NpuProbe(16194): c[0]=128.000000 (esperado 128.0)
10-07 17:47:06.411 I/NpuProbe(16194): RESULTADO: APP-UID OK: sessao HTP + op executado com resultado correto
10-07 17:47:06.411 I/NpuProbe(16194): REPORT:
10-07 17:47:06.411 I/NpuProbe(16194): libdir=/data/app/~~-AAa5lDaii0dMGTPgPeENA==/br.gov.sp.pcsp.npuprobe-rKDzfVqWrdi-4lPwWdPEAA==/lib/arm64
10-07 17:47:06.411 I/NpuProbe(16194): build=llama.cpp-upstream-pkg (v11-libs) + probe R4
10-07 17:47:06.411 I/NpuProbe(16194): controle-sistema (liblog.so)=OK
10-07 17:47:06.411 I/NpuProbe(16194): negativo-fake (libnaoexiste_xyz.so)=FALHOU err=dlopen failed: library "libnaoexiste_xyz.so" not found
10-07 17:47:06.411 I/NpuProbe(16194): cdsprpc-nome (libcdsprpc.so)=OK
10-07 17:47:06.411 I/NpuProbe(16194): cdsprpc-abs (/vendor/lib64/libcdsprpc.so)=OK
10-07 17:47:06.411 I/NpuProbe(16194): ADSP_LIBRARY_PATH=libdir (setenv)
10-07 17:47:06.411 I/NpuProbe(16194): load_all_from_path=53ms
10-07 17:47:06.411 I/NpuProbe(16194): load(hexagon direto)=FALHOU em 0ms
10-07 17:47:06.411 I/NpuProbe(16194): devices=4
10-07 17:47:06.411 I/NpuProbe(16194):   dev[0] Vulkan0 (Adreno (TM) 840)
10-07 17:47:06.411 I/NpuProbe(16194):   dev[1] GPUOpenCL (QUALCOMM Adreno(TM) 840)
10-07 17:47:06.411 I/NpuProbe(16194):   dev[2] HTP0 (Hexagon)
10-07 17:47:06.411 I/NpuProbe(16194):   dev[3] CPU (CPU)
10-07 17:47:06.411 I/NpuProbe(16194): dev_init(HTP0)=0ms -> SESSAO ABERTA
10-07 17:47:06.411 I/NpuProbe(16194): graph_compute(MUL_MAT 64x64)=0.6ms status=0
10-07 17:47:06.411 I/NpuProbe(16194): c[0]=128.000000 (esperado 128.0)
10-07 17:47:06.411 I/NpuProbe(16194): RESULTADO: APP-UID OK: sessao HTP + op executado com resultado correto
10-07 17:47:06.412 I/NpuProbe(16194): AUTO-GATILHO='smart:vulkan@bench'
10-07 17:47:06.412 I/NpuProbe(16194): SMART iniciando rota=vulkan@bench com /data/local/tmp/hymt2_app.gguf
10-07 17:47:06.412 I/NpuProbe(16194): SMARTv2 rota='vulkan@bench' mutante=(none)
10-07 17:47:06.413 I/NpuProbe(16194): MODO BENCHMARK (@bench; sem espelho; decode so no destino)
10-07 17:47:06.413 I/NpuProbe(16194): MODO PONTE: origem=htp | destino=vulkan (Vulkan0)
10-07 17:47:08.940 I/NpuProbe(16194): A1: ok=1 cap=0 eog_tok1=0 tok1=33 amostrados(s/d)=1/8 emitidos=8 consumidos=8 decodes_s_pos_ponte=0
10-07 17:47:08.940 I/NpuProbe(16194): A1 tempos: prefill=816.30ms export=0.10ms(2032789B) import=1.89ms gen=862.56ms
10-07 17:47:08.940 I/NpuProbe(16194): A1 espelho: passos=0 iguais=0 div_pos=-1 div_marg(d/s)=-1.000/-1.000
10-07 17:47:08.940 I/NpuProbe(16194): A1 fronteiras(ms desde request): prefill_done=1633.8 tok1_ready=1645.1 import_done=1647.0 tok2_ready=2350.7 fim=2509.6 (INTERNAS; sem streaming de UI no probe)
10-07 17:47:08.940 I/NpuProbe(16194): A1 prompt_hash=a5de647b1ff84e74
10-07 17:47:08.940 I/NpuProbe(16194): A1 texto: Bom dia, como você está?
10-07 17:47:08.944 I/NpuProbe(16194): reset: pos cmp (origem=-1 destino=-1) -> VAZIO ok
[rec 17:46:16]
--------- beginning of main
10-07 17:47:06.354 I/NpuProbe(16194): nativeLibraryDir=/data/app/~~-AAa5lDaii0dMGTPgPeENA==/br.gov.sp.pcsp.npuprobe-rKDzfVqWrdi-4lPwWdPEAA==/lib/arm64
10-07 17:47:06.354 I/NpuProbe(16194): libdir=/data/app/~~-AAa5lDaii0dMGTPgPeENA==/br.gov.sp.pcsp.npuprobe-rKDzfVqWrdi-4lPwWdPEAA==/lib/arm64
10-07 17:47:06.354 I/NpuProbe(16194): build=llama.cpp-upstream-pkg (v11-libs) + probe R4
10-07 17:47:06.354 I/NpuProbe(16194): controle-sistema (liblog.so)=OK
10-07 17:47:06.354 I/NpuProbe(16194): negativo-fake (libnaoexiste_xyz.so)=FALHOU err=dlopen failed: library "libnaoexiste_xyz.so" not found
10-07 17:47:06.356 I/NpuProbe(16194): cdsprpc-nome (libcdsprpc.so)=OK
10-07 17:47:06.357 I/NpuProbe(16194): cdsprpc-abs (/vendor/lib64/libcdsprpc.so)=OK
10-07 17:47:06.357 I/NpuProbe(16194): ADSP_LIBRARY_PATH=libdir (setenv)
10-07 17:47:06.358 I/NpuProbe(16194): [ggml] ggml_vulkan: Found 1 Vulkan devices:
10-07 17:47:06.358 I/NpuProbe(16194): [ggml] ggml_vulkan: 0 = Adreno (TM) 840 (Qualcomm Technologies Inc. Adreno Vulkan Driver) | uma: 1 | fp16: 1 | bf16: 0 | fp4: 0 | warp size: 64 | shared memory: 32768 | int dot: 0 | matrix cores: none
10-07 17:47:06.363 I/NpuProbe(16194): [ggml] ggml_opencl: selected platform: 'QUALCOMM Snapdragon(TM)'
10-07 17:47:06.364 I/NpuProbe(16194): [ggml] 
10-07 17:47:06.364 I/NpuProbe(16194): ggml_opencl: device: 'QUALCOMM Adreno(TM) 840 (OpenCL 3.0 Adreno(TM) 840)'
10-07 17:47:06.364 I/NpuProbe(16194): [ggml] ggml_opencl: default device: 'QUALCOMM Adreno(TM) 840 (OpenCL 3.0 Adreno(TM) 840)'
10-07 17:47:06.364 I/NpuProbe(16194): [ggml] ggml-hex: Loading driver libcdsprpc.so
10-07 17:47:06.367 I/NpuProbe(16194): [ggml] ggml-hex: Hexagon backend (experimental) : allocating new registry : ndev 1
10-07 17:47:06.367 I/NpuProbe(16194): [ggml] ggml-hex: Hexagon Arch version v81
10-07 17:47:06.367 I/NpuProbe(16194): [ggml] ggml-hex: HTP0 allocating new session
10-07 17:47:06.399 I/NpuProbe(16194): [ggml] ggml-hex: HTP0 hwinfo: threads 8, hvx 8, hmx 1, vtcm 8 MB
10-07 17:47:06.400 I/NpuProbe(16194): [ggml] ggml-hex: HTP0 new session : session-id 0 domain-id 3 uri file:///libggml-htp-v81.so?htp_iface_skel_handle_invoke&_modver=1.0&_dom=cdsp&_session=0 handle 0xb4000077d52a7880
10-07 17:47:06.403 I/NpuProbe(16194): [ggml] ggml-hex: HTP0 op batching: n-bufs 16 n-tensors 7168 n-ops 1024 vmem 3355443200
10-07 17:47:06.409 I/NpuProbe(16194): load_all_from_path=53ms
10-07 17:47:06.409 I/NpuProbe(16194): [ggml] load_backend: failed to find ggml_backend_init in /data/app/~~-AAa5lDaii0dMGTPgPeENA==/br.gov.sp.pcsp.npuprobe-rKDzfVqWrdi-4lPwWdPEAA==/lib/arm64/libggml-hexagon.so
10-07 17:47:06.410 I/NpuProbe(16194): load(hexagon direto)=FALHOU em 0ms
10-07 17:47:06.410 I/NpuProbe(16194): devices=4
10-07 17:47:06.410 I/NpuProbe(16194):   dev[0] Vulkan0 (Adreno (TM) 840)
10-07 17:47:06.410 I/NpuProbe(16194):   dev[1] GPUOpenCL (QUALCOMM Adreno(TM) 840)
10-07 17:47:06.410 I/NpuProbe(16194):   dev[2] HTP0 (Hexagon)
10-07 17:47:06.410 I/NpuProbe(16194):   dev[3] CPU (CPU)
10-07 17:47:06.410 I/NpuProbe(16194): dev_init(HTP0)=0ms -> SESSAO ABERTA
10-07 17:47:06.411 I/NpuProbe(16194): graph_compute(MUL_MAT 64x64)=0.6ms status=0
10-07 17:47:06.411 I/NpuProbe(16194): c[0]=128.000000 (esperado 128.0)
10-07 17:47:06.411 I/NpuProbe(16194): RESULTADO: APP-UID OK: sessao HTP + op executado com resultado correto
10-07 17:47:06.411 I/NpuProbe(16194): REPORT:
10-07 17:47:06.411 I/NpuProbe(16194): libdir=/data/app/~~-AAa5lDaii0dMGTPgPeENA==/br.gov.sp.pcsp.npuprobe-rKDzfVqWrdi-4lPwWdPEAA==/lib/arm64
10-07 17:47:06.411 I/NpuProbe(16194): build=llama.cpp-upstream-pkg (v11-libs) + probe R4
10-07 17:47:06.411 I/NpuProbe(16194): controle-sistema (liblog.so)=OK
10-07 17:47:06.411 I/NpuProbe(16194): negativo-fake (libnaoexiste_xyz.so)=FALHOU err=dlopen failed: library "libnaoexiste_xyz.so" not found
10-07 17:47:06.411 I/NpuProbe(16194): cdsprpc-nome (libcdsprpc.so)=OK
10-07 17:47:06.411 I/NpuProbe(16194): cdsprpc-abs (/vendor/lib64/libcdsprpc.so)=OK
10-07 17:47:06.411 I/NpuProbe(16194): ADSP_LIBRARY_PATH=libdir (setenv)
10-07 17:47:06.411 I/NpuProbe(16194): load_all_from_path=53ms
10-07 17:47:06.411 I/NpuProbe(16194): load(hexagon direto)=FALHOU em 0ms
10-07 17:47:06.411 I/NpuProbe(16194): devices=4
10-07 17:47:06.411 I/NpuProbe(16194):   dev[0] Vulkan0 (Adreno (TM) 840)
10-07 17:47:06.411 I/NpuProbe(16194):   dev[1] GPUOpenCL (QUALCOMM Adreno(TM) 840)
10-07 17:47:06.411 I/NpuProbe(16194):   dev[2] HTP0 (Hexagon)
10-07 17:47:06.411 I/NpuProbe(16194):   dev[3] CPU (CPU)
10-07 17:47:06.411 I/NpuProbe(16194): dev_init(HTP0)=0ms -> SESSAO ABERTA
10-07 17:47:06.411 I/NpuProbe(16194): graph_compute(MUL_MAT 64x64)=0.6ms status=0
10-07 17:47:06.411 I/NpuProbe(16194): c[0]=128.000000 (esperado 128.0)
10-07 17:47:06.411 I/NpuProbe(16194): RESULTADO: APP-UID OK: sessao HTP + op executado com resultado correto
10-07 17:47:06.412 I/NpuProbe(16194): AUTO-GATILHO='smart:vulkan@bench'
10-07 17:47:06.412 I/NpuProbe(16194): SMART iniciando rota=vulkan@bench com /data/local/tmp/hymt2_app.gguf
10-07 17:47:06.412 I/NpuProbe(16194): SMARTv2 rota='vulkan@bench' mutante=(none)
10-07 17:47:06.413 I/NpuProbe(16194): MODO BENCHMARK (@bench; sem espelho; decode so no destino)
10-07 17:47:06.413 I/NpuProbe(16194): MODO PONTE: origem=htp | destino=vulkan (Vulkan0)
10-07 17:47:08.940 I/NpuProbe(16194): A1: ok=1 cap=0 eog_tok1=0 tok1=33 amostrados(s/d)=1/8 emitidos=8 consumidos=8 decodes_s_pos_ponte=0
10-07 17:47:08.940 I/NpuProbe(16194): A1 tempos: prefill=816.30ms export=0.10ms(2032789B) import=1.89ms gen=862.56ms
10-07 17:47:08.940 I/NpuProbe(16194): A1 espelho: passos=0 iguais=0 div_pos=-1 div_marg(d/s)=-1.000/-1.000
10-07 17:47:08.940 I/NpuProbe(16194): A1 fronteiras(ms desde request): prefill_done=1633.8 tok1_ready=1645.1 import_done=1647.0 tok2_ready=2350.7 fim=2509.6 (INTERNAS; sem streaming de UI no probe)
10-07 17:47:08.940 I/NpuProbe(16194): A1 prompt_hash=a5de647b1ff84e74
10-07 17:47:08.940 I/NpuProbe(16194): A1 texto: Bom dia, como você está?
10-07 17:47:08.944 I/NpuProbe(16194): reset: pos cmp (origem=-1 destino=-1) -> VAZIO ok
10-07 17:47:10.765 I/NpuProbe(16194): A2: ok=1 texto igual ao A1: SIM
10-07 17:47:10.765 I/NpuProbe(16194): RESULTADO: BENCH-CONCLUIDO (htp->vulkan; sem espelho; decode origem pos-ponte=0; A-B-A texto igual)
10-07 17:47:10.932 I/NpuProbe(16194): SMART REPORT:
10-07 17:47:10.932 I/NpuProbe(16194): SMART (vulkan@bench)
10-07 17:47:10.932 I/NpuProbe(16194): 
10-07 17:47:10.932 I/NpuProbe(16194): SMARTv2 rota='vulkan@bench' mutante=(none)
10-07 17:47:10.932 I/NpuProbe(16194): MODO BENCHMARK (@bench; sem espelho; decode so no destino)
10-07 17:47:10.932 I/NpuProbe(16194): MODO PONTE: origem=htp | destino=vulkan (Vulkan0)
10-07 17:47:10.932 I/NpuProbe(16194): load(destino)=591ms
10-07 17:47:10.932 I/NpuProbe(16194): load(origem)=158ms
10-07 17:47:10.932 I/NpuProbe(16194): ctxs prontos (cold_total=817ms)
10-07 17:47:10.932 I/NpuProbe(16194): A1: ok=1 cap=0 eog_tok1=0 tok1=33 amostrados(s/d)=1/8 emitidos=8 consumidos=8 decodes_s_pos_ponte=0
10-07 17:47:10.932 I/NpuProbe(16194): A1 tempos: prefill=816.30ms export=0.10ms(2032789B) import=1.89ms gen=862.56ms
10-07 17:47:10.932 I/NpuProbe(16194): A1 espelho: passos=0 iguais=0 div_pos=-1 div_marg(d/s)=-1.000/-1.000
10-07 17:47:10.932 I/NpuProbe(16194): A1 fronteiras(ms desde request): prefill_done=1633.8 tok1_ready=1645.1 import_done=1647.0 tok2_ready=2350.7 fim=2509.6 (INTERNAS; sem streaming de UI no probe)
10-07 17:47:10.932 I/NpuProbe(16194): A1 prompt_hash=a5de647b1ff84e74
10-07 17:47:10.932 I/NpuProbe(16194): A1 texto: Bom dia, como você está?
10-07 17:47:10.932 I/NpuProbe(16194): reset: pos cmp (origem=-1 destino=-1) -> VAZIO ok
10-07 17:47:10.932 I/NpuProbe(16194): A2: ok=1 texto igual ao A1: SIM
10-07 17:47:10.932 I/NpuProbe(16194): RESULTADO: BENCH-CONCLUIDO (htp->vulkan; sem espelho; decode origem pos-ponte=0; A-B-A texto igual)
[rec 17:46:31]
--------- beginning of main
10-07 17:47:08.940 I/NpuProbe(16194): A1: ok=1 cap=0 eog_tok1=0 tok1=33 amostrados(s/d)=1/8 emitidos=8 consumidos=8 decodes_s_pos_ponte=0
10-07 17:47:08.940 I/NpuProbe(16194): A1 tempos: prefill=816.30ms export=0.10ms(2032789B) import=1.89ms gen=862.56ms
10-07 17:47:08.940 I/NpuProbe(16194): A1 espelho: passos=0 iguais=0 div_pos=-1 div_marg(d/s)=-1.000/-1.000
10-07 17:47:08.940 I/NpuProbe(16194): A1 fronteiras(ms desde request): prefill_done=1633.8 tok1_ready=1645.1 import_done=1647.0 tok2_ready=2350.7 fim=2509.6 (INTERNAS; sem streaming de UI no probe)
10-07 17:47:08.940 I/NpuProbe(16194): A1 prompt_hash=a5de647b1ff84e74
10-07 17:47:08.940 I/NpuProbe(16194): A1 texto: Bom dia, como você está?
10-07 17:47:08.944 I/NpuProbe(16194): reset: pos cmp (origem=-1 destino=-1) -> VAZIO ok
10-07 17:47:10.765 I/NpuProbe(16194): A2: ok=1 texto igual ao A1: SIM
10-07 17:47:10.765 I/NpuProbe(16194): RESULTADO: BENCH-CONCLUIDO (htp->vulkan; sem espelho; decode origem pos-ponte=0; A-B-A texto igual)
10-07 17:47:10.932 I/NpuProbe(16194): SMART REPORT:
10-07 17:47:10.932 I/NpuProbe(16194): SMART (vulkan@bench)
10-07 17:47:10.932 I/NpuProbe(16194): 
10-07 17:47:10.932 I/NpuProbe(16194): SMARTv2 rota='vulkan@bench' mutante=(none)
10-07 17:47:10.932 I/NpuProbe(16194): MODO BENCHMARK (@bench; sem espelho; decode so no destino)
10-07 17:47:10.932 I/NpuProbe(16194): MODO PONTE: origem=htp | destino=vulkan (Vulkan0)
10-07 17:47:10.932 I/NpuProbe(16194): load(destino)=591ms
10-07 17:47:10.932 I/NpuProbe(16194): load(origem)=158ms
10-07 17:47:10.932 I/NpuProbe(16194): ctxs prontos (cold_total=817ms)
10-07 17:47:10.932 I/NpuProbe(16194): A1: ok=1 cap=0 eog_tok1=0 tok1=33 amostrados(s/d)=1/8 emitidos=8 consumidos=8 decodes_s_pos_ponte=0
10-07 17:47:10.932 I/NpuProbe(16194): A1 tempos: prefill=816.30ms export=0.10ms(2032789B) import=1.89ms gen=862.56ms
10-07 17:47:10.932 I/NpuProbe(16194): A1 espelho: passos=0 iguais=0 div_pos=-1 div_marg(d/s)=-1.000/-1.000
10-07 17:47:10.932 I/NpuProbe(16194): A1 fronteiras(ms desde request): prefill_done=1633.8 tok1_ready=1645.1 import_done=1647.0 tok2_ready=2350.7 fim=2509.6 (INTERNAS; sem streaming de UI no probe)
10-07 17:47:10.932 I/NpuProbe(16194): A1 prompt_hash=a5de647b1ff84e74
10-07 17:47:10.932 I/NpuProbe(16194): A1 texto: Bom dia, como você está?
10-07 17:47:10.932 I/NpuProbe(16194): reset: pos cmp (origem=-1 destino=-1) -> VAZIO ok
10-07 17:47:10.932 I/NpuProbe(16194): A2: ok=1 texto igual ao A1: SIM
10-07 17:47:10.932 I/NpuProbe(16194): RESULTADO: BENCH-CONCLUIDO (htp->vulkan; sem espelho; decode origem pos-ponte=0; A-B-A texto igual)
[rec 17:46:59]
[rec 17:47:04]
--------- beginning of main
10-07 17:48:11.607 I/NpuProbe(20969): nativeLibraryDir=/data/app/~~-AAa5lDaii0dMGTPgPeENA==/br.gov.sp.pcsp.npuprobe-rKDzfVqWrdi-4lPwWdPEAA==/lib/arm64
10-07 17:48:11.607 I/NpuProbe(20969): libdir=/data/app/~~-AAa5lDaii0dMGTPgPeENA==/br.gov.sp.pcsp.npuprobe-rKDzfVqWrdi-4lPwWdPEAA==/lib/arm64
10-07 17:48:11.607 I/NpuProbe(20969): build=llama.cpp-upstream-pkg (v11-libs) + probe R4
10-07 17:48:11.607 I/NpuProbe(20969): controle-sistema (liblog.so)=OK
10-07 17:48:11.607 I/NpuProbe(20969): negativo-fake (libnaoexiste_xyz.so)=FALHOU err=dlopen failed: library "libnaoexiste_xyz.so" not found
10-07 17:48:11.608 I/NpuProbe(20969): cdsprpc-nome (libcdsprpc.so)=OK
10-07 17:48:11.609 I/NpuProbe(20969): cdsprpc-abs (/vendor/lib64/libcdsprpc.so)=OK
10-07 17:48:11.609 I/NpuProbe(20969): ADSP_LIBRARY_PATH=libdir (setenv)
10-07 17:48:11.610 I/NpuProbe(20969): [ggml] ggml_vulkan: Found 1 Vulkan devices:
10-07 17:48:11.610 I/NpuProbe(20969): [ggml] ggml_vulkan: 0 = Adreno (TM) 840 (Qualcomm Technologies Inc. Adreno Vulkan Driver) | uma: 1 | fp16: 1 | bf16: 0 | fp4: 0 | warp size: 64 | shared memory: 32768 | int dot: 0 | matrix cores: none
10-07 17:48:11.616 I/NpuProbe(20969): [ggml] ggml_opencl: selected platform: 'QUALCOMM Snapdragon(TM)'
10-07 17:48:11.616 I/NpuProbe(20969): [ggml] 
10-07 17:48:11.616 I/NpuProbe(20969): ggml_opencl: device: 'QUALCOMM Adreno(TM) 840 (OpenCL 3.0 Adreno(TM) 840)'
10-07 17:48:11.616 I/NpuProbe(20969): [ggml] ggml_opencl: default device: 'QUALCOMM Adreno(TM) 840 (OpenCL 3.0 Adreno(TM) 840)'
10-07 17:48:11.616 I/NpuProbe(20969): [ggml] ggml-hex: Loading driver libcdsprpc.so
10-07 17:48:11.617 I/NpuProbe(20969): [ggml] ggml-hex: Hexagon backend (experimental) : allocating new registry : ndev 1
10-07 17:48:11.617 I/NpuProbe(20969): [ggml] ggml-hex: Hexagon Arch version v81
10-07 17:48:11.617 I/NpuProbe(20969): [ggml] ggml-hex: HTP0 allocating new session
10-07 17:48:11.648 I/NpuProbe(20969): [ggml] ggml-hex: HTP0 hwinfo: threads 8, hvx 8, hmx 1, vtcm 8 MB
10-07 17:48:11.648 I/NpuProbe(20969): [ggml] ggml-hex: HTP0 new session : session-id 0 domain-id 3 uri file:///libggml-htp-v81.so?htp_iface_skel_handle_invoke&_modver=1.0&_dom=cdsp&_session=0 handle 0xb4000077c5fb1cc0
10-07 17:48:11.651 I/NpuProbe(20969): [ggml] ggml-hex: HTP0 op batching: n-bufs 16 n-tensors 7168 n-ops 1024 vmem 3355443200
10-07 17:48:11.655 I/NpuProbe(20969): load_all_from_path=46ms
10-07 17:48:11.655 I/NpuProbe(20969): [ggml] load_backend: failed to find ggml_backend_init in /data/app/~~-AAa5lDaii0dMGTPgPeENA==/br.gov.sp.pcsp.npuprobe-rKDzfVqWrdi-4lPwWdPEAA==/lib/arm64/libggml-hexagon.so
10-07 17:48:11.655 I/NpuProbe(20969): load(hexagon direto)=FALHOU em 0ms
10-07 17:48:11.655 I/NpuProbe(20969): devices=4
10-07 17:48:11.655 I/NpuProbe(20969):   dev[0] Vulkan0 (Adreno (TM) 840)
10-07 17:48:11.655 I/NpuProbe(20969):   dev[1] GPUOpenCL (QUALCOMM Adreno(TM) 840)
10-07 17:48:11.655 I/NpuProbe(20969):   dev[2] HTP0 (Hexagon)
10-07 17:48:11.655 I/NpuProbe(20969):   dev[3] CPU (CPU)
10-07 17:48:11.655 I/NpuProbe(20969): dev_init(HTP0)=0ms -> SESSAO ABERTA
10-07 17:48:11.656 I/NpuProbe(20969): graph_compute(MUL_MAT 64x64)=0.5ms status=0
10-07 17:48:11.656 I/NpuProbe(20969): c[0]=128.000000 (esperado 128.0)
10-07 17:48:11.656 I/NpuProbe(20969): RESULTADO: APP-UID OK: sessao HTP + op executado com resultado correto
10-07 17:48:11.656 I/NpuProbe(20969): REPORT:
10-07 17:48:11.656 I/NpuProbe(20969): libdir=/data/app/~~-AAa5lDaii0dMGTPgPeENA==/br.gov.sp.pcsp.npuprobe-rKDzfVqWrdi-4lPwWdPEAA==/lib/arm64
10-07 17:48:11.656 I/NpuProbe(20969): build=llama.cpp-upstream-pkg (v11-libs) + probe R4
10-07 17:48:11.656 I/NpuProbe(20969): controle-sistema (liblog.so)=OK
10-07 17:48:11.656 I/NpuProbe(20969): negativo-fake (libnaoexiste_xyz.so)=FALHOU err=dlopen failed: library "libnaoexiste_xyz.so" not found
10-07 17:48:11.656 I/NpuProbe(20969): cdsprpc-nome (libcdsprpc.so)=OK
10-07 17:48:11.656 I/NpuProbe(20969): cdsprpc-abs (/vendor/lib64/libcdsprpc.so)=OK
10-07 17:48:11.656 I/NpuProbe(20969): ADSP_LIBRARY_PATH=libdir (setenv)
10-07 17:48:11.656 I/NpuProbe(20969): load_all_from_path=46ms
10-07 17:48:11.656 I/NpuProbe(20969): load(hexagon direto)=FALHOU em 0ms
10-07 17:48:11.656 I/NpuProbe(20969): devices=4
10-07 17:48:11.656 I/NpuProbe(20969):   dev[0] Vulkan0 (Adreno (TM) 840)
10-07 17:48:11.656 I/NpuProbe(20969):   dev[1] GPUOpenCL (QUALCOMM Adreno(TM) 840)
10-07 17:48:11.656 I/NpuProbe(20969):   dev[2] HTP0 (Hexagon)
10-07 17:48:11.656 I/NpuProbe(20969):   dev[3] CPU (CPU)
10-07 17:48:11.656 I/NpuProbe(20969): dev_init(HTP0)=0ms -> SESSAO ABERTA
10-07 17:48:11.656 I/NpuProbe(20969): graph_compute(MUL_MAT 64x64)=0.5ms status=0
10-07 17:48:11.656 I/NpuProbe(20969): c[0]=128.000000 (esperado 128.0)
10-07 17:48:11.656 I/NpuProbe(20969): RESULTADO: APP-UID OK: sessao HTP + op executado com resultado correto
10-07 17:48:11.657 I/NpuProbe(20969): AUTO-GATILHO='smart:puro:cpu'
10-07 17:48:11.657 I/NpuProbe(20969): SMART iniciando rota=puro:cpu com /data/local/tmp/hymt2_app.gguf
10-07 17:48:11.657 I/NpuProbe(20969): SMARTv2 rota='puro:cpu' mutante=(none)
10-07 17:48:11.658 I/NpuProbe(20969): MODO VALIDACAO (espelho teacher-forcing)
10-07 17:48:11.658 I/NpuProbe(20969): MODO PURO: origem=(nenhuma) | destino=cpu (CPU)
10-07 17:48:12.830 I/NpuProbe(20969): puro: ok=1 pieces=8 prefill=642.35ms gen=273.88ms pp1=0.33ms
10-07 17:48:12.830 I/NpuProbe(20969): puro texto: Bom dia, como você está?
10-07 17:48:12.830 I/NpuProbe(20969): RESULTADO: PURO-EXECUTADO (cpu; baseline; SEM juizo de qualidade — usar texto/stop)
10-07 17:48:12.882 I/NpuProbe(20969): SMART REPORT:
10-07 17:48:12.882 I/NpuProbe(20969): SMART (puro:cpu)
10-07 17:48:12.882 I/NpuProbe(20969): 
10-07 17:48:12.882 I/NpuProbe(20969): SMARTv2 rota='puro:cpu' mutante=(none)
10-07 17:48:12.882 I/NpuProbe(20969): MODO VALIDACAO (espelho teacher-forcing)
10-07 17:48:12.882 I/NpuProbe(20969): MODO PURO: origem=(nenhuma) | destino=cpu (CPU)
10-07 17:48:12.882 I/NpuProbe(20969): load(destino)=224ms
10-07 17:48:12.882 I/NpuProbe(20969): puro: ok=1 pieces=8 prefill=642.35ms gen=273.88ms pp1=0.33ms
10-07 17:48:12.882 I/NpuProbe(20969): puro texto: Bom dia, como você está?
10-07 17:48:12.882 I/NpuProbe(20969): RESULTADO: PURO-EXECUTADO (cpu; baseline; SEM juizo de qualidade — usar texto/stop)
[rec 17:47:32]
--------- beginning of main
10-07 17:48:11.607 I/NpuProbe(20969): nativeLibraryDir=/data/app/~~-AAa5lDaii0dMGTPgPeENA==/br.gov.sp.pcsp.npuprobe-rKDzfVqWrdi-4lPwWdPEAA==/lib/arm64
10-07 17:48:11.607 I/NpuProbe(20969): libdir=/data/app/~~-AAa5lDaii0dMGTPgPeENA==/br.gov.sp.pcsp.npuprobe-rKDzfVqWrdi-4lPwWdPEAA==/lib/arm64
10-07 17:48:11.607 I/NpuProbe(20969): build=llama.cpp-upstream-pkg (v11-libs) + probe R4
10-07 17:48:11.607 I/NpuProbe(20969): controle-sistema (liblog.so)=OK
10-07 17:48:11.607 I/NpuProbe(20969): negativo-fake (libnaoexiste_xyz.so)=FALHOU err=dlopen failed: library "libnaoexiste_xyz.so" not found
10-07 17:48:11.608 I/NpuProbe(20969): cdsprpc-nome (libcdsprpc.so)=OK
10-07 17:48:11.609 I/NpuProbe(20969): cdsprpc-abs (/vendor/lib64/libcdsprpc.so)=OK
10-07 17:48:11.609 I/NpuProbe(20969): ADSP_LIBRARY_PATH=libdir (setenv)
10-07 17:48:11.610 I/NpuProbe(20969): [ggml] ggml_vulkan: Found 1 Vulkan devices:
10-07 17:48:11.610 I/NpuProbe(20969): [ggml] ggml_vulkan: 0 = Adreno (TM) 840 (Qualcomm Technologies Inc. Adreno Vulkan Driver) | uma: 1 | fp16: 1 | bf16: 0 | fp4: 0 | warp size: 64 | shared memory: 32768 | int dot: 0 | matrix cores: none
10-07 17:48:11.616 I/NpuProbe(20969): [ggml] ggml_opencl: selected platform: 'QUALCOMM Snapdragon(TM)'
10-07 17:48:11.616 I/NpuProbe(20969): [ggml] 
10-07 17:48:11.616 I/NpuProbe(20969): ggml_opencl: device: 'QUALCOMM Adreno(TM) 840 (OpenCL 3.0 Adreno(TM) 840)'
10-07 17:48:11.616 I/NpuProbe(20969): [ggml] ggml_opencl: default device: 'QUALCOMM Adreno(TM) 840 (OpenCL 3.0 Adreno(TM) 840)'
10-07 17:48:11.616 I/NpuProbe(20969): [ggml] ggml-hex: Loading driver libcdsprpc.so
10-07 17:48:11.617 I/NpuProbe(20969): [ggml] ggml-hex: Hexagon backend (experimental) : allocating new registry : ndev 1
10-07 17:48:11.617 I/NpuProbe(20969): [ggml] ggml-hex: Hexagon Arch version v81
10-07 17:48:11.617 I/NpuProbe(20969): [ggml] ggml-hex: HTP0 allocating new session
10-07 17:48:11.648 I/NpuProbe(20969): [ggml] ggml-hex: HTP0 hwinfo: threads 8, hvx 8, hmx 1, vtcm 8 MB
10-07 17:48:11.648 I/NpuProbe(20969): [ggml] ggml-hex: HTP0 new session : session-id 0 domain-id 3 uri file:///libggml-htp-v81.so?htp_iface_skel_handle_invoke&_modver=1.0&_dom=cdsp&_session=0 handle 0xb4000077c5fb1cc0
10-07 17:48:11.651 I/NpuProbe(20969): [ggml] ggml-hex: HTP0 op batching: n-bufs 16 n-tensors 7168 n-ops 1024 vmem 3355443200
10-07 17:48:11.655 I/NpuProbe(20969): load_all_from_path=46ms
10-07 17:48:11.655 I/NpuProbe(20969): [ggml] load_backend: failed to find ggml_backend_init in /data/app/~~-AAa5lDaii0dMGTPgPeENA==/br.gov.sp.pcsp.npuprobe-rKDzfVqWrdi-4lPwWdPEAA==/lib/arm64/libggml-hexagon.so
10-07 17:48:11.655 I/NpuProbe(20969): load(hexagon direto)=FALHOU em 0ms
10-07 17:48:11.655 I/NpuProbe(20969): devices=4
10-07 17:48:11.655 I/NpuProbe(20969):   dev[0] Vulkan0 (Adreno (TM) 840)
10-07 17:48:11.655 I/NpuProbe(20969):   dev[1] GPUOpenCL (QUALCOMM Adreno(TM) 840)
10-07 17:48:11.655 I/NpuProbe(20969):   dev[2] HTP0 (Hexagon)
10-07 17:48:11.655 I/NpuProbe(20969):   dev[3] CPU (CPU)
10-07 17:48:11.655 I/NpuProbe(20969): dev_init(HTP0)=0ms -> SESSAO ABERTA
10-07 17:48:11.656 I/NpuProbe(20969): graph_compute(MUL_MAT 64x64)=0.5ms status=0
10-07 17:48:11.656 I/NpuProbe(20969): c[0]=128.000000 (esperado 128.0)
10-07 17:48:11.656 I/NpuProbe(20969): RESULTADO: APP-UID OK: sessao HTP + op executado com resultado correto
10-07 17:48:11.656 I/NpuProbe(20969): REPORT:
10-07 17:48:11.656 I/NpuProbe(20969): libdir=/data/app/~~-AAa5lDaii0dMGTPgPeENA==/br.gov.sp.pcsp.npuprobe-rKDzfVqWrdi-4lPwWdPEAA==/lib/arm64
10-07 17:48:11.656 I/NpuProbe(20969): build=llama.cpp-upstream-pkg (v11-libs) + probe R4
10-07 17:48:11.656 I/NpuProbe(20969): controle-sistema (liblog.so)=OK
10-07 17:48:11.656 I/NpuProbe(20969): negativo-fake (libnaoexiste_xyz.so)=FALHOU err=dlopen failed: library "libnaoexiste_xyz.so" not found
10-07 17:48:11.656 I/NpuProbe(20969): cdsprpc-nome (libcdsprpc.so)=OK
10-07 17:48:11.656 I/NpuProbe(20969): cdsprpc-abs (/vendor/lib64/libcdsprpc.so)=OK
10-07 17:48:11.656 I/NpuProbe(20969): ADSP_LIBRARY_PATH=libdir (setenv)
10-07 17:48:11.656 I/NpuProbe(20969): load_all_from_path=46ms
10-07 17:48:11.656 I/NpuProbe(20969): load(hexagon direto)=FALHOU em 0ms
10-07 17:48:11.656 I/NpuProbe(20969): devices=4
10-07 17:48:11.656 I/NpuProbe(20969):   dev[0] Vulkan0 (Adreno (TM) 840)
10-07 17:48:11.656 I/NpuProbe(20969):   dev[1] GPUOpenCL (QUALCOMM Adreno(TM) 840)
10-07 17:48:11.656 I/NpuProbe(20969):   dev[2] HTP0 (Hexagon)
10-07 17:48:11.656 I/NpuProbe(20969):   dev[3] CPU (CPU)
10-07 17:48:11.656 I/NpuProbe(20969): dev_init(HTP0)=0ms -> SESSAO ABERTA
10-07 17:48:11.656 I/NpuProbe(20969): graph_compute(MUL_MAT 64x64)=0.5ms status=0
10-07 17:48:11.656 I/NpuProbe(20969): c[0]=128.000000 (esperado 128.0)
10-07 17:48:11.656 I/NpuProbe(20969): RESULTADO: APP-UID OK: sessao HTP + op executado com resultado correto
10-07 17:48:11.657 I/NpuProbe(20969): AUTO-GATILHO='smart:puro:cpu'
10-07 17:48:11.657 I/NpuProbe(20969): SMART iniciando rota=puro:cpu com /data/local/tmp/hymt2_app.gguf
10-07 17:48:11.657 I/NpuProbe(20969): SMARTv2 rota='puro:cpu' mutante=(none)
10-07 17:48:11.658 I/NpuProbe(20969): MODO VALIDACAO (espelho teacher-forcing)
10-07 17:48:11.658 I/NpuProbe(20969): MODO PURO: origem=(nenhuma) | destino=cpu (CPU)
10-07 17:48:12.830 I/NpuProbe(20969): puro: ok=1 pieces=8 prefill=642.35ms gen=273.88ms pp1=0.33ms
10-07 17:48:12.830 I/NpuProbe(20969): puro texto: Bom dia, como você está?
10-07 17:48:12.830 I/NpuProbe(20969): RESULTADO: PURO-EXECUTADO (cpu; baseline; SEM juizo de qualidade — usar texto/stop)
10-07 17:48:12.882 I/NpuProbe(20969): SMART REPORT:
10-07 17:48:12.882 I/NpuProbe(20969): SMART (puro:cpu)
10-07 17:48:12.882 I/NpuProbe(20969): 
10-07 17:48:12.882 I/NpuProbe(20969): SMARTv2 rota='puro:cpu' mutante=(none)
10-07 17:48:12.882 I/NpuProbe(20969): MODO VALIDACAO (espelho teacher-forcing)
10-07 17:48:12.882 I/NpuProbe(20969): MODO PURO: origem=(nenhuma) | destino=cpu (CPU)
10-07 17:48:12.882 I/NpuProbe(20969): load(destino)=224ms
10-07 17:48:12.882 I/NpuProbe(20969): puro: ok=1 pieces=8 prefill=642.35ms gen=273.88ms pp1=0.33ms
10-07 17:48:12.882 I/NpuProbe(20969): puro texto: Bom dia, como você está?
10-07 17:48:12.882 I/NpuProbe(20969): RESULTADO: PURO-EXECUTADO (cpu; baseline; SEM juizo de qualidade — usar texto/stop)
[rec 17:47:59]
--------- beginning of main
10-07 17:49:11.324 I/NpuProbe(21410): nativeLibraryDir=/data/app/~~-AAa5lDaii0dMGTPgPeENA==/br.gov.sp.pcsp.npuprobe-rKDzfVqWrdi-4lPwWdPEAA==/lib/arm64
10-07 17:49:11.324 I/NpuProbe(21410): libdir=/data/app/~~-AAa5lDaii0dMGTPgPeENA==/br.gov.sp.pcsp.npuprobe-rKDzfVqWrdi-4lPwWdPEAA==/lib/arm64
10-07 17:49:11.324 I/NpuProbe(21410): build=llama.cpp-upstream-pkg (v11-libs) + probe R4
10-07 17:49:11.324 I/NpuProbe(21410): controle-sistema (liblog.so)=OK
10-07 17:49:11.324 I/NpuProbe(21410): negativo-fake (libnaoexiste_xyz.so)=FALHOU err=dlopen failed: library "libnaoexiste_xyz.so" not found
10-07 17:49:11.324 I/NpuProbe(21410): cdsprpc-nome (libcdsprpc.so)=OK
10-07 17:49:11.325 I/NpuProbe(21410): cdsprpc-abs (/vendor/lib64/libcdsprpc.so)=OK
10-07 17:49:11.325 I/NpuProbe(21410): ADSP_LIBRARY_PATH=libdir (setenv)
10-07 17:49:11.326 I/NpuProbe(21410): [ggml] ggml_vulkan: Found 1 Vulkan devices:
10-07 17:49:11.326 I/NpuProbe(21410): [ggml] ggml_vulkan: 0 = Adreno (TM) 840 (Qualcomm Technologies Inc. Adreno Vulkan Driver) | uma: 1 | fp16: 1 | bf16: 0 | fp4: 0 | warp size: 64 | shared memory: 32768 | int dot: 0 | matrix cores: none
10-07 17:49:11.332 I/NpuProbe(21410): [ggml] ggml_opencl: selected platform: 'QUALCOMM Snapdragon(TM)'
10-07 17:49:11.332 I/NpuProbe(21410): [ggml] 
10-07 17:49:11.332 I/NpuProbe(21410): ggml_opencl: device: 'QUALCOMM Adreno(TM) 840 (OpenCL 3.0 Adreno(TM) 840)'
10-07 17:49:11.332 I/NpuProbe(21410): [ggml] ggml_opencl: default device: 'QUALCOMM Adreno(TM) 840 (OpenCL 3.0 Adreno(TM) 840)'
10-07 17:49:11.332 I/NpuProbe(21410): [ggml] ggml-hex: Loading driver libcdsprpc.so
10-07 17:49:11.333 I/NpuProbe(21410): [ggml] ggml-hex: Hexagon backend (experimental) : allocating new registry : ndev 1
10-07 17:49:11.333 I/NpuProbe(21410): [ggml] ggml-hex: Hexagon Arch version v81
10-07 17:49:11.333 I/NpuProbe(21410): [ggml] ggml-hex: HTP0 allocating new session
10-07 17:49:11.366 I/NpuProbe(21410): [ggml] ggml-hex: HTP0 hwinfo: threads 8, hvx 8, hmx 1, vtcm 8 MB
10-07 17:49:11.366 I/NpuProbe(21410): [ggml] ggml-hex: HTP0 new session : session-id 0 domain-id 3 uri file:///libggml-htp-v81.so?htp_iface_skel_handle_invoke&_modver=1.0&_dom=cdsp&_session=0 handle 0xb4000077c5fb3a80
10-07 17:49:11.368 I/NpuProbe(21410): [ggml] ggml-hex: HTP0 op batching: n-bufs 16 n-tensors 7168 n-ops 1024 vmem 3355443200
10-07 17:49:11.374 I/NpuProbe(21410): load_all_from_path=49ms
10-07 17:49:11.375 I/NpuProbe(21410): [ggml] load_backend: failed to find ggml_backend_init in /data/app/~~-AAa5lDaii0dMGTPgPeENA==/br.gov.sp.pcsp.npuprobe-rKDzfVqWrdi-4lPwWdPEAA==/lib/arm64/libggml-hexagon.so
10-07 17:49:11.375 I/NpuProbe(21410): load(hexagon direto)=FALHOU em 0ms
10-07 17:49:11.375 I/NpuProbe(21410): devices=4
10-07 17:49:11.375 I/NpuProbe(21410):   dev[0] Vulkan0 (Adreno (TM) 840)
10-07 17:49:11.375 I/NpuProbe(21410):   dev[1] GPUOpenCL (QUALCOMM Adreno(TM) 840)
10-07 17:49:11.375 I/NpuProbe(21410):   dev[2] HTP0 (Hexagon)
10-07 17:49:11.375 I/NpuProbe(21410):   dev[3] CPU (CPU)
10-07 17:49:11.375 I/NpuProbe(21410): dev_init(HTP0)=0ms -> SESSAO ABERTA
10-07 17:49:11.376 I/NpuProbe(21410): graph_compute(MUL_MAT 64x64)=0.6ms status=0
10-07 17:49:11.376 I/NpuProbe(21410): c[0]=128.000000 (esperado 128.0)
10-07 17:49:11.376 I/NpuProbe(21410): RESULTADO: APP-UID OK: sessao HTP + op executado com resultado correto
10-07 17:49:11.376 I/NpuProbe(21410): REPORT:
10-07 17:49:11.376 I/NpuProbe(21410): libdir=/data/app/~~-AAa5lDaii0dMGTPgPeENA==/br.gov.sp.pcsp.npuprobe-rKDzfVqWrdi-4lPwWdPEAA==/lib/arm64
10-07 17:49:11.376 I/NpuProbe(21410): build=llama.cpp-upstream-pkg (v11-libs) + probe R4
10-07 17:49:11.376 I/NpuProbe(21410): controle-sistema (liblog.so)=OK
10-07 17:49:11.376 I/NpuProbe(21410): negativo-fake (libnaoexiste_xyz.so)=FALHOU err=dlopen failed: library "libnaoexiste_xyz.so" not found
10-07 17:49:11.376 I/NpuProbe(21410): cdsprpc-nome (libcdsprpc.so)=OK
10-07 17:49:11.376 I/NpuProbe(21410): cdsprpc-abs (/vendor/lib64/libcdsprpc.so)=OK
10-07 17:49:11.376 I/NpuProbe(21410): ADSP_LIBRARY_PATH=libdir (setenv)
10-07 17:49:11.376 I/NpuProbe(21410): load_all_from_path=49ms
10-07 17:49:11.376 I/NpuProbe(21410): load(hexagon direto)=FALHOU em 0ms
10-07 17:49:11.376 I/NpuProbe(21410): devices=4
10-07 17:49:11.376 I/NpuProbe(21410):   dev[0] Vulkan0 (Adreno (TM) 840)
10-07 17:49:11.376 I/NpuProbe(21410):   dev[1] GPUOpenCL (QUALCOMM Adreno(TM) 840)
10-07 17:49:11.376 I/NpuProbe(21410):   dev[2] HTP0 (Hexagon)
10-07 17:49:11.376 I/NpuProbe(21410):   dev[3] CPU (CPU)
10-07 17:49:11.376 I/NpuProbe(21410): dev_init(HTP0)=0ms -> SESSAO ABERTA
10-07 17:49:11.376 I/NpuProbe(21410): graph_compute(MUL_MAT 64x64)=0.6ms status=0
10-07 17:49:11.376 I/NpuProbe(21410): c[0]=128.000000 (esperado 128.0)
10-07 17:49:11.376 I/NpuProbe(21410): RESULTADO: APP-UID OK: sessao HTP + op executado com resultado correto
10-07 17:49:11.377 I/NpuProbe(21410): AUTO-GATILHO='smart:puro:htp'
10-07 17:49:11.377 I/NpuProbe(21410): SMART iniciando rota=puro:htp com /data/local/tmp/hymt2_app.gguf
10-07 17:49:11.377 I/NpuProbe(21410): SMARTv2 rota='puro:htp' mutante=(none)
10-07 17:49:11.378 I/NpuProbe(21410): MODO VALIDACAO (espelho teacher-forcing)
10-07 17:49:11.378 I/NpuProbe(21410): MODO PURO: origem=(nenhuma) | destino=htp (HTP0)
10-07 17:49:13.122 I/NpuProbe(21410): puro: ok=1 pieces=8 prefill=828.46ms gen=693.81ms pp1=0.29ms
10-07 17:49:13.122 I/NpuProbe(21410): puro texto: Bom dia, como você está?
10-07 17:49:13.122 I/NpuProbe(21410): RESULTADO: PURO-EXECUTADO (htp; baseline; SEM juizo de qualidade — usar texto/stop)
10-07 17:49:13.176 I/NpuProbe(21410): SMART REPORT:
10-07 17:49:13.176 I/NpuProbe(21410): SMART (puro:htp)
10-07 17:49:13.176 I/NpuProbe(21410): 
10-07 17:49:13.176 I/NpuProbe(21410): SMARTv2 rota='puro:htp' mutante=(none)
10-07 17:49:13.176 I/NpuProbe(21410): MODO VALIDACAO (espelho teacher-forcing)
10-07 17:49:13.176 I/NpuProbe(21410): MODO PURO: origem=(nenhuma) | destino=htp (HTP0)
10-07 17:49:13.176 I/NpuProbe(21410): load(destino)=190ms
10-07 17:49:13.176 I/NpuProbe(21410): puro: ok=1 pieces=8 prefill=828.46ms gen=693.81ms pp1=0.29ms
10-07 17:49:13.176 I/NpuProbe(21410): puro texto: Bom dia, como você está?
10-07 17:49:13.176 I/NpuProbe(21410): RESULTADO: PURO-EXECUTADO (htp; baseline; SEM juizo de qualidade — usar texto/stop)
[rec 17:48:27]
--------- beginning of main
10-07 17:49:11.324 I/NpuProbe(21410): nativeLibraryDir=/data/app/~~-AAa5lDaii0dMGTPgPeENA==/br.gov.sp.pcsp.npuprobe-rKDzfVqWrdi-4lPwWdPEAA==/lib/arm64
10-07 17:49:11.324 I/NpuProbe(21410): libdir=/data/app/~~-AAa5lDaii0dMGTPgPeENA==/br.gov.sp.pcsp.npuprobe-rKDzfVqWrdi-4lPwWdPEAA==/lib/arm64
10-07 17:49:11.324 I/NpuProbe(21410): build=llama.cpp-upstream-pkg (v11-libs) + probe R4
10-07 17:49:11.324 I/NpuProbe(21410): controle-sistema (liblog.so)=OK
10-07 17:49:11.324 I/NpuProbe(21410): negativo-fake (libnaoexiste_xyz.so)=FALHOU err=dlopen failed: library "libnaoexiste_xyz.so" not found
10-07 17:49:11.324 I/NpuProbe(21410): cdsprpc-nome (libcdsprpc.so)=OK
10-07 17:49:11.325 I/NpuProbe(21410): cdsprpc-abs (/vendor/lib64/libcdsprpc.so)=OK
10-07 17:49:11.325 I/NpuProbe(21410): ADSP_LIBRARY_PATH=libdir (setenv)
10-07 17:49:11.326 I/NpuProbe(21410): [ggml] ggml_vulkan: Found 1 Vulkan devices:
10-07 17:49:11.326 I/NpuProbe(21410): [ggml] ggml_vulkan: 0 = Adreno (TM) 840 (Qualcomm Technologies Inc. Adreno Vulkan Driver) | uma: 1 | fp16: 1 | bf16: 0 | fp4: 0 | warp size: 64 | shared memory: 32768 | int dot: 0 | matrix cores: none
10-07 17:49:11.332 I/NpuProbe(21410): [ggml] ggml_opencl: selected platform: 'QUALCOMM Snapdragon(TM)'
10-07 17:49:11.332 I/NpuProbe(21410): [ggml] 
10-07 17:49:11.332 I/NpuProbe(21410): ggml_opencl: device: 'QUALCOMM Adreno(TM) 840 (OpenCL 3.0 Adreno(TM) 840)'
10-07 17:49:11.332 I/NpuProbe(21410): [ggml] ggml_opencl: default device: 'QUALCOMM Adreno(TM) 840 (OpenCL 3.0 Adreno(TM) 840)'
10-07 17:49:11.332 I/NpuProbe(21410): [ggml] ggml-hex: Loading driver libcdsprpc.so
10-07 17:49:11.333 I/NpuProbe(21410): [ggml] ggml-hex: Hexagon backend (experimental) : allocating new registry : ndev 1
10-07 17:49:11.333 I/NpuProbe(21410): [ggml] ggml-hex: Hexagon Arch version v81
10-07 17:49:11.333 I/NpuProbe(21410): [ggml] ggml-hex: HTP0 allocating new session
10-07 17:49:11.366 I/NpuProbe(21410): [ggml] ggml-hex: HTP0 hwinfo: threads 8, hvx 8, hmx 1, vtcm 8 MB
10-07 17:49:11.366 I/NpuProbe(21410): [ggml] ggml-hex: HTP0 new session : session-id 0 domain-id 3 uri file:///libggml-htp-v81.so?htp_iface_skel_handle_invoke&_modver=1.0&_dom=cdsp&_session=0 handle 0xb4000077c5fb3a80
10-07 17:49:11.368 I/NpuProbe(21410): [ggml] ggml-hex: HTP0 op batching: n-bufs 16 n-tensors 7168 n-ops 1024 vmem 3355443200
10-07 17:49:11.374 I/NpuProbe(21410): load_all_from_path=49ms
10-07 17:49:11.375 I/NpuProbe(21410): [ggml] load_backend: failed to find ggml_backend_init in /data/app/~~-AAa5lDaii0dMGTPgPeENA==/br.gov.sp.pcsp.npuprobe-rKDzfVqWrdi-4lPwWdPEAA==/lib/arm64/libggml-hexagon.so
10-07 17:49:11.375 I/NpuProbe(21410): load(hexagon direto)=FALHOU em 0ms
10-07 17:49:11.375 I/NpuProbe(21410): devices=4
10-07 17:49:11.375 I/NpuProbe(21410):   dev[0] Vulkan0 (Adreno (TM) 840)
10-07 17:49:11.375 I/NpuProbe(21410):   dev[1] GPUOpenCL (QUALCOMM Adreno(TM) 840)
10-07 17:49:11.375 I/NpuProbe(21410):   dev[2] HTP0 (Hexagon)
10-07 17:49:11.375 I/NpuProbe(21410):   dev[3] CPU (CPU)
10-07 17:49:11.375 I/NpuProbe(21410): dev_init(HTP0)=0ms -> SESSAO ABERTA
10-07 17:49:11.376 I/NpuProbe(21410): graph_compute(MUL_MAT 64x64)=0.6ms status=0
10-07 17:49:11.376 I/NpuProbe(21410): c[0]=128.000000 (esperado 128.0)
10-07 17:49:11.376 I/NpuProbe(21410): RESULTADO: APP-UID OK: sessao HTP + op executado com resultado correto
10-07 17:49:11.376 I/NpuProbe(21410): REPORT:
10-07 17:49:11.376 I/NpuProbe(21410): libdir=/data/app/~~-AAa5lDaii0dMGTPgPeENA==/br.gov.sp.pcsp.npuprobe-rKDzfVqWrdi-4lPwWdPEAA==/lib/arm64
10-07 17:49:11.376 I/NpuProbe(21410): build=llama.cpp-upstream-pkg (v11-libs) + probe R4
10-07 17:49:11.376 I/NpuProbe(21410): controle-sistema (liblog.so)=OK
10-07 17:49:11.376 I/NpuProbe(21410): negativo-fake (libnaoexiste_xyz.so)=FALHOU err=dlopen failed: library "libnaoexiste_xyz.so" not found
10-07 17:49:11.376 I/NpuProbe(21410): cdsprpc-nome (libcdsprpc.so)=OK
10-07 17:49:11.376 I/NpuProbe(21410): cdsprpc-abs (/vendor/lib64/libcdsprpc.so)=OK
10-07 17:49:11.376 I/NpuProbe(21410): ADSP_LIBRARY_PATH=libdir (setenv)
10-07 17:49:11.376 I/NpuProbe(21410): load_all_from_path=49ms
10-07 17:49:11.376 I/NpuProbe(21410): load(hexagon direto)=FALHOU em 0ms
10-07 17:49:11.376 I/NpuProbe(21410): devices=4
10-07 17:49:11.376 I/NpuProbe(21410):   dev[0] Vulkan0 (Adreno (TM) 840)
10-07 17:49:11.376 I/NpuProbe(21410):   dev[1] GPUOpenCL (QUALCOMM Adreno(TM) 840)
10-07 17:49:11.376 I/NpuProbe(21410):   dev[2] HTP0 (Hexagon)
10-07 17:49:11.376 I/NpuProbe(21410):   dev[3] CPU (CPU)
10-07 17:49:11.376 I/NpuProbe(21410): dev_init(HTP0)=0ms -> SESSAO ABERTA
10-07 17:49:11.376 I/NpuProbe(21410): graph_compute(MUL_MAT 64x64)=0.6ms status=0
10-07 17:49:11.376 I/NpuProbe(21410): c[0]=128.000000 (esperado 128.0)
10-07 17:49:11.376 I/NpuProbe(21410): RESULTADO: APP-UID OK: sessao HTP + op executado com resultado correto
10-07 17:49:11.377 I/NpuProbe(21410): AUTO-GATILHO='smart:puro:htp'
10-07 17:49:11.377 I/NpuProbe(21410): SMART iniciando rota=puro:htp com /data/local/tmp/hymt2_app.gguf
10-07 17:49:11.377 I/NpuProbe(21410): SMARTv2 rota='puro:htp' mutante=(none)
10-07 17:49:11.378 I/NpuProbe(21410): MODO VALIDACAO (espelho teacher-forcing)
10-07 17:49:11.378 I/NpuProbe(21410): MODO PURO: origem=(nenhuma) | destino=htp (HTP0)
10-07 17:49:13.122 I/NpuProbe(21410): puro: ok=1 pieces=8 prefill=828.46ms gen=693.81ms pp1=0.29ms
10-07 17:49:13.122 I/NpuProbe(21410): puro texto: Bom dia, como você está?
10-07 17:49:13.122 I/NpuProbe(21410): RESULTADO: PURO-EXECUTADO (htp; baseline; SEM juizo de qualidade — usar texto/stop)
10-07 17:49:13.176 I/NpuProbe(21410): SMART REPORT:
10-07 17:49:13.176 I/NpuProbe(21410): SMART (puro:htp)
10-07 17:49:13.176 I/NpuProbe(21410): 
10-07 17:49:13.176 I/NpuProbe(21410): SMARTv2 rota='puro:htp' mutante=(none)
10-07 17:49:13.176 I/NpuProbe(21410): MODO VALIDACAO (espelho teacher-forcing)
10-07 17:49:13.176 I/NpuProbe(21410): MODO PURO: origem=(nenhuma) | destino=htp (HTP0)
10-07 17:49:13.176 I/NpuProbe(21410): load(destino)=190ms
10-07 17:49:13.176 I/NpuProbe(21410): puro: ok=1 pieces=8 prefill=828.46ms gen=693.81ms pp1=0.29ms
10-07 17:49:13.176 I/NpuProbe(21410): puro texto: Bom dia, como você está?
10-07 17:49:13.176 I/NpuProbe(21410): RESULTADO: PURO-EXECUTADO (htp; baseline; SEM juizo de qualidade — usar texto/stop)
[rec 17:48:55]
[rec 17:49:21]
--------- beginning of main
10-07 17:50:15.747 I/NpuProbe(22307): nativeLibraryDir=/data/app/~~-AAa5lDaii0dMGTPgPeENA==/br.gov.sp.pcsp.npuprobe-rKDzfVqWrdi-4lPwWdPEAA==/lib/arm64
10-07 17:50:15.747 I/NpuProbe(22307): libdir=/data/app/~~-AAa5lDaii0dMGTPgPeENA==/br.gov.sp.pcsp.npuprobe-rKDzfVqWrdi-4lPwWdPEAA==/lib/arm64
10-07 17:50:15.747 I/NpuProbe(22307): build=llama.cpp-upstream-pkg (v11-libs) + probe R4
10-07 17:50:15.747 I/NpuProbe(22307): controle-sistema (liblog.so)=OK
10-07 17:50:15.747 I/NpuProbe(22307): negativo-fake (libnaoexiste_xyz.so)=FALHOU err=dlopen failed: library "libnaoexiste_xyz.so" not found
10-07 17:50:15.748 I/NpuProbe(22307): cdsprpc-nome (libcdsprpc.so)=OK
10-07 17:50:15.749 I/NpuProbe(22307): cdsprpc-abs (/vendor/lib64/libcdsprpc.so)=OK
10-07 17:50:15.749 I/NpuProbe(22307): ADSP_LIBRARY_PATH=libdir (setenv)
10-07 17:50:15.750 I/NpuProbe(22307): [ggml] ggml_vulkan: Found 1 Vulkan devices:
10-07 17:50:15.750 I/NpuProbe(22307): [ggml] ggml_vulkan: 0 = Adreno (TM) 840 (Qualcomm Technologies Inc. Adreno Vulkan Driver) | uma: 1 | fp16: 1 | bf16: 0 | fp4: 0 | warp size: 64 | shared memory: 32768 | int dot: 0 | matrix cores: none
10-07 17:50:15.755 I/NpuProbe(22307): [ggml] ggml_opencl: selected platform: 'QUALCOMM Snapdragon(TM)'
10-07 17:50:15.756 I/NpuProbe(22307): [ggml] 
10-07 17:50:15.756 I/NpuProbe(22307): ggml_opencl: device: 'QUALCOMM Adreno(TM) 840 (OpenCL 3.0 Adreno(TM) 840)'
10-07 17:50:15.756 I/NpuProbe(22307): [ggml] ggml_opencl: default device: 'QUALCOMM Adreno(TM) 840 (OpenCL 3.0 Adreno(TM) 840)'
10-07 17:50:15.756 I/NpuProbe(22307): [ggml] ggml-hex: Loading driver libcdsprpc.so
10-07 17:50:15.757 I/NpuProbe(22307): [ggml] ggml-hex: Hexagon backend (experimental) : allocating new registry : ndev 1
10-07 17:50:15.757 I/NpuProbe(22307): [ggml] ggml-hex: Hexagon Arch version v81
10-07 17:50:15.757 I/NpuProbe(22307): [ggml] ggml-hex: HTP0 allocating new session
10-07 17:50:15.788 I/NpuProbe(22307): [ggml] ggml-hex: HTP0 hwinfo: threads 8, hvx 8, hmx 1, vtcm 8 MB
10-07 17:50:15.789 I/NpuProbe(22307): [ggml] ggml-hex: HTP0 new session : session-id 0 domain-id 3 uri file:///libggml-htp-v81.so?htp_iface_skel_handle_invoke&_modver=1.0&_dom=cdsp&_session=0 handle 0xb4000077d52e9a00
10-07 17:50:15.792 I/NpuProbe(22307): [ggml] ggml-hex: HTP0 op batching: n-bufs 16 n-tensors 7168 n-ops 1024 vmem 3355443200
10-07 17:50:15.797 I/NpuProbe(22307): load_all_from_path=48ms
10-07 17:50:15.797 I/NpuProbe(22307): [ggml] load_backend: failed to find ggml_backend_init in /data/app/~~-AAa5lDaii0dMGTPgPeENA==/br.gov.sp.pcsp.npuprobe-rKDzfVqWrdi-4lPwWdPEAA==/lib/arm64/libggml-hexagon.so
10-07 17:50:15.797 I/NpuProbe(22307): load(hexagon direto)=FALHOU em 0ms
10-07 17:50:15.797 I/NpuProbe(22307): devices=4
10-07 17:50:15.797 I/NpuProbe(22307):   dev[0] Vulkan0 (Adreno (TM) 840)
10-07 17:50:15.797 I/NpuProbe(22307):   dev[1] GPUOpenCL (QUALCOMM Adreno(TM) 840)
10-07 17:50:15.797 I/NpuProbe(22307):   dev[2] HTP0 (Hexagon)
10-07 17:50:15.797 I/NpuProbe(22307):   dev[3] CPU (CPU)
10-07 17:50:15.797 I/NpuProbe(22307): dev_init(HTP0)=0ms -> SESSAO ABERTA
10-07 17:50:15.798 I/NpuProbe(22307): graph_compute(MUL_MAT 64x64)=0.6ms status=0
10-07 17:50:15.798 I/NpuProbe(22307): c[0]=128.000000 (esperado 128.0)
10-07 17:50:15.798 I/NpuProbe(22307): RESULTADO: APP-UID OK: sessao HTP + op executado com resultado correto
10-07 17:50:15.799 I/NpuProbe(22307): REPORT:
10-07 17:50:15.799 I/NpuProbe(22307): libdir=/data/app/~~-AAa5lDaii0dMGTPgPeENA==/br.gov.sp.pcsp.npuprobe-rKDzfVqWrdi-4lPwWdPEAA==/lib/arm64
10-07 17:50:15.799 I/NpuProbe(22307): build=llama.cpp-upstream-pkg (v11-libs) + probe R4
10-07 17:50:15.799 I/NpuProbe(22307): controle-sistema (liblog.so)=OK
10-07 17:50:15.799 I/NpuProbe(22307): negativo-fake (libnaoexiste_xyz.so)=FALHOU err=dlopen failed: library "libnaoexiste_xyz.so" not found
10-07 17:50:15.799 I/NpuProbe(22307): cdsprpc-nome (libcdsprpc.so)=OK
10-07 17:50:15.799 I/NpuProbe(22307): cdsprpc-abs (/vendor/lib64/libcdsprpc.so)=OK
10-07 17:50:15.799 I/NpuProbe(22307): ADSP_LIBRARY_PATH=libdir (setenv)
10-07 17:50:15.799 I/NpuProbe(22307): load_all_from_path=48ms
10-07 17:50:15.799 I/NpuProbe(22307): load(hexagon direto)=FALHOU em 0ms
10-07 17:50:15.799 I/NpuProbe(22307): devices=4
10-07 17:50:15.799 I/NpuProbe(22307):   dev[0] Vulkan0 (Adreno (TM) 840)
10-07 17:50:15.799 I/NpuProbe(22307):   dev[1] GPUOpenCL (QUALCOMM Adreno(TM) 840)
10-07 17:50:15.799 I/NpuProbe(22307):   dev[2] HTP0 (Hexagon)
10-07 17:50:15.799 I/NpuProbe(22307):   dev[3] CPU (CPU)
10-07 17:50:15.799 I/NpuProbe(22307): dev_init(HTP0)=0ms -> SESSAO ABERTA
10-07 17:50:15.799 I/NpuProbe(22307): graph_compute(MUL_MAT 64x64)=0.6ms status=0
10-07 17:50:15.799 I/NpuProbe(22307): c[0]=128.000000 (esperado 128.0)
10-07 17:50:15.799 I/NpuProbe(22307): RESULTADO: APP-UID OK: sessao HTP + op executado com resultado correto
10-07 17:50:15.799 I/NpuProbe(22307): AUTO-GATILHO='smart:puro:opencl'
10-07 17:50:15.799 I/NpuProbe(22307): SMART iniciando rota=puro:opencl com /data/local/tmp/hymt2_app.gguf
10-07 17:50:15.799 I/NpuProbe(22307): SMARTv2 rota='puro:opencl' mutante=(none)
10-07 17:50:15.800 I/NpuProbe(22307): MODO VALIDACAO (espelho teacher-forcing)
10-07 17:50:15.800 I/NpuProbe(22307): MODO PURO: origem=(nenhuma) | destino=opencl (GPUOpenCL)
10-07 17:50:16.013 I/NpuProbe(22307): [ggml] ggml_opencl: kernel cache enabled at '/data/user/0/br.gov.sp.pcsp.npuprobe/cache/llama.cpp/cl-cache'
10-07 17:50:16.013 I/NpuProbe(22307): [ggml] ggml_opencl: loading OpenCL kernels
10-07 17:50:16.013 I/NpuProbe(22307): [ggml] .
10-07 17:50:19.041 I/NpuProbe(22307): load(destino)=3240ms
10-07 17:50:19.041 I/NpuProbe(22307): [ggml] ggml_opencl: OpenCL driver: OpenCL 3.0 QUALCOMM build: 0842.41 Compiler E031.50.19.27
10-07 17:50:19.041 I/NpuProbe(22307): [ggml] ggml_opencl: vector subgroup broadcast support: true
10-07 17:50:19.041 I/NpuProbe(22307): [ggml] ggml_opencl: subgroup shuffle support: true
10-07 17:50:19.041 I/NpuProbe(22307): [ggml] ggml_opencl: device FP16 support: true
10-07 17:50:19.041 I/NpuProbe(22307): [ggml] ggml_opencl: khr dot product support: true
10-07 17:50:19.041 I/NpuProbe(22307): [ggml] ggml_opencl: mem base addr align: 128
10-07 17:50:19.041 I/NpuProbe(22307): [ggml] ggml_opencl: global mem size: 7555 MB
10-07 17:50:19.041 I/NpuProbe(22307): [ggml] ggml_opencl: max mem alloc size: 2048 MB
10-07 17:50:19.041 I/NpuProbe(22307): [ggml] ggml_opencl: device max image buffer size (pixels): 2147483648
10-07 17:50:19.041 I/NpuProbe(22307): [ggml] ggml_opencl: device max image2d size: 16384 x 16384
10-07 17:50:19.041 I/NpuProbe(22307): [ggml] ggml_opencl: device max workgroup size: 1024
10-07 17:50:19.041 I/NpuProbe(22307): [ggml] ggml_opencl: SVM coarse grain buffer support: true
10-07 17:50:19.041 I/NpuProbe(22307): [ggml] ggml_opencl: SVM fine grain buffer support: true
10-07 17:50:19.041 I/NpuProbe(22307): [ggml] ggml_opencl: SVM fine grain system support: false
10-07 17:50:19.041 I/NpuProbe(22307): [ggml] ggml_opencl: SVM atomics support: true
10-07 17:50:19.041 I/NpuProbe(22307): [ggml] ggml_opencl: cl_qcom_subgroup_shuffle support: true
10-07 17:50:19.041 I/NpuProbe(22307): [ggml] ggml_opencl: flattening quantized weights representation as struct of arrays (GGML_OPENCL_SOA_Q)
10-07 17:50:19.041 I/NpuProbe(22307): [ggml] ggml_opencl: using kernels optimized for Adreno (GGML_OPENCL_USE_ADRENO_KERNELS)
10-07 17:50:19.092 I/NpuProbe(22307): [ggml] ggml_opencl: lazy-compiling flash_attn prepass for DK=128 DV=128
10-07 17:50:19.092 I/NpuProbe(22307): [ggml] ggml_opencl: compiling fa prepass f16
10-07 17:50:19.155 I/NpuProbe(22307): [ggml] ggml_opencl: compiling fa f32_f16
10-07 17:50:20.387 I/NpuProbe(22307): [ggml] ggml_opencl: flash_attn_f32_f16_q1_vec_mq_split_c8 DK=128 DV=128 per-kernel max 128 < required 256; skipping registration (will fall back)
10-07 17:50:20.388 I/NpuProbe(22307): [ggml] ggml_opencl: compiling fa f32_f16 MQ_GQA=8
10-07 17:50:20.965 I/NpuProbe(22307): [ggml] ggml_opencl: flash_attn_f32_f16_q1_vec_mq_split_c8 (g8) DK=128 DV=128 per-kernel max 128 < required 192; skipping registration (will fall back)
10-07 17:50:20.965 I/NpuProbe(22307): [ggml] ggml_opencl: compiling fa f32_f16 c8 NSG2
10-07 17:50:21.359 I/NpuProbe(22307): [ggml] ggml_opencl: compiling fa f32_f16 c8 g8 NSG2
10-07 17:50:21.938 I/NpuProbe(22307): [ggml] ggml_opencl: compiling fa f32_f16 split
10-07 17:50:23.379 I/NpuProbe(22307): puro: ok=1 pieces=8 prefill=3863.97ms gen=427.79ms pp1=1.15ms
10-07 17:50:23.379 I/NpuProbe(22307): puro texto: Bom dia, como você está?
10-07 17:50:23.379 I/NpuProbe(22307): RESULTADO: PURO-EXECUTADO (opencl; baseline; SEM juizo de qualidade — usar texto/stop)
10-07 17:50:23.579 I/NpuProbe(22307): SMART REPORT:
10-07 17:50:23.579 I/NpuProbe(22307): SMART (puro:opencl)
10-07 17:50:23.579 I/NpuProbe(22307): 
10-07 17:50:23.579 I/NpuProbe(22307): SMARTv2 rota='puro:opencl' mutante=(none)
10-07 17:50:23.579 I/NpuProbe(22307): MODO VALIDACAO (espelho teacher-forcing)
10-07 17:50:23.579 I/NpuProbe(22307): MODO PURO: origem=(nenhuma) | destino=opencl (GPUOpenCL)
10-07 17:50:23.579 I/NpuProbe(22307): load(destino)=3240ms
10-07 17:50:23.579 I/NpuProbe(22307): puro: ok=1 pieces=8 prefill=3863.97ms gen=427.79ms pp1=1.15ms
10-07 17:50:23.579 I/NpuProbe(22307): puro texto: Bom dia, como você está?
10-07 17:50:23.579 I/NpuProbe(22307): RESULTADO: PURO-EXECUTADO (opencl; baseline; SEM juizo de qualidade — usar texto/stop)
[rec 17:49:48]
--------- beginning of main
10-07 17:50:15.747 I/NpuProbe(22307): nativeLibraryDir=/data/app/~~-AAa5lDaii0dMGTPgPeENA==/br.gov.sp.pcsp.npuprobe-rKDzfVqWrdi-4lPwWdPEAA==/lib/arm64
10-07 17:50:15.747 I/NpuProbe(22307): libdir=/data/app/~~-AAa5lDaii0dMGTPgPeENA==/br.gov.sp.pcsp.npuprobe-rKDzfVqWrdi-4lPwWdPEAA==/lib/arm64
10-07 17:50:15.747 I/NpuProbe(22307): build=llama.cpp-upstream-pkg (v11-libs) + probe R4
10-07 17:50:15.747 I/NpuProbe(22307): controle-sistema (liblog.so)=OK
10-07 17:50:15.747 I/NpuProbe(22307): negativo-fake (libnaoexiste_xyz.so)=FALHOU err=dlopen failed: library "libnaoexiste_xyz.so" not found
10-07 17:50:15.748 I/NpuProbe(22307): cdsprpc-nome (libcdsprpc.so)=OK
10-07 17:50:15.749 I/NpuProbe(22307): cdsprpc-abs (/vendor/lib64/libcdsprpc.so)=OK
10-07 17:50:15.749 I/NpuProbe(22307): ADSP_LIBRARY_PATH=libdir (setenv)
10-07 17:50:15.750 I/NpuProbe(22307): [ggml] ggml_vulkan: Found 1 Vulkan devices:
10-07 17:50:15.750 I/NpuProbe(22307): [ggml] ggml_vulkan: 0 = Adreno (TM) 840 (Qualcomm Technologies Inc. Adreno Vulkan Driver) | uma: 1 | fp16: 1 | bf16: 0 | fp4: 0 | warp size: 64 | shared memory: 32768 | int dot: 0 | matrix cores: none
10-07 17:50:15.755 I/NpuProbe(22307): [ggml] ggml_opencl: selected platform: 'QUALCOMM Snapdragon(TM)'
10-07 17:50:15.756 I/NpuProbe(22307): [ggml] 
10-07 17:50:15.756 I/NpuProbe(22307): ggml_opencl: device: 'QUALCOMM Adreno(TM) 840 (OpenCL 3.0 Adreno(TM) 840)'
10-07 17:50:15.756 I/NpuProbe(22307): [ggml] ggml_opencl: default device: 'QUALCOMM Adreno(TM) 840 (OpenCL 3.0 Adreno(TM) 840)'
10-07 17:50:15.756 I/NpuProbe(22307): [ggml] ggml-hex: Loading driver libcdsprpc.so
10-07 17:50:15.757 I/NpuProbe(22307): [ggml] ggml-hex: Hexagon backend (experimental) : allocating new registry : ndev 1
10-07 17:50:15.757 I/NpuProbe(22307): [ggml] ggml-hex: Hexagon Arch version v81
10-07 17:50:15.757 I/NpuProbe(22307): [ggml] ggml-hex: HTP0 allocating new session
10-07 17:50:15.788 I/NpuProbe(22307): [ggml] ggml-hex: HTP0 hwinfo: threads 8, hvx 8, hmx 1, vtcm 8 MB
10-07 17:50:15.789 I/NpuProbe(22307): [ggml] ggml-hex: HTP0 new session : session-id 0 domain-id 3 uri file:///libggml-htp-v81.so?htp_iface_skel_handle_invoke&_modver=1.0&_dom=cdsp&_session=0 handle 0xb4000077d52e9a00
10-07 17:50:15.792 I/NpuProbe(22307): [ggml] ggml-hex: HTP0 op batching: n-bufs 16 n-tensors 7168 n-ops 1024 vmem 3355443200
10-07 17:50:15.797 I/NpuProbe(22307): load_all_from_path=48ms
10-07 17:50:15.797 I/NpuProbe(22307): [ggml] load_backend: failed to find ggml_backend_init in /data/app/~~-AAa5lDaii0dMGTPgPeENA==/br.gov.sp.pcsp.npuprobe-rKDzfVqWrdi-4lPwWdPEAA==/lib/arm64/libggml-hexagon.so
10-07 17:50:15.797 I/NpuProbe(22307): load(hexagon direto)=FALHOU em 0ms
10-07 17:50:15.797 I/NpuProbe(22307): devices=4
10-07 17:50:15.797 I/NpuProbe(22307):   dev[0] Vulkan0 (Adreno (TM) 840)
10-07 17:50:15.797 I/NpuProbe(22307):   dev[1] GPUOpenCL (QUALCOMM Adreno(TM) 840)
10-07 17:50:15.797 I/NpuProbe(22307):   dev[2] HTP0 (Hexagon)
10-07 17:50:15.797 I/NpuProbe(22307):   dev[3] CPU (CPU)
10-07 17:50:15.797 I/NpuProbe(22307): dev_init(HTP0)=0ms -> SESSAO ABERTA
10-07 17:50:15.798 I/NpuProbe(22307): graph_compute(MUL_MAT 64x64)=0.6ms status=0
10-07 17:50:15.798 I/NpuProbe(22307): c[0]=128.000000 (esperado 128.0)
10-07 17:50:15.798 I/NpuProbe(22307): RESULTADO: APP-UID OK: sessao HTP + op executado com resultado correto
10-07 17:50:15.799 I/NpuProbe(22307): REPORT:
10-07 17:50:15.799 I/NpuProbe(22307): libdir=/data/app/~~-AAa5lDaii0dMGTPgPeENA==/br.gov.sp.pcsp.npuprobe-rKDzfVqWrdi-4lPwWdPEAA==/lib/arm64
10-07 17:50:15.799 I/NpuProbe(22307): build=llama.cpp-upstream-pkg (v11-libs) + probe R4
10-07 17:50:15.799 I/NpuProbe(22307): controle-sistema (liblog.so)=OK
10-07 17:50:15.799 I/NpuProbe(22307): negativo-fake (libnaoexiste_xyz.so)=FALHOU err=dlopen failed: library "libnaoexiste_xyz.so" not found
10-07 17:50:15.799 I/NpuProbe(22307): cdsprpc-nome (libcdsprpc.so)=OK
10-07 17:50:15.799 I/NpuProbe(22307): cdsprpc-abs (/vendor/lib64/libcdsprpc.so)=OK
10-07 17:50:15.799 I/NpuProbe(22307): ADSP_LIBRARY_PATH=libdir (setenv)
10-07 17:50:15.799 I/NpuProbe(22307): load_all_from_path=48ms
10-07 17:50:15.799 I/NpuProbe(22307): load(hexagon direto)=FALHOU em 0ms
10-07 17:50:15.799 I/NpuProbe(22307): devices=4
10-07 17:50:15.799 I/NpuProbe(22307):   dev[0] Vulkan0 (Adreno (TM) 840)
10-07 17:50:15.799 I/NpuProbe(22307):   dev[1] GPUOpenCL (QUALCOMM Adreno(TM) 840)
10-07 17:50:15.799 I/NpuProbe(22307):   dev[2] HTP0 (Hexagon)
10-07 17:50:15.799 I/NpuProbe(22307):   dev[3] CPU (CPU)
10-07 17:50:15.799 I/NpuProbe(22307): dev_init(HTP0)=0ms -> SESSAO ABERTA
10-07 17:50:15.799 I/NpuProbe(22307): graph_compute(MUL_MAT 64x64)=0.6ms status=0
10-07 17:50:15.799 I/NpuProbe(22307): c[0]=128.000000 (esperado 128.0)
10-07 17:50:15.799 I/NpuProbe(22307): RESULTADO: APP-UID OK: sessao HTP + op executado com resultado correto
10-07 17:50:15.799 I/NpuProbe(22307): AUTO-GATILHO='smart:puro:opencl'
10-07 17:50:15.799 I/NpuProbe(22307): SMART iniciando rota=puro:opencl com /data/local/tmp/hymt2_app.gguf
10-07 17:50:15.799 I/NpuProbe(22307): SMARTv2 rota='puro:opencl' mutante=(none)
10-07 17:50:15.800 I/NpuProbe(22307): MODO VALIDACAO (espelho teacher-forcing)
10-07 17:50:15.800 I/NpuProbe(22307): MODO PURO: origem=(nenhuma) | destino=opencl (GPUOpenCL)
10-07 17:50:16.013 I/NpuProbe(22307): [ggml] ggml_opencl: kernel cache enabled at '/data/user/0/br.gov.sp.pcsp.npuprobe/cache/llama.cpp/cl-cache'
10-07 17:50:16.013 I/NpuProbe(22307): [ggml] ggml_opencl: loading OpenCL kernels
10-07 17:50:16.013 I/NpuProbe(22307): [ggml] .
10-07 17:50:19.041 I/NpuProbe(22307): load(destino)=3240ms
10-07 17:50:19.041 I/NpuProbe(22307): [ggml] ggml_opencl: OpenCL driver: OpenCL 3.0 QUALCOMM build: 0842.41 Compiler E031.50.19.27
10-07 17:50:19.041 I/NpuProbe(22307): [ggml] ggml_opencl: vector subgroup broadcast support: true
10-07 17:50:19.041 I/NpuProbe(22307): [ggml] ggml_opencl: subgroup shuffle support: true
10-07 17:50:19.041 I/NpuProbe(22307): [ggml] ggml_opencl: device FP16 support: true
10-07 17:50:19.041 I/NpuProbe(22307): [ggml] ggml_opencl: khr dot product support: true
10-07 17:50:19.041 I/NpuProbe(22307): [ggml] ggml_opencl: mem base addr align: 128
10-07 17:50:19.041 I/NpuProbe(22307): [ggml] ggml_opencl: global mem size: 7555 MB
10-07 17:50:19.041 I/NpuProbe(22307): [ggml] ggml_opencl: max mem alloc size: 2048 MB
10-07 17:50:19.041 I/NpuProbe(22307): [ggml] ggml_opencl: device max image buffer size (pixels): 2147483648
10-07 17:50:19.041 I/NpuProbe(22307): [ggml] ggml_opencl: device max image2d size: 16384 x 16384
10-07 17:50:19.041 I/NpuProbe(22307): [ggml] ggml_opencl: device max workgroup size: 1024
10-07 17:50:19.041 I/NpuProbe(22307): [ggml] ggml_opencl: SVM coarse grain buffer support: true
10-07 17:50:19.041 I/NpuProbe(22307): [ggml] ggml_opencl: SVM fine grain buffer support: true
10-07 17:50:19.041 I/NpuProbe(22307): [ggml] ggml_opencl: SVM fine grain system support: false
10-07 17:50:19.041 I/NpuProbe(22307): [ggml] ggml_opencl: SVM atomics support: true
10-07 17:50:19.041 I/NpuProbe(22307): [ggml] ggml_opencl: cl_qcom_subgroup_shuffle support: true
10-07 17:50:19.041 I/NpuProbe(22307): [ggml] ggml_opencl: flattening quantized weights representation as struct of arrays (GGML_OPENCL_SOA_Q)
10-07 17:50:19.041 I/NpuProbe(22307): [ggml] ggml_opencl: using kernels optimized for Adreno (GGML_OPENCL_USE_ADRENO_KERNELS)
10-07 17:50:19.092 I/NpuProbe(22307): [ggml] ggml_opencl: lazy-compiling flash_attn prepass for DK=128 DV=128
10-07 17:50:19.092 I/NpuProbe(22307): [ggml] ggml_opencl: compiling fa prepass f16
10-07 17:50:19.155 I/NpuProbe(22307): [ggml] ggml_opencl: compiling fa f32_f16
10-07 17:50:20.387 I/NpuProbe(22307): [ggml] ggml_opencl: flash_attn_f32_f16_q1_vec_mq_split_c8 DK=128 DV=128 per-kernel max 128 < required 256; skipping registration (will fall back)
10-07 17:50:20.388 I/NpuProbe(22307): [ggml] ggml_opencl: compiling fa f32_f16 MQ_GQA=8
10-07 17:50:20.965 I/NpuProbe(22307): [ggml] ggml_opencl: flash_attn_f32_f16_q1_vec_mq_split_c8 (g8) DK=128 DV=128 per-kernel max 128 < required 192; skipping registration (will fall back)
10-07 17:50:20.965 I/NpuProbe(22307): [ggml] ggml_opencl: compiling fa f32_f16 c8 NSG2
10-07 17:50:21.359 I/NpuProbe(22307): [ggml] ggml_opencl: compiling fa f32_f16 c8 g8 NSG2
10-07 17:50:21.938 I/NpuProbe(22307): [ggml] ggml_opencl: compiling fa f32_f16 split
10-07 17:50:23.379 I/NpuProbe(22307): puro: ok=1 pieces=8 prefill=3863.97ms gen=427.79ms pp1=1.15ms
10-07 17:50:23.379 I/NpuProbe(22307): puro texto: Bom dia, como você está?
10-07 17:50:23.379 I/NpuProbe(22307): RESULTADO: PURO-EXECUTADO (opencl; baseline; SEM juizo de qualidade — usar texto/stop)
10-07 17:50:23.579 I/NpuProbe(22307): SMART REPORT:
10-07 17:50:23.579 I/NpuProbe(22307): SMART (puro:opencl)
10-07 17:50:23.579 I/NpuProbe(22307): 
10-07 17:50:23.579 I/NpuProbe(22307): SMARTv2 rota='puro:opencl' mutante=(none)
10-07 17:50:23.579 I/NpuProbe(22307): MODO VALIDACAO (espelho teacher-forcing)
10-07 17:50:23.579 I/NpuProbe(22307): MODO PURO: origem=(nenhuma) | destino=opencl (GPUOpenCL)
10-07 17:50:23.579 I/NpuProbe(22307): load(destino)=3240ms
10-07 17:50:23.579 I/NpuProbe(22307): puro: ok=1 pieces=8 prefill=3863.97ms gen=427.79ms pp1=1.15ms
10-07 17:50:23.579 I/NpuProbe(22307): puro texto: Bom dia, como você está?
10-07 17:50:23.579 I/NpuProbe(22307): RESULTADO: PURO-EXECUTADO (opencl; baseline; SEM juizo de qualidade — usar texto/stop)
[rec 17:50:15]
--------- beginning of main
10-07 17:50:15.747 I/NpuProbe(22307): nativeLibraryDir=/data/app/~~-AAa5lDaii0dMGTPgPeENA==/br.gov.sp.pcsp.npuprobe-rKDzfVqWrdi-4lPwWdPEAA==/lib/arm64
10-07 17:50:15.747 I/NpuProbe(22307): libdir=/data/app/~~-AAa5lDaii0dMGTPgPeENA==/br.gov.sp.pcsp.npuprobe-rKDzfVqWrdi-4lPwWdPEAA==/lib/arm64
10-07 17:50:15.747 I/NpuProbe(22307): build=llama.cpp-upstream-pkg (v11-libs) + probe R4
10-07 17:50:15.747 I/NpuProbe(22307): controle-sistema (liblog.so)=OK
10-07 17:50:15.747 I/NpuProbe(22307): negativo-fake (libnaoexiste_xyz.so)=FALHOU err=dlopen failed: library "libnaoexiste_xyz.so" not found
10-07 17:50:15.748 I/NpuProbe(22307): cdsprpc-nome (libcdsprpc.so)=OK
10-07 17:50:15.749 I/NpuProbe(22307): cdsprpc-abs (/vendor/lib64/libcdsprpc.so)=OK
10-07 17:50:15.749 I/NpuProbe(22307): ADSP_LIBRARY_PATH=libdir (setenv)
10-07 17:50:15.750 I/NpuProbe(22307): [ggml] ggml_vulkan: Found 1 Vulkan devices:
10-07 17:50:15.750 I/NpuProbe(22307): [ggml] ggml_vulkan: 0 = Adreno (TM) 840 (Qualcomm Technologies Inc. Adreno Vulkan Driver) | uma: 1 | fp16: 1 | bf16: 0 | fp4: 0 | warp size: 64 | shared memory: 32768 | int dot: 0 | matrix cores: none
10-07 17:50:15.755 I/NpuProbe(22307): [ggml] ggml_opencl: selected platform: 'QUALCOMM Snapdragon(TM)'
10-07 17:50:15.756 I/NpuProbe(22307): [ggml] 
10-07 17:50:15.756 I/NpuProbe(22307): ggml_opencl: device: 'QUALCOMM Adreno(TM) 840 (OpenCL 3.0 Adreno(TM) 840)'
10-07 17:50:15.756 I/NpuProbe(22307): [ggml] ggml_opencl: default device: 'QUALCOMM Adreno(TM) 840 (OpenCL 3.0 Adreno(TM) 840)'
10-07 17:50:15.756 I/NpuProbe(22307): [ggml] ggml-hex: Loading driver libcdsprpc.so
10-07 17:50:15.757 I/NpuProbe(22307): [ggml] ggml-hex: Hexagon backend (experimental) : allocating new registry : ndev 1
10-07 17:50:15.757 I/NpuProbe(22307): [ggml] ggml-hex: Hexagon Arch version v81
10-07 17:50:15.757 I/NpuProbe(22307): [ggml] ggml-hex: HTP0 allocating new session
10-07 17:50:15.788 I/NpuProbe(22307): [ggml] ggml-hex: HTP0 hwinfo: threads 8, hvx 8, hmx 1, vtcm 8 MB
10-07 17:50:15.789 I/NpuProbe(22307): [ggml] ggml-hex: HTP0 new session : session-id 0 domain-id 3 uri file:///libggml-htp-v81.so?htp_iface_skel_handle_invoke&_modver=1.0&_dom=cdsp&_session=0 handle 0xb4000077d52e9a00
10-07 17:50:15.792 I/NpuProbe(22307): [ggml] ggml-hex: HTP0 op batching: n-bufs 16 n-tensors 7168 n-ops 1024 vmem 3355443200
10-07 17:50:15.797 I/NpuProbe(22307): load_all_from_path=48ms
10-07 17:50:15.797 I/NpuProbe(22307): [ggml] load_backend: failed to find ggml_backend_init in /data/app/~~-AAa5lDaii0dMGTPgPeENA==/br.gov.sp.pcsp.npuprobe-rKDzfVqWrdi-4lPwWdPEAA==/lib/arm64/libggml-hexagon.so
10-07 17:50:15.797 I/NpuProbe(22307): load(hexagon direto)=FALHOU em 0ms
10-07 17:50:15.797 I/NpuProbe(22307): devices=4
10-07 17:50:15.797 I/NpuProbe(22307):   dev[0] Vulkan0 (Adreno (TM) 840)
10-07 17:50:15.797 I/NpuProbe(22307):   dev[1] GPUOpenCL (QUALCOMM Adreno(TM) 840)
10-07 17:50:15.797 I/NpuProbe(22307):   dev[2] HTP0 (Hexagon)
10-07 17:50:15.797 I/NpuProbe(22307):   dev[3] CPU (CPU)
10-07 17:50:15.797 I/NpuProbe(22307): dev_init(HTP0)=0ms -> SESSAO ABERTA
10-07 17:50:15.798 I/NpuProbe(22307): graph_compute(MUL_MAT 64x64)=0.6ms status=0
10-07 17:50:15.798 I/NpuProbe(22307): c[0]=128.000000 (esperado 128.0)
10-07 17:50:15.798 I/NpuProbe(22307): RESULTADO: APP-UID OK: sessao HTP + op executado com resultado correto
10-07 17:50:15.799 I/NpuProbe(22307): REPORT:
10-07 17:50:15.799 I/NpuProbe(22307): libdir=/data/app/~~-AAa5lDaii0dMGTPgPeENA==/br.gov.sp.pcsp.npuprobe-rKDzfVqWrdi-4lPwWdPEAA==/lib/arm64
10-07 17:50:15.799 I/NpuProbe(22307): build=llama.cpp-upstream-pkg (v11-libs) + probe R4
10-07 17:50:15.799 I/NpuProbe(22307): controle-sistema (liblog.so)=OK
10-07 17:50:15.799 I/NpuProbe(22307): negativo-fake (libnaoexiste_xyz.so)=FALHOU err=dlopen failed: library "libnaoexiste_xyz.so" not found
10-07 17:50:15.799 I/NpuProbe(22307): cdsprpc-nome (libcdsprpc.so)=OK
10-07 17:50:15.799 I/NpuProbe(22307): cdsprpc-abs (/vendor/lib64/libcdsprpc.so)=OK
10-07 17:50:15.799 I/NpuProbe(22307): ADSP_LIBRARY_PATH=libdir (setenv)
10-07 17:50:15.799 I/NpuProbe(22307): load_all_from_path=48ms
10-07 17:50:15.799 I/NpuProbe(22307): load(hexagon direto)=FALHOU em 0ms
10-07 17:50:15.799 I/NpuProbe(22307): devices=4
10-07 17:50:15.799 I/NpuProbe(22307):   dev[0] Vulkan0 (Adreno (TM) 840)
10-07 17:50:15.799 I/NpuProbe(22307):   dev[1] GPUOpenCL (QUALCOMM Adreno(TM) 840)
10-07 17:50:15.799 I/NpuProbe(22307):   dev[2] HTP0 (Hexagon)
10-07 17:50:15.799 I/NpuProbe(22307):   dev[3] CPU (CPU)
10-07 17:50:15.799 I/NpuProbe(22307): dev_init(HTP0)=0ms -> SESSAO ABERTA
10-07 17:50:15.799 I/NpuProbe(22307): graph_compute(MUL_MAT 64x64)=0.6ms status=0
10-07 17:50:15.799 I/NpuProbe(22307): c[0]=128.000000 (esperado 128.0)
10-07 17:50:15.799 I/NpuProbe(22307): RESULTADO: APP-UID OK: sessao HTP + op executado com resultado correto
10-07 17:50:15.799 I/NpuProbe(22307): AUTO-GATILHO='smart:puro:opencl'
10-07 17:50:15.799 I/NpuProbe(22307): SMART iniciando rota=puro:opencl com /data/local/tmp/hymt2_app.gguf
10-07 17:50:15.799 I/NpuProbe(22307): SMARTv2 rota='puro:opencl' mutante=(none)
10-07 17:50:15.800 I/NpuProbe(22307): MODO VALIDACAO (espelho teacher-forcing)
10-07 17:50:15.800 I/NpuProbe(22307): MODO PURO: origem=(nenhuma) | destino=opencl (GPUOpenCL)
10-07 17:50:16.013 I/NpuProbe(22307): [ggml] ggml_opencl: kernel cache enabled at '/data/user/0/br.gov.sp.pcsp.npuprobe/cache/llama.cpp/cl-cache'
10-07 17:50:16.013 I/NpuProbe(22307): [ggml] ggml_opencl: loading OpenCL kernels
10-07 17:50:16.013 I/NpuProbe(22307): [ggml] .
10-07 17:50:19.041 I/NpuProbe(22307): load(destino)=3240ms
10-07 17:50:19.041 I/NpuProbe(22307): [ggml] ggml_opencl: OpenCL driver: OpenCL 3.0 QUALCOMM build: 0842.41 Compiler E031.50.19.27
10-07 17:50:19.041 I/NpuProbe(22307): [ggml] ggml_opencl: vector subgroup broadcast support: true
10-07 17:50:19.041 I/NpuProbe(22307): [ggml] ggml_opencl: subgroup shuffle support: true
10-07 17:50:19.041 I/NpuProbe(22307): [ggml] ggml_opencl: device FP16 support: true
10-07 17:50:19.041 I/NpuProbe(22307): [ggml] ggml_opencl: khr dot product support: true
10-07 17:50:19.041 I/NpuProbe(22307): [ggml] ggml_opencl: mem base addr align: 128
10-07 17:50:19.041 I/NpuProbe(22307): [ggml] ggml_opencl: global mem size: 7555 MB
10-07 17:50:19.041 I/NpuProbe(22307): [ggml] ggml_opencl: max mem alloc size: 2048 MB
10-07 17:50:19.041 I/NpuProbe(22307): [ggml] ggml_opencl: device max image buffer size (pixels): 2147483648
10-07 17:50:19.041 I/NpuProbe(22307): [ggml] ggml_opencl: device max image2d size: 16384 x 16384
10-07 17:50:19.041 I/NpuProbe(22307): [ggml] ggml_opencl: device max workgroup size: 1024
10-07 17:50:19.041 I/NpuProbe(22307): [ggml] ggml_opencl: SVM coarse grain buffer support: true
10-07 17:50:19.041 I/NpuProbe(22307): [ggml] ggml_opencl: SVM fine grain buffer support: true
10-07 17:50:19.041 I/NpuProbe(22307): [ggml] ggml_opencl: SVM fine grain system support: false
10-07 17:50:19.041 I/NpuProbe(22307): [ggml] ggml_opencl: SVM atomics support: true
10-07 17:50:19.041 I/NpuProbe(22307): [ggml] ggml_opencl: cl_qcom_subgroup_shuffle support: true
10-07 17:50:19.041 I/NpuProbe(22307): [ggml] ggml_opencl: flattening quantized weights representation as struct of arrays (GGML_OPENCL_SOA_Q)
10-07 17:50:19.041 I/NpuProbe(22307): [ggml] ggml_opencl: using kernels optimized for Adreno (GGML_OPENCL_USE_ADRENO_KERNELS)
10-07 17:50:19.092 I/NpuProbe(22307): [ggml] ggml_opencl: lazy-compiling flash_attn prepass for DK=128 DV=128
10-07 17:50:19.092 I/NpuProbe(22307): [ggml] ggml_opencl: compiling fa prepass f16
10-07 17:50:19.155 I/NpuProbe(22307): [ggml] ggml_opencl: compiling fa f32_f16
10-07 17:50:20.387 I/NpuProbe(22307): [ggml] ggml_opencl: flash_attn_f32_f16_q1_vec_mq_split_c8 DK=128 DV=128 per-kernel max 128 < required 256; skipping registration (will fall back)
10-07 17:50:20.388 I/NpuProbe(22307): [ggml] ggml_opencl: compiling fa f32_f16 MQ_GQA=8
10-07 17:50:20.965 I/NpuProbe(22307): [ggml] ggml_opencl: flash_attn_f32_f16_q1_vec_mq_split_c8 (g8) DK=128 DV=128 per-kernel max 128 < required 192; skipping registration (will fall back)
10-07 17:50:20.965 I/NpuProbe(22307): [ggml] ggml_opencl: compiling fa f32_f16 c8 NSG2
10-07 17:50:21.359 I/NpuProbe(22307): [ggml] ggml_opencl: compiling fa f32_f16 c8 g8 NSG2
10-07 17:50:21.938 I/NpuProbe(22307): [ggml] ggml_opencl: compiling fa f32_f16 split
10-07 17:50:23.379 I/NpuProbe(22307): puro: ok=1 pieces=8 prefill=3863.97ms gen=427.79ms pp1=1.15ms
10-07 17:50:23.379 I/NpuProbe(22307): puro texto: Bom dia, como você está?
10-07 17:50:23.379 I/NpuProbe(22307): RESULTADO: PURO-EXECUTADO (opencl; baseline; SEM juizo de qualidade — usar texto/stop)
10-07 17:50:23.579 I/NpuProbe(22307): SMART REPORT:
10-07 17:50:23.579 I/NpuProbe(22307): SMART (puro:opencl)
10-07 17:50:23.579 I/NpuProbe(22307): 
10-07 17:50:23.579 I/NpuProbe(22307): SMARTv2 rota='puro:opencl' mutante=(none)
10-07 17:50:23.579 I/NpuProbe(22307): MODO VALIDACAO (espelho teacher-forcing)
10-07 17:50:23.579 I/NpuProbe(22307): MODO PURO: origem=(nenhuma) | destino=opencl (GPUOpenCL)
10-07 17:50:23.579 I/NpuProbe(22307): load(destino)=3240ms
10-07 17:50:23.579 I/NpuProbe(22307): puro: ok=1 pieces=8 prefill=3863.97ms gen=427.79ms pp1=1.15ms
10-07 17:50:23.579 I/NpuProbe(22307): puro texto: Bom dia, como você está?
10-07 17:50:23.579 I/NpuProbe(22307): RESULTADO: PURO-EXECUTADO (opencl; baseline; SEM juizo de qualidade — usar texto/stop)
10-07 17:51:15.332 I/NpuProbe(23667): nativeLibraryDir=/data/app/~~-AAa5lDaii0dMGTPgPeENA==/br.gov.sp.pcsp.npuprobe-rKDzfVqWrdi-4lPwWdPEAA==/lib/arm64
10-07 17:51:15.332 I/NpuProbe(23667): libdir=/data/app/~~-AAa5lDaii0dMGTPgPeENA==/br.gov.sp.pcsp.npuprobe-rKDzfVqWrdi-4lPwWdPEAA==/lib/arm64
10-07 17:51:15.332 I/NpuProbe(23667): build=llama.cpp-upstream-pkg (v11-libs) + probe R4
10-07 17:51:15.332 I/NpuProbe(23667): controle-sistema (liblog.so)=OK
10-07 17:51:15.333 I/NpuProbe(23667): negativo-fake (libnaoexiste_xyz.so)=FALHOU err=dlopen failed: library "libnaoexiste_xyz.so" not found
10-07 17:51:15.333 I/NpuProbe(23667): cdsprpc-nome (libcdsprpc.so)=OK
10-07 17:51:15.334 I/NpuProbe(23667): cdsprpc-abs (/vendor/lib64/libcdsprpc.so)=OK
10-07 17:51:15.334 I/NpuProbe(23667): ADSP_LIBRARY_PATH=libdir (setenv)
10-07 17:51:15.335 I/NpuProbe(23667): [ggml] ggml_vulkan: Found 1 Vulkan devices:
10-07 17:51:15.335 I/NpuProbe(23667): [ggml] ggml_vulkan: 0 = Adreno (TM) 840 (Qualcomm Technologies Inc. Adreno Vulkan Driver) | uma: 1 | fp16: 1 | bf16: 0 | fp4: 0 | warp size: 64 | shared memory: 32768 | int dot: 0 | matrix cores: none
10-07 17:51:15.341 I/NpuProbe(23667): [ggml] ggml_opencl: selected platform: 'QUALCOMM Snapdragon(TM)'
10-07 17:51:15.341 I/NpuProbe(23667): [ggml] 
10-07 17:51:15.341 I/NpuProbe(23667): ggml_opencl: device: 'QUALCOMM Adreno(TM) 840 (OpenCL 3.0 Adreno(TM) 840)'
10-07 17:51:15.341 I/NpuProbe(23667): [ggml] ggml_opencl: default device: 'QUALCOMM Adreno(TM) 840 (OpenCL 3.0 Adreno(TM) 840)'
10-07 17:51:15.342 I/NpuProbe(23667): [ggml] ggml-hex: Loading driver libcdsprpc.so
10-07 17:51:15.343 I/NpuProbe(23667): [ggml] ggml-hex: Hexagon backend (experimental) : allocating new registry : ndev 1
10-07 17:51:15.343 I/NpuProbe(23667): [ggml] ggml-hex: Hexagon Arch version v81
10-07 17:51:15.343 I/NpuProbe(23667): [ggml] ggml-hex: HTP0 allocating new session
10-07 17:51:15.373 I/NpuProbe(23667): [ggml] ggml-hex: HTP0 hwinfo: threads 8, hvx 8, hmx 1, vtcm 8 MB
10-07 17:51:15.374 I/NpuProbe(23667): [ggml] ggml-hex: HTP0 new session : session-id 0 domain-id 3 uri file:///libggml-htp-v81.so?htp_iface_skel_handle_invoke&_modver=1.0&_dom=cdsp&_session=0 handle 0xb4000077c5fbb6c0
10-07 17:51:15.377 I/NpuProbe(23667): [ggml] ggml-hex: HTP0 op batching: n-bufs 16 n-tensors 7168 n-ops 1024 vmem 3355443200
10-07 17:51:15.381 I/NpuProbe(23667): load_all_from_path=47ms
10-07 17:51:15.381 I/NpuProbe(23667): [ggml] load_backend: failed to find ggml_backend_init in /data/app/~~-AAa5lDaii0dMGTPgPeENA==/br.gov.sp.pcsp.npuprobe-rKDzfVqWrdi-4lPwWdPEAA==/lib/arm64/libggml-hexagon.so
10-07 17:51:15.381 I/NpuProbe(23667): load(hexagon direto)=FALHOU em 0ms
10-07 17:51:15.381 I/NpuProbe(23667): devices=4
10-07 17:51:15.381 I/NpuProbe(23667):   dev[0] Vulkan0 (Adreno (TM) 840)
10-07 17:51:15.381 I/NpuProbe(23667):   dev[1] GPUOpenCL (QUALCOMM Adreno(TM) 840)
10-07 17:51:15.381 I/NpuProbe(23667):   dev[2] HTP0 (Hexagon)
10-07 17:51:15.381 I/NpuProbe(23667):   dev[3] CPU (CPU)
10-07 17:51:15.381 I/NpuProbe(23667): dev_init(HTP0)=0ms -> SESSAO ABERTA
10-07 17:51:15.382 I/NpuProbe(23667): graph_compute(MUL_MAT 64x64)=0.5ms status=0
10-07 17:51:15.382 I/NpuProbe(23667): c[0]=128.000000 (esperado 128.0)
10-07 17:51:15.382 I/NpuProbe(23667): RESULTADO: APP-UID OK: sessao HTP + op executado com resultado correto
10-07 17:51:15.382 I/NpuProbe(23667): REPORT:
10-07 17:51:15.382 I/NpuProbe(23667): libdir=/data/app/~~-AAa5lDaii0dMGTPgPeENA==/br.gov.sp.pcsp.npuprobe-rKDzfVqWrdi-4lPwWdPEAA==/lib/arm64
10-07 17:51:15.382 I/NpuProbe(23667): build=llama.cpp-upstream-pkg (v11-libs) + probe R4
10-07 17:51:15.382 I/NpuProbe(23667): controle-sistema (liblog.so)=OK
10-07 17:51:15.382 I/NpuProbe(23667): negativo-fake (libnaoexiste_xyz.so)=FALHOU err=dlopen failed: library "libnaoexiste_xyz.so" not found
10-07 17:51:15.382 I/NpuProbe(23667): cdsprpc-nome (libcdsprpc.so)=OK
10-07 17:51:15.382 I/NpuProbe(23667): cdsprpc-abs (/vendor/lib64/libcdsprpc.so)=OK
10-07 17:51:15.382 I/NpuProbe(23667): ADSP_LIBRARY_PATH=libdir (setenv)
10-07 17:51:15.382 I/NpuProbe(23667): load_all_from_path=47ms
10-07 17:51:15.382 I/NpuProbe(23667): load(hexagon direto)=FALHOU em 0ms
10-07 17:51:15.382 I/NpuProbe(23667): devices=4
10-07 17:51:15.382 I/NpuProbe(23667):   dev[0] Vulkan0 (Adreno (TM) 840)
10-07 17:51:15.382 I/NpuProbe(23667):   dev[1] GPUOpenCL (QUALCOMM Adreno(TM) 840)
10-07 17:51:15.382 I/NpuProbe(23667):   dev[2] HTP0 (Hexagon)
10-07 17:51:15.382 I/NpuProbe(23667):   dev[3] CPU (CPU)
10-07 17:51:15.382 I/NpuProbe(23667): dev_init(HTP0)=0ms -> SESSAO ABERTA
10-07 17:51:15.382 I/NpuProbe(23667): graph_compute(MUL_MAT 64x64)=0.5ms status=0
10-07 17:51:15.382 I/NpuProbe(23667): c[0]=128.000000 (esperado 128.0)
10-07 17:51:15.382 I/NpuProbe(23667): RESULTADO: APP-UID OK: sessao HTP + op executado com resultado correto
10-07 17:51:15.382 I/NpuProbe(23667): AUTO-GATILHO='smart:puro:vulkan'
10-07 17:51:15.383 I/NpuProbe(23667): SMART iniciando rota=puro:vulkan com /data/local/tmp/hymt2_app.gguf
10-07 17:51:15.383 I/NpuProbe(23667): SMARTv2 rota='puro:vulkan' mutante=(none)
10-07 17:51:15.383 I/NpuProbe(23667): MODO VALIDACAO (espelho teacher-forcing)
10-07 17:51:15.383 I/NpuProbe(23667): MODO PURO: origem=(nenhuma) | destino=vulkan (Vulkan0)
10-07 17:51:17.648 I/NpuProbe(23667): puro: ok=1 pieces=8 prefill=619.82ms gen=1044.20ms pp1=560.80ms
10-07 17:51:17.648 I/NpuProbe(23667): puro texto: Bom dia, como você está?
10-07 17:51:17.648 I/NpuProbe(23667): RESULTADO: PURO-EXECUTADO (vulkan; baseline; SEM juizo de qualidade — usar texto/stop)
10-07 17:51:17.723 I/NpuProbe(23667): SMART REPORT:
10-07 17:51:17.723 I/NpuProbe(23667): SMART (puro:vulkan)
10-07 17:51:17.723 I/NpuProbe(23667): 
10-07 17:51:17.723 I/NpuProbe(23667): SMARTv2 rota='puro:vulkan' mutante=(none)
10-07 17:51:17.723 I/NpuProbe(23667): MODO VALIDACAO (espelho teacher-forcing)
10-07 17:51:17.723 I/NpuProbe(23667): MODO PURO: origem=(nenhuma) | destino=vulkan (Vulkan0)
10-07 17:51:17.723 I/NpuProbe(23667): load(destino)=550ms
10-07 17:51:17.723 I/NpuProbe(23667): puro: ok=1 pieces=8 prefill=619.82ms gen=1044.20ms pp1=560.80ms
10-07 17:51:17.723 I/NpuProbe(23667): puro texto: Bom dia, como você está?
10-07 17:51:17.723 I/NpuProbe(23667): RESULTADO: PURO-EXECUTADO (vulkan; baseline; SEM juizo de qualidade — usar texto/stop)
[rec 17:50:42]
--------- beginning of main
10-07 17:51:15.332 I/NpuProbe(23667): nativeLibraryDir=/data/app/~~-AAa5lDaii0dMGTPgPeENA==/br.gov.sp.pcsp.npuprobe-rKDzfVqWrdi-4lPwWdPEAA==/lib/arm64
10-07 17:51:15.332 I/NpuProbe(23667): libdir=/data/app/~~-AAa5lDaii0dMGTPgPeENA==/br.gov.sp.pcsp.npuprobe-rKDzfVqWrdi-4lPwWdPEAA==/lib/arm64
10-07 17:51:15.332 I/NpuProbe(23667): build=llama.cpp-upstream-pkg (v11-libs) + probe R4
10-07 17:51:15.332 I/NpuProbe(23667): controle-sistema (liblog.so)=OK
10-07 17:51:15.333 I/NpuProbe(23667): negativo-fake (libnaoexiste_xyz.so)=FALHOU err=dlopen failed: library "libnaoexiste_xyz.so" not found
10-07 17:51:15.333 I/NpuProbe(23667): cdsprpc-nome (libcdsprpc.so)=OK
10-07 17:51:15.334 I/NpuProbe(23667): cdsprpc-abs (/vendor/lib64/libcdsprpc.so)=OK
10-07 17:51:15.334 I/NpuProbe(23667): ADSP_LIBRARY_PATH=libdir (setenv)
10-07 17:51:15.335 I/NpuProbe(23667): [ggml] ggml_vulkan: Found 1 Vulkan devices:
10-07 17:51:15.335 I/NpuProbe(23667): [ggml] ggml_vulkan: 0 = Adreno (TM) 840 (Qualcomm Technologies Inc. Adreno Vulkan Driver) | uma: 1 | fp16: 1 | bf16: 0 | fp4: 0 | warp size: 64 | shared memory: 32768 | int dot: 0 | matrix cores: none
10-07 17:51:15.341 I/NpuProbe(23667): [ggml] ggml_opencl: selected platform: 'QUALCOMM Snapdragon(TM)'
10-07 17:51:15.341 I/NpuProbe(23667): [ggml] 
10-07 17:51:15.341 I/NpuProbe(23667): ggml_opencl: device: 'QUALCOMM Adreno(TM) 840 (OpenCL 3.0 Adreno(TM) 840)'
10-07 17:51:15.341 I/NpuProbe(23667): [ggml] ggml_opencl: default device: 'QUALCOMM Adreno(TM) 840 (OpenCL 3.0 Adreno(TM) 840)'
10-07 17:51:15.342 I/NpuProbe(23667): [ggml] ggml-hex: Loading driver libcdsprpc.so
10-07 17:51:15.343 I/NpuProbe(23667): [ggml] ggml-hex: Hexagon backend (experimental) : allocating new registry : ndev 1
10-07 17:51:15.343 I/NpuProbe(23667): [ggml] ggml-hex: Hexagon Arch version v81
10-07 17:51:15.343 I/NpuProbe(23667): [ggml] ggml-hex: HTP0 allocating new session
10-07 17:51:15.373 I/NpuProbe(23667): [ggml] ggml-hex: HTP0 hwinfo: threads 8, hvx 8, hmx 1, vtcm 8 MB
10-07 17:51:15.374 I/NpuProbe(23667): [ggml] ggml-hex: HTP0 new session : session-id 0 domain-id 3 uri file:///libggml-htp-v81.so?htp_iface_skel_handle_invoke&_modver=1.0&_dom=cdsp&_session=0 handle 0xb4000077c5fbb6c0
10-07 17:51:15.377 I/NpuProbe(23667): [ggml] ggml-hex: HTP0 op batching: n-bufs 16 n-tensors 7168 n-ops 1024 vmem 3355443200
10-07 17:51:15.381 I/NpuProbe(23667): load_all_from_path=47ms
10-07 17:51:15.381 I/NpuProbe(23667): [ggml] load_backend: failed to find ggml_backend_init in /data/app/~~-AAa5lDaii0dMGTPgPeENA==/br.gov.sp.pcsp.npuprobe-rKDzfVqWrdi-4lPwWdPEAA==/lib/arm64/libggml-hexagon.so
10-07 17:51:15.381 I/NpuProbe(23667): load(hexagon direto)=FALHOU em 0ms
10-07 17:51:15.381 I/NpuProbe(23667): devices=4
10-07 17:51:15.381 I/NpuProbe(23667):   dev[0] Vulkan0 (Adreno (TM) 840)
10-07 17:51:15.381 I/NpuProbe(23667):   dev[1] GPUOpenCL (QUALCOMM Adreno(TM) 840)
10-07 17:51:15.381 I/NpuProbe(23667):   dev[2] HTP0 (Hexagon)
10-07 17:51:15.381 I/NpuProbe(23667):   dev[3] CPU (CPU)
10-07 17:51:15.381 I/NpuProbe(23667): dev_init(HTP0)=0ms -> SESSAO ABERTA
10-07 17:51:15.382 I/NpuProbe(23667): graph_compute(MUL_MAT 64x64)=0.5ms status=0
10-07 17:51:15.382 I/NpuProbe(23667): c[0]=128.000000 (esperado 128.0)
10-07 17:51:15.382 I/NpuProbe(23667): RESULTADO: APP-UID OK: sessao HTP + op executado com resultado correto
10-07 17:51:15.382 I/NpuProbe(23667): REPORT:
10-07 17:51:15.382 I/NpuProbe(23667): libdir=/data/app/~~-AAa5lDaii0dMGTPgPeENA==/br.gov.sp.pcsp.npuprobe-rKDzfVqWrdi-4lPwWdPEAA==/lib/arm64
10-07 17:51:15.382 I/NpuProbe(23667): build=llama.cpp-upstream-pkg (v11-libs) + probe R4
10-07 17:51:15.382 I/NpuProbe(23667): controle-sistema (liblog.so)=OK
10-07 17:51:15.382 I/NpuProbe(23667): negativo-fake (libnaoexiste_xyz.so)=FALHOU err=dlopen failed: library "libnaoexiste_xyz.so" not found
10-07 17:51:15.382 I/NpuProbe(23667): cdsprpc-nome (libcdsprpc.so)=OK
10-07 17:51:15.382 I/NpuProbe(23667): cdsprpc-abs (/vendor/lib64/libcdsprpc.so)=OK
10-07 17:51:15.382 I/NpuProbe(23667): ADSP_LIBRARY_PATH=libdir (setenv)
10-07 17:51:15.382 I/NpuProbe(23667): load_all_from_path=47ms
10-07 17:51:15.382 I/NpuProbe(23667): load(hexagon direto)=FALHOU em 0ms
10-07 17:51:15.382 I/NpuProbe(23667): devices=4
10-07 17:51:15.382 I/NpuProbe(23667):   dev[0] Vulkan0 (Adreno (TM) 840)
10-07 17:51:15.382 I/NpuProbe(23667):   dev[1] GPUOpenCL (QUALCOMM Adreno(TM) 840)
10-07 17:51:15.382 I/NpuProbe(23667):   dev[2] HTP0 (Hexagon)
10-07 17:51:15.382 I/NpuProbe(23667):   dev[3] CPU (CPU)
10-07 17:51:15.382 I/NpuProbe(23667): dev_init(HTP0)=0ms -> SESSAO ABERTA
10-07 17:51:15.382 I/NpuProbe(23667): graph_compute(MUL_MAT 64x64)=0.5ms status=0
10-07 17:51:15.382 I/NpuProbe(23667): c[0]=128.000000 (esperado 128.0)
10-07 17:51:15.382 I/NpuProbe(23667): RESULTADO: APP-UID OK: sessao HTP + op executado com resultado correto
10-07 17:51:15.382 I/NpuProbe(23667): AUTO-GATILHO='smart:puro:vulkan'
10-07 17:51:15.383 I/NpuProbe(23667): SMART iniciando rota=puro:vulkan com /data/local/tmp/hymt2_app.gguf
10-07 17:51:15.383 I/NpuProbe(23667): SMARTv2 rota='puro:vulkan' mutante=(none)
10-07 17:51:15.383 I/NpuProbe(23667): MODO VALIDACAO (espelho teacher-forcing)
10-07 17:51:15.383 I/NpuProbe(23667): MODO PURO: origem=(nenhuma) | destino=vulkan (Vulkan0)
10-07 17:51:17.648 I/NpuProbe(23667): puro: ok=1 pieces=8 prefill=619.82ms gen=1044.20ms pp1=560.80ms
10-07 17:51:17.648 I/NpuProbe(23667): puro texto: Bom dia, como você está?
10-07 17:51:17.648 I/NpuProbe(23667): RESULTADO: PURO-EXECUTADO (vulkan; baseline; SEM juizo de qualidade — usar texto/stop)
10-07 17:51:17.723 I/NpuProbe(23667): SMART REPORT:
10-07 17:51:17.723 I/NpuProbe(23667): SMART (puro:vulkan)
10-07 17:51:17.723 I/NpuProbe(23667): 
10-07 17:51:17.723 I/NpuProbe(23667): SMARTv2 rota='puro:vulkan' mutante=(none)
10-07 17:51:17.723 I/NpuProbe(23667): MODO VALIDACAO (espelho teacher-forcing)
10-07 17:51:17.723 I/NpuProbe(23667): MODO PURO: origem=(nenhuma) | destino=vulkan (Vulkan0)
10-07 17:51:17.723 I/NpuProbe(23667): load(destino)=550ms
10-07 17:51:17.723 I/NpuProbe(23667): puro: ok=1 pieces=8 prefill=619.82ms gen=1044.20ms pp1=560.80ms
10-07 17:51:17.723 I/NpuProbe(23667): puro texto: Bom dia, como você está?
10-07 17:51:17.723 I/NpuProbe(23667): RESULTADO: PURO-EXECUTADO (vulkan; baseline; SEM juizo de qualidade — usar texto/stop)
[rec 17:51:09]
--------- beginning of main
10-07 17:52:15.808 I/NpuProbe(27952): nativeLibraryDir=/data/app/~~-AAa5lDaii0dMGTPgPeENA==/br.gov.sp.pcsp.npuprobe-rKDzfVqWrdi-4lPwWdPEAA==/lib/arm64
10-07 17:52:15.808 I/NpuProbe(27952): libdir=/data/app/~~-AAa5lDaii0dMGTPgPeENA==/br.gov.sp.pcsp.npuprobe-rKDzfVqWrdi-4lPwWdPEAA==/lib/arm64
10-07 17:52:15.808 I/NpuProbe(27952): build=llama.cpp-upstream-pkg (v11-libs) + probe R4
10-07 17:52:15.808 I/NpuProbe(27952): controle-sistema (liblog.so)=OK
10-07 17:52:15.809 I/NpuProbe(27952): negativo-fake (libnaoexiste_xyz.so)=FALHOU err=dlopen failed: library "libnaoexiste_xyz.so" not found
10-07 17:52:15.809 I/NpuProbe(27952): cdsprpc-nome (libcdsprpc.so)=OK
10-07 17:52:15.810 I/NpuProbe(27952): cdsprpc-abs (/vendor/lib64/libcdsprpc.so)=OK
10-07 17:52:15.810 I/NpuProbe(27952): ADSP_LIBRARY_PATH=libdir (setenv)
10-07 17:52:15.811 I/NpuProbe(27952): [ggml] ggml_vulkan: Found 1 Vulkan devices:
10-07 17:52:15.811 I/NpuProbe(27952): [ggml] ggml_vulkan: 0 = Adreno (TM) 840 (Qualcomm Technologies Inc. Adreno Vulkan Driver) | uma: 1 | fp16: 1 | bf16: 0 | fp4: 0 | warp size: 64 | shared memory: 32768 | int dot: 0 | matrix cores: none
10-07 17:52:15.817 I/NpuProbe(27952): [ggml] ggml_opencl: selected platform: 'QUALCOMM Snapdragon(TM)'
10-07 17:52:15.817 I/NpuProbe(27952): [ggml] 
10-07 17:52:15.817 I/NpuProbe(27952): ggml_opencl: device: 'QUALCOMM Adreno(TM) 840 (OpenCL 3.0 Adreno(TM) 840)'
10-07 17:52:15.818 I/NpuProbe(27952): [ggml] ggml_opencl: default device: 'QUALCOMM Adreno(TM) 840 (OpenCL 3.0 Adreno(TM) 840)'
10-07 17:52:15.818 I/NpuProbe(27952): [ggml] ggml-hex: Loading driver libcdsprpc.so
10-07 17:52:15.819 I/NpuProbe(27952): [ggml] ggml-hex: Hexagon backend (experimental) : allocating new registry : ndev 1
10-07 17:52:15.819 I/NpuProbe(27952): [ggml] ggml-hex: Hexagon Arch version v81
10-07 17:52:15.819 I/NpuProbe(27952): [ggml] ggml-hex: HTP0 allocating new session
10-07 17:52:15.851 I/NpuProbe(27952): [ggml] ggml-hex: HTP0 hwinfo: threads 8, hvx 8, hmx 1, vtcm 8 MB
10-07 17:52:15.851 I/NpuProbe(27952): [ggml] ggml-hex: HTP0 new session : session-id 0 domain-id 3 uri file:///libggml-htp-v81.so?htp_iface_skel_handle_invoke&_modver=1.0&_dom=cdsp&_session=0 handle 0xb4000077c5f72b40
10-07 17:52:15.855 I/NpuProbe(27952): [ggml] ggml-hex: HTP0 op batching: n-bufs 16 n-tensors 7168 n-ops 1024 vmem 3355443200
10-07 17:52:15.859 I/NpuProbe(27952): load_all_from_path=49ms
10-07 17:52:15.859 I/NpuProbe(27952): [ggml] load_backend: failed to find ggml_backend_init in /data/app/~~-AAa5lDaii0dMGTPgPeENA==/br.gov.sp.pcsp.npuprobe-rKDzfVqWrdi-4lPwWdPEAA==/lib/arm64/libggml-hexagon.so
10-07 17:52:15.859 I/NpuProbe(27952): load(hexagon direto)=FALHOU em 0ms
10-07 17:52:15.859 I/NpuProbe(27952): devices=4
10-07 17:52:15.859 I/NpuProbe(27952):   dev[0] Vulkan0 (Adreno (TM) 840)
10-07 17:52:15.859 I/NpuProbe(27952):   dev[1] GPUOpenCL (QUALCOMM Adreno(TM) 840)
10-07 17:52:15.859 I/NpuProbe(27952):   dev[2] HTP0 (Hexagon)
10-07 17:52:15.859 I/NpuProbe(27952):   dev[3] CPU (CPU)
10-07 17:52:15.859 I/NpuProbe(27952): dev_init(HTP0)=0ms -> SESSAO ABERTA
10-07 17:52:15.860 I/NpuProbe(27952): graph_compute(MUL_MAT 64x64)=0.5ms status=0
10-07 17:52:15.860 I/NpuProbe(27952): c[0]=128.000000 (esperado 128.0)
10-07 17:52:15.860 I/NpuProbe(27952): RESULTADO: APP-UID OK: sessao HTP + op executado com resultado correto
10-07 17:52:15.861 I/NpuProbe(27952): REPORT:
10-07 17:52:15.861 I/NpuProbe(27952): libdir=/data/app/~~-AAa5lDaii0dMGTPgPeENA==/br.gov.sp.pcsp.npuprobe-rKDzfVqWrdi-4lPwWdPEAA==/lib/arm64
10-07 17:52:15.861 I/NpuProbe(27952): build=llama.cpp-upstream-pkg (v11-libs) + probe R4
10-07 17:52:15.861 I/NpuProbe(27952): controle-sistema (liblog.so)=OK
10-07 17:52:15.861 I/NpuProbe(27952): negativo-fake (libnaoexiste_xyz.so)=FALHOU err=dlopen failed: library "libnaoexiste_xyz.so" not found
10-07 17:52:15.861 I/NpuProbe(27952): cdsprpc-nome (libcdsprpc.so)=OK
10-07 17:52:15.861 I/NpuProbe(27952): cdsprpc-abs (/vendor/lib64/libcdsprpc.so)=OK
10-07 17:52:15.861 I/NpuProbe(27952): ADSP_LIBRARY_PATH=libdir (setenv)
10-07 17:52:15.861 I/NpuProbe(27952): load_all_from_path=49ms
10-07 17:52:15.861 I/NpuProbe(27952): load(hexagon direto)=FALHOU em 0ms
10-07 17:52:15.861 I/NpuProbe(27952): devices=4
10-07 17:52:15.861 I/NpuProbe(27952):   dev[0] Vulkan0 (Adreno (TM) 840)
10-07 17:52:15.861 I/NpuProbe(27952):   dev[1] GPUOpenCL (QUALCOMM Adreno(TM) 840)
10-07 17:52:15.861 I/NpuProbe(27952):   dev[2] HTP0 (Hexagon)
10-07 17:52:15.861 I/NpuProbe(27952):   dev[3] CPU (CPU)
10-07 17:52:15.861 I/NpuProbe(27952): dev_init(HTP0)=0ms -> SESSAO ABERTA
10-07 17:52:15.861 I/NpuProbe(27952): graph_compute(MUL_MAT 64x64)=0.5ms status=0
10-07 17:52:15.861 I/NpuProbe(27952): c[0]=128.000000 (esperado 128.0)
10-07 17:52:15.861 I/NpuProbe(27952): RESULTADO: APP-UID OK: sessao HTP + op executado com resultado correto
10-07 17:52:15.861 I/NpuProbe(27952): AUTO-GATILHO='smart:opencl@bench'
10-07 17:52:15.861 I/NpuProbe(27952): SMART iniciando rota=opencl@bench com /data/local/tmp/hymt2_app.gguf
10-07 17:52:15.861 I/NpuProbe(27952): SMARTv2 rota='opencl@bench' mutante=(none)
10-07 17:52:15.862 I/NpuProbe(27952): MODO BENCHMARK (@bench; sem espelho; decode so no destino)
10-07 17:52:15.862 I/NpuProbe(27952): MODO PONTE: origem=htp | destino=opencl (GPUOpenCL)
10-07 17:52:18.831 I/NpuProbe(27952): load(destino)=2969ms
10-07 17:52:18.831 I/NpuProbe(27952): [ggml] ggml_opencl: OpenCL driver: OpenCL 3.0 QUALCOMM build: 0842.41 Compiler E031.50.19.27
10-07 17:52:18.831 I/NpuProbe(27952): [ggml] ggml_opencl: vector subgroup broadcast support: true
10-07 17:52:18.831 I/NpuProbe(27952): [ggml] ggml_opencl: subgroup shuffle support: true
10-07 17:52:18.831 I/NpuProbe(27952): [ggml] ggml_opencl: device FP16 support: true
10-07 17:52:18.831 I/NpuProbe(27952): [ggml] ggml_opencl: khr dot product support: true
10-07 17:52:18.831 I/NpuProbe(27952): [ggml] ggml_opencl: mem base addr align: 128
10-07 17:52:18.831 I/NpuProbe(27952): [ggml] ggml_opencl: global mem size: 7555 MB
10-07 17:52:18.831 I/NpuProbe(27952): [ggml] ggml_opencl: max mem alloc size: 2048 MB
10-07 17:52:18.831 I/NpuProbe(27952): [ggml] ggml_opencl: device max image buffer size (pixels): 2147483648
10-07 17:52:18.831 I/NpuProbe(27952): [ggml] ggml_opencl: device max image2d size: 16384 x 16384
10-07 17:52:18.831 I/NpuProbe(27952): [ggml] ggml_opencl: device max workgroup size: 1024
10-07 17:52:18.831 I/NpuProbe(27952): [ggml] ggml_opencl: SVM coarse grain buffer support: true
10-07 17:52:18.831 I/NpuProbe(27952): [ggml] ggml_opencl: SVM fine grain buffer support: true
10-07 17:52:18.831 I/NpuProbe(27952): [ggml] ggml_opencl: SVM fine grain system support: false
10-07 17:52:18.831 I/NpuProbe(27952): [ggml] ggml_opencl: SVM atomics support: true
10-07 17:52:18.831 I/NpuProbe(27952): [ggml] ggml_opencl: cl_qcom_subgroup_shuffle support: true
10-07 17:52:18.831 I/NpuProbe(27952): [ggml] ggml_opencl: flattening quantized weights representation as struct of arrays (GGML_OPENCL_SOA_Q)
10-07 17:52:18.831 I/NpuProbe(27952): [ggml] ggml_opencl: using kernels optimized for Adreno (GGML_OPENCL_USE_ADRENO_KERNELS)
10-07 17:52:19.199 I/NpuProbe(27952): load(origem)=336ms
10-07 17:52:19.226 I/NpuProbe(27952): ctxs prontos (cold_total=3365ms)
10-07 17:52:20.619 I/NpuProbe(27952): [ggml] ggml_opencl: lazy-compiling flash_attn prepass for DK=128 DV=128
10-07 17:52:20.619 I/NpuProbe(27952): [ggml] ggml_opencl: compiling fa prepass f16
10-07 17:52:20.666 I/NpuProbe(27952): [ggml] ggml_opencl: compiling fa f32_f16
10-07 17:52:21.766 I/NpuProbe(27952): [ggml] ggml_opencl: flash_attn_f32_f16_q1_vec_mq_split_c8 DK=128 DV=128 per-kernel max 128 < required 256; skipping registration (will fall back)
10-07 17:52:21.767 I/NpuProbe(27952): [ggml] ggml_opencl: compiling fa f32_f16 MQ_GQA=8
10-07 17:52:22.314 I/NpuProbe(27952): [ggml] ggml_opencl: flash_attn_f32_f16_q1_vec_mq_split_c8 (g8) DK=128 DV=128 per-kernel max 128 < required 192; skipping registration (will fall back)
10-07 17:52:22.314 I/NpuProbe(27952): [ggml] ggml_opencl: compiling fa f32_f16 c8 NSG2
10-07 17:52:22.689 I/NpuProbe(27952): [ggml] ggml_opencl: compiling fa f32_f16 c8 g8 NSG2
10-07 17:52:23.232 I/NpuProbe(27952): [ggml] ggml_opencl: compiling fa f32_f16 split
10-07 17:52:24.386 I/NpuProbe(27952): A1: ok=1 cap=0 eog_tok1=0 tok1=33 amostrados(s/d)=1/8 emitidos=8 consumidos=8 decodes_s_pos_ponte=0
10-07 17:52:24.386 I/NpuProbe(27952): A1 tempos: prefill=1363.14ms export=0.16ms(2032789B) import=4.13ms gen=3735.75ms
10-07 17:52:24.386 I/NpuProbe(27952): A1 espelho: passos=0 iguais=0 div_pos=-1 div_marg(d/s)=-1.000/-1.000
10-07 17:52:24.386 I/NpuProbe(27952): A1 fronteiras(ms desde request): prefill_done=4728.8 tok1_ready=4752.9 import_done=4757.1 tok2_ready=8261.1 fim=8492.8 (INTERNAS; sem streaming de UI no probe)
10-07 17:52:24.386 I/NpuProbe(27952): A1 prompt_hash=a5de647b1ff84e74
10-07 17:52:24.386 I/NpuProbe(27952): A1 texto: Bom dia, como você está?
10-07 17:52:24.391 I/NpuProbe(27952): reset: pos cmp (origem=-1 destino=-1) -> VAZIO ok
10-07 17:52:26.302 I/NpuProbe(27952): A2: ok=1 texto igual ao A1: SIM
10-07 17:52:26.302 I/NpuProbe(27952): RESULTADO: BENCH-CONCLUIDO (htp->opencl; sem espelho; decode origem pos-ponte=0; A-B-A texto igual)
10-07 17:52:26.534 I/NpuProbe(27952): SMART REPORT:
10-07 17:52:26.534 I/NpuProbe(27952): SMART (opencl@bench)
10-07 17:52:26.534 I/NpuProbe(27952): 
10-07 17:52:26.534 I/NpuProbe(27952): SMARTv2 rota='opencl@bench' mutante=(none)
10-07 17:52:26.534 I/NpuProbe(27952): MODO BENCHMARK (@bench; sem espelho; decode so no destino)
10-07 17:52:26.534 I/NpuProbe(27952): MODO PONTE: origem=htp | destino=opencl (GPUOpenCL)
10-07 17:52:26.534 I/NpuProbe(27952): load(destino)=2969ms
10-07 17:52:26.534 I/NpuProbe(27952): load(origem)=336ms
10-07 17:52:26.534 I/NpuProbe(27952): ctxs prontos (cold_total=3365ms)
10-07 17:52:26.534 I/NpuProbe(27952): A1: ok=1 cap=0 eog_tok1=0 tok1=33 amostrados(s/d)=1/8 emitidos=8 consumidos=8 decodes_s_pos_ponte=0
10-07 17:52:26.534 I/NpuProbe(27952): A1 tempos: prefill=1363.14ms export=0.16ms(2032789B) import=4.13ms gen=3735.75ms
10-07 17:52:26.534 I/NpuProbe(27952): A1 espelho: passos=0 iguais=0 div_pos=-1 div_marg(d/s)=-1.000/-1.000
10-07 17:52:26.534 I/NpuProbe(27952): A1 fronteiras(ms desde request): prefill_done=4728.8 tok1_ready=4752.9 import_done=4757.1 tok2_ready=8261.1 fim=8492.8 (INTERNAS; sem streaming de UI no probe)
10-07 17:52:26.534 I/NpuProbe(27952): A1 prompt_hash=a5de647b1ff84e74
10-07 17:52:26.534 I/NpuProbe(27952): A1 texto: Bom dia, como você está?
10-07 17:52:26.534 I/NpuProbe(27952): reset: pos cmp (origem=-1 destino=-1) -> VAZIO ok
10-07 17:52:26.534 I/NpuProbe(27952): A2: ok=1 texto igual ao A1: SIM
10-07 17:52:26.534 I/NpuProbe(27952): RESULTADO: BENCH-CONCLUIDO (htp->opencl; sem espelho; decode origem pos-ponte=0; A-B-A texto igual)
[rec 17:51:36]
--------- beginning of main
10-07 17:52:15.808 I/NpuProbe(27952): nativeLibraryDir=/data/app/~~-AAa5lDaii0dMGTPgPeENA==/br.gov.sp.pcsp.npuprobe-rKDzfVqWrdi-4lPwWdPEAA==/lib/arm64
10-07 17:52:15.808 I/NpuProbe(27952): libdir=/data/app/~~-AAa5lDaii0dMGTPgPeENA==/br.gov.sp.pcsp.npuprobe-rKDzfVqWrdi-4lPwWdPEAA==/lib/arm64
10-07 17:52:15.808 I/NpuProbe(27952): build=llama.cpp-upstream-pkg (v11-libs) + probe R4
10-07 17:52:15.808 I/NpuProbe(27952): controle-sistema (liblog.so)=OK
10-07 17:52:15.809 I/NpuProbe(27952): negativo-fake (libnaoexiste_xyz.so)=FALHOU err=dlopen failed: library "libnaoexiste_xyz.so" not found
10-07 17:52:15.809 I/NpuProbe(27952): cdsprpc-nome (libcdsprpc.so)=OK
10-07 17:52:15.810 I/NpuProbe(27952): cdsprpc-abs (/vendor/lib64/libcdsprpc.so)=OK
10-07 17:52:15.810 I/NpuProbe(27952): ADSP_LIBRARY_PATH=libdir (setenv)
10-07 17:52:15.811 I/NpuProbe(27952): [ggml] ggml_vulkan: Found 1 Vulkan devices:
10-07 17:52:15.811 I/NpuProbe(27952): [ggml] ggml_vulkan: 0 = Adreno (TM) 840 (Qualcomm Technologies Inc. Adreno Vulkan Driver) | uma: 1 | fp16: 1 | bf16: 0 | fp4: 0 | warp size: 64 | shared memory: 32768 | int dot: 0 | matrix cores: none
10-07 17:52:15.817 I/NpuProbe(27952): [ggml] ggml_opencl: selected platform: 'QUALCOMM Snapdragon(TM)'
10-07 17:52:15.817 I/NpuProbe(27952): [ggml] 
10-07 17:52:15.817 I/NpuProbe(27952): ggml_opencl: device: 'QUALCOMM Adreno(TM) 840 (OpenCL 3.0 Adreno(TM) 840)'
10-07 17:52:15.818 I/NpuProbe(27952): [ggml] ggml_opencl: default device: 'QUALCOMM Adreno(TM) 840 (OpenCL 3.0 Adreno(TM) 840)'
10-07 17:52:15.818 I/NpuProbe(27952): [ggml] ggml-hex: Loading driver libcdsprpc.so
10-07 17:52:15.819 I/NpuProbe(27952): [ggml] ggml-hex: Hexagon backend (experimental) : allocating new registry : ndev 1
10-07 17:52:15.819 I/NpuProbe(27952): [ggml] ggml-hex: Hexagon Arch version v81
10-07 17:52:15.819 I/NpuProbe(27952): [ggml] ggml-hex: HTP0 allocating new session
10-07 17:52:15.851 I/NpuProbe(27952): [ggml] ggml-hex: HTP0 hwinfo: threads 8, hvx 8, hmx 1, vtcm 8 MB
10-07 17:52:15.851 I/NpuProbe(27952): [ggml] ggml-hex: HTP0 new session : session-id 0 domain-id 3 uri file:///libggml-htp-v81.so?htp_iface_skel_handle_invoke&_modver=1.0&_dom=cdsp&_session=0 handle 0xb4000077c5f72b40
10-07 17:52:15.855 I/NpuProbe(27952): [ggml] ggml-hex: HTP0 op batching: n-bufs 16 n-tensors 7168 n-ops 1024 vmem 3355443200
10-07 17:52:15.859 I/NpuProbe(27952): load_all_from_path=49ms
10-07 17:52:15.859 I/NpuProbe(27952): [ggml] load_backend: failed to find ggml_backend_init in /data/app/~~-AAa5lDaii0dMGTPgPeENA==/br.gov.sp.pcsp.npuprobe-rKDzfVqWrdi-4lPwWdPEAA==/lib/arm64/libggml-hexagon.so
10-07 17:52:15.859 I/NpuProbe(27952): load(hexagon direto)=FALHOU em 0ms
10-07 17:52:15.859 I/NpuProbe(27952): devices=4
10-07 17:52:15.859 I/NpuProbe(27952):   dev[0] Vulkan0 (Adreno (TM) 840)
10-07 17:52:15.859 I/NpuProbe(27952):   dev[1] GPUOpenCL (QUALCOMM Adreno(TM) 840)
10-07 17:52:15.859 I/NpuProbe(27952):   dev[2] HTP0 (Hexagon)
10-07 17:52:15.859 I/NpuProbe(27952):   dev[3] CPU (CPU)
10-07 17:52:15.859 I/NpuProbe(27952): dev_init(HTP0)=0ms -> SESSAO ABERTA
10-07 17:52:15.860 I/NpuProbe(27952): graph_compute(MUL_MAT 64x64)=0.5ms status=0
10-07 17:52:15.860 I/NpuProbe(27952): c[0]=128.000000 (esperado 128.0)
10-07 17:52:15.860 I/NpuProbe(27952): RESULTADO: APP-UID OK: sessao HTP + op executado com resultado correto
10-07 17:52:15.861 I/NpuProbe(27952): REPORT:
10-07 17:52:15.861 I/NpuProbe(27952): libdir=/data/app/~~-AAa5lDaii0dMGTPgPeENA==/br.gov.sp.pcsp.npuprobe-rKDzfVqWrdi-4lPwWdPEAA==/lib/arm64
10-07 17:52:15.861 I/NpuProbe(27952): build=llama.cpp-upstream-pkg (v11-libs) + probe R4
10-07 17:52:15.861 I/NpuProbe(27952): controle-sistema (liblog.so)=OK
10-07 17:52:15.861 I/NpuProbe(27952): negativo-fake (libnaoexiste_xyz.so)=FALHOU err=dlopen failed: library "libnaoexiste_xyz.so" not found
10-07 17:52:15.861 I/NpuProbe(27952): cdsprpc-nome (libcdsprpc.so)=OK
10-07 17:52:15.861 I/NpuProbe(27952): cdsprpc-abs (/vendor/lib64/libcdsprpc.so)=OK
10-07 17:52:15.861 I/NpuProbe(27952): ADSP_LIBRARY_PATH=libdir (setenv)
10-07 17:52:15.861 I/NpuProbe(27952): load_all_from_path=49ms
10-07 17:52:15.861 I/NpuProbe(27952): load(hexagon direto)=FALHOU em 0ms
10-07 17:52:15.861 I/NpuProbe(27952): devices=4
10-07 17:52:15.861 I/NpuProbe(27952):   dev[0] Vulkan0 (Adreno (TM) 840)
10-07 17:52:15.861 I/NpuProbe(27952):   dev[1] GPUOpenCL (QUALCOMM Adreno(TM) 840)
10-07 17:52:15.861 I/NpuProbe(27952):   dev[2] HTP0 (Hexagon)
10-07 17:52:15.861 I/NpuProbe(27952):   dev[3] CPU (CPU)
10-07 17:52:15.861 I/NpuProbe(27952): dev_init(HTP0)=0ms -> SESSAO ABERTA
10-07 17:52:15.861 I/NpuProbe(27952): graph_compute(MUL_MAT 64x64)=0.5ms status=0
10-07 17:52:15.861 I/NpuProbe(27952): c[0]=128.000000 (esperado 128.0)
10-07 17:52:15.861 I/NpuProbe(27952): RESULTADO: APP-UID OK: sessao HTP + op executado com resultado correto
10-07 17:52:15.861 I/NpuProbe(27952): AUTO-GATILHO='smart:opencl@bench'
10-07 17:52:15.861 I/NpuProbe(27952): SMART iniciando rota=opencl@bench com /data/local/tmp/hymt2_app.gguf
10-07 17:52:15.861 I/NpuProbe(27952): SMARTv2 rota='opencl@bench' mutante=(none)
10-07 17:52:15.862 I/NpuProbe(27952): MODO BENCHMARK (@bench; sem espelho; decode so no destino)
10-07 17:52:15.862 I/NpuProbe(27952): MODO PONTE: origem=htp | destino=opencl (GPUOpenCL)
10-07 17:52:18.831 I/NpuProbe(27952): load(destino)=2969ms
10-07 17:52:18.831 I/NpuProbe(27952): [ggml] ggml_opencl: OpenCL driver: OpenCL 3.0 QUALCOMM build: 0842.41 Compiler E031.50.19.27
10-07 17:52:18.831 I/NpuProbe(27952): [ggml] ggml_opencl: vector subgroup broadcast support: true
10-07 17:52:18.831 I/NpuProbe(27952): [ggml] ggml_opencl: subgroup shuffle support: true
10-07 17:52:18.831 I/NpuProbe(27952): [ggml] ggml_opencl: device FP16 support: true
10-07 17:52:18.831 I/NpuProbe(27952): [ggml] ggml_opencl: khr dot product support: true
10-07 17:52:18.831 I/NpuProbe(27952): [ggml] ggml_opencl: mem base addr align: 128
10-07 17:52:18.831 I/NpuProbe(27952): [ggml] ggml_opencl: global mem size: 7555 MB
10-07 17:52:18.831 I/NpuProbe(27952): [ggml] ggml_opencl: max mem alloc size: 2048 MB
10-07 17:52:18.831 I/NpuProbe(27952): [ggml] ggml_opencl: device max image buffer size (pixels): 2147483648
10-07 17:52:18.831 I/NpuProbe(27952): [ggml] ggml_opencl: device max image2d size: 16384 x 16384
10-07 17:52:18.831 I/NpuProbe(27952): [ggml] ggml_opencl: device max workgroup size: 1024
10-07 17:52:18.831 I/NpuProbe(27952): [ggml] ggml_opencl: SVM coarse grain buffer support: true
10-07 17:52:18.831 I/NpuProbe(27952): [ggml] ggml_opencl: SVM fine grain buffer support: true
10-07 17:52:18.831 I/NpuProbe(27952): [ggml] ggml_opencl: SVM fine grain system support: false
10-07 17:52:18.831 I/NpuProbe(27952): [ggml] ggml_opencl: SVM atomics support: true
10-07 17:52:18.831 I/NpuProbe(27952): [ggml] ggml_opencl: cl_qcom_subgroup_shuffle support: true
10-07 17:52:18.831 I/NpuProbe(27952): [ggml] ggml_opencl: flattening quantized weights representation as struct of arrays (GGML_OPENCL_SOA_Q)
10-07 17:52:18.831 I/NpuProbe(27952): [ggml] ggml_opencl: using kernels optimized for Adreno (GGML_OPENCL_USE_ADRENO_KERNELS)
10-07 17:52:19.199 I/NpuProbe(27952): load(origem)=336ms
10-07 17:52:19.226 I/NpuProbe(27952): ctxs prontos (cold_total=3365ms)
10-07 17:52:20.619 I/NpuProbe(27952): [ggml] ggml_opencl: lazy-compiling flash_attn prepass for DK=128 DV=128
10-07 17:52:20.619 I/NpuProbe(27952): [ggml] ggml_opencl: compiling fa prepass f16
10-07 17:52:20.666 I/NpuProbe(27952): [ggml] ggml_opencl: compiling fa f32_f16
10-07 17:52:21.766 I/NpuProbe(27952): [ggml] ggml_opencl: flash_attn_f32_f16_q1_vec_mq_split_c8 DK=128 DV=128 per-kernel max 128 < required 256; skipping registration (will fall back)
10-07 17:52:21.767 I/NpuProbe(27952): [ggml] ggml_opencl: compiling fa f32_f16 MQ_GQA=8
10-07 17:52:22.314 I/NpuProbe(27952): [ggml] ggml_opencl: flash_attn_f32_f16_q1_vec_mq_split_c8 (g8) DK=128 DV=128 per-kernel max 128 < required 192; skipping registration (will fall back)
10-07 17:52:22.314 I/NpuProbe(27952): [ggml] ggml_opencl: compiling fa f32_f16 c8 NSG2
10-07 17:52:22.689 I/NpuProbe(27952): [ggml] ggml_opencl: compiling fa f32_f16 c8 g8 NSG2
10-07 17:52:23.232 I/NpuProbe(27952): [ggml] ggml_opencl: compiling fa f32_f16 split
10-07 17:52:24.386 I/NpuProbe(27952): A1: ok=1 cap=0 eog_tok1=0 tok1=33 amostrados(s/d)=1/8 emitidos=8 consumidos=8 decodes_s_pos_ponte=0
10-07 17:52:24.386 I/NpuProbe(27952): A1 tempos: prefill=1363.14ms export=0.16ms(2032789B) import=4.13ms gen=3735.75ms
10-07 17:52:24.386 I/NpuProbe(27952): A1 espelho: passos=0 iguais=0 div_pos=-1 div_marg(d/s)=-1.000/-1.000
10-07 17:52:24.386 I/NpuProbe(27952): A1 fronteiras(ms desde request): prefill_done=4728.8 tok1_ready=4752.9 import_done=4757.1 tok2_ready=8261.1 fim=8492.8 (INTERNAS; sem streaming de UI no probe)
10-07 17:52:24.386 I/NpuProbe(27952): A1 prompt_hash=a5de647b1ff84e74
10-07 17:52:24.386 I/NpuProbe(27952): A1 texto: Bom dia, como você está?
10-07 17:52:24.391 I/NpuProbe(27952): reset: pos cmp (origem=-1 destino=-1) -> VAZIO ok
10-07 17:52:26.302 I/NpuProbe(27952): A2: ok=1 texto igual ao A1: SIM
10-07 17:52:26.302 I/NpuProbe(27952): RESULTADO: BENCH-CONCLUIDO (htp->opencl; sem espelho; decode origem pos-ponte=0; A-B-A texto igual)
10-07 17:52:26.534 I/NpuProbe(27952): SMART REPORT:
10-07 17:52:26.534 I/NpuProbe(27952): SMART (opencl@bench)
10-07 17:52:26.534 I/NpuProbe(27952): 
10-07 17:52:26.534 I/NpuProbe(27952): SMARTv2 rota='opencl@bench' mutante=(none)
10-07 17:52:26.534 I/NpuProbe(27952): MODO BENCHMARK (@bench; sem espelho; decode so no destino)
10-07 17:52:26.534 I/NpuProbe(27952): MODO PONTE: origem=htp | destino=opencl (GPUOpenCL)
10-07 17:52:26.534 I/NpuProbe(27952): load(destino)=2969ms
10-07 17:52:26.534 I/NpuProbe(27952): load(origem)=336ms
10-07 17:52:26.534 I/NpuProbe(27952): ctxs prontos (cold_total=3365ms)
10-07 17:52:26.534 I/NpuProbe(27952): A1: ok=1 cap=0 eog_tok1=0 tok1=33 amostrados(s/d)=1/8 emitidos=8 consumidos=8 decodes_s_pos_ponte=0
10-07 17:52:26.534 I/NpuProbe(27952): A1 tempos: prefill=1363.14ms export=0.16ms(2032789B) import=4.13ms gen=3735.75ms
10-07 17:52:26.534 I/NpuProbe(27952): A1 espelho: passos=0 iguais=0 div_pos=-1 div_marg(d/s)=-1.000/-1.000
10-07 17:52:26.534 I/NpuProbe(27952): A1 fronteiras(ms desde request): prefill_done=4728.8 tok1_ready=4752.9 import_done=4757.1 tok2_ready=8261.1 fim=8492.8 (INTERNAS; sem streaming de UI no probe)
10-07 17:52:26.534 I/NpuProbe(27952): A1 prompt_hash=a5de647b1ff84e74
10-07 17:52:26.534 I/NpuProbe(27952): A1 texto: Bom dia, como você está?
10-07 17:52:26.534 I/NpuProbe(27952): reset: pos cmp (origem=-1 destino=-1) -> VAZIO ok
10-07 17:52:26.534 I/NpuProbe(27952): A2: ok=1 texto igual ao A1: SIM
10-07 17:52:26.534 I/NpuProbe(27952): RESULTADO: BENCH-CONCLUIDO (htp->opencl; sem espelho; decode origem pos-ponte=0; A-B-A texto igual)
[rec 17:52:03]
--------- beginning of main
10-07 17:53:21.104 I/NpuProbe(28295): nativeLibraryDir=/data/app/~~-AAa5lDaii0dMGTPgPeENA==/br.gov.sp.pcsp.npuprobe-rKDzfVqWrdi-4lPwWdPEAA==/lib/arm64
10-07 17:53:21.104 I/NpuProbe(28295): libdir=/data/app/~~-AAa5lDaii0dMGTPgPeENA==/br.gov.sp.pcsp.npuprobe-rKDzfVqWrdi-4lPwWdPEAA==/lib/arm64
10-07 17:53:21.104 I/NpuProbe(28295): build=llama.cpp-upstream-pkg (v11-libs) + probe R4
10-07 17:53:21.104 I/NpuProbe(28295): controle-sistema (liblog.so)=OK
10-07 17:53:21.104 I/NpuProbe(28295): negativo-fake (libnaoexiste_xyz.so)=FALHOU err=dlopen failed: library "libnaoexiste_xyz.so" not found
10-07 17:53:21.107 I/NpuProbe(28295): cdsprpc-nome (libcdsprpc.so)=OK
10-07 17:53:21.109 I/NpuProbe(28295): cdsprpc-abs (/vendor/lib64/libcdsprpc.so)=OK
10-07 17:53:21.109 I/NpuProbe(28295): ADSP_LIBRARY_PATH=libdir (setenv)
10-07 17:53:21.111 I/NpuProbe(28295): [ggml] ggml_vulkan: Found 1 Vulkan devices:
10-07 17:53:21.111 I/NpuProbe(28295): [ggml] ggml_vulkan: 0 = Adreno (TM) 840 (Qualcomm Technologies Inc. Adreno Vulkan Driver) | uma: 1 | fp16: 1 | bf16: 0 | fp4: 0 | warp size: 64 | shared memory: 32768 | int dot: 0 | matrix cores: none
10-07 17:53:21.119 I/NpuProbe(28295): [ggml] ggml_opencl: selected platform: 'QUALCOMM Snapdragon(TM)'
10-07 17:53:21.120 I/NpuProbe(28295): [ggml] 
10-07 17:53:21.120 I/NpuProbe(28295): ggml_opencl: device: 'QUALCOMM Adreno(TM) 840 (OpenCL 3.0 Adreno(TM) 840)'
10-07 17:53:21.120 I/NpuProbe(28295): [ggml] ggml_opencl: default device: 'QUALCOMM Adreno(TM) 840 (OpenCL 3.0 Adreno(TM) 840)'
10-07 17:53:21.120 I/NpuProbe(28295): [ggml] ggml-hex: Loading driver libcdsprpc.so
10-07 17:53:21.121 I/NpuProbe(28295): [ggml] ggml-hex: Hexagon backend (experimental) : allocating new registry : ndev 1
10-07 17:53:21.121 I/NpuProbe(28295): [ggml] ggml-hex: Hexagon Arch version v81
10-07 17:53:21.121 I/NpuProbe(28295): [ggml] ggml-hex: HTP0 allocating new session
10-07 17:53:21.154 I/NpuProbe(28295): [ggml] ggml-hex: HTP0 hwinfo: threads 8, hvx 8, hmx 1, vtcm 8 MB
10-07 17:53:21.154 I/NpuProbe(28295): [ggml] ggml-hex: HTP0 new session : session-id 0 domain-id 3 uri file:///libggml-htp-v81.so?htp_iface_skel_handle_invoke&_modver=1.0&_dom=cdsp&_session=0 handle 0xb4000077c5fd5980
10-07 17:53:21.157 I/NpuProbe(28295): [ggml] ggml-hex: HTP0 op batching: n-bufs 16 n-tensors 7168 n-ops 1024 vmem 3355443200
10-07 17:53:21.162 I/NpuProbe(28295): load_all_from_path=53ms
10-07 17:53:21.162 I/NpuProbe(28295): [ggml] load_backend: failed to find ggml_backend_init in /data/app/~~-AAa5lDaii0dMGTPgPeENA==/br.gov.sp.pcsp.npuprobe-rKDzfVqWrdi-4lPwWdPEAA==/lib/arm64/libggml-hexagon.so
10-07 17:53:21.162 I/NpuProbe(28295): load(hexagon direto)=FALHOU em 0ms
10-07 17:53:21.162 I/NpuProbe(28295): devices=4
10-07 17:53:21.162 I/NpuProbe(28295):   dev[0] Vulkan0 (Adreno (TM) 840)
10-07 17:53:21.162 I/NpuProbe(28295):   dev[1] GPUOpenCL (QUALCOMM Adreno(TM) 840)
10-07 17:53:21.162 I/NpuProbe(28295):   dev[2] HTP0 (Hexagon)
10-07 17:53:21.162 I/NpuProbe(28295):   dev[3] CPU (CPU)
10-07 17:53:21.162 I/NpuProbe(28295): dev_init(HTP0)=0ms -> SESSAO ABERTA
10-07 17:53:21.163 I/NpuProbe(28295): graph_compute(MUL_MAT 64x64)=0.6ms status=0
10-07 17:53:21.163 I/NpuProbe(28295): c[0]=128.000000 (esperado 128.0)
10-07 17:53:21.163 I/NpuProbe(28295): RESULTADO: APP-UID OK: sessao HTP + op executado com resultado correto
10-07 17:53:21.164 I/NpuProbe(28295): REPORT:
10-07 17:53:21.164 I/NpuProbe(28295): libdir=/data/app/~~-AAa5lDaii0dMGTPgPeENA==/br.gov.sp.pcsp.npuprobe-rKDzfVqWrdi-4lPwWdPEAA==/lib/arm64
10-07 17:53:21.164 I/NpuProbe(28295): build=llama.cpp-upstream-pkg (v11-libs) + probe R4
10-07 17:53:21.164 I/NpuProbe(28295): controle-sistema (liblog.so)=OK
10-07 17:53:21.164 I/NpuProbe(28295): negativo-fake (libnaoexiste_xyz.so)=FALHOU err=dlopen failed: library "libnaoexiste_xyz.so" not found
10-07 17:53:21.164 I/NpuProbe(28295): cdsprpc-nome (libcdsprpc.so)=OK
10-07 17:53:21.164 I/NpuProbe(28295): cdsprpc-abs (/vendor/lib64/libcdsprpc.so)=OK
10-07 17:53:21.164 I/NpuProbe(28295): ADSP_LIBRARY_PATH=libdir (setenv)
10-07 17:53:21.164 I/NpuProbe(28295): load_all_from_path=53ms
10-07 17:53:21.164 I/NpuProbe(28295): load(hexagon direto)=FALHOU em 0ms
10-07 17:53:21.164 I/NpuProbe(28295): devices=4
10-07 17:53:21.164 I/NpuProbe(28295):   dev[0] Vulkan0 (Adreno (TM) 840)
10-07 17:53:21.164 I/NpuProbe(28295):   dev[1] GPUOpenCL (QUALCOMM Adreno(TM) 840)
10-07 17:53:21.164 I/NpuProbe(28295):   dev[2] HTP0 (Hexagon)
10-07 17:53:21.164 I/NpuProbe(28295):   dev[3] CPU (CPU)
10-07 17:53:21.164 I/NpuProbe(28295): dev_init(HTP0)=0ms -> SESSAO ABERTA
10-07 17:53:21.164 I/NpuProbe(28295): graph_compute(MUL_MAT 64x64)=0.6ms status=0
10-07 17:53:21.164 I/NpuProbe(28295): c[0]=128.000000 (esperado 128.0)
10-07 17:53:21.164 I/NpuProbe(28295): RESULTADO: APP-UID OK: sessao HTP + op executado com resultado correto
10-07 17:53:21.164 I/NpuProbe(28295): AUTO-GATILHO='smart:vulkan@bench'
10-07 17:53:21.165 I/NpuProbe(28295): SMART iniciando rota=vulkan@bench com /data/local/tmp/hymt2_app.gguf
10-07 17:53:21.165 I/NpuProbe(28295): SMARTv2 rota='vulkan@bench' mutante=(none)
10-07 17:53:21.166 I/NpuProbe(28295): MODO BENCHMARK (@bench; sem espelho; decode so no destino)
10-07 17:53:21.166 I/NpuProbe(28295): MODO PONTE: origem=htp | destino=vulkan (Vulkan0)
10-07 17:53:23.459 I/NpuProbe(28295): A1: ok=1 cap=0 eog_tok1=0 tok1=33 amostrados(s/d)=1/8 emitidos=8 consumidos=8 decodes_s_pos_ponte=0
10-07 17:53:23.459 I/NpuProbe(28295): A1 tempos: prefill=803.67ms export=0.10ms(2032789B) import=1.86ms gen=719.13ms
10-07 17:53:23.459 I/NpuProbe(28295): A1 espelho: passos=0 iguais=0 div_pos=-1 div_marg(d/s)=-1.000/-1.000
10-07 17:53:23.459 I/NpuProbe(28295): A1 fronteiras(ms desde request): prefill_done=1546.6 tok1_ready=1557.5 import_done=1559.4 tok2_ready=2128.1 fim=2278.5 (INTERNAS; sem streaming de UI no probe)
10-07 17:53:23.459 I/NpuProbe(28295): A1 prompt_hash=a5de647b1ff84e74
10-07 17:53:23.459 I/NpuProbe(28295): A1 texto: Bom dia, como você está?
10-07 17:53:23.463 I/NpuProbe(28295): reset: pos cmp (origem=-1 destino=-1) -> VAZIO ok
[rec 17:52:30]
--------- beginning of main
10-07 17:53:21.104 I/NpuProbe(28295): nativeLibraryDir=/data/app/~~-AAa5lDaii0dMGTPgPeENA==/br.gov.sp.pcsp.npuprobe-rKDzfVqWrdi-4lPwWdPEAA==/lib/arm64
10-07 17:53:21.104 I/NpuProbe(28295): libdir=/data/app/~~-AAa5lDaii0dMGTPgPeENA==/br.gov.sp.pcsp.npuprobe-rKDzfVqWrdi-4lPwWdPEAA==/lib/arm64
10-07 17:53:21.104 I/NpuProbe(28295): build=llama.cpp-upstream-pkg (v11-libs) + probe R4
10-07 17:53:21.104 I/NpuProbe(28295): controle-sistema (liblog.so)=OK
10-07 17:53:21.104 I/NpuProbe(28295): negativo-fake (libnaoexiste_xyz.so)=FALHOU err=dlopen failed: library "libnaoexiste_xyz.so" not found
10-07 17:53:21.107 I/NpuProbe(28295): cdsprpc-nome (libcdsprpc.so)=OK
10-07 17:53:21.109 I/NpuProbe(28295): cdsprpc-abs (/vendor/lib64/libcdsprpc.so)=OK
10-07 17:53:21.109 I/NpuProbe(28295): ADSP_LIBRARY_PATH=libdir (setenv)
10-07 17:53:21.111 I/NpuProbe(28295): [ggml] ggml_vulkan: Found 1 Vulkan devices:
10-07 17:53:21.111 I/NpuProbe(28295): [ggml] ggml_vulkan: 0 = Adreno (TM) 840 (Qualcomm Technologies Inc. Adreno Vulkan Driver) | uma: 1 | fp16: 1 | bf16: 0 | fp4: 0 | warp size: 64 | shared memory: 32768 | int dot: 0 | matrix cores: none
10-07 17:53:21.119 I/NpuProbe(28295): [ggml] ggml_opencl: selected platform: 'QUALCOMM Snapdragon(TM)'
10-07 17:53:21.120 I/NpuProbe(28295): [ggml] 
10-07 17:53:21.120 I/NpuProbe(28295): ggml_opencl: device: 'QUALCOMM Adreno(TM) 840 (OpenCL 3.0 Adreno(TM) 840)'
10-07 17:53:21.120 I/NpuProbe(28295): [ggml] ggml_opencl: default device: 'QUALCOMM Adreno(TM) 840 (OpenCL 3.0 Adreno(TM) 840)'
10-07 17:53:21.120 I/NpuProbe(28295): [ggml] ggml-hex: Loading driver libcdsprpc.so
10-07 17:53:21.121 I/NpuProbe(28295): [ggml] ggml-hex: Hexagon backend (experimental) : allocating new registry : ndev 1
10-07 17:53:21.121 I/NpuProbe(28295): [ggml] ggml-hex: Hexagon Arch version v81
10-07 17:53:21.121 I/NpuProbe(28295): [ggml] ggml-hex: HTP0 allocating new session
10-07 17:53:21.154 I/NpuProbe(28295): [ggml] ggml-hex: HTP0 hwinfo: threads 8, hvx 8, hmx 1, vtcm 8 MB
10-07 17:53:21.154 I/NpuProbe(28295): [ggml] ggml-hex: HTP0 new session : session-id 0 domain-id 3 uri file:///libggml-htp-v81.so?htp_iface_skel_handle_invoke&_modver=1.0&_dom=cdsp&_session=0 handle 0xb4000077c5fd5980
10-07 17:53:21.157 I/NpuProbe(28295): [ggml] ggml-hex: HTP0 op batching: n-bufs 16 n-tensors 7168 n-ops 1024 vmem 3355443200
10-07 17:53:21.162 I/NpuProbe(28295): load_all_from_path=53ms
10-07 17:53:21.162 I/NpuProbe(28295): [ggml] load_backend: failed to find ggml_backend_init in /data/app/~~-AAa5lDaii0dMGTPgPeENA==/br.gov.sp.pcsp.npuprobe-rKDzfVqWrdi-4lPwWdPEAA==/lib/arm64/libggml-hexagon.so
10-07 17:53:21.162 I/NpuProbe(28295): load(hexagon direto)=FALHOU em 0ms
10-07 17:53:21.162 I/NpuProbe(28295): devices=4
10-07 17:53:21.162 I/NpuProbe(28295):   dev[0] Vulkan0 (Adreno (TM) 840)
10-07 17:53:21.162 I/NpuProbe(28295):   dev[1] GPUOpenCL (QUALCOMM Adreno(TM) 840)
10-07 17:53:21.162 I/NpuProbe(28295):   dev[2] HTP0 (Hexagon)
10-07 17:53:21.162 I/NpuProbe(28295):   dev[3] CPU (CPU)
10-07 17:53:21.162 I/NpuProbe(28295): dev_init(HTP0)=0ms -> SESSAO ABERTA
10-07 17:53:21.163 I/NpuProbe(28295): graph_compute(MUL_MAT 64x64)=0.6ms status=0
10-07 17:53:21.163 I/NpuProbe(28295): c[0]=128.000000 (esperado 128.0)
10-07 17:53:21.163 I/NpuProbe(28295): RESULTADO: APP-UID OK: sessao HTP + op executado com resultado correto
10-07 17:53:21.164 I/NpuProbe(28295): REPORT:
10-07 17:53:21.164 I/NpuProbe(28295): libdir=/data/app/~~-AAa5lDaii0dMGTPgPeENA==/br.gov.sp.pcsp.npuprobe-rKDzfVqWrdi-4lPwWdPEAA==/lib/arm64
10-07 17:53:21.164 I/NpuProbe(28295): build=llama.cpp-upstream-pkg (v11-libs) + probe R4
10-07 17:53:21.164 I/NpuProbe(28295): controle-sistema (liblog.so)=OK
10-07 17:53:21.164 I/NpuProbe(28295): negativo-fake (libnaoexiste_xyz.so)=FALHOU err=dlopen failed: library "libnaoexiste_xyz.so" not found
10-07 17:53:21.164 I/NpuProbe(28295): cdsprpc-nome (libcdsprpc.so)=OK
10-07 17:53:21.164 I/NpuProbe(28295): cdsprpc-abs (/vendor/lib64/libcdsprpc.so)=OK
10-07 17:53:21.164 I/NpuProbe(28295): ADSP_LIBRARY_PATH=libdir (setenv)
10-07 17:53:21.164 I/NpuProbe(28295): load_all_from_path=53ms
10-07 17:53:21.164 I/NpuProbe(28295): load(hexagon direto)=FALHOU em 0ms
10-07 17:53:21.164 I/NpuProbe(28295): devices=4
10-07 17:53:21.164 I/NpuProbe(28295):   dev[0] Vulkan0 (Adreno (TM) 840)
10-07 17:53:21.164 I/NpuProbe(28295):   dev[1] GPUOpenCL (QUALCOMM Adreno(TM) 840)
10-07 17:53:21.164 I/NpuProbe(28295):   dev[2] HTP0 (Hexagon)
10-07 17:53:21.164 I/NpuProbe(28295):   dev[3] CPU (CPU)
10-07 17:53:21.164 I/NpuProbe(28295): dev_init(HTP0)=0ms -> SESSAO ABERTA
10-07 17:53:21.164 I/NpuProbe(28295): graph_compute(MUL_MAT 64x64)=0.6ms status=0
10-07 17:53:21.164 I/NpuProbe(28295): c[0]=128.000000 (esperado 128.0)
10-07 17:53:21.164 I/NpuProbe(28295): RESULTADO: APP-UID OK: sessao HTP + op executado com resultado correto
10-07 17:53:21.164 I/NpuProbe(28295): AUTO-GATILHO='smart:vulkan@bench'
10-07 17:53:21.165 I/NpuProbe(28295): SMART iniciando rota=vulkan@bench com /data/local/tmp/hymt2_app.gguf
10-07 17:53:21.165 I/NpuProbe(28295): SMARTv2 rota='vulkan@bench' mutante=(none)
10-07 17:53:21.166 I/NpuProbe(28295): MODO BENCHMARK (@bench; sem espelho; decode so no destino)
10-07 17:53:21.166 I/NpuProbe(28295): MODO PONTE: origem=htp | destino=vulkan (Vulkan0)
10-07 17:53:23.459 I/NpuProbe(28295): A1: ok=1 cap=0 eog_tok1=0 tok1=33 amostrados(s/d)=1/8 emitidos=8 consumidos=8 decodes_s_pos_ponte=0
10-07 17:53:23.459 I/NpuProbe(28295): A1 tempos: prefill=803.67ms export=0.10ms(2032789B) import=1.86ms gen=719.13ms
10-07 17:53:23.459 I/NpuProbe(28295): A1 espelho: passos=0 iguais=0 div_pos=-1 div_marg(d/s)=-1.000/-1.000
10-07 17:53:23.459 I/NpuProbe(28295): A1 fronteiras(ms desde request): prefill_done=1546.6 tok1_ready=1557.5 import_done=1559.4 tok2_ready=2128.1 fim=2278.5 (INTERNAS; sem streaming de UI no probe)
10-07 17:53:23.459 I/NpuProbe(28295): A1 prompt_hash=a5de647b1ff84e74
10-07 17:53:23.459 I/NpuProbe(28295): A1 texto: Bom dia, como você está?
10-07 17:53:23.463 I/NpuProbe(28295): reset: pos cmp (origem=-1 destino=-1) -> VAZIO ok
10-07 17:53:25.115 I/NpuProbe(28295): A2: ok=1 texto igual ao A1: SIM
10-07 17:53:25.115 I/NpuProbe(28295): RESULTADO: BENCH-CONCLUIDO (htp->vulkan; sem espelho; decode origem pos-ponte=0; A-B-A texto igual)
10-07 17:53:25.264 I/NpuProbe(28295): SMART REPORT:
10-07 17:53:25.264 I/NpuProbe(28295): SMART (vulkan@bench)
10-07 17:53:25.264 I/NpuProbe(28295): 
10-07 17:53:25.264 I/NpuProbe(28295): SMARTv2 rota='vulkan@bench' mutante=(none)
10-07 17:53:25.264 I/NpuProbe(28295): MODO BENCHMARK (@bench; sem espelho; decode so no destino)
10-07 17:53:25.264 I/NpuProbe(28295): MODO PONTE: origem=htp | destino=vulkan (Vulkan0)
10-07 17:53:25.264 I/NpuProbe(28295): load(destino)=531ms
10-07 17:53:25.264 I/NpuProbe(28295): load(origem)=148ms
10-07 17:53:25.264 I/NpuProbe(28295): ctxs prontos (cold_total=742ms)
10-07 17:53:25.264 I/NpuProbe(28295): A1: ok=1 cap=0 eog_tok1=0 tok1=33 amostrados(s/d)=1/8 emitidos=8 consumidos=8 decodes_s_pos_ponte=0
10-07 17:53:25.264 I/NpuProbe(28295): A1 tempos: prefill=803.67ms export=0.10ms(2032789B) import=1.86ms gen=719.13ms
10-07 17:53:25.264 I/NpuProbe(28295): A1 espelho: passos=0 iguais=0 div_pos=-1 div_marg(d/s)=-1.000/-1.000
10-07 17:53:25.264 I/NpuProbe(28295): A1 fronteiras(ms desde request): prefill_done=1546.6 tok1_ready=1557.5 import_done=1559.4 tok2_ready=2128.1 fim=2278.5 (INTERNAS; sem streaming de UI no probe)
10-07 17:53:25.264 I/NpuProbe(28295): A1 prompt_hash=a5de647b1ff84e74
10-07 17:53:25.264 I/NpuProbe(28295): A1 texto: Bom dia, como você está?
10-07 17:53:25.264 I/NpuProbe(28295): reset: pos cmp (origem=-1 destino=-1) -> VAZIO ok
10-07 17:53:25.264 I/NpuProbe(28295): A2: ok=1 texto igual ao A1: SIM
10-07 17:53:25.264 I/NpuProbe(28295): RESULTADO: BENCH-CONCLUIDO (htp->vulkan; sem espelho; decode origem pos-ponte=0; A-B-A texto igual)
[rec 17:52:57]
--------- beginning of main
10-07 17:53:21.104 I/NpuProbe(28295): nativeLibraryDir=/data/app/~~-AAa5lDaii0dMGTPgPeENA==/br.gov.sp.pcsp.npuprobe-rKDzfVqWrdi-4lPwWdPEAA==/lib/arm64
10-07 17:53:21.104 I/NpuProbe(28295): libdir=/data/app/~~-AAa5lDaii0dMGTPgPeENA==/br.gov.sp.pcsp.npuprobe-rKDzfVqWrdi-4lPwWdPEAA==/lib/arm64
10-07 17:53:21.104 I/NpuProbe(28295): build=llama.cpp-upstream-pkg (v11-libs) + probe R4
10-07 17:53:21.104 I/NpuProbe(28295): controle-sistema (liblog.so)=OK
10-07 17:53:21.104 I/NpuProbe(28295): negativo-fake (libnaoexiste_xyz.so)=FALHOU err=dlopen failed: library "libnaoexiste_xyz.so" not found
10-07 17:53:21.107 I/NpuProbe(28295): cdsprpc-nome (libcdsprpc.so)=OK
10-07 17:53:21.109 I/NpuProbe(28295): cdsprpc-abs (/vendor/lib64/libcdsprpc.so)=OK
10-07 17:53:21.109 I/NpuProbe(28295): ADSP_LIBRARY_PATH=libdir (setenv)
10-07 17:53:21.111 I/NpuProbe(28295): [ggml] ggml_vulkan: Found 1 Vulkan devices:
10-07 17:53:21.111 I/NpuProbe(28295): [ggml] ggml_vulkan: 0 = Adreno (TM) 840 (Qualcomm Technologies Inc. Adreno Vulkan Driver) | uma: 1 | fp16: 1 | bf16: 0 | fp4: 0 | warp size: 64 | shared memory: 32768 | int dot: 0 | matrix cores: none
10-07 17:53:21.119 I/NpuProbe(28295): [ggml] ggml_opencl: selected platform: 'QUALCOMM Snapdragon(TM)'
10-07 17:53:21.120 I/NpuProbe(28295): [ggml] 
10-07 17:53:21.120 I/NpuProbe(28295): ggml_opencl: device: 'QUALCOMM Adreno(TM) 840 (OpenCL 3.0 Adreno(TM) 840)'
10-07 17:53:21.120 I/NpuProbe(28295): [ggml] ggml_opencl: default device: 'QUALCOMM Adreno(TM) 840 (OpenCL 3.0 Adreno(TM) 840)'
10-07 17:53:21.120 I/NpuProbe(28295): [ggml] ggml-hex: Loading driver libcdsprpc.so
10-07 17:53:21.121 I/NpuProbe(28295): [ggml] ggml-hex: Hexagon backend (experimental) : allocating new registry : ndev 1
10-07 17:53:21.121 I/NpuProbe(28295): [ggml] ggml-hex: Hexagon Arch version v81
10-07 17:53:21.121 I/NpuProbe(28295): [ggml] ggml-hex: HTP0 allocating new session
10-07 17:53:21.154 I/NpuProbe(28295): [ggml] ggml-hex: HTP0 hwinfo: threads 8, hvx 8, hmx 1, vtcm 8 MB
10-07 17:53:21.154 I/NpuProbe(28295): [ggml] ggml-hex: HTP0 new session : session-id 0 domain-id 3 uri file:///libggml-htp-v81.so?htp_iface_skel_handle_invoke&_modver=1.0&_dom=cdsp&_session=0 handle 0xb4000077c5fd5980
10-07 17:53:21.157 I/NpuProbe(28295): [ggml] ggml-hex: HTP0 op batching: n-bufs 16 n-tensors 7168 n-ops 1024 vmem 3355443200
10-07 17:53:21.162 I/NpuProbe(28295): load_all_from_path=53ms
10-07 17:53:21.162 I/NpuProbe(28295): [ggml] load_backend: failed to find ggml_backend_init in /data/app/~~-AAa5lDaii0dMGTPgPeENA==/br.gov.sp.pcsp.npuprobe-rKDzfVqWrdi-4lPwWdPEAA==/lib/arm64/libggml-hexagon.so
10-07 17:53:21.162 I/NpuProbe(28295): load(hexagon direto)=FALHOU em 0ms
10-07 17:53:21.162 I/NpuProbe(28295): devices=4
10-07 17:53:21.162 I/NpuProbe(28295):   dev[0] Vulkan0 (Adreno (TM) 840)
10-07 17:53:21.162 I/NpuProbe(28295):   dev[1] GPUOpenCL (QUALCOMM Adreno(TM) 840)
10-07 17:53:21.162 I/NpuProbe(28295):   dev[2] HTP0 (Hexagon)
10-07 17:53:21.162 I/NpuProbe(28295):   dev[3] CPU (CPU)
10-07 17:53:21.162 I/NpuProbe(28295): dev_init(HTP0)=0ms -> SESSAO ABERTA
10-07 17:53:21.163 I/NpuProbe(28295): graph_compute(MUL_MAT 64x64)=0.6ms status=0
10-07 17:53:21.163 I/NpuProbe(28295): c[0]=128.000000 (esperado 128.0)
10-07 17:53:21.163 I/NpuProbe(28295): RESULTADO: APP-UID OK: sessao HTP + op executado com resultado correto
10-07 17:53:21.164 I/NpuProbe(28295): REPORT:
10-07 17:53:21.164 I/NpuProbe(28295): libdir=/data/app/~~-AAa5lDaii0dMGTPgPeENA==/br.gov.sp.pcsp.npuprobe-rKDzfVqWrdi-4lPwWdPEAA==/lib/arm64
10-07 17:53:21.164 I/NpuProbe(28295): build=llama.cpp-upstream-pkg (v11-libs) + probe R4
10-07 17:53:21.164 I/NpuProbe(28295): controle-sistema (liblog.so)=OK
10-07 17:53:21.164 I/NpuProbe(28295): negativo-fake (libnaoexiste_xyz.so)=FALHOU err=dlopen failed: library "libnaoexiste_xyz.so" not found
10-07 17:53:21.164 I/NpuProbe(28295): cdsprpc-nome (libcdsprpc.so)=OK
10-07 17:53:21.164 I/NpuProbe(28295): cdsprpc-abs (/vendor/lib64/libcdsprpc.so)=OK
10-07 17:53:21.164 I/NpuProbe(28295): ADSP_LIBRARY_PATH=libdir (setenv)
10-07 17:53:21.164 I/NpuProbe(28295): load_all_from_path=53ms
10-07 17:53:21.164 I/NpuProbe(28295): load(hexagon direto)=FALHOU em 0ms
10-07 17:53:21.164 I/NpuProbe(28295): devices=4
10-07 17:53:21.164 I/NpuProbe(28295):   dev[0] Vulkan0 (Adreno (TM) 840)
10-07 17:53:21.164 I/NpuProbe(28295):   dev[1] GPUOpenCL (QUALCOMM Adreno(TM) 840)
10-07 17:53:21.164 I/NpuProbe(28295):   dev[2] HTP0 (Hexagon)
10-07 17:53:21.164 I/NpuProbe(28295):   dev[3] CPU (CPU)
10-07 17:53:21.164 I/NpuProbe(28295): dev_init(HTP0)=0ms -> SESSAO ABERTA
10-07 17:53:21.164 I/NpuProbe(28295): graph_compute(MUL_MAT 64x64)=0.6ms status=0
10-07 17:53:21.164 I/NpuProbe(28295): c[0]=128.000000 (esperado 128.0)
10-07 17:53:21.164 I/NpuProbe(28295): RESULTADO: APP-UID OK: sessao HTP + op executado com resultado correto
10-07 17:53:21.164 I/NpuProbe(28295): AUTO-GATILHO='smart:vulkan@bench'
10-07 17:53:21.165 I/NpuProbe(28295): SMART iniciando rota=vulkan@bench com /data/local/tmp/hymt2_app.gguf
10-07 17:53:21.165 I/NpuProbe(28295): SMARTv2 rota='vulkan@bench' mutante=(none)
10-07 17:53:21.166 I/NpuProbe(28295): MODO BENCHMARK (@bench; sem espelho; decode so no destino)
10-07 17:53:21.166 I/NpuProbe(28295): MODO PONTE: origem=htp | destino=vulkan (Vulkan0)
10-07 17:53:23.459 I/NpuProbe(28295): A1: ok=1 cap=0 eog_tok1=0 tok1=33 amostrados(s/d)=1/8 emitidos=8 consumidos=8 decodes_s_pos_ponte=0
10-07 17:53:23.459 I/NpuProbe(28295): A1 tempos: prefill=803.67ms export=0.10ms(2032789B) import=1.86ms gen=719.13ms
10-07 17:53:23.459 I/NpuProbe(28295): A1 espelho: passos=0 iguais=0 div_pos=-1 div_marg(d/s)=-1.000/-1.000
10-07 17:53:23.459 I/NpuProbe(28295): A1 fronteiras(ms desde request): prefill_done=1546.6 tok1_ready=1557.5 import_done=1559.4 tok2_ready=2128.1 fim=2278.5 (INTERNAS; sem streaming de UI no probe)
10-07 17:53:23.459 I/NpuProbe(28295): A1 prompt_hash=a5de647b1ff84e74
10-07 17:53:23.459 I/NpuProbe(28295): A1 texto: Bom dia, como você está?
10-07 17:53:23.463 I/NpuProbe(28295): reset: pos cmp (origem=-1 destino=-1) -> VAZIO ok
10-07 17:53:25.115 I/NpuProbe(28295): A2: ok=1 texto igual ao A1: SIM
10-07 17:53:25.115 I/NpuProbe(28295): RESULTADO: BENCH-CONCLUIDO (htp->vulkan; sem espelho; decode origem pos-ponte=0; A-B-A texto igual)
10-07 17:53:25.264 I/NpuProbe(28295): SMART REPORT:
10-07 17:53:25.264 I/NpuProbe(28295): SMART (vulkan@bench)
10-07 17:53:25.264 I/NpuProbe(28295): 
10-07 17:53:25.264 I/NpuProbe(28295): SMARTv2 rota='vulkan@bench' mutante=(none)
10-07 17:53:25.264 I/NpuProbe(28295): MODO BENCHMARK (@bench; sem espelho; decode so no destino)
10-07 17:53:25.264 I/NpuProbe(28295): MODO PONTE: origem=htp | destino=vulkan (Vulkan0)
10-07 17:53:25.264 I/NpuProbe(28295): load(destino)=531ms
10-07 17:53:25.264 I/NpuProbe(28295): load(origem)=148ms
10-07 17:53:25.264 I/NpuProbe(28295): ctxs prontos (cold_total=742ms)
10-07 17:53:25.264 I/NpuProbe(28295): A1: ok=1 cap=0 eog_tok1=0 tok1=33 amostrados(s/d)=1/8 emitidos=8 consumidos=8 decodes_s_pos_ponte=0
10-07 17:53:25.264 I/NpuProbe(28295): A1 tempos: prefill=803.67ms export=0.10ms(2032789B) import=1.86ms gen=719.13ms
10-07 17:53:25.264 I/NpuProbe(28295): A1 espelho: passos=0 iguais=0 div_pos=-1 div_marg(d/s)=-1.000/-1.000
10-07 17:53:25.264 I/NpuProbe(28295): A1 fronteiras(ms desde request): prefill_done=1546.6 tok1_ready=1557.5 import_done=1559.4 tok2_ready=2128.1 fim=2278.5 (INTERNAS; sem streaming de UI no probe)
10-07 17:53:25.264 I/NpuProbe(28295): A1 prompt_hash=a5de647b1ff84e74
10-07 17:53:25.264 I/NpuProbe(28295): A1 texto: Bom dia, como você está?
10-07 17:53:25.264 I/NpuProbe(28295): reset: pos cmp (origem=-1 destino=-1) -> VAZIO ok
10-07 17:53:25.264 I/NpuProbe(28295): A2: ok=1 texto igual ao A1: SIM
10-07 17:53:25.264 I/NpuProbe(28295): RESULTADO: BENCH-CONCLUIDO (htp->vulkan; sem espelho; decode origem pos-ponte=0; A-B-A texto igual)
[rec 17:53:25]
--------- beginning of main
10-07 17:53:23.459 I/NpuProbe(28295): A1: ok=1 cap=0 eog_tok1=0 tok1=33 amostrados(s/d)=1/8 emitidos=8 consumidos=8 decodes_s_pos_ponte=0
10-07 17:53:23.459 I/NpuProbe(28295): A1 tempos: prefill=803.67ms export=0.10ms(2032789B) import=1.86ms gen=719.13ms
10-07 17:53:23.459 I/NpuProbe(28295): A1 espelho: passos=0 iguais=0 div_pos=-1 div_marg(d/s)=-1.000/-1.000
10-07 17:53:23.459 I/NpuProbe(28295): A1 fronteiras(ms desde request): prefill_done=1546.6 tok1_ready=1557.5 import_done=1559.4 tok2_ready=2128.1 fim=2278.5 (INTERNAS; sem streaming de UI no probe)
10-07 17:53:23.459 I/NpuProbe(28295): A1 prompt_hash=a5de647b1ff84e74
10-07 17:53:23.459 I/NpuProbe(28295): A1 texto: Bom dia, como você está?
10-07 17:53:23.463 I/NpuProbe(28295): reset: pos cmp (origem=-1 destino=-1) -> VAZIO ok
10-07 17:53:25.115 I/NpuProbe(28295): A2: ok=1 texto igual ao A1: SIM
10-07 17:53:25.115 I/NpuProbe(28295): RESULTADO: BENCH-CONCLUIDO (htp->vulkan; sem espelho; decode origem pos-ponte=0; A-B-A texto igual)
10-07 17:53:25.264 I/NpuProbe(28295): SMART REPORT:
10-07 17:53:25.264 I/NpuProbe(28295): SMART (vulkan@bench)
10-07 17:53:25.264 I/NpuProbe(28295): 
10-07 17:53:25.264 I/NpuProbe(28295): SMARTv2 rota='vulkan@bench' mutante=(none)
10-07 17:53:25.264 I/NpuProbe(28295): MODO BENCHMARK (@bench; sem espelho; decode so no destino)
10-07 17:53:25.264 I/NpuProbe(28295): MODO PONTE: origem=htp | destino=vulkan (Vulkan0)
10-07 17:53:25.264 I/NpuProbe(28295): load(destino)=531ms
10-07 17:53:25.264 I/NpuProbe(28295): load(origem)=148ms
10-07 17:53:25.264 I/NpuProbe(28295): ctxs prontos (cold_total=742ms)
10-07 17:53:25.264 I/NpuProbe(28295): A1: ok=1 cap=0 eog_tok1=0 tok1=33 amostrados(s/d)=1/8 emitidos=8 consumidos=8 decodes_s_pos_ponte=0
10-07 17:53:25.264 I/NpuProbe(28295): A1 tempos: prefill=803.67ms export=0.10ms(2032789B) import=1.86ms gen=719.13ms
10-07 17:53:25.264 I/NpuProbe(28295): A1 espelho: passos=0 iguais=0 div_pos=-1 div_marg(d/s)=-1.000/-1.000
10-07 17:53:25.264 I/NpuProbe(28295): A1 fronteiras(ms desde request): prefill_done=1546.6 tok1_ready=1557.5 import_done=1559.4 tok2_ready=2128.1 fim=2278.5 (INTERNAS; sem streaming de UI no probe)
10-07 17:53:25.264 I/NpuProbe(28295): A1 prompt_hash=a5de647b1ff84e74
10-07 17:53:25.264 I/NpuProbe(28295): A1 texto: Bom dia, como você está?
10-07 17:53:25.264 I/NpuProbe(28295): reset: pos cmp (origem=-1 destino=-1) -> VAZIO ok
10-07 17:53:25.264 I/NpuProbe(28295): A2: ok=1 texto igual ao A1: SIM
10-07 17:53:25.264 I/NpuProbe(28295): RESULTADO: BENCH-CONCLUIDO (htp->vulkan; sem espelho; decode origem pos-ponte=0; A-B-A texto igual)
10-07 17:54:26.795 I/NpuProbe(28880): nativeLibraryDir=/data/app/~~-AAa5lDaii0dMGTPgPeENA==/br.gov.sp.pcsp.npuprobe-rKDzfVqWrdi-4lPwWdPEAA==/lib/arm64
10-07 17:54:26.795 I/NpuProbe(28880): libdir=/data/app/~~-AAa5lDaii0dMGTPgPeENA==/br.gov.sp.pcsp.npuprobe-rKDzfVqWrdi-4lPwWdPEAA==/lib/arm64
10-07 17:54:26.795 I/NpuProbe(28880): build=llama.cpp-upstream-pkg (v11-libs) + probe R4
10-07 17:54:26.795 I/NpuProbe(28880): controle-sistema (liblog.so)=OK
10-07 17:54:26.795 I/NpuProbe(28880): negativo-fake (libnaoexiste_xyz.so)=FALHOU err=dlopen failed: library "libnaoexiste_xyz.so" not found
10-07 17:54:26.796 I/NpuProbe(28880): cdsprpc-nome (libcdsprpc.so)=OK
10-07 17:54:26.796 I/NpuProbe(28880): cdsprpc-abs (/vendor/lib64/libcdsprpc.so)=OK
10-07 17:54:26.797 I/NpuProbe(28880): ADSP_LIBRARY_PATH=libdir (setenv)
10-07 17:54:26.797 I/NpuProbe(28880): [ggml] ggml_vulkan: Found 1 Vulkan devices:
10-07 17:54:26.798 I/NpuProbe(28880): [ggml] ggml_vulkan: 0 = Adreno (TM) 840 (Qualcomm Technologies Inc. Adreno Vulkan Driver) | uma: 1 | fp16: 1 | bf16: 0 | fp4: 0 | warp size: 64 | shared memory: 32768 | int dot: 0 | matrix cores: none
10-07 17:54:26.803 I/NpuProbe(28880): [ggml] ggml_opencl: selected platform: 'QUALCOMM Snapdragon(TM)'
10-07 17:54:26.804 I/NpuProbe(28880): [ggml] 
10-07 17:54:26.804 I/NpuProbe(28880): ggml_opencl: device: 'QUALCOMM Adreno(TM) 840 (OpenCL 3.0 Adreno(TM) 840)'
10-07 17:54:26.804 I/NpuProbe(28880): [ggml] ggml_opencl: default device: 'QUALCOMM Adreno(TM) 840 (OpenCL 3.0 Adreno(TM) 840)'
10-07 17:54:26.804 I/NpuProbe(28880): [ggml] ggml-hex: Loading driver libcdsprpc.so
10-07 17:54:26.805 I/NpuProbe(28880): [ggml] ggml-hex: Hexagon backend (experimental) : allocating new registry : ndev 1
10-07 17:54:26.805 I/NpuProbe(28880): [ggml] ggml-hex: Hexagon Arch version v81
10-07 17:54:26.805 I/NpuProbe(28880): [ggml] ggml-hex: HTP0 allocating new session
10-07 17:54:26.836 I/NpuProbe(28880): [ggml] ggml-hex: HTP0 hwinfo: threads 8, hvx 8, hmx 1, vtcm 8 MB
10-07 17:54:26.837 I/NpuProbe(28880): [ggml] ggml-hex: HTP0 new session : session-id 0 domain-id 3 uri file:///libggml-htp-v81.so?htp_iface_skel_handle_invoke&_modver=1.0&_dom=cdsp&_session=0 handle 0xb4000077d520d700
10-07 17:54:26.840 I/NpuProbe(28880): [ggml] ggml-hex: HTP0 op batching: n-bufs 16 n-tensors 7168 n-ops 1024 vmem 3355443200
10-07 17:54:26.844 I/NpuProbe(28880): load_all_from_path=47ms
10-07 17:54:26.844 I/NpuProbe(28880): [ggml] load_backend: failed to find ggml_backend_init in /data/app/~~-AAa5lDaii0dMGTPgPeENA==/br.gov.sp.pcsp.npuprobe-rKDzfVqWrdi-4lPwWdPEAA==/lib/arm64/libggml-hexagon.so
10-07 17:54:26.844 I/NpuProbe(28880): load(hexagon direto)=FALHOU em 0ms
10-07 17:54:26.844 I/NpuProbe(28880): devices=4
10-07 17:54:26.844 I/NpuProbe(28880):   dev[0] Vulkan0 (Adreno (TM) 840)
10-07 17:54:26.844 I/NpuProbe(28880):   dev[1] GPUOpenCL (QUALCOMM Adreno(TM) 840)
10-07 17:54:26.844 I/NpuProbe(28880):   dev[2] HTP0 (Hexagon)
10-07 17:54:26.844 I/NpuProbe(28880):   dev[3] CPU (CPU)
10-07 17:54:26.844 I/NpuProbe(28880): dev_init(HTP0)=0ms -> SESSAO ABERTA
10-07 17:54:26.845 I/NpuProbe(28880): graph_compute(MUL_MAT 64x64)=0.5ms status=0
10-07 17:54:26.845 I/NpuProbe(28880): c[0]=128.000000 (esperado 128.0)
10-07 17:54:26.845 I/NpuProbe(28880): RESULTADO: APP-UID OK: sessao HTP + op executado com resultado correto
10-07 17:54:26.845 I/NpuProbe(28880): REPORT:
10-07 17:54:26.845 I/NpuProbe(28880): libdir=/data/app/~~-AAa5lDaii0dMGTPgPeENA==/br.gov.sp.pcsp.npuprobe-rKDzfVqWrdi-4lPwWdPEAA==/lib/arm64
10-07 17:54:26.845 I/NpuProbe(28880): build=llama.cpp-upstream-pkg (v11-libs) + probe R4
10-07 17:54:26.845 I/NpuProbe(28880): controle-sistema (liblog.so)=OK
10-07 17:54:26.845 I/NpuProbe(28880): negativo-fake (libnaoexiste_xyz.so)=FALHOU err=dlopen failed: library "libnaoexiste_xyz.so" not found
10-07 17:54:26.845 I/NpuProbe(28880): cdsprpc-nome (libcdsprpc.so)=OK
10-07 17:54:26.845 I/NpuProbe(28880): cdsprpc-abs (/vendor/lib64/libcdsprpc.so)=OK
10-07 17:54:26.845 I/NpuProbe(28880): ADSP_LIBRARY_PATH=libdir (setenv)
10-07 17:54:26.845 I/NpuProbe(28880): load_all_from_path=47ms
10-07 17:54:26.845 I/NpuProbe(28880): load(hexagon direto)=FALHOU em 0ms
10-07 17:54:26.845 I/NpuProbe(28880): devices=4
10-07 17:54:26.845 I/NpuProbe(28880):   dev[0] Vulkan0 (Adreno (TM) 840)
10-07 17:54:26.845 I/NpuProbe(28880):   dev[1] GPUOpenCL (QUALCOMM Adreno(TM) 840)
10-07 17:54:26.845 I/NpuProbe(28880):   dev[2] HTP0 (Hexagon)
10-07 17:54:26.845 I/NpuProbe(28880):   dev[3] CPU (CPU)
10-07 17:54:26.845 I/NpuProbe(28880): dev_init(HTP0)=0ms -> SESSAO ABERTA
10-07 17:54:26.845 I/NpuProbe(28880): graph_compute(MUL_MAT 64x64)=0.5ms status=0
10-07 17:54:26.845 I/NpuProbe(28880): c[0]=128.000000 (esperado 128.0)
10-07 17:54:26.845 I/NpuProbe(28880): RESULTADO: APP-UID OK: sessao HTP + op executado com resultado correto
10-07 17:54:26.846 I/NpuProbe(28880): AUTO-GATILHO='smart:puro:cpu'
10-07 17:54:26.846 I/NpuProbe(28880): SMART iniciando rota=puro:cpu com /data/local/tmp/hymt2_app.gguf
10-07 17:54:26.846 I/NpuProbe(28880): SMARTv2 rota='puro:cpu' mutante=(none)
10-07 17:54:26.847 I/NpuProbe(28880): MODO VALIDACAO (espelho teacher-forcing)
10-07 17:54:26.847 I/NpuProbe(28880): MODO PURO: origem=(nenhuma) | destino=cpu (CPU)
10-07 17:54:27.982 I/NpuProbe(28880): puro: ok=1 pieces=8 prefill=636.84ms gen=272.22ms pp1=0.35ms
10-07 17:54:27.982 I/NpuProbe(28880): puro texto: Bom dia, como você está?
10-07 17:54:27.982 I/NpuProbe(28880): RESULTADO: PURO-EXECUTADO (cpu; baseline; SEM juizo de qualidade — usar texto/stop)
10-07 17:54:28.034 I/NpuProbe(28880): SMART REPORT:
10-07 17:54:28.034 I/NpuProbe(28880): SMART (puro:cpu)
10-07 17:54:28.034 I/NpuProbe(28880): 
10-07 17:54:28.034 I/NpuProbe(28880): SMARTv2 rota='puro:cpu' mutante=(none)
10-07 17:54:28.034 I/NpuProbe(28880): MODO VALIDACAO (espelho teacher-forcing)
10-07 17:54:28.034 I/NpuProbe(28880): MODO PURO: origem=(nenhuma) | destino=cpu (CPU)
10-07 17:54:28.034 I/NpuProbe(28880): load(destino)=197ms
10-07 17:54:28.034 I/NpuProbe(28880): puro: ok=1 pieces=8 prefill=636.84ms gen=272.22ms pp1=0.35ms
10-07 17:54:28.034 I/NpuProbe(28880): puro texto: Bom dia, como você está?
10-07 17:54:28.034 I/NpuProbe(28880): RESULTADO: PURO-EXECUTADO (cpu; baseline; SEM juizo de qualidade — usar texto/stop)
[rec 17:53:52]
--------- beginning of main
10-07 17:54:26.795 I/NpuProbe(28880): nativeLibraryDir=/data/app/~~-AAa5lDaii0dMGTPgPeENA==/br.gov.sp.pcsp.npuprobe-rKDzfVqWrdi-4lPwWdPEAA==/lib/arm64
10-07 17:54:26.795 I/NpuProbe(28880): libdir=/data/app/~~-AAa5lDaii0dMGTPgPeENA==/br.gov.sp.pcsp.npuprobe-rKDzfVqWrdi-4lPwWdPEAA==/lib/arm64
10-07 17:54:26.795 I/NpuProbe(28880): build=llama.cpp-upstream-pkg (v11-libs) + probe R4
10-07 17:54:26.795 I/NpuProbe(28880): controle-sistema (liblog.so)=OK
10-07 17:54:26.795 I/NpuProbe(28880): negativo-fake (libnaoexiste_xyz.so)=FALHOU err=dlopen failed: library "libnaoexiste_xyz.so" not found
10-07 17:54:26.796 I/NpuProbe(28880): cdsprpc-nome (libcdsprpc.so)=OK
10-07 17:54:26.796 I/NpuProbe(28880): cdsprpc-abs (/vendor/lib64/libcdsprpc.so)=OK
10-07 17:54:26.797 I/NpuProbe(28880): ADSP_LIBRARY_PATH=libdir (setenv)
10-07 17:54:26.797 I/NpuProbe(28880): [ggml] ggml_vulkan: Found 1 Vulkan devices:
10-07 17:54:26.798 I/NpuProbe(28880): [ggml] ggml_vulkan: 0 = Adreno (TM) 840 (Qualcomm Technologies Inc. Adreno Vulkan Driver) | uma: 1 | fp16: 1 | bf16: 0 | fp4: 0 | warp size: 64 | shared memory: 32768 | int dot: 0 | matrix cores: none
10-07 17:54:26.803 I/NpuProbe(28880): [ggml] ggml_opencl: selected platform: 'QUALCOMM Snapdragon(TM)'
10-07 17:54:26.804 I/NpuProbe(28880): [ggml] 
10-07 17:54:26.804 I/NpuProbe(28880): ggml_opencl: device: 'QUALCOMM Adreno(TM) 840 (OpenCL 3.0 Adreno(TM) 840)'
10-07 17:54:26.804 I/NpuProbe(28880): [ggml] ggml_opencl: default device: 'QUALCOMM Adreno(TM) 840 (OpenCL 3.0 Adreno(TM) 840)'
10-07 17:54:26.804 I/NpuProbe(28880): [ggml] ggml-hex: Loading driver libcdsprpc.so
10-07 17:54:26.805 I/NpuProbe(28880): [ggml] ggml-hex: Hexagon backend (experimental) : allocating new registry : ndev 1
10-07 17:54:26.805 I/NpuProbe(28880): [ggml] ggml-hex: Hexagon Arch version v81
10-07 17:54:26.805 I/NpuProbe(28880): [ggml] ggml-hex: HTP0 allocating new session
10-07 17:54:26.836 I/NpuProbe(28880): [ggml] ggml-hex: HTP0 hwinfo: threads 8, hvx 8, hmx 1, vtcm 8 MB
10-07 17:54:26.837 I/NpuProbe(28880): [ggml] ggml-hex: HTP0 new session : session-id 0 domain-id 3 uri file:///libggml-htp-v81.so?htp_iface_skel_handle_invoke&_modver=1.0&_dom=cdsp&_session=0 handle 0xb4000077d520d700
10-07 17:54:26.840 I/NpuProbe(28880): [ggml] ggml-hex: HTP0 op batching: n-bufs 16 n-tensors 7168 n-ops 1024 vmem 3355443200
10-07 17:54:26.844 I/NpuProbe(28880): load_all_from_path=47ms
10-07 17:54:26.844 I/NpuProbe(28880): [ggml] load_backend: failed to find ggml_backend_init in /data/app/~~-AAa5lDaii0dMGTPgPeENA==/br.gov.sp.pcsp.npuprobe-rKDzfVqWrdi-4lPwWdPEAA==/lib/arm64/libggml-hexagon.so
10-07 17:54:26.844 I/NpuProbe(28880): load(hexagon direto)=FALHOU em 0ms
10-07 17:54:26.844 I/NpuProbe(28880): devices=4
10-07 17:54:26.844 I/NpuProbe(28880):   dev[0] Vulkan0 (Adreno (TM) 840)
10-07 17:54:26.844 I/NpuProbe(28880):   dev[1] GPUOpenCL (QUALCOMM Adreno(TM) 840)
10-07 17:54:26.844 I/NpuProbe(28880):   dev[2] HTP0 (Hexagon)
10-07 17:54:26.844 I/NpuProbe(28880):   dev[3] CPU (CPU)
10-07 17:54:26.844 I/NpuProbe(28880): dev_init(HTP0)=0ms -> SESSAO ABERTA
10-07 17:54:26.845 I/NpuProbe(28880): graph_compute(MUL_MAT 64x64)=0.5ms status=0
10-07 17:54:26.845 I/NpuProbe(28880): c[0]=128.000000 (esperado 128.0)
10-07 17:54:26.845 I/NpuProbe(28880): RESULTADO: APP-UID OK: sessao HTP + op executado com resultado correto
10-07 17:54:26.845 I/NpuProbe(28880): REPORT:
10-07 17:54:26.845 I/NpuProbe(28880): libdir=/data/app/~~-AAa5lDaii0dMGTPgPeENA==/br.gov.sp.pcsp.npuprobe-rKDzfVqWrdi-4lPwWdPEAA==/lib/arm64
10-07 17:54:26.845 I/NpuProbe(28880): build=llama.cpp-upstream-pkg (v11-libs) + probe R4
10-07 17:54:26.845 I/NpuProbe(28880): controle-sistema (liblog.so)=OK
10-07 17:54:26.845 I/NpuProbe(28880): negativo-fake (libnaoexiste_xyz.so)=FALHOU err=dlopen failed: library "libnaoexiste_xyz.so" not found
10-07 17:54:26.845 I/NpuProbe(28880): cdsprpc-nome (libcdsprpc.so)=OK
10-07 17:54:26.845 I/NpuProbe(28880): cdsprpc-abs (/vendor/lib64/libcdsprpc.so)=OK
10-07 17:54:26.845 I/NpuProbe(28880): ADSP_LIBRARY_PATH=libdir (setenv)
10-07 17:54:26.845 I/NpuProbe(28880): load_all_from_path=47ms
10-07 17:54:26.845 I/NpuProbe(28880): load(hexagon direto)=FALHOU em 0ms
10-07 17:54:26.845 I/NpuProbe(28880): devices=4
10-07 17:54:26.845 I/NpuProbe(28880):   dev[0] Vulkan0 (Adreno (TM) 840)
10-07 17:54:26.845 I/NpuProbe(28880):   dev[1] GPUOpenCL (QUALCOMM Adreno(TM) 840)
10-07 17:54:26.845 I/NpuProbe(28880):   dev[2] HTP0 (Hexagon)
10-07 17:54:26.845 I/NpuProbe(28880):   dev[3] CPU (CPU)
10-07 17:54:26.845 I/NpuProbe(28880): dev_init(HTP0)=0ms -> SESSAO ABERTA
10-07 17:54:26.845 I/NpuProbe(28880): graph_compute(MUL_MAT 64x64)=0.5ms status=0
10-07 17:54:26.845 I/NpuProbe(28880): c[0]=128.000000 (esperado 128.0)
10-07 17:54:26.845 I/NpuProbe(28880): RESULTADO: APP-UID OK: sessao HTP + op executado com resultado correto
10-07 17:54:26.846 I/NpuProbe(28880): AUTO-GATILHO='smart:puro:cpu'
10-07 17:54:26.846 I/NpuProbe(28880): SMART iniciando rota=puro:cpu com /data/local/tmp/hymt2_app.gguf
10-07 17:54:26.846 I/NpuProbe(28880): SMARTv2 rota='puro:cpu' mutante=(none)
10-07 17:54:26.847 I/NpuProbe(28880): MODO VALIDACAO (espelho teacher-forcing)
10-07 17:54:26.847 I/NpuProbe(28880): MODO PURO: origem=(nenhuma) | destino=cpu (CPU)
10-07 17:54:27.982 I/NpuProbe(28880): puro: ok=1 pieces=8 prefill=636.84ms gen=272.22ms pp1=0.35ms
10-07 17:54:27.982 I/NpuProbe(28880): puro texto: Bom dia, como você está?
10-07 17:54:27.982 I/NpuProbe(28880): RESULTADO: PURO-EXECUTADO (cpu; baseline; SEM juizo de qualidade — usar texto/stop)
10-07 17:54:28.034 I/NpuProbe(28880): SMART REPORT:
10-07 17:54:28.034 I/NpuProbe(28880): SMART (puro:cpu)
10-07 17:54:28.034 I/NpuProbe(28880): 
10-07 17:54:28.034 I/NpuProbe(28880): SMARTv2 rota='puro:cpu' mutante=(none)
10-07 17:54:28.034 I/NpuProbe(28880): MODO VALIDACAO (espelho teacher-forcing)
10-07 17:54:28.034 I/NpuProbe(28880): MODO PURO: origem=(nenhuma) | destino=cpu (CPU)
10-07 17:54:28.034 I/NpuProbe(28880): load(destino)=197ms
10-07 17:54:28.034 I/NpuProbe(28880): puro: ok=1 pieces=8 prefill=636.84ms gen=272.22ms pp1=0.35ms
10-07 17:54:28.034 I/NpuProbe(28880): puro texto: Bom dia, como você está?
10-07 17:54:28.034 I/NpuProbe(28880): RESULTADO: PURO-EXECUTADO (cpu; baseline; SEM juizo de qualidade — usar texto/stop)
[rec 17:54:19]
--------- beginning of main
10-07 17:54:26.795 I/NpuProbe(28880): nativeLibraryDir=/data/app/~~-AAa5lDaii0dMGTPgPeENA==/br.gov.sp.pcsp.npuprobe-rKDzfVqWrdi-4lPwWdPEAA==/lib/arm64
10-07 17:54:26.795 I/NpuProbe(28880): libdir=/data/app/~~-AAa5lDaii0dMGTPgPeENA==/br.gov.sp.pcsp.npuprobe-rKDzfVqWrdi-4lPwWdPEAA==/lib/arm64
10-07 17:54:26.795 I/NpuProbe(28880): build=llama.cpp-upstream-pkg (v11-libs) + probe R4
10-07 17:54:26.795 I/NpuProbe(28880): controle-sistema (liblog.so)=OK
10-07 17:54:26.795 I/NpuProbe(28880): negativo-fake (libnaoexiste_xyz.so)=FALHOU err=dlopen failed: library "libnaoexiste_xyz.so" not found
10-07 17:54:26.796 I/NpuProbe(28880): cdsprpc-nome (libcdsprpc.so)=OK
10-07 17:54:26.796 I/NpuProbe(28880): cdsprpc-abs (/vendor/lib64/libcdsprpc.so)=OK
10-07 17:54:26.797 I/NpuProbe(28880): ADSP_LIBRARY_PATH=libdir (setenv)
10-07 17:54:26.797 I/NpuProbe(28880): [ggml] ggml_vulkan: Found 1 Vulkan devices:
10-07 17:54:26.798 I/NpuProbe(28880): [ggml] ggml_vulkan: 0 = Adreno (TM) 840 (Qualcomm Technologies Inc. Adreno Vulkan Driver) | uma: 1 | fp16: 1 | bf16: 0 | fp4: 0 | warp size: 64 | shared memory: 32768 | int dot: 0 | matrix cores: none
10-07 17:54:26.803 I/NpuProbe(28880): [ggml] ggml_opencl: selected platform: 'QUALCOMM Snapdragon(TM)'
10-07 17:54:26.804 I/NpuProbe(28880): [ggml] 
10-07 17:54:26.804 I/NpuProbe(28880): ggml_opencl: device: 'QUALCOMM Adreno(TM) 840 (OpenCL 3.0 Adreno(TM) 840)'
10-07 17:54:26.804 I/NpuProbe(28880): [ggml] ggml_opencl: default device: 'QUALCOMM Adreno(TM) 840 (OpenCL 3.0 Adreno(TM) 840)'
10-07 17:54:26.804 I/NpuProbe(28880): [ggml] ggml-hex: Loading driver libcdsprpc.so
10-07 17:54:26.805 I/NpuProbe(28880): [ggml] ggml-hex: Hexagon backend (experimental) : allocating new registry : ndev 1
10-07 17:54:26.805 I/NpuProbe(28880): [ggml] ggml-hex: Hexagon Arch version v81
10-07 17:54:26.805 I/NpuProbe(28880): [ggml] ggml-hex: HTP0 allocating new session
10-07 17:54:26.836 I/NpuProbe(28880): [ggml] ggml-hex: HTP0 hwinfo: threads 8, hvx 8, hmx 1, vtcm 8 MB
10-07 17:54:26.837 I/NpuProbe(28880): [ggml] ggml-hex: HTP0 new session : session-id 0 domain-id 3 uri file:///libggml-htp-v81.so?htp_iface_skel_handle_invoke&_modver=1.0&_dom=cdsp&_session=0 handle 0xb4000077d520d700
10-07 17:54:26.840 I/NpuProbe(28880): [ggml] ggml-hex: HTP0 op batching: n-bufs 16 n-tensors 7168 n-ops 1024 vmem 3355443200
10-07 17:54:26.844 I/NpuProbe(28880): load_all_from_path=47ms
10-07 17:54:26.844 I/NpuProbe(28880): [ggml] load_backend: failed to find ggml_backend_init in /data/app/~~-AAa5lDaii0dMGTPgPeENA==/br.gov.sp.pcsp.npuprobe-rKDzfVqWrdi-4lPwWdPEAA==/lib/arm64/libggml-hexagon.so
10-07 17:54:26.844 I/NpuProbe(28880): load(hexagon direto)=FALHOU em 0ms
10-07 17:54:26.844 I/NpuProbe(28880): devices=4
10-07 17:54:26.844 I/NpuProbe(28880):   dev[0] Vulkan0 (Adreno (TM) 840)
10-07 17:54:26.844 I/NpuProbe(28880):   dev[1] GPUOpenCL (QUALCOMM Adreno(TM) 840)
10-07 17:54:26.844 I/NpuProbe(28880):   dev[2] HTP0 (Hexagon)
10-07 17:54:26.844 I/NpuProbe(28880):   dev[3] CPU (CPU)
10-07 17:54:26.844 I/NpuProbe(28880): dev_init(HTP0)=0ms -> SESSAO ABERTA
10-07 17:54:26.845 I/NpuProbe(28880): graph_compute(MUL_MAT 64x64)=0.5ms status=0
10-07 17:54:26.845 I/NpuProbe(28880): c[0]=128.000000 (esperado 128.0)
10-07 17:54:26.845 I/NpuProbe(28880): RESULTADO: APP-UID OK: sessao HTP + op executado com resultado correto
10-07 17:54:26.845 I/NpuProbe(28880): REPORT:
10-07 17:54:26.845 I/NpuProbe(28880): libdir=/data/app/~~-AAa5lDaii0dMGTPgPeENA==/br.gov.sp.pcsp.npuprobe-rKDzfVqWrdi-4lPwWdPEAA==/lib/arm64
10-07 17:54:26.845 I/NpuProbe(28880): build=llama.cpp-upstream-pkg (v11-libs) + probe R4
10-07 17:54:26.845 I/NpuProbe(28880): controle-sistema (liblog.so)=OK
10-07 17:54:26.845 I/NpuProbe(28880): negativo-fake (libnaoexiste_xyz.so)=FALHOU err=dlopen failed: library "libnaoexiste_xyz.so" not found
10-07 17:54:26.845 I/NpuProbe(28880): cdsprpc-nome (libcdsprpc.so)=OK
10-07 17:54:26.845 I/NpuProbe(28880): cdsprpc-abs (/vendor/lib64/libcdsprpc.so)=OK
10-07 17:54:26.845 I/NpuProbe(28880): ADSP_LIBRARY_PATH=libdir (setenv)
10-07 17:54:26.845 I/NpuProbe(28880): load_all_from_path=47ms
10-07 17:54:26.845 I/NpuProbe(28880): load(hexagon direto)=FALHOU em 0ms
10-07 17:54:26.845 I/NpuProbe(28880): devices=4
10-07 17:54:26.845 I/NpuProbe(28880):   dev[0] Vulkan0 (Adreno (TM) 840)
10-07 17:54:26.845 I/NpuProbe(28880):   dev[1] GPUOpenCL (QUALCOMM Adreno(TM) 840)
10-07 17:54:26.845 I/NpuProbe(28880):   dev[2] HTP0 (Hexagon)
10-07 17:54:26.845 I/NpuProbe(28880):   dev[3] CPU (CPU)
10-07 17:54:26.845 I/NpuProbe(28880): dev_init(HTP0)=0ms -> SESSAO ABERTA
10-07 17:54:26.845 I/NpuProbe(28880): graph_compute(MUL_MAT 64x64)=0.5ms status=0
10-07 17:54:26.845 I/NpuProbe(28880): c[0]=128.000000 (esperado 128.0)
10-07 17:54:26.845 I/NpuProbe(28880): RESULTADO: APP-UID OK: sessao HTP + op executado com resultado correto
10-07 17:54:26.846 I/NpuProbe(28880): AUTO-GATILHO='smart:puro:cpu'
10-07 17:54:26.846 I/NpuProbe(28880): SMART iniciando rota=puro:cpu com /data/local/tmp/hymt2_app.gguf
10-07 17:54:26.846 I/NpuProbe(28880): SMARTv2 rota='puro:cpu' mutante=(none)
10-07 17:54:26.847 I/NpuProbe(28880): MODO VALIDACAO (espelho teacher-forcing)
10-07 17:54:26.847 I/NpuProbe(28880): MODO PURO: origem=(nenhuma) | destino=cpu (CPU)
10-07 17:54:27.982 I/NpuProbe(28880): puro: ok=1 pieces=8 prefill=636.84ms gen=272.22ms pp1=0.35ms
10-07 17:54:27.982 I/NpuProbe(28880): puro texto: Bom dia, como você está?
10-07 17:54:27.982 I/NpuProbe(28880): RESULTADO: PURO-EXECUTADO (cpu; baseline; SEM juizo de qualidade — usar texto/stop)
10-07 17:54:28.034 I/NpuProbe(28880): SMART REPORT:
10-07 17:54:28.034 I/NpuProbe(28880): SMART (puro:cpu)
10-07 17:54:28.034 I/NpuProbe(28880): 
10-07 17:54:28.034 I/NpuProbe(28880): SMARTv2 rota='puro:cpu' mutante=(none)
10-07 17:54:28.034 I/NpuProbe(28880): MODO VALIDACAO (espelho teacher-forcing)
10-07 17:54:28.034 I/NpuProbe(28880): MODO PURO: origem=(nenhuma) | destino=cpu (CPU)
10-07 17:54:28.034 I/NpuProbe(28880): load(destino)=197ms
10-07 17:54:28.034 I/NpuProbe(28880): puro: ok=1 pieces=8 prefill=636.84ms gen=272.22ms pp1=0.35ms
10-07 17:54:28.034 I/NpuProbe(28880): puro texto: Bom dia, como você está?
10-07 17:54:28.034 I/NpuProbe(28880): RESULTADO: PURO-EXECUTADO (cpu; baseline; SEM juizo de qualidade — usar texto/stop)
10-07 17:55:26.786 I/NpuProbe(30674): nativeLibraryDir=/data/app/~~-AAa5lDaii0dMGTPgPeENA==/br.gov.sp.pcsp.npuprobe-rKDzfVqWrdi-4lPwWdPEAA==/lib/arm64
10-07 17:55:26.786 I/NpuProbe(30674): libdir=/data/app/~~-AAa5lDaii0dMGTPgPeENA==/br.gov.sp.pcsp.npuprobe-rKDzfVqWrdi-4lPwWdPEAA==/lib/arm64
10-07 17:55:26.786 I/NpuProbe(30674): build=llama.cpp-upstream-pkg (v11-libs) + probe R4
10-07 17:55:26.786 I/NpuProbe(30674): controle-sistema (liblog.so)=OK
10-07 17:55:26.786 I/NpuProbe(30674): negativo-fake (libnaoexiste_xyz.so)=FALHOU err=dlopen failed: library "libnaoexiste_xyz.so" not found
10-07 17:55:26.787 I/NpuProbe(30674): cdsprpc-nome (libcdsprpc.so)=OK
10-07 17:55:26.788 I/NpuProbe(30674): cdsprpc-abs (/vendor/lib64/libcdsprpc.so)=OK
10-07 17:55:26.788 I/NpuProbe(30674): ADSP_LIBRARY_PATH=libdir (setenv)
10-07 17:55:26.789 I/NpuProbe(30674): [ggml] ggml_vulkan: Found 1 Vulkan devices:
10-07 17:55:26.789 I/NpuProbe(30674): [ggml] ggml_vulkan: 0 = Adreno (TM) 840 (Qualcomm Technologies Inc. Adreno Vulkan Driver) | uma: 1 | fp16: 1 | bf16: 0 | fp4: 0 | warp size: 64 | shared memory: 32768 | int dot: 0 | matrix cores: none
10-07 17:55:26.795 I/NpuProbe(30674): [ggml] ggml_opencl: selected platform: 'QUALCOMM Snapdragon(TM)'
10-07 17:55:26.796 I/NpuProbe(30674): [ggml] 
10-07 17:55:26.796 I/NpuProbe(30674): ggml_opencl: device: 'QUALCOMM Adreno(TM) 840 (OpenCL 3.0 Adreno(TM) 840)'
10-07 17:55:26.796 I/NpuProbe(30674): [ggml] ggml_opencl: default device: 'QUALCOMM Adreno(TM) 840 (OpenCL 3.0 Adreno(TM) 840)'
10-07 17:55:26.796 I/NpuProbe(30674): [ggml] ggml-hex: Loading driver libcdsprpc.so
10-07 17:55:26.797 I/NpuProbe(30674): [ggml] ggml-hex: Hexagon backend (experimental) : allocating new registry : ndev 1
10-07 17:55:26.797 I/NpuProbe(30674): [ggml] ggml-hex: Hexagon Arch version v81
10-07 17:55:26.797 I/NpuProbe(30674): [ggml] ggml-hex: HTP0 allocating new session
10-07 17:55:26.833 I/NpuProbe(30674): [ggml] ggml-hex: HTP0 hwinfo: threads 8, hvx 8, hmx 1, vtcm 8 MB
10-07 17:55:26.834 I/NpuProbe(30674): [ggml] ggml-hex: HTP0 new session : session-id 0 domain-id 3 uri file:///libggml-htp-v81.so?htp_iface_skel_handle_invoke&_modver=1.0&_dom=cdsp&_session=0 handle 0xb4000077c5f71680
10-07 17:55:26.837 I/NpuProbe(30674): [ggml] ggml-hex: HTP0 op batching: n-bufs 16 n-tensors 7168 n-ops 1024 vmem 3355443200
10-07 17:55:26.842 I/NpuProbe(30674): load_all_from_path=54ms
10-07 17:55:26.842 I/NpuProbe(30674): [ggml] load_backend: failed to find ggml_backend_init in /data/app/~~-AAa5lDaii0dMGTPgPeENA==/br.gov.sp.pcsp.npuprobe-rKDzfVqWrdi-4lPwWdPEAA==/lib/arm64/libggml-hexagon.so
10-07 17:55:26.842 I/NpuProbe(30674): load(hexagon direto)=FALHOU em 0ms
10-07 17:55:26.842 I/NpuProbe(30674): devices=4
10-07 17:55:26.842 I/NpuProbe(30674):   dev[0] Vulkan0 (Adreno (TM) 840)
10-07 17:55:26.842 I/NpuProbe(30674):   dev[1] GPUOpenCL (QUALCOMM Adreno(TM) 840)
10-07 17:55:26.842 I/NpuProbe(30674):   dev[2] HTP0 (Hexagon)
10-07 17:55:26.842 I/NpuProbe(30674):   dev[3] CPU (CPU)
10-07 17:55:26.842 I/NpuProbe(30674): dev_init(HTP0)=0ms -> SESSAO ABERTA
10-07 17:55:26.843 I/NpuProbe(30674): graph_compute(MUL_MAT 64x64)=0.5ms status=0
10-07 17:55:26.843 I/NpuProbe(30674): c[0]=128.000000 (esperado 128.0)
10-07 17:55:26.843 I/NpuProbe(30674): RESULTADO: APP-UID OK: sessao HTP + op executado com resultado correto
10-07 17:55:26.844 I/NpuProbe(30674): REPORT:
10-07 17:55:26.844 I/NpuProbe(30674): libdir=/data/app/~~-AAa5lDaii0dMGTPgPeENA==/br.gov.sp.pcsp.npuprobe-rKDzfVqWrdi-4lPwWdPEAA==/lib/arm64
10-07 17:55:26.844 I/NpuProbe(30674): build=llama.cpp-upstream-pkg (v11-libs) + probe R4
10-07 17:55:26.844 I/NpuProbe(30674): controle-sistema (liblog.so)=OK
10-07 17:55:26.844 I/NpuProbe(30674): negativo-fake (libnaoexiste_xyz.so)=FALHOU err=dlopen failed: library "libnaoexiste_xyz.so" not found
10-07 17:55:26.844 I/NpuProbe(30674): cdsprpc-nome (libcdsprpc.so)=OK
10-07 17:55:26.844 I/NpuProbe(30674): cdsprpc-abs (/vendor/lib64/libcdsprpc.so)=OK
10-07 17:55:26.844 I/NpuProbe(30674): ADSP_LIBRARY_PATH=libdir (setenv)
10-07 17:55:26.844 I/NpuProbe(30674): load_all_from_path=54ms
10-07 17:55:26.844 I/NpuProbe(30674): load(hexagon direto)=FALHOU em 0ms
10-07 17:55:26.844 I/NpuProbe(30674): devices=4
10-07 17:55:26.844 I/NpuProbe(30674):   dev[0] Vulkan0 (Adreno (TM) 840)
10-07 17:55:26.844 I/NpuProbe(30674):   dev[1] GPUOpenCL (QUALCOMM Adreno(TM) 840)
10-07 17:55:26.844 I/NpuProbe(30674):   dev[2] HTP0 (Hexagon)
10-07 17:55:26.844 I/NpuProbe(30674):   dev[3] CPU (CPU)
10-07 17:55:26.844 I/NpuProbe(30674): dev_init(HTP0)=0ms -> SESSAO ABERTA
10-07 17:55:26.844 I/NpuProbe(30674): graph_compute(MUL_MAT 64x64)=0.5ms status=0
10-07 17:55:26.844 I/NpuProbe(30674): c[0]=128.000000 (esperado 128.0)
10-07 17:55:26.844 I/NpuProbe(30674): RESULTADO: APP-UID OK: sessao HTP + op executado com resultado correto
10-07 17:55:26.844 I/NpuProbe(30674): AUTO-GATILHO='smart:puro:htp'
10-07 17:55:26.844 I/NpuProbe(30674): SMART iniciando rota=puro:htp com /data/local/tmp/hymt2_app.gguf
10-07 17:55:26.844 I/NpuProbe(30674): SMARTv2 rota='puro:htp' mutante=(none)
10-07 17:55:26.846 I/NpuProbe(30674): MODO VALIDACAO (espelho teacher-forcing)
10-07 17:55:26.846 I/NpuProbe(30674): MODO PURO: origem=(nenhuma) | destino=htp (HTP0)
10-07 17:55:27.056 I/NpuProbe(30674): load(destino)=210ms
10-07 17:55:28.658 I/NpuProbe(30674): puro: ok=1 pieces=8 prefill=838.68ms gen=744.33ms pp1=0.35ms
10-07 17:55:28.658 I/NpuProbe(30674): puro texto: Bom dia, como você está?
10-07 17:55:28.658 I/NpuProbe(30674): RESULTADO: PURO-EXECUTADO (htp; baseline; SEM juizo de qualidade — usar texto/stop)
10-07 17:55:28.717 I/NpuProbe(30674): SMART REPORT:
10-07 17:55:28.717 I/NpuProbe(30674): SMART (puro:htp)
10-07 17:55:28.717 I/NpuProbe(30674): 
10-07 17:55:28.717 I/NpuProbe(30674): SMARTv2 rota='puro:htp' mutante=(none)
10-07 17:55:28.717 I/NpuProbe(30674): MODO VALIDACAO (espelho teacher-forcing)
10-07 17:55:28.717 I/NpuProbe(30674): MODO PURO: origem=(nenhuma) | destino=htp (HTP0)
10-07 17:55:28.717 I/NpuProbe(30674): load(destino)=210ms
10-07 17:55:28.717 I/NpuProbe(30674): puro: ok=1 pieces=8 prefill=838.68ms gen=744.33ms pp1=0.35ms
10-07 17:55:28.717 I/NpuProbe(30674): puro texto: Bom dia, como você está?
10-07 17:55:28.717 I/NpuProbe(30674): RESULTADO: PURO-EXECUTADO (htp; baseline; SEM juizo de qualidade — usar texto/stop)
[rec 17:54:46]
--------- beginning of main
10-07 17:55:26.786 I/NpuProbe(30674): nativeLibraryDir=/data/app/~~-AAa5lDaii0dMGTPgPeENA==/br.gov.sp.pcsp.npuprobe-rKDzfVqWrdi-4lPwWdPEAA==/lib/arm64
10-07 17:55:26.786 I/NpuProbe(30674): libdir=/data/app/~~-AAa5lDaii0dMGTPgPeENA==/br.gov.sp.pcsp.npuprobe-rKDzfVqWrdi-4lPwWdPEAA==/lib/arm64
10-07 17:55:26.786 I/NpuProbe(30674): build=llama.cpp-upstream-pkg (v11-libs) + probe R4
10-07 17:55:26.786 I/NpuProbe(30674): controle-sistema (liblog.so)=OK
10-07 17:55:26.786 I/NpuProbe(30674): negativo-fake (libnaoexiste_xyz.so)=FALHOU err=dlopen failed: library "libnaoexiste_xyz.so" not found
10-07 17:55:26.787 I/NpuProbe(30674): cdsprpc-nome (libcdsprpc.so)=OK
10-07 17:55:26.788 I/NpuProbe(30674): cdsprpc-abs (/vendor/lib64/libcdsprpc.so)=OK
10-07 17:55:26.788 I/NpuProbe(30674): ADSP_LIBRARY_PATH=libdir (setenv)
10-07 17:55:26.789 I/NpuProbe(30674): [ggml] ggml_vulkan: Found 1 Vulkan devices:
10-07 17:55:26.789 I/NpuProbe(30674): [ggml] ggml_vulkan: 0 = Adreno (TM) 840 (Qualcomm Technologies Inc. Adreno Vulkan Driver) | uma: 1 | fp16: 1 | bf16: 0 | fp4: 0 | warp size: 64 | shared memory: 32768 | int dot: 0 | matrix cores: none
10-07 17:55:26.795 I/NpuProbe(30674): [ggml] ggml_opencl: selected platform: 'QUALCOMM Snapdragon(TM)'
10-07 17:55:26.796 I/NpuProbe(30674): [ggml] 
10-07 17:55:26.796 I/NpuProbe(30674): ggml_opencl: device: 'QUALCOMM Adreno(TM) 840 (OpenCL 3.0 Adreno(TM) 840)'
10-07 17:55:26.796 I/NpuProbe(30674): [ggml] ggml_opencl: default device: 'QUALCOMM Adreno(TM) 840 (OpenCL 3.0 Adreno(TM) 840)'
10-07 17:55:26.796 I/NpuProbe(30674): [ggml] ggml-hex: Loading driver libcdsprpc.so
10-07 17:55:26.797 I/NpuProbe(30674): [ggml] ggml-hex: Hexagon backend (experimental) : allocating new registry : ndev 1
10-07 17:55:26.797 I/NpuProbe(30674): [ggml] ggml-hex: Hexagon Arch version v81
10-07 17:55:26.797 I/NpuProbe(30674): [ggml] ggml-hex: HTP0 allocating new session
10-07 17:55:26.833 I/NpuProbe(30674): [ggml] ggml-hex: HTP0 hwinfo: threads 8, hvx 8, hmx 1, vtcm 8 MB
10-07 17:55:26.834 I/NpuProbe(30674): [ggml] ggml-hex: HTP0 new session : session-id 0 domain-id 3 uri file:///libggml-htp-v81.so?htp_iface_skel_handle_invoke&_modver=1.0&_dom=cdsp&_session=0 handle 0xb4000077c5f71680
10-07 17:55:26.837 I/NpuProbe(30674): [ggml] ggml-hex: HTP0 op batching: n-bufs 16 n-tensors 7168 n-ops 1024 vmem 3355443200
10-07 17:55:26.842 I/NpuProbe(30674): load_all_from_path=54ms
10-07 17:55:26.842 I/NpuProbe(30674): [ggml] load_backend: failed to find ggml_backend_init in /data/app/~~-AAa5lDaii0dMGTPgPeENA==/br.gov.sp.pcsp.npuprobe-rKDzfVqWrdi-4lPwWdPEAA==/lib/arm64/libggml-hexagon.so
10-07 17:55:26.842 I/NpuProbe(30674): load(hexagon direto)=FALHOU em 0ms
10-07 17:55:26.842 I/NpuProbe(30674): devices=4
10-07 17:55:26.842 I/NpuProbe(30674):   dev[0] Vulkan0 (Adreno (TM) 840)
10-07 17:55:26.842 I/NpuProbe(30674):   dev[1] GPUOpenCL (QUALCOMM Adreno(TM) 840)
10-07 17:55:26.842 I/NpuProbe(30674):   dev[2] HTP0 (Hexagon)
10-07 17:55:26.842 I/NpuProbe(30674):   dev[3] CPU (CPU)
10-07 17:55:26.842 I/NpuProbe(30674): dev_init(HTP0)=0ms -> SESSAO ABERTA
10-07 17:55:26.843 I/NpuProbe(30674): graph_compute(MUL_MAT 64x64)=0.5ms status=0
10-07 17:55:26.843 I/NpuProbe(30674): c[0]=128.000000 (esperado 128.0)
10-07 17:55:26.843 I/NpuProbe(30674): RESULTADO: APP-UID OK: sessao HTP + op executado com resultado correto
10-07 17:55:26.844 I/NpuProbe(30674): REPORT:
10-07 17:55:26.844 I/NpuProbe(30674): libdir=/data/app/~~-AAa5lDaii0dMGTPgPeENA==/br.gov.sp.pcsp.npuprobe-rKDzfVqWrdi-4lPwWdPEAA==/lib/arm64
10-07 17:55:26.844 I/NpuProbe(30674): build=llama.cpp-upstream-pkg (v11-libs) + probe R4
10-07 17:55:26.844 I/NpuProbe(30674): controle-sistema (liblog.so)=OK
10-07 17:55:26.844 I/NpuProbe(30674): negativo-fake (libnaoexiste_xyz.so)=FALHOU err=dlopen failed: library "libnaoexiste_xyz.so" not found
10-07 17:55:26.844 I/NpuProbe(30674): cdsprpc-nome (libcdsprpc.so)=OK
10-07 17:55:26.844 I/NpuProbe(30674): cdsprpc-abs (/vendor/lib64/libcdsprpc.so)=OK
10-07 17:55:26.844 I/NpuProbe(30674): ADSP_LIBRARY_PATH=libdir (setenv)
10-07 17:55:26.844 I/NpuProbe(30674): load_all_from_path=54ms
10-07 17:55:26.844 I/NpuProbe(30674): load(hexagon direto)=FALHOU em 0ms
10-07 17:55:26.844 I/NpuProbe(30674): devices=4
10-07 17:55:26.844 I/NpuProbe(30674):   dev[0] Vulkan0 (Adreno (TM) 840)
10-07 17:55:26.844 I/NpuProbe(30674):   dev[1] GPUOpenCL (QUALCOMM Adreno(TM) 840)
10-07 17:55:26.844 I/NpuProbe(30674):   dev[2] HTP0 (Hexagon)
10-07 17:55:26.844 I/NpuProbe(30674):   dev[3] CPU (CPU)
10-07 17:55:26.844 I/NpuProbe(30674): dev_init(HTP0)=0ms -> SESSAO ABERTA
10-07 17:55:26.844 I/NpuProbe(30674): graph_compute(MUL_MAT 64x64)=0.5ms status=0
10-07 17:55:26.844 I/NpuProbe(30674): c[0]=128.000000 (esperado 128.0)
10-07 17:55:26.844 I/NpuProbe(30674): RESULTADO: APP-UID OK: sessao HTP + op executado com resultado correto
10-07 17:55:26.844 I/NpuProbe(30674): AUTO-GATILHO='smart:puro:htp'
10-07 17:55:26.844 I/NpuProbe(30674): SMART iniciando rota=puro:htp com /data/local/tmp/hymt2_app.gguf
10-07 17:55:26.844 I/NpuProbe(30674): SMARTv2 rota='puro:htp' mutante=(none)
10-07 17:55:26.846 I/NpuProbe(30674): MODO VALIDACAO (espelho teacher-forcing)
10-07 17:55:26.846 I/NpuProbe(30674): MODO PURO: origem=(nenhuma) | destino=htp (HTP0)
10-07 17:55:27.056 I/NpuProbe(30674): load(destino)=210ms
10-07 17:55:28.658 I/NpuProbe(30674): puro: ok=1 pieces=8 prefill=838.68ms gen=744.33ms pp1=0.35ms
10-07 17:55:28.658 I/NpuProbe(30674): puro texto: Bom dia, como você está?
10-07 17:55:28.658 I/NpuProbe(30674): RESULTADO: PURO-EXECUTADO (htp; baseline; SEM juizo de qualidade — usar texto/stop)
10-07 17:55:28.717 I/NpuProbe(30674): SMART REPORT:
10-07 17:55:28.717 I/NpuProbe(30674): SMART (puro:htp)
10-07 17:55:28.717 I/NpuProbe(30674): 
10-07 17:55:28.717 I/NpuProbe(30674): SMARTv2 rota='puro:htp' mutante=(none)
10-07 17:55:28.717 I/NpuProbe(30674): MODO VALIDACAO (espelho teacher-forcing)
10-07 17:55:28.717 I/NpuProbe(30674): MODO PURO: origem=(nenhuma) | destino=htp (HTP0)
10-07 17:55:28.717 I/NpuProbe(30674): load(destino)=210ms
10-07 17:55:28.717 I/NpuProbe(30674): puro: ok=1 pieces=8 prefill=838.68ms gen=744.33ms pp1=0.35ms
10-07 17:55:28.717 I/NpuProbe(30674): puro texto: Bom dia, como você está?
10-07 17:55:28.717 I/NpuProbe(30674): RESULTADO: PURO-EXECUTADO (htp; baseline; SEM juizo de qualidade — usar texto/stop)
[rec 17:55:13]
--------- beginning of main
10-07 17:55:26.786 I/NpuProbe(30674): nativeLibraryDir=/data/app/~~-AAa5lDaii0dMGTPgPeENA==/br.gov.sp.pcsp.npuprobe-rKDzfVqWrdi-4lPwWdPEAA==/lib/arm64
10-07 17:55:26.786 I/NpuProbe(30674): libdir=/data/app/~~-AAa5lDaii0dMGTPgPeENA==/br.gov.sp.pcsp.npuprobe-rKDzfVqWrdi-4lPwWdPEAA==/lib/arm64
10-07 17:55:26.786 I/NpuProbe(30674): build=llama.cpp-upstream-pkg (v11-libs) + probe R4
10-07 17:55:26.786 I/NpuProbe(30674): controle-sistema (liblog.so)=OK
10-07 17:55:26.786 I/NpuProbe(30674): negativo-fake (libnaoexiste_xyz.so)=FALHOU err=dlopen failed: library "libnaoexiste_xyz.so" not found
10-07 17:55:26.787 I/NpuProbe(30674): cdsprpc-nome (libcdsprpc.so)=OK
10-07 17:55:26.788 I/NpuProbe(30674): cdsprpc-abs (/vendor/lib64/libcdsprpc.so)=OK
10-07 17:55:26.788 I/NpuProbe(30674): ADSP_LIBRARY_PATH=libdir (setenv)
10-07 17:55:26.789 I/NpuProbe(30674): [ggml] ggml_vulkan: Found 1 Vulkan devices:
10-07 17:55:26.789 I/NpuProbe(30674): [ggml] ggml_vulkan: 0 = Adreno (TM) 840 (Qualcomm Technologies Inc. Adreno Vulkan Driver) | uma: 1 | fp16: 1 | bf16: 0 | fp4: 0 | warp size: 64 | shared memory: 32768 | int dot: 0 | matrix cores: none
10-07 17:55:26.795 I/NpuProbe(30674): [ggml] ggml_opencl: selected platform: 'QUALCOMM Snapdragon(TM)'
10-07 17:55:26.796 I/NpuProbe(30674): [ggml] 
10-07 17:55:26.796 I/NpuProbe(30674): ggml_opencl: device: 'QUALCOMM Adreno(TM) 840 (OpenCL 3.0 Adreno(TM) 840)'
10-07 17:55:26.796 I/NpuProbe(30674): [ggml] ggml_opencl: default device: 'QUALCOMM Adreno(TM) 840 (OpenCL 3.0 Adreno(TM) 840)'
10-07 17:55:26.796 I/NpuProbe(30674): [ggml] ggml-hex: Loading driver libcdsprpc.so
10-07 17:55:26.797 I/NpuProbe(30674): [ggml] ggml-hex: Hexagon backend (experimental) : allocating new registry : ndev 1
10-07 17:55:26.797 I/NpuProbe(30674): [ggml] ggml-hex: Hexagon Arch version v81
10-07 17:55:26.797 I/NpuProbe(30674): [ggml] ggml-hex: HTP0 allocating new session
10-07 17:55:26.833 I/NpuProbe(30674): [ggml] ggml-hex: HTP0 hwinfo: threads 8, hvx 8, hmx 1, vtcm 8 MB
10-07 17:55:26.834 I/NpuProbe(30674): [ggml] ggml-hex: HTP0 new session : session-id 0 domain-id 3 uri file:///libggml-htp-v81.so?htp_iface_skel_handle_invoke&_modver=1.0&_dom=cdsp&_session=0 handle 0xb4000077c5f71680
10-07 17:55:26.837 I/NpuProbe(30674): [ggml] ggml-hex: HTP0 op batching: n-bufs 16 n-tensors 7168 n-ops 1024 vmem 3355443200
10-07 17:55:26.842 I/NpuProbe(30674): load_all_from_path=54ms
10-07 17:55:26.842 I/NpuProbe(30674): [ggml] load_backend: failed to find ggml_backend_init in /data/app/~~-AAa5lDaii0dMGTPgPeENA==/br.gov.sp.pcsp.npuprobe-rKDzfVqWrdi-4lPwWdPEAA==/lib/arm64/libggml-hexagon.so
10-07 17:55:26.842 I/NpuProbe(30674): load(hexagon direto)=FALHOU em 0ms
10-07 17:55:26.842 I/NpuProbe(30674): devices=4
10-07 17:55:26.842 I/NpuProbe(30674):   dev[0] Vulkan0 (Adreno (TM) 840)
10-07 17:55:26.842 I/NpuProbe(30674):   dev[1] GPUOpenCL (QUALCOMM Adreno(TM) 840)
10-07 17:55:26.842 I/NpuProbe(30674):   dev[2] HTP0 (Hexagon)
10-07 17:55:26.842 I/NpuProbe(30674):   dev[3] CPU (CPU)
10-07 17:55:26.842 I/NpuProbe(30674): dev_init(HTP0)=0ms -> SESSAO ABERTA
10-07 17:55:26.843 I/NpuProbe(30674): graph_compute(MUL_MAT 64x64)=0.5ms status=0
10-07 17:55:26.843 I/NpuProbe(30674): c[0]=128.000000 (esperado 128.0)
10-07 17:55:26.843 I/NpuProbe(30674): RESULTADO: APP-UID OK: sessao HTP + op executado com resultado correto
10-07 17:55:26.844 I/NpuProbe(30674): REPORT:
10-07 17:55:26.844 I/NpuProbe(30674): libdir=/data/app/~~-AAa5lDaii0dMGTPgPeENA==/br.gov.sp.pcsp.npuprobe-rKDzfVqWrdi-4lPwWdPEAA==/lib/arm64
10-07 17:55:26.844 I/NpuProbe(30674): build=llama.cpp-upstream-pkg (v11-libs) + probe R4
10-07 17:55:26.844 I/NpuProbe(30674): controle-sistema (liblog.so)=OK
10-07 17:55:26.844 I/NpuProbe(30674): negativo-fake (libnaoexiste_xyz.so)=FALHOU err=dlopen failed: library "libnaoexiste_xyz.so" not found
10-07 17:55:26.844 I/NpuProbe(30674): cdsprpc-nome (libcdsprpc.so)=OK
10-07 17:55:26.844 I/NpuProbe(30674): cdsprpc-abs (/vendor/lib64/libcdsprpc.so)=OK
10-07 17:55:26.844 I/NpuProbe(30674): ADSP_LIBRARY_PATH=libdir (setenv)
10-07 17:55:26.844 I/NpuProbe(30674): load_all_from_path=54ms
10-07 17:55:26.844 I/NpuProbe(30674): load(hexagon direto)=FALHOU em 0ms
10-07 17:55:26.844 I/NpuProbe(30674): devices=4
10-07 17:55:26.844 I/NpuProbe(30674):   dev[0] Vulkan0 (Adreno (TM) 840)
10-07 17:55:26.844 I/NpuProbe(30674):   dev[1] GPUOpenCL (QUALCOMM Adreno(TM) 840)
10-07 17:55:26.844 I/NpuProbe(30674):   dev[2] HTP0 (Hexagon)
10-07 17:55:26.844 I/NpuProbe(30674):   dev[3] CPU (CPU)
10-07 17:55:26.844 I/NpuProbe(30674): dev_init(HTP0)=0ms -> SESSAO ABERTA
10-07 17:55:26.844 I/NpuProbe(30674): graph_compute(MUL_MAT 64x64)=0.5ms status=0
10-07 17:55:26.844 I/NpuProbe(30674): c[0]=128.000000 (esperado 128.0)
10-07 17:55:26.844 I/NpuProbe(30674): RESULTADO: APP-UID OK: sessao HTP + op executado com resultado correto
10-07 17:55:26.844 I/NpuProbe(30674): AUTO-GATILHO='smart:puro:htp'
10-07 17:55:26.844 I/NpuProbe(30674): SMART iniciando rota=puro:htp com /data/local/tmp/hymt2_app.gguf
10-07 17:55:26.844 I/NpuProbe(30674): SMARTv2 rota='puro:htp' mutante=(none)
10-07 17:55:26.846 I/NpuProbe(30674): MODO VALIDACAO (espelho teacher-forcing)
10-07 17:55:26.846 I/NpuProbe(30674): MODO PURO: origem=(nenhuma) | destino=htp (HTP0)
10-07 17:55:27.056 I/NpuProbe(30674): load(destino)=210ms
10-07 17:55:28.658 I/NpuProbe(30674): puro: ok=1 pieces=8 prefill=838.68ms gen=744.33ms pp1=0.35ms
10-07 17:55:28.658 I/NpuProbe(30674): puro texto: Bom dia, como você está?
10-07 17:55:28.658 I/NpuProbe(30674): RESULTADO: PURO-EXECUTADO (htp; baseline; SEM juizo de qualidade — usar texto/stop)
10-07 17:55:28.717 I/NpuProbe(30674): SMART REPORT:
10-07 17:55:28.717 I/NpuProbe(30674): SMART (puro:htp)
10-07 17:55:28.717 I/NpuProbe(30674): 
10-07 17:55:28.717 I/NpuProbe(30674): SMARTv2 rota='puro:htp' mutante=(none)
10-07 17:55:28.717 I/NpuProbe(30674): MODO VALIDACAO (espelho teacher-forcing)
10-07 17:55:28.717 I/NpuProbe(30674): MODO PURO: origem=(nenhuma) | destino=htp (HTP0)
10-07 17:55:28.717 I/NpuProbe(30674): load(destino)=210ms
10-07 17:55:28.717 I/NpuProbe(30674): puro: ok=1 pieces=8 prefill=838.68ms gen=744.33ms pp1=0.35ms
10-07 17:55:28.717 I/NpuProbe(30674): puro texto: Bom dia, como você está?
10-07 17:55:28.717 I/NpuProbe(30674): RESULTADO: PURO-EXECUTADO (htp; baseline; SEM juizo de qualidade — usar texto/stop)
10-07 17:56:27.179 I/NpuProbe(32531): nativeLibraryDir=/data/app/~~-AAa5lDaii0dMGTPgPeENA==/br.gov.sp.pcsp.npuprobe-rKDzfVqWrdi-4lPwWdPEAA==/lib/arm64
10-07 17:56:27.179 I/NpuProbe(32531): libdir=/data/app/~~-AAa5lDaii0dMGTPgPeENA==/br.gov.sp.pcsp.npuprobe-rKDzfVqWrdi-4lPwWdPEAA==/lib/arm64
10-07 17:56:27.179 I/NpuProbe(32531): build=llama.cpp-upstream-pkg (v11-libs) + probe R4
10-07 17:56:27.179 I/NpuProbe(32531): controle-sistema (liblog.so)=OK
10-07 17:56:27.179 I/NpuProbe(32531): negativo-fake (libnaoexiste_xyz.so)=FALHOU err=dlopen failed: library "libnaoexiste_xyz.so" not found
10-07 17:56:27.180 I/NpuProbe(32531): cdsprpc-nome (libcdsprpc.so)=OK
10-07 17:56:27.180 I/NpuProbe(32531): cdsprpc-abs (/vendor/lib64/libcdsprpc.so)=OK
10-07 17:56:27.180 I/NpuProbe(32531): ADSP_LIBRARY_PATH=libdir (setenv)
10-07 17:56:27.181 I/NpuProbe(32531): [ggml] ggml_vulkan: Found 1 Vulkan devices:
10-07 17:56:27.182 I/NpuProbe(32531): [ggml] ggml_vulkan: 0 = Adreno (TM) 840 (Qualcomm Technologies Inc. Adreno Vulkan Driver) | uma: 1 | fp16: 1 | bf16: 0 | fp4: 0 | warp size: 64 | shared memory: 32768 | int dot: 0 | matrix cores: none
10-07 17:56:27.187 I/NpuProbe(32531): [ggml] ggml_opencl: selected platform: 'QUALCOMM Snapdragon(TM)'
10-07 17:56:27.188 I/NpuProbe(32531): [ggml] 
10-07 17:56:27.188 I/NpuProbe(32531): ggml_opencl: device: 'QUALCOMM Adreno(TM) 840 (OpenCL 3.0 Adreno(TM) 840)'
10-07 17:56:27.188 I/NpuProbe(32531): [ggml] ggml_opencl: default device: 'QUALCOMM Adreno(TM) 840 (OpenCL 3.0 Adreno(TM) 840)'
10-07 17:56:27.188 I/NpuProbe(32531): [ggml] ggml-hex: Loading driver libcdsprpc.so
10-07 17:56:27.189 I/NpuProbe(32531): [ggml] ggml-hex: Hexagon backend (experimental) : allocating new registry : ndev 1
10-07 17:56:27.190 I/NpuProbe(32531): [ggml] ggml-hex: Hexagon Arch version v81
10-07 17:56:27.190 I/NpuProbe(32531): [ggml] ggml-hex: HTP0 allocating new session
10-07 17:56:27.224 I/NpuProbe(32531): [ggml] ggml-hex: HTP0 hwinfo: threads 8, hvx 8, hmx 1, vtcm 8 MB
10-07 17:56:27.224 I/NpuProbe(32531): [ggml] ggml-hex: HTP0 new session : session-id 0 domain-id 3 uri file:///libggml-htp-v81.so?htp_iface_skel_handle_invoke&_modver=1.0&_dom=cdsp&_session=0 handle 0xb4000077d52d2c40
10-07 17:56:27.231 I/NpuProbe(32531): [ggml] ggml-hex: HTP0 op batching: n-bufs 16 n-tensors 7168 n-ops 1024 vmem 3355443200
10-07 17:56:27.241 I/NpuProbe(32531): load_all_from_path=58ms
10-07 17:56:27.241 I/NpuProbe(32531): [ggml] load_backend: failed to find ggml_backend_init in /data/app/~~-AAa5lDaii0dMGTPgPeENA==/br.gov.sp.pcsp.npuprobe-rKDzfVqWrdi-4lPwWdPEAA==/lib/arm64/libggml-hexagon.so
10-07 17:56:27.241 I/NpuProbe(32531): load(hexagon direto)=FALHOU em 0ms
10-07 17:56:27.241 I/NpuProbe(32531): devices=4
10-07 17:56:27.241 I/NpuProbe(32531):   dev[0] Vulkan0 (Adreno (TM) 840)
10-07 17:56:27.241 I/NpuProbe(32531):   dev[1] GPUOpenCL (QUALCOMM Adreno(TM) 840)
10-07 17:56:27.241 I/NpuProbe(32531):   dev[2] HTP0 (Hexagon)
10-07 17:56:27.241 I/NpuProbe(32531):   dev[3] CPU (CPU)
10-07 17:56:27.241 I/NpuProbe(32531): dev_init(HTP0)=0ms -> SESSAO ABERTA
10-07 17:56:27.242 I/NpuProbe(32531): graph_compute(MUL_MAT 64x64)=0.6ms status=0
10-07 17:56:27.242 I/NpuProbe(32531): c[0]=128.000000 (esperado 128.0)
10-07 17:56:27.242 I/NpuProbe(32531): RESULTADO: APP-UID OK: sessao HTP + op executado com resultado correto
10-07 17:56:27.245 I/NpuProbe(32531): REPORT:
10-07 17:56:27.245 I/NpuProbe(32531): libdir=/data/app/~~-AAa5lDaii0dMGTPgPeENA==/br.gov.sp.pcsp.npuprobe-rKDzfVqWrdi-4lPwWdPEAA==/lib/arm64
10-07 17:56:27.245 I/NpuProbe(32531): build=llama.cpp-upstream-pkg (v11-libs) + probe R4
10-07 17:56:27.245 I/NpuProbe(32531): controle-sistema (liblog.so)=OK
10-07 17:56:27.245 I/NpuProbe(32531): negativo-fake (libnaoexiste_xyz.so)=FALHOU err=dlopen failed: library "libnaoexiste_xyz.so" not found
10-07 17:56:27.245 I/NpuProbe(32531): cdsprpc-nome (libcdsprpc.so)=OK
10-07 17:56:27.245 I/NpuProbe(32531): cdsprpc-abs (/vendor/lib64/libcdsprpc.so)=OK
10-07 17:56:27.245 I/NpuProbe(32531): ADSP_LIBRARY_PATH=libdir (setenv)
10-07 17:56:27.245 I/NpuProbe(32531): load_all_from_path=58ms
10-07 17:56:27.245 I/NpuProbe(32531): load(hexagon direto)=FALHOU em 0ms
10-07 17:56:27.245 I/NpuProbe(32531): devices=4
10-07 17:56:27.245 I/NpuProbe(32531):   dev[0] Vulkan0 (Adreno (TM) 840)
10-07 17:56:27.245 I/NpuProbe(32531):   dev[1] GPUOpenCL (QUALCOMM Adreno(TM) 840)
10-07 17:56:27.245 I/NpuProbe(32531):   dev[2] HTP0 (Hexagon)
10-07 17:56:27.245 I/NpuProbe(32531):   dev[3] CPU (CPU)
10-07 17:56:27.245 I/NpuProbe(32531): dev_init(HTP0)=0ms -> SESSAO ABERTA
10-07 17:56:27.245 I/NpuProbe(32531): graph_compute(MUL_MAT 64x64)=0.6ms status=0
10-07 17:56:27.245 I/NpuProbe(32531): c[0]=128.000000 (esperado 128.0)
10-07 17:56:27.245 I/NpuProbe(32531): RESULTADO: APP-UID OK: sessao HTP + op executado com resultado correto
10-07 17:56:27.245 I/NpuProbe(32531): AUTO-GATILHO='smart:puro:opencl'
10-07 17:56:27.245 I/NpuProbe(32531): SMART iniciando rota=puro:opencl com /data/local/tmp/hymt2_app.gguf
10-07 17:56:27.246 I/NpuProbe(32531): SMARTv2 rota='puro:opencl' mutante=(none)
10-07 17:56:27.247 I/NpuProbe(32531): MODO VALIDACAO (espelho teacher-forcing)
10-07 17:56:27.247 I/NpuProbe(32531): MODO PURO: origem=(nenhuma) | destino=opencl (GPUOpenCL)
10-07 17:56:30.549 I/NpuProbe(32531): load(destino)=3302ms
10-07 17:56:30.549 I/NpuProbe(32531): [ggml] ggml_opencl: OpenCL driver: OpenCL 3.0 QUALCOMM build: 0842.41 Compiler E031.50.19.27
10-07 17:56:30.549 I/NpuProbe(32531): [ggml] ggml_opencl: vector subgroup broadcast support: true
10-07 17:56:30.549 I/NpuProbe(32531): [ggml] ggml_opencl: subgroup shuffle support: true
10-07 17:56:30.549 I/NpuProbe(32531): [ggml] ggml_opencl: device FP16 support: true
10-07 17:56:30.549 I/NpuProbe(32531): [ggml] ggml_opencl: khr dot product support: true
10-07 17:56:30.549 I/NpuProbe(32531): [ggml] ggml_opencl: mem base addr align: 128
10-07 17:56:30.549 I/NpuProbe(32531): [ggml] ggml_opencl: global mem size: 7555 MB
10-07 17:56:30.549 I/NpuProbe(32531): [ggml] ggml_opencl: max mem alloc size: 2048 MB
10-07 17:56:30.549 I/NpuProbe(32531): [ggml] ggml_opencl: device max image buffer size (pixels): 2147483648
10-07 17:56:30.549 I/NpuProbe(32531): [ggml] ggml_opencl: device max image2d size: 16384 x 16384
10-07 17:56:30.549 I/NpuProbe(32531): [ggml] ggml_opencl: device max workgroup size: 1024
10-07 17:56:30.549 I/NpuProbe(32531): [ggml] ggml_opencl: SVM coarse grain buffer support: true
10-07 17:56:30.549 I/NpuProbe(32531): [ggml] ggml_opencl: SVM fine grain buffer support: true
10-07 17:56:30.549 I/NpuProbe(32531): [ggml] ggml_opencl: SVM fine grain system support: false
10-07 17:56:30.549 I/NpuProbe(32531): [ggml] ggml_opencl: SVM atomics support: true
10-07 17:56:30.549 I/NpuProbe(32531): [ggml] ggml_opencl: cl_qcom_subgroup_shuffle support: true
10-07 17:56:30.549 I/NpuProbe(32531): [ggml] ggml_opencl: flattening quantized weights representation as struct of arrays (GGML_OPENCL_SOA_Q)
10-07 17:56:30.549 I/NpuProbe(32531): [ggml] ggml_opencl: using kernels optimized for Adreno (GGML_OPENCL_USE_ADRENO_KERNELS)
10-07 17:56:30.596 I/NpuProbe(32531): [ggml] ggml_opencl: lazy-compiling flash_attn prepass for DK=128 DV=128
10-07 17:56:30.596 I/NpuProbe(32531): [ggml] ggml_opencl: compiling fa prepass f16
10-07 17:56:30.645 I/NpuProbe(32531): [ggml] ggml_opencl: compiling fa f32_f16
10-07 17:56:31.858 I/NpuProbe(32531): [ggml] ggml_opencl: flash_attn_f32_f16_q1_vec_mq_split_c8 DK=128 DV=128 per-kernel max 128 < required 256; skipping registration (will fall back)
10-07 17:56:31.858 I/NpuProbe(32531): [ggml] ggml_opencl: compiling fa f32_f16 MQ_GQA=8
10-07 17:56:32.477 I/NpuProbe(32531): [ggml] ggml_opencl: flash_attn_f32_f16_q1_vec_mq_split_c8 (g8) DK=128 DV=128 per-kernel max 128 < required 192; skipping registration (will fall back)
10-07 17:56:32.477 I/NpuProbe(32531): [ggml] ggml_opencl: compiling fa f32_f16 c8 NSG2
10-07 17:56:32.908 I/NpuProbe(32531): [ggml] ggml_opencl: compiling fa f32_f16 c8 g8 NSG2
10-07 17:56:33.547 I/NpuProbe(32531): [ggml] ggml_opencl: compiling fa f32_f16 split
[rec 17:55:40]
--------- beginning of main
10-07 17:56:27.179 I/NpuProbe(32531): nativeLibraryDir=/data/app/~~-AAa5lDaii0dMGTPgPeENA==/br.gov.sp.pcsp.npuprobe-rKDzfVqWrdi-4lPwWdPEAA==/lib/arm64
10-07 17:56:27.179 I/NpuProbe(32531): libdir=/data/app/~~-AAa5lDaii0dMGTPgPeENA==/br.gov.sp.pcsp.npuprobe-rKDzfVqWrdi-4lPwWdPEAA==/lib/arm64
10-07 17:56:27.179 I/NpuProbe(32531): build=llama.cpp-upstream-pkg (v11-libs) + probe R4
10-07 17:56:27.179 I/NpuProbe(32531): controle-sistema (liblog.so)=OK
10-07 17:56:27.179 I/NpuProbe(32531): negativo-fake (libnaoexiste_xyz.so)=FALHOU err=dlopen failed: library "libnaoexiste_xyz.so" not found
10-07 17:56:27.180 I/NpuProbe(32531): cdsprpc-nome (libcdsprpc.so)=OK
10-07 17:56:27.180 I/NpuProbe(32531): cdsprpc-abs (/vendor/lib64/libcdsprpc.so)=OK
10-07 17:56:27.180 I/NpuProbe(32531): ADSP_LIBRARY_PATH=libdir (setenv)
10-07 17:56:27.181 I/NpuProbe(32531): [ggml] ggml_vulkan: Found 1 Vulkan devices:
10-07 17:56:27.182 I/NpuProbe(32531): [ggml] ggml_vulkan: 0 = Adreno (TM) 840 (Qualcomm Technologies Inc. Adreno Vulkan Driver) | uma: 1 | fp16: 1 | bf16: 0 | fp4: 0 | warp size: 64 | shared memory: 32768 | int dot: 0 | matrix cores: none
10-07 17:56:27.187 I/NpuProbe(32531): [ggml] ggml_opencl: selected platform: 'QUALCOMM Snapdragon(TM)'
10-07 17:56:27.188 I/NpuProbe(32531): [ggml] 
10-07 17:56:27.188 I/NpuProbe(32531): ggml_opencl: device: 'QUALCOMM Adreno(TM) 840 (OpenCL 3.0 Adreno(TM) 840)'
10-07 17:56:27.188 I/NpuProbe(32531): [ggml] ggml_opencl: default device: 'QUALCOMM Adreno(TM) 840 (OpenCL 3.0 Adreno(TM) 840)'
10-07 17:56:27.188 I/NpuProbe(32531): [ggml] ggml-hex: Loading driver libcdsprpc.so
10-07 17:56:27.189 I/NpuProbe(32531): [ggml] ggml-hex: Hexagon backend (experimental) : allocating new registry : ndev 1
10-07 17:56:27.190 I/NpuProbe(32531): [ggml] ggml-hex: Hexagon Arch version v81
10-07 17:56:27.190 I/NpuProbe(32531): [ggml] ggml-hex: HTP0 allocating new session
10-07 17:56:27.224 I/NpuProbe(32531): [ggml] ggml-hex: HTP0 hwinfo: threads 8, hvx 8, hmx 1, vtcm 8 MB
10-07 17:56:27.224 I/NpuProbe(32531): [ggml] ggml-hex: HTP0 new session : session-id 0 domain-id 3 uri file:///libggml-htp-v81.so?htp_iface_skel_handle_invoke&_modver=1.0&_dom=cdsp&_session=0 handle 0xb4000077d52d2c40
10-07 17:56:27.231 I/NpuProbe(32531): [ggml] ggml-hex: HTP0 op batching: n-bufs 16 n-tensors 7168 n-ops 1024 vmem 3355443200
10-07 17:56:27.241 I/NpuProbe(32531): load_all_from_path=58ms
10-07 17:56:27.241 I/NpuProbe(32531): [ggml] load_backend: failed to find ggml_backend_init in /data/app/~~-AAa5lDaii0dMGTPgPeENA==/br.gov.sp.pcsp.npuprobe-rKDzfVqWrdi-4lPwWdPEAA==/lib/arm64/libggml-hexagon.so
10-07 17:56:27.241 I/NpuProbe(32531): load(hexagon direto)=FALHOU em 0ms
10-07 17:56:27.241 I/NpuProbe(32531): devices=4
10-07 17:56:27.241 I/NpuProbe(32531):   dev[0] Vulkan0 (Adreno (TM) 840)
10-07 17:56:27.241 I/NpuProbe(32531):   dev[1] GPUOpenCL (QUALCOMM Adreno(TM) 840)
10-07 17:56:27.241 I/NpuProbe(32531):   dev[2] HTP0 (Hexagon)
10-07 17:56:27.241 I/NpuProbe(32531):   dev[3] CPU (CPU)
10-07 17:56:27.241 I/NpuProbe(32531): dev_init(HTP0)=0ms -> SESSAO ABERTA
10-07 17:56:27.242 I/NpuProbe(32531): graph_compute(MUL_MAT 64x64)=0.6ms status=0
10-07 17:56:27.242 I/NpuProbe(32531): c[0]=128.000000 (esperado 128.0)
10-07 17:56:27.242 I/NpuProbe(32531): RESULTADO: APP-UID OK: sessao HTP + op executado com resultado correto
10-07 17:56:27.245 I/NpuProbe(32531): REPORT:
10-07 17:56:27.245 I/NpuProbe(32531): libdir=/data/app/~~-AAa5lDaii0dMGTPgPeENA==/br.gov.sp.pcsp.npuprobe-rKDzfVqWrdi-4lPwWdPEAA==/lib/arm64
10-07 17:56:27.245 I/NpuProbe(32531): build=llama.cpp-upstream-pkg (v11-libs) + probe R4
10-07 17:56:27.245 I/NpuProbe(32531): controle-sistema (liblog.so)=OK
10-07 17:56:27.245 I/NpuProbe(32531): negativo-fake (libnaoexiste_xyz.so)=FALHOU err=dlopen failed: library "libnaoexiste_xyz.so" not found
10-07 17:56:27.245 I/NpuProbe(32531): cdsprpc-nome (libcdsprpc.so)=OK
10-07 17:56:27.245 I/NpuProbe(32531): cdsprpc-abs (/vendor/lib64/libcdsprpc.so)=OK
10-07 17:56:27.245 I/NpuProbe(32531): ADSP_LIBRARY_PATH=libdir (setenv)
10-07 17:56:27.245 I/NpuProbe(32531): load_all_from_path=58ms
10-07 17:56:27.245 I/NpuProbe(32531): load(hexagon direto)=FALHOU em 0ms
10-07 17:56:27.245 I/NpuProbe(32531): devices=4
10-07 17:56:27.245 I/NpuProbe(32531):   dev[0] Vulkan0 (Adreno (TM) 840)
10-07 17:56:27.245 I/NpuProbe(32531):   dev[1] GPUOpenCL (QUALCOMM Adreno(TM) 840)
10-07 17:56:27.245 I/NpuProbe(32531):   dev[2] HTP0 (Hexagon)
10-07 17:56:27.245 I/NpuProbe(32531):   dev[3] CPU (CPU)
10-07 17:56:27.245 I/NpuProbe(32531): dev_init(HTP0)=0ms -> SESSAO ABERTA
10-07 17:56:27.245 I/NpuProbe(32531): graph_compute(MUL_MAT 64x64)=0.6ms status=0
10-07 17:56:27.245 I/NpuProbe(32531): c[0]=128.000000 (esperado 128.0)
10-07 17:56:27.245 I/NpuProbe(32531): RESULTADO: APP-UID OK: sessao HTP + op executado com resultado correto
10-07 17:56:27.245 I/NpuProbe(32531): AUTO-GATILHO='smart:puro:opencl'
10-07 17:56:27.245 I/NpuProbe(32531): SMART iniciando rota=puro:opencl com /data/local/tmp/hymt2_app.gguf
10-07 17:56:27.246 I/NpuProbe(32531): SMARTv2 rota='puro:opencl' mutante=(none)
10-07 17:56:27.247 I/NpuProbe(32531): MODO VALIDACAO (espelho teacher-forcing)
10-07 17:56:27.247 I/NpuProbe(32531): MODO PURO: origem=(nenhuma) | destino=opencl (GPUOpenCL)
10-07 17:56:30.549 I/NpuProbe(32531): load(destino)=3302ms
10-07 17:56:30.549 I/NpuProbe(32531): [ggml] ggml_opencl: OpenCL driver: OpenCL 3.0 QUALCOMM build: 0842.41 Compiler E031.50.19.27
10-07 17:56:30.549 I/NpuProbe(32531): [ggml] ggml_opencl: vector subgroup broadcast support: true
10-07 17:56:30.549 I/NpuProbe(32531): [ggml] ggml_opencl: subgroup shuffle support: true
10-07 17:56:30.549 I/NpuProbe(32531): [ggml] ggml_opencl: device FP16 support: true
10-07 17:56:30.549 I/NpuProbe(32531): [ggml] ggml_opencl: khr dot product support: true
10-07 17:56:30.549 I/NpuProbe(32531): [ggml] ggml_opencl: mem base addr align: 128
10-07 17:56:30.549 I/NpuProbe(32531): [ggml] ggml_opencl: global mem size: 7555 MB
10-07 17:56:30.549 I/NpuProbe(32531): [ggml] ggml_opencl: max mem alloc size: 2048 MB
10-07 17:56:30.549 I/NpuProbe(32531): [ggml] ggml_opencl: device max image buffer size (pixels): 2147483648
10-07 17:56:30.549 I/NpuProbe(32531): [ggml] ggml_opencl: device max image2d size: 16384 x 16384
10-07 17:56:30.549 I/NpuProbe(32531): [ggml] ggml_opencl: device max workgroup size: 1024
10-07 17:56:30.549 I/NpuProbe(32531): [ggml] ggml_opencl: SVM coarse grain buffer support: true
10-07 17:56:30.549 I/NpuProbe(32531): [ggml] ggml_opencl: SVM fine grain buffer support: true
10-07 17:56:30.549 I/NpuProbe(32531): [ggml] ggml_opencl: SVM fine grain system support: false
10-07 17:56:30.549 I/NpuProbe(32531): [ggml] ggml_opencl: SVM atomics support: true
10-07 17:56:30.549 I/NpuProbe(32531): [ggml] ggml_opencl: cl_qcom_subgroup_shuffle support: true
10-07 17:56:30.549 I/NpuProbe(32531): [ggml] ggml_opencl: flattening quantized weights representation as struct of arrays (GGML_OPENCL_SOA_Q)
10-07 17:56:30.549 I/NpuProbe(32531): [ggml] ggml_opencl: using kernels optimized for Adreno (GGML_OPENCL_USE_ADRENO_KERNELS)
10-07 17:56:30.596 I/NpuProbe(32531): [ggml] ggml_opencl: lazy-compiling flash_attn prepass for DK=128 DV=128
10-07 17:56:30.596 I/NpuProbe(32531): [ggml] ggml_opencl: compiling fa prepass f16
10-07 17:56:30.645 I/NpuProbe(32531): [ggml] ggml_opencl: compiling fa f32_f16
10-07 17:56:31.858 I/NpuProbe(32531): [ggml] ggml_opencl: flash_attn_f32_f16_q1_vec_mq_split_c8 DK=128 DV=128 per-kernel max 128 < required 256; skipping registration (will fall back)
10-07 17:56:31.858 I/NpuProbe(32531): [ggml] ggml_opencl: compiling fa f32_f16 MQ_GQA=8
10-07 17:56:32.477 I/NpuProbe(32531): [ggml] ggml_opencl: flash_attn_f32_f16_q1_vec_mq_split_c8 (g8) DK=128 DV=128 per-kernel max 128 < required 192; skipping registration (will fall back)
10-07 17:56:32.477 I/NpuProbe(32531): [ggml] ggml_opencl: compiling fa f32_f16 c8 NSG2
10-07 17:56:32.908 I/NpuProbe(32531): [ggml] ggml_opencl: compiling fa f32_f16 c8 g8 NSG2
10-07 17:56:33.547 I/NpuProbe(32531): [ggml] ggml_opencl: compiling fa f32_f16 split
10-07 17:56:34.908 I/NpuProbe(32531): puro: ok=1 pieces=8 prefill=4064.55ms gen=249.00ms pp1=0.62ms
10-07 17:56:34.908 I/NpuProbe(32531): puro texto: Bom dia, como você está?
10-07 17:56:34.908 I/NpuProbe(32531): RESULTADO: PURO-EXECUTADO (opencl; baseline; SEM juizo de qualidade — usar texto/stop)
10-07 17:56:35.056 I/NpuProbe(32531): SMART REPORT:
10-07 17:56:35.056 I/NpuProbe(32531): SMART (puro:opencl)
10-07 17:56:35.056 I/NpuProbe(32531): 
10-07 17:56:35.056 I/NpuProbe(32531): SMARTv2 rota='puro:opencl' mutante=(none)
10-07 17:56:35.056 I/NpuProbe(32531): MODO VALIDACAO (espelho teacher-forcing)
10-07 17:56:35.056 I/NpuProbe(32531): MODO PURO: origem=(nenhuma) | destino=opencl (GPUOpenCL)
10-07 17:56:35.056 I/NpuProbe(32531): load(destino)=3302ms
10-07 17:56:35.056 I/NpuProbe(32531): puro: ok=1 pieces=8 prefill=4064.55ms gen=249.00ms pp1=0.62ms
10-07 17:56:35.056 I/NpuProbe(32531): puro texto: Bom dia, como você está?
10-07 17:56:35.056 I/NpuProbe(32531): RESULTADO: PURO-EXECUTADO (opencl; baseline; SEM juizo de qualidade — usar texto/stop)
[rec 17:56:07]
--------- beginning of main
10-07 17:56:27.179 I/NpuProbe(32531): nativeLibraryDir=/data/app/~~-AAa5lDaii0dMGTPgPeENA==/br.gov.sp.pcsp.npuprobe-rKDzfVqWrdi-4lPwWdPEAA==/lib/arm64
10-07 17:56:27.179 I/NpuProbe(32531): libdir=/data/app/~~-AAa5lDaii0dMGTPgPeENA==/br.gov.sp.pcsp.npuprobe-rKDzfVqWrdi-4lPwWdPEAA==/lib/arm64
10-07 17:56:27.179 I/NpuProbe(32531): build=llama.cpp-upstream-pkg (v11-libs) + probe R4
10-07 17:56:27.179 I/NpuProbe(32531): controle-sistema (liblog.so)=OK
10-07 17:56:27.179 I/NpuProbe(32531): negativo-fake (libnaoexiste_xyz.so)=FALHOU err=dlopen failed: library "libnaoexiste_xyz.so" not found
10-07 17:56:27.180 I/NpuProbe(32531): cdsprpc-nome (libcdsprpc.so)=OK
10-07 17:56:27.180 I/NpuProbe(32531): cdsprpc-abs (/vendor/lib64/libcdsprpc.so)=OK
10-07 17:56:27.180 I/NpuProbe(32531): ADSP_LIBRARY_PATH=libdir (setenv)
10-07 17:56:27.181 I/NpuProbe(32531): [ggml] ggml_vulkan: Found 1 Vulkan devices:
10-07 17:56:27.182 I/NpuProbe(32531): [ggml] ggml_vulkan: 0 = Adreno (TM) 840 (Qualcomm Technologies Inc. Adreno Vulkan Driver) | uma: 1 | fp16: 1 | bf16: 0 | fp4: 0 | warp size: 64 | shared memory: 32768 | int dot: 0 | matrix cores: none
10-07 17:56:27.187 I/NpuProbe(32531): [ggml] ggml_opencl: selected platform: 'QUALCOMM Snapdragon(TM)'
10-07 17:56:27.188 I/NpuProbe(32531): [ggml] 
10-07 17:56:27.188 I/NpuProbe(32531): ggml_opencl: device: 'QUALCOMM Adreno(TM) 840 (OpenCL 3.0 Adreno(TM) 840)'
10-07 17:56:27.188 I/NpuProbe(32531): [ggml] ggml_opencl: default device: 'QUALCOMM Adreno(TM) 840 (OpenCL 3.0 Adreno(TM) 840)'
10-07 17:56:27.188 I/NpuProbe(32531): [ggml] ggml-hex: Loading driver libcdsprpc.so
10-07 17:56:27.189 I/NpuProbe(32531): [ggml] ggml-hex: Hexagon backend (experimental) : allocating new registry : ndev 1
10-07 17:56:27.190 I/NpuProbe(32531): [ggml] ggml-hex: Hexagon Arch version v81
10-07 17:56:27.190 I/NpuProbe(32531): [ggml] ggml-hex: HTP0 allocating new session
10-07 17:56:27.224 I/NpuProbe(32531): [ggml] ggml-hex: HTP0 hwinfo: threads 8, hvx 8, hmx 1, vtcm 8 MB
10-07 17:56:27.224 I/NpuProbe(32531): [ggml] ggml-hex: HTP0 new session : session-id 0 domain-id 3 uri file:///libggml-htp-v81.so?htp_iface_skel_handle_invoke&_modver=1.0&_dom=cdsp&_session=0 handle 0xb4000077d52d2c40
10-07 17:56:27.231 I/NpuProbe(32531): [ggml] ggml-hex: HTP0 op batching: n-bufs 16 n-tensors 7168 n-ops 1024 vmem 3355443200
10-07 17:56:27.241 I/NpuProbe(32531): load_all_from_path=58ms
10-07 17:56:27.241 I/NpuProbe(32531): [ggml] load_backend: failed to find ggml_backend_init in /data/app/~~-AAa5lDaii0dMGTPgPeENA==/br.gov.sp.pcsp.npuprobe-rKDzfVqWrdi-4lPwWdPEAA==/lib/arm64/libggml-hexagon.so
10-07 17:56:27.241 I/NpuProbe(32531): load(hexagon direto)=FALHOU em 0ms
10-07 17:56:27.241 I/NpuProbe(32531): devices=4
10-07 17:56:27.241 I/NpuProbe(32531):   dev[0] Vulkan0 (Adreno (TM) 840)
10-07 17:56:27.241 I/NpuProbe(32531):   dev[1] GPUOpenCL (QUALCOMM Adreno(TM) 840)
10-07 17:56:27.241 I/NpuProbe(32531):   dev[2] HTP0 (Hexagon)
10-07 17:56:27.241 I/NpuProbe(32531):   dev[3] CPU (CPU)
10-07 17:56:27.241 I/NpuProbe(32531): dev_init(HTP0)=0ms -> SESSAO ABERTA
10-07 17:56:27.242 I/NpuProbe(32531): graph_compute(MUL_MAT 64x64)=0.6ms status=0
10-07 17:56:27.242 I/NpuProbe(32531): c[0]=128.000000 (esperado 128.0)
10-07 17:56:27.242 I/NpuProbe(32531): RESULTADO: APP-UID OK: sessao HTP + op executado com resultado correto
10-07 17:56:27.245 I/NpuProbe(32531): REPORT:
10-07 17:56:27.245 I/NpuProbe(32531): libdir=/data/app/~~-AAa5lDaii0dMGTPgPeENA==/br.gov.sp.pcsp.npuprobe-rKDzfVqWrdi-4lPwWdPEAA==/lib/arm64
10-07 17:56:27.245 I/NpuProbe(32531): build=llama.cpp-upstream-pkg (v11-libs) + probe R4
10-07 17:56:27.245 I/NpuProbe(32531): controle-sistema (liblog.so)=OK
10-07 17:56:27.245 I/NpuProbe(32531): negativo-fake (libnaoexiste_xyz.so)=FALHOU err=dlopen failed: library "libnaoexiste_xyz.so" not found
10-07 17:56:27.245 I/NpuProbe(32531): cdsprpc-nome (libcdsprpc.so)=OK
10-07 17:56:27.245 I/NpuProbe(32531): cdsprpc-abs (/vendor/lib64/libcdsprpc.so)=OK
10-07 17:56:27.245 I/NpuProbe(32531): ADSP_LIBRARY_PATH=libdir (setenv)
10-07 17:56:27.245 I/NpuProbe(32531): load_all_from_path=58ms
10-07 17:56:27.245 I/NpuProbe(32531): load(hexagon direto)=FALHOU em 0ms
10-07 17:56:27.245 I/NpuProbe(32531): devices=4
10-07 17:56:27.245 I/NpuProbe(32531):   dev[0] Vulkan0 (Adreno (TM) 840)
10-07 17:56:27.245 I/NpuProbe(32531):   dev[1] GPUOpenCL (QUALCOMM Adreno(TM) 840)
10-07 17:56:27.245 I/NpuProbe(32531):   dev[2] HTP0 (Hexagon)
10-07 17:56:27.245 I/NpuProbe(32531):   dev[3] CPU (CPU)
10-07 17:56:27.245 I/NpuProbe(32531): dev_init(HTP0)=0ms -> SESSAO ABERTA
10-07 17:56:27.245 I/NpuProbe(32531): graph_compute(MUL_MAT 64x64)=0.6ms status=0
10-07 17:56:27.245 I/NpuProbe(32531): c[0]=128.000000 (esperado 128.0)
10-07 17:56:27.245 I/NpuProbe(32531): RESULTADO: APP-UID OK: sessao HTP + op executado com resultado correto
10-07 17:56:27.245 I/NpuProbe(32531): AUTO-GATILHO='smart:puro:opencl'
10-07 17:56:27.245 I/NpuProbe(32531): SMART iniciando rota=puro:opencl com /data/local/tmp/hymt2_app.gguf
10-07 17:56:27.246 I/NpuProbe(32531): SMARTv2 rota='puro:opencl' mutante=(none)
10-07 17:56:27.247 I/NpuProbe(32531): MODO VALIDACAO (espelho teacher-forcing)
10-07 17:56:27.247 I/NpuProbe(32531): MODO PURO: origem=(nenhuma) | destino=opencl (GPUOpenCL)
10-07 17:56:30.549 I/NpuProbe(32531): load(destino)=3302ms
10-07 17:56:30.549 I/NpuProbe(32531): [ggml] ggml_opencl: OpenCL driver: OpenCL 3.0 QUALCOMM build: 0842.41 Compiler E031.50.19.27
10-07 17:56:30.549 I/NpuProbe(32531): [ggml] ggml_opencl: vector subgroup broadcast support: true
10-07 17:56:30.549 I/NpuProbe(32531): [ggml] ggml_opencl: subgroup shuffle support: true
10-07 17:56:30.549 I/NpuProbe(32531): [ggml] ggml_opencl: device FP16 support: true
10-07 17:56:30.549 I/NpuProbe(32531): [ggml] ggml_opencl: khr dot product support: true
10-07 17:56:30.549 I/NpuProbe(32531): [ggml] ggml_opencl: mem base addr align: 128
10-07 17:56:30.549 I/NpuProbe(32531): [ggml] ggml_opencl: global mem size: 7555 MB
10-07 17:56:30.549 I/NpuProbe(32531): [ggml] ggml_opencl: max mem alloc size: 2048 MB
10-07 17:56:30.549 I/NpuProbe(32531): [ggml] ggml_opencl: device max image buffer size (pixels): 2147483648
10-07 17:56:30.549 I/NpuProbe(32531): [ggml] ggml_opencl: device max image2d size: 16384 x 16384
10-07 17:56:30.549 I/NpuProbe(32531): [ggml] ggml_opencl: device max workgroup size: 1024
10-07 17:56:30.549 I/NpuProbe(32531): [ggml] ggml_opencl: SVM coarse grain buffer support: true
10-07 17:56:30.549 I/NpuProbe(32531): [ggml] ggml_opencl: SVM fine grain buffer support: true
10-07 17:56:30.549 I/NpuProbe(32531): [ggml] ggml_opencl: SVM fine grain system support: false
10-07 17:56:30.549 I/NpuProbe(32531): [ggml] ggml_opencl: SVM atomics support: true
10-07 17:56:30.549 I/NpuProbe(32531): [ggml] ggml_opencl: cl_qcom_subgroup_shuffle support: true
10-07 17:56:30.549 I/NpuProbe(32531): [ggml] ggml_opencl: flattening quantized weights representation as struct of arrays (GGML_OPENCL_SOA_Q)
10-07 17:56:30.549 I/NpuProbe(32531): [ggml] ggml_opencl: using kernels optimized for Adreno (GGML_OPENCL_USE_ADRENO_KERNELS)
10-07 17:56:30.596 I/NpuProbe(32531): [ggml] ggml_opencl: lazy-compiling flash_attn prepass for DK=128 DV=128
10-07 17:56:30.596 I/NpuProbe(32531): [ggml] ggml_opencl: compiling fa prepass f16
10-07 17:56:30.645 I/NpuProbe(32531): [ggml] ggml_opencl: compiling fa f32_f16
10-07 17:56:31.858 I/NpuProbe(32531): [ggml] ggml_opencl: flash_attn_f32_f16_q1_vec_mq_split_c8 DK=128 DV=128 per-kernel max 128 < required 256; skipping registration (will fall back)
10-07 17:56:31.858 I/NpuProbe(32531): [ggml] ggml_opencl: compiling fa f32_f16 MQ_GQA=8
10-07 17:56:32.477 I/NpuProbe(32531): [ggml] ggml_opencl: flash_attn_f32_f16_q1_vec_mq_split_c8 (g8) DK=128 DV=128 per-kernel max 128 < required 192; skipping registration (will fall back)
10-07 17:56:32.477 I/NpuProbe(32531): [ggml] ggml_opencl: compiling fa f32_f16 c8 NSG2
10-07 17:56:32.908 I/NpuProbe(32531): [ggml] ggml_opencl: compiling fa f32_f16 c8 g8 NSG2
10-07 17:56:33.547 I/NpuProbe(32531): [ggml] ggml_opencl: compiling fa f32_f16 split
10-07 17:56:34.908 I/NpuProbe(32531): puro: ok=1 pieces=8 prefill=4064.55ms gen=249.00ms pp1=0.62ms
10-07 17:56:34.908 I/NpuProbe(32531): puro texto: Bom dia, como você está?
10-07 17:56:34.908 I/NpuProbe(32531): RESULTADO: PURO-EXECUTADO (opencl; baseline; SEM juizo de qualidade — usar texto/stop)
10-07 17:56:35.056 I/NpuProbe(32531): SMART REPORT:
10-07 17:56:35.056 I/NpuProbe(32531): SMART (puro:opencl)
10-07 17:56:35.056 I/NpuProbe(32531): 
10-07 17:56:35.056 I/NpuProbe(32531): SMARTv2 rota='puro:opencl' mutante=(none)
10-07 17:56:35.056 I/NpuProbe(32531): MODO VALIDACAO (espelho teacher-forcing)
10-07 17:56:35.056 I/NpuProbe(32531): MODO PURO: origem=(nenhuma) | destino=opencl (GPUOpenCL)
10-07 17:56:35.056 I/NpuProbe(32531): load(destino)=3302ms
10-07 17:56:35.056 I/NpuProbe(32531): puro: ok=1 pieces=8 prefill=4064.55ms gen=249.00ms pp1=0.62ms
10-07 17:56:35.056 I/NpuProbe(32531): puro texto: Bom dia, como você está?
10-07 17:56:35.056 I/NpuProbe(32531): RESULTADO: PURO-EXECUTADO (opencl; baseline; SEM juizo de qualidade — usar texto/stop)
10-07 17:57:27.459 I/NpuProbe( 1113): nativeLibraryDir=/data/app/~~-AAa5lDaii0dMGTPgPeENA==/br.gov.sp.pcsp.npuprobe-rKDzfVqWrdi-4lPwWdPEAA==/lib/arm64
10-07 17:57:27.459 I/NpuProbe( 1113): libdir=/data/app/~~-AAa5lDaii0dMGTPgPeENA==/br.gov.sp.pcsp.npuprobe-rKDzfVqWrdi-4lPwWdPEAA==/lib/arm64
10-07 17:57:27.459 I/NpuProbe( 1113): build=llama.cpp-upstream-pkg (v11-libs) + probe R4
10-07 17:57:27.459 I/NpuProbe( 1113): controle-sistema (liblog.so)=OK
10-07 17:57:27.459 I/NpuProbe( 1113): negativo-fake (libnaoexiste_xyz.so)=FALHOU err=dlopen failed: library "libnaoexiste_xyz.so" not found
10-07 17:57:27.460 I/NpuProbe( 1113): cdsprpc-nome (libcdsprpc.so)=OK
10-07 17:57:27.460 I/NpuProbe( 1113): cdsprpc-abs (/vendor/lib64/libcdsprpc.so)=OK
10-07 17:57:27.461 I/NpuProbe( 1113): ADSP_LIBRARY_PATH=libdir (setenv)
10-07 17:57:27.462 I/NpuProbe( 1113): [ggml] ggml_vulkan: Found 1 Vulkan devices:
10-07 17:57:27.462 I/NpuProbe( 1113): [ggml] ggml_vulkan: 0 = Adreno (TM) 840 (Qualcomm Technologies Inc. Adreno Vulkan Driver) | uma: 1 | fp16: 1 | bf16: 0 | fp4: 0 | warp size: 64 | shared memory: 32768 | int dot: 0 | matrix cores: none
10-07 17:57:27.468 I/NpuProbe( 1113): [ggml] ggml_opencl: selected platform: 'QUALCOMM Snapdragon(TM)'
10-07 17:57:27.468 I/NpuProbe( 1113): [ggml] 
10-07 17:57:27.468 I/NpuProbe( 1113): ggml_opencl: device: 'QUALCOMM Adreno(TM) 840 (OpenCL 3.0 Adreno(TM) 840)'
10-07 17:57:27.468 I/NpuProbe( 1113): [ggml] ggml_opencl: default device: 'QUALCOMM Adreno(TM) 840 (OpenCL 3.0 Adreno(TM) 840)'
10-07 17:57:27.468 I/NpuProbe( 1113): [ggml] ggml-hex: Loading driver libcdsprpc.so
10-07 17:57:27.469 I/NpuProbe( 1113): [ggml] ggml-hex: Hexagon backend (experimental) : allocating new registry : ndev 1
10-07 17:57:27.469 I/NpuProbe( 1113): [ggml] ggml-hex: Hexagon Arch version v81
10-07 17:57:27.469 I/NpuProbe( 1113): [ggml] ggml-hex: HTP0 allocating new session
10-07 17:57:27.501 I/NpuProbe( 1113): [ggml] ggml-hex: HTP0 hwinfo: threads 8, hvx 8, hmx 1, vtcm 8 MB
10-07 17:57:27.501 I/NpuProbe( 1113): [ggml] ggml-hex: HTP0 new session : session-id 0 domain-id 3 uri file:///libggml-htp-v81.so?htp_iface_skel_handle_invoke&_modver=1.0&_dom=cdsp&_session=0 handle 0xb400007780647000
10-07 17:57:27.505 I/NpuProbe( 1113): [ggml] ggml-hex: HTP0 op batching: n-bufs 16 n-tensors 7168 n-ops 1024 vmem 3355443200
10-07 17:57:27.510 I/NpuProbe( 1113): load_all_from_path=50ms
10-07 17:57:27.510 I/NpuProbe( 1113): [ggml] load_backend: failed to find ggml_backend_init in /data/app/~~-AAa5lDaii0dMGTPgPeENA==/br.gov.sp.pcsp.npuprobe-rKDzfVqWrdi-4lPwWdPEAA==/lib/arm64/libggml-hexagon.so
10-07 17:57:27.510 I/NpuProbe( 1113): load(hexagon direto)=FALHOU em 0ms
10-07 17:57:27.510 I/NpuProbe( 1113): devices=4
10-07 17:57:27.510 I/NpuProbe( 1113):   dev[0] Vulkan0 (Adreno (TM) 840)
10-07 17:57:27.510 I/NpuProbe( 1113):   dev[1] GPUOpenCL (QUALCOMM Adreno(TM) 840)
10-07 17:57:27.510 I/NpuProbe( 1113):   dev[2] HTP0 (Hexagon)
10-07 17:57:27.510 I/NpuProbe( 1113):   dev[3] CPU (CPU)
10-07 17:57:27.510 I/NpuProbe( 1113): dev_init(HTP0)=0ms -> SESSAO ABERTA
10-07 17:57:27.511 I/NpuProbe( 1113): graph_compute(MUL_MAT 64x64)=0.5ms status=0
10-07 17:57:27.511 I/NpuProbe( 1113): c[0]=128.000000 (esperado 128.0)
10-07 17:57:27.511 I/NpuProbe( 1113): RESULTADO: APP-UID OK: sessao HTP + op executado com resultado correto
10-07 17:57:27.512 I/NpuProbe( 1113): REPORT:
10-07 17:57:27.512 I/NpuProbe( 1113): libdir=/data/app/~~-AAa5lDaii0dMGTPgPeENA==/br.gov.sp.pcsp.npuprobe-rKDzfVqWrdi-4lPwWdPEAA==/lib/arm64
10-07 17:57:27.512 I/NpuProbe( 1113): build=llama.cpp-upstream-pkg (v11-libs) + probe R4
10-07 17:57:27.512 I/NpuProbe( 1113): controle-sistema (liblog.so)=OK
10-07 17:57:27.512 I/NpuProbe( 1113): negativo-fake (libnaoexiste_xyz.so)=FALHOU err=dlopen failed: library "libnaoexiste_xyz.so" not found
10-07 17:57:27.512 I/NpuProbe( 1113): cdsprpc-nome (libcdsprpc.so)=OK
10-07 17:57:27.512 I/NpuProbe( 1113): cdsprpc-abs (/vendor/lib64/libcdsprpc.so)=OK
10-07 17:57:27.512 I/NpuProbe( 1113): ADSP_LIBRARY_PATH=libdir (setenv)
10-07 17:57:27.512 I/NpuProbe( 1113): load_all_from_path=50ms
10-07 17:57:27.512 I/NpuProbe( 1113): load(hexagon direto)=FALHOU em 0ms
10-07 17:57:27.512 I/NpuProbe( 1113): devices=4
10-07 17:57:27.512 I/NpuProbe( 1113):   dev[0] Vulkan0 (Adreno (TM) 840)
10-07 17:57:27.512 I/NpuProbe( 1113):   dev[1] GPUOpenCL (QUALCOMM Adreno(TM) 840)
10-07 17:57:27.512 I/NpuProbe( 1113):   dev[2] HTP0 (Hexagon)
10-07 17:57:27.512 I/NpuProbe( 1113):   dev[3] CPU (CPU)
10-07 17:57:27.512 I/NpuProbe( 1113): dev_init(HTP0)=0ms -> SESSAO ABERTA
10-07 17:57:27.512 I/NpuProbe( 1113): graph_compute(MUL_MAT 64x64)=0.5ms status=0
10-07 17:57:27.512 I/NpuProbe( 1113): c[0]=128.000000 (esperado 128.0)
10-07 17:57:27.512 I/NpuProbe( 1113): RESULTADO: APP-UID OK: sessao HTP + op executado com resultado correto
10-07 17:57:27.512 I/NpuProbe( 1113): AUTO-GATILHO='smart:puro:vulkan'
10-07 17:57:27.513 I/NpuProbe( 1113): SMART iniciando rota=puro:vulkan com /data/local/tmp/hymt2_app.gguf
10-07 17:57:27.513 I/NpuProbe( 1113): SMARTv2 rota='puro:vulkan' mutante=(none)
10-07 17:57:27.514 I/NpuProbe( 1113): MODO VALIDACAO (espelho teacher-forcing)
10-07 17:57:27.514 I/NpuProbe( 1113): MODO PURO: origem=(nenhuma) | destino=vulkan (Vulkan0)
[rec 17:56:34]
--------- beginning of main
10-07 17:57:27.459 I/NpuProbe( 1113): nativeLibraryDir=/data/app/~~-AAa5lDaii0dMGTPgPeENA==/br.gov.sp.pcsp.npuprobe-rKDzfVqWrdi-4lPwWdPEAA==/lib/arm64
10-07 17:57:27.459 I/NpuProbe( 1113): libdir=/data/app/~~-AAa5lDaii0dMGTPgPeENA==/br.gov.sp.pcsp.npuprobe-rKDzfVqWrdi-4lPwWdPEAA==/lib/arm64
10-07 17:57:27.459 I/NpuProbe( 1113): build=llama.cpp-upstream-pkg (v11-libs) + probe R4
10-07 17:57:27.459 I/NpuProbe( 1113): controle-sistema (liblog.so)=OK
10-07 17:57:27.459 I/NpuProbe( 1113): negativo-fake (libnaoexiste_xyz.so)=FALHOU err=dlopen failed: library "libnaoexiste_xyz.so" not found
10-07 17:57:27.460 I/NpuProbe( 1113): cdsprpc-nome (libcdsprpc.so)=OK
10-07 17:57:27.460 I/NpuProbe( 1113): cdsprpc-abs (/vendor/lib64/libcdsprpc.so)=OK
10-07 17:57:27.461 I/NpuProbe( 1113): ADSP_LIBRARY_PATH=libdir (setenv)
10-07 17:57:27.462 I/NpuProbe( 1113): [ggml] ggml_vulkan: Found 1 Vulkan devices:
10-07 17:57:27.462 I/NpuProbe( 1113): [ggml] ggml_vulkan: 0 = Adreno (TM) 840 (Qualcomm Technologies Inc. Adreno Vulkan Driver) | uma: 1 | fp16: 1 | bf16: 0 | fp4: 0 | warp size: 64 | shared memory: 32768 | int dot: 0 | matrix cores: none
10-07 17:57:27.468 I/NpuProbe( 1113): [ggml] ggml_opencl: selected platform: 'QUALCOMM Snapdragon(TM)'
10-07 17:57:27.468 I/NpuProbe( 1113): [ggml] 
10-07 17:57:27.468 I/NpuProbe( 1113): ggml_opencl: device: 'QUALCOMM Adreno(TM) 840 (OpenCL 3.0 Adreno(TM) 840)'
10-07 17:57:27.468 I/NpuProbe( 1113): [ggml] ggml_opencl: default device: 'QUALCOMM Adreno(TM) 840 (OpenCL 3.0 Adreno(TM) 840)'
10-07 17:57:27.468 I/NpuProbe( 1113): [ggml] ggml-hex: Loading driver libcdsprpc.so
10-07 17:57:27.469 I/NpuProbe( 1113): [ggml] ggml-hex: Hexagon backend (experimental) : allocating new registry : ndev 1
10-07 17:57:27.469 I/NpuProbe( 1113): [ggml] ggml-hex: Hexagon Arch version v81
10-07 17:57:27.469 I/NpuProbe( 1113): [ggml] ggml-hex: HTP0 allocating new session
10-07 17:57:27.501 I/NpuProbe( 1113): [ggml] ggml-hex: HTP0 hwinfo: threads 8, hvx 8, hmx 1, vtcm 8 MB
10-07 17:57:27.501 I/NpuProbe( 1113): [ggml] ggml-hex: HTP0 new session : session-id 0 domain-id 3 uri file:///libggml-htp-v81.so?htp_iface_skel_handle_invoke&_modver=1.0&_dom=cdsp&_session=0 handle 0xb400007780647000
10-07 17:57:27.505 I/NpuProbe( 1113): [ggml] ggml-hex: HTP0 op batching: n-bufs 16 n-tensors 7168 n-ops 1024 vmem 3355443200
10-07 17:57:27.510 I/NpuProbe( 1113): load_all_from_path=50ms
10-07 17:57:27.510 I/NpuProbe( 1113): [ggml] load_backend: failed to find ggml_backend_init in /data/app/~~-AAa5lDaii0dMGTPgPeENA==/br.gov.sp.pcsp.npuprobe-rKDzfVqWrdi-4lPwWdPEAA==/lib/arm64/libggml-hexagon.so
10-07 17:57:27.510 I/NpuProbe( 1113): load(hexagon direto)=FALHOU em 0ms
10-07 17:57:27.510 I/NpuProbe( 1113): devices=4
10-07 17:57:27.510 I/NpuProbe( 1113):   dev[0] Vulkan0 (Adreno (TM) 840)
10-07 17:57:27.510 I/NpuProbe( 1113):   dev[1] GPUOpenCL (QUALCOMM Adreno(TM) 840)
10-07 17:57:27.510 I/NpuProbe( 1113):   dev[2] HTP0 (Hexagon)
10-07 17:57:27.510 I/NpuProbe( 1113):   dev[3] CPU (CPU)
10-07 17:57:27.510 I/NpuProbe( 1113): dev_init(HTP0)=0ms -> SESSAO ABERTA
10-07 17:57:27.511 I/NpuProbe( 1113): graph_compute(MUL_MAT 64x64)=0.5ms status=0
10-07 17:57:27.511 I/NpuProbe( 1113): c[0]=128.000000 (esperado 128.0)
10-07 17:57:27.511 I/NpuProbe( 1113): RESULTADO: APP-UID OK: sessao HTP + op executado com resultado correto
10-07 17:57:27.512 I/NpuProbe( 1113): REPORT:
10-07 17:57:27.512 I/NpuProbe( 1113): libdir=/data/app/~~-AAa5lDaii0dMGTPgPeENA==/br.gov.sp.pcsp.npuprobe-rKDzfVqWrdi-4lPwWdPEAA==/lib/arm64
10-07 17:57:27.512 I/NpuProbe( 1113): build=llama.cpp-upstream-pkg (v11-libs) + probe R4
10-07 17:57:27.512 I/NpuProbe( 1113): controle-sistema (liblog.so)=OK
10-07 17:57:27.512 I/NpuProbe( 1113): negativo-fake (libnaoexiste_xyz.so)=FALHOU err=dlopen failed: library "libnaoexiste_xyz.so" not found
10-07 17:57:27.512 I/NpuProbe( 1113): cdsprpc-nome (libcdsprpc.so)=OK
10-07 17:57:27.512 I/NpuProbe( 1113): cdsprpc-abs (/vendor/lib64/libcdsprpc.so)=OK
10-07 17:57:27.512 I/NpuProbe( 1113): ADSP_LIBRARY_PATH=libdir (setenv)
10-07 17:57:27.512 I/NpuProbe( 1113): load_all_from_path=50ms
10-07 17:57:27.512 I/NpuProbe( 1113): load(hexagon direto)=FALHOU em 0ms
10-07 17:57:27.512 I/NpuProbe( 1113): devices=4
10-07 17:57:27.512 I/NpuProbe( 1113):   dev[0] Vulkan0 (Adreno (TM) 840)
10-07 17:57:27.512 I/NpuProbe( 1113):   dev[1] GPUOpenCL (QUALCOMM Adreno(TM) 840)
10-07 17:57:27.512 I/NpuProbe( 1113):   dev[2] HTP0 (Hexagon)
10-07 17:57:27.512 I/NpuProbe( 1113):   dev[3] CPU (CPU)
10-07 17:57:27.512 I/NpuProbe( 1113): dev_init(HTP0)=0ms -> SESSAO ABERTA
10-07 17:57:27.512 I/NpuProbe( 1113): graph_compute(MUL_MAT 64x64)=0.5ms status=0
10-07 17:57:27.512 I/NpuProbe( 1113): c[0]=128.000000 (esperado 128.0)
10-07 17:57:27.512 I/NpuProbe( 1113): RESULTADO: APP-UID OK: sessao HTP + op executado com resultado correto
10-07 17:57:27.512 I/NpuProbe( 1113): AUTO-GATILHO='smart:puro:vulkan'
10-07 17:57:27.513 I/NpuProbe( 1113): SMART iniciando rota=puro:vulkan com /data/local/tmp/hymt2_app.gguf
10-07 17:57:27.513 I/NpuProbe( 1113): SMARTv2 rota='puro:vulkan' mutante=(none)
10-07 17:57:27.514 I/NpuProbe( 1113): MODO VALIDACAO (espelho teacher-forcing)
10-07 17:57:27.514 I/NpuProbe( 1113): MODO PURO: origem=(nenhuma) | destino=vulkan (Vulkan0)
10-07 17:57:29.763 I/NpuProbe( 1113): puro: ok=1 pieces=8 prefill=630.20ms gen=1027.98ms pp1=557.17ms
10-07 17:57:29.763 I/NpuProbe( 1113): puro texto: Bom dia, como você está?
10-07 17:57:29.763 I/NpuProbe( 1113): RESULTADO: PURO-EXECUTADO (vulkan; baseline; SEM juizo de qualidade — usar texto/stop)
10-07 17:57:29.832 I/NpuProbe( 1113): SMART REPORT:
10-07 17:57:29.832 I/NpuProbe( 1113): SMART (puro:vulkan)
10-07 17:57:29.832 I/NpuProbe( 1113): 
10-07 17:57:29.832 I/NpuProbe( 1113): SMARTv2 rota='puro:vulkan' mutante=(none)
10-07 17:57:29.832 I/NpuProbe( 1113): MODO VALIDACAO (espelho teacher-forcing)
10-07 17:57:29.832 I/NpuProbe( 1113): MODO PURO: origem=(nenhuma) | destino=vulkan (Vulkan0)
10-07 17:57:29.832 I/NpuProbe( 1113): load(destino)=543ms
10-07 17:57:29.832 I/NpuProbe( 1113): puro: ok=1 pieces=8 prefill=630.20ms gen=1027.98ms pp1=557.17ms
10-07 17:57:29.832 I/NpuProbe( 1113): puro texto: Bom dia, como você está?
10-07 17:57:29.832 I/NpuProbe( 1113): RESULTADO: PURO-EXECUTADO (vulkan; baseline; SEM juizo de qualidade — usar texto/stop)
[rec 17:57:01]
--------- beginning of main
10-07 17:57:27.459 I/NpuProbe( 1113): nativeLibraryDir=/data/app/~~-AAa5lDaii0dMGTPgPeENA==/br.gov.sp.pcsp.npuprobe-rKDzfVqWrdi-4lPwWdPEAA==/lib/arm64
10-07 17:57:27.459 I/NpuProbe( 1113): libdir=/data/app/~~-AAa5lDaii0dMGTPgPeENA==/br.gov.sp.pcsp.npuprobe-rKDzfVqWrdi-4lPwWdPEAA==/lib/arm64
10-07 17:57:27.459 I/NpuProbe( 1113): build=llama.cpp-upstream-pkg (v11-libs) + probe R4
10-07 17:57:27.459 I/NpuProbe( 1113): controle-sistema (liblog.so)=OK
10-07 17:57:27.459 I/NpuProbe( 1113): negativo-fake (libnaoexiste_xyz.so)=FALHOU err=dlopen failed: library "libnaoexiste_xyz.so" not found
10-07 17:57:27.460 I/NpuProbe( 1113): cdsprpc-nome (libcdsprpc.so)=OK
10-07 17:57:27.460 I/NpuProbe( 1113): cdsprpc-abs (/vendor/lib64/libcdsprpc.so)=OK
10-07 17:57:27.461 I/NpuProbe( 1113): ADSP_LIBRARY_PATH=libdir (setenv)
10-07 17:57:27.462 I/NpuProbe( 1113): [ggml] ggml_vulkan: Found 1 Vulkan devices:
10-07 17:57:27.462 I/NpuProbe( 1113): [ggml] ggml_vulkan: 0 = Adreno (TM) 840 (Qualcomm Technologies Inc. Adreno Vulkan Driver) | uma: 1 | fp16: 1 | bf16: 0 | fp4: 0 | warp size: 64 | shared memory: 32768 | int dot: 0 | matrix cores: none
10-07 17:57:27.468 I/NpuProbe( 1113): [ggml] ggml_opencl: selected platform: 'QUALCOMM Snapdragon(TM)'
10-07 17:57:27.468 I/NpuProbe( 1113): [ggml] 
10-07 17:57:27.468 I/NpuProbe( 1113): ggml_opencl: device: 'QUALCOMM Adreno(TM) 840 (OpenCL 3.0 Adreno(TM) 840)'
10-07 17:57:27.468 I/NpuProbe( 1113): [ggml] ggml_opencl: default device: 'QUALCOMM Adreno(TM) 840 (OpenCL 3.0 Adreno(TM) 840)'
10-07 17:57:27.468 I/NpuProbe( 1113): [ggml] ggml-hex: Loading driver libcdsprpc.so
10-07 17:57:27.469 I/NpuProbe( 1113): [ggml] ggml-hex: Hexagon backend (experimental) : allocating new registry : ndev 1
10-07 17:57:27.469 I/NpuProbe( 1113): [ggml] ggml-hex: Hexagon Arch version v81
10-07 17:57:27.469 I/NpuProbe( 1113): [ggml] ggml-hex: HTP0 allocating new session
10-07 17:57:27.501 I/NpuProbe( 1113): [ggml] ggml-hex: HTP0 hwinfo: threads 8, hvx 8, hmx 1, vtcm 8 MB
10-07 17:57:27.501 I/NpuProbe( 1113): [ggml] ggml-hex: HTP0 new session : session-id 0 domain-id 3 uri file:///libggml-htp-v81.so?htp_iface_skel_handle_invoke&_modver=1.0&_dom=cdsp&_session=0 handle 0xb400007780647000
10-07 17:57:27.505 I/NpuProbe( 1113): [ggml] ggml-hex: HTP0 op batching: n-bufs 16 n-tensors 7168 n-ops 1024 vmem 3355443200
10-07 17:57:27.510 I/NpuProbe( 1113): load_all_from_path=50ms
10-07 17:57:27.510 I/NpuProbe( 1113): [ggml] load_backend: failed to find ggml_backend_init in /data/app/~~-AAa5lDaii0dMGTPgPeENA==/br.gov.sp.pcsp.npuprobe-rKDzfVqWrdi-4lPwWdPEAA==/lib/arm64/libggml-hexagon.so
10-07 17:57:27.510 I/NpuProbe( 1113): load(hexagon direto)=FALHOU em 0ms
10-07 17:57:27.510 I/NpuProbe( 1113): devices=4
10-07 17:57:27.510 I/NpuProbe( 1113):   dev[0] Vulkan0 (Adreno (TM) 840)
10-07 17:57:27.510 I/NpuProbe( 1113):   dev[1] GPUOpenCL (QUALCOMM Adreno(TM) 840)
10-07 17:57:27.510 I/NpuProbe( 1113):   dev[2] HTP0 (Hexagon)
10-07 17:57:27.510 I/NpuProbe( 1113):   dev[3] CPU (CPU)
10-07 17:57:27.510 I/NpuProbe( 1113): dev_init(HTP0)=0ms -> SESSAO ABERTA
10-07 17:57:27.511 I/NpuProbe( 1113): graph_compute(MUL_MAT 64x64)=0.5ms status=0
10-07 17:57:27.511 I/NpuProbe( 1113): c[0]=128.000000 (esperado 128.0)
10-07 17:57:27.511 I/NpuProbe( 1113): RESULTADO: APP-UID OK: sessao HTP + op executado com resultado correto
10-07 17:57:27.512 I/NpuProbe( 1113): REPORT:
10-07 17:57:27.512 I/NpuProbe( 1113): libdir=/data/app/~~-AAa5lDaii0dMGTPgPeENA==/br.gov.sp.pcsp.npuprobe-rKDzfVqWrdi-4lPwWdPEAA==/lib/arm64
10-07 17:57:27.512 I/NpuProbe( 1113): build=llama.cpp-upstream-pkg (v11-libs) + probe R4
10-07 17:57:27.512 I/NpuProbe( 1113): controle-sistema (liblog.so)=OK
10-07 17:57:27.512 I/NpuProbe( 1113): negativo-fake (libnaoexiste_xyz.so)=FALHOU err=dlopen failed: library "libnaoexiste_xyz.so" not found
10-07 17:57:27.512 I/NpuProbe( 1113): cdsprpc-nome (libcdsprpc.so)=OK
10-07 17:57:27.512 I/NpuProbe( 1113): cdsprpc-abs (/vendor/lib64/libcdsprpc.so)=OK
10-07 17:57:27.512 I/NpuProbe( 1113): ADSP_LIBRARY_PATH=libdir (setenv)
10-07 17:57:27.512 I/NpuProbe( 1113): load_all_from_path=50ms
10-07 17:57:27.512 I/NpuProbe( 1113): load(hexagon direto)=FALHOU em 0ms
10-07 17:57:27.512 I/NpuProbe( 1113): devices=4
10-07 17:57:27.512 I/NpuProbe( 1113):   dev[0] Vulkan0 (Adreno (TM) 840)
10-07 17:57:27.512 I/NpuProbe( 1113):   dev[1] GPUOpenCL (QUALCOMM Adreno(TM) 840)
10-07 17:57:27.512 I/NpuProbe( 1113):   dev[2] HTP0 (Hexagon)
10-07 17:57:27.512 I/NpuProbe( 1113):   dev[3] CPU (CPU)
10-07 17:57:27.512 I/NpuProbe( 1113): dev_init(HTP0)=0ms -> SESSAO ABERTA
10-07 17:57:27.512 I/NpuProbe( 1113): graph_compute(MUL_MAT 64x64)=0.5ms status=0
10-07 17:57:27.512 I/NpuProbe( 1113): c[0]=128.000000 (esperado 128.0)
10-07 17:57:27.512 I/NpuProbe( 1113): RESULTADO: APP-UID OK: sessao HTP + op executado com resultado correto
10-07 17:57:27.512 I/NpuProbe( 1113): AUTO-GATILHO='smart:puro:vulkan'
10-07 17:57:27.513 I/NpuProbe( 1113): SMART iniciando rota=puro:vulkan com /data/local/tmp/hymt2_app.gguf
10-07 17:57:27.513 I/NpuProbe( 1113): SMARTv2 rota='puro:vulkan' mutante=(none)
10-07 17:57:27.514 I/NpuProbe( 1113): MODO VALIDACAO (espelho teacher-forcing)
10-07 17:57:27.514 I/NpuProbe( 1113): MODO PURO: origem=(nenhuma) | destino=vulkan (Vulkan0)
10-07 17:57:29.763 I/NpuProbe( 1113): puro: ok=1 pieces=8 prefill=630.20ms gen=1027.98ms pp1=557.17ms
10-07 17:57:29.763 I/NpuProbe( 1113): puro texto: Bom dia, como você está?
10-07 17:57:29.763 I/NpuProbe( 1113): RESULTADO: PURO-EXECUTADO (vulkan; baseline; SEM juizo de qualidade — usar texto/stop)
10-07 17:57:29.832 I/NpuProbe( 1113): SMART REPORT:
10-07 17:57:29.832 I/NpuProbe( 1113): SMART (puro:vulkan)
10-07 17:57:29.832 I/NpuProbe( 1113): 
10-07 17:57:29.832 I/NpuProbe( 1113): SMARTv2 rota='puro:vulkan' mutante=(none)
10-07 17:57:29.832 I/NpuProbe( 1113): MODO VALIDACAO (espelho teacher-forcing)
10-07 17:57:29.832 I/NpuProbe( 1113): MODO PURO: origem=(nenhuma) | destino=vulkan (Vulkan0)
10-07 17:57:29.832 I/NpuProbe( 1113): load(destino)=543ms
10-07 17:57:29.832 I/NpuProbe( 1113): puro: ok=1 pieces=8 prefill=630.20ms gen=1027.98ms pp1=557.17ms
10-07 17:57:29.832 I/NpuProbe( 1113): puro texto: Bom dia, como você está?
10-07 17:57:29.832 I/NpuProbe( 1113): RESULTADO: PURO-EXECUTADO (vulkan; baseline; SEM juizo de qualidade — usar texto/stop)
[rec 17:57:28]
--------- beginning of main
10-07 17:57:27.461 I/NpuProbe( 1113): ADSP_LIBRARY_PATH=libdir (setenv)
10-07 17:57:27.462 I/NpuProbe( 1113): [ggml] ggml_vulkan: Found 1 Vulkan devices:
10-07 17:57:27.462 I/NpuProbe( 1113): [ggml] ggml_vulkan: 0 = Adreno (TM) 840 (Qualcomm Technologies Inc. Adreno Vulkan Driver) | uma: 1 | fp16: 1 | bf16: 0 | fp4: 0 | warp size: 64 | shared memory: 32768 | int dot: 0 | matrix cores: none
10-07 17:57:27.468 I/NpuProbe( 1113): [ggml] ggml_opencl: selected platform: 'QUALCOMM Snapdragon(TM)'
10-07 17:57:27.468 I/NpuProbe( 1113): [ggml] 
10-07 17:57:27.468 I/NpuProbe( 1113): ggml_opencl: device: 'QUALCOMM Adreno(TM) 840 (OpenCL 3.0 Adreno(TM) 840)'
10-07 17:57:27.468 I/NpuProbe( 1113): [ggml] ggml_opencl: default device: 'QUALCOMM Adreno(TM) 840 (OpenCL 3.0 Adreno(TM) 840)'
10-07 17:57:27.468 I/NpuProbe( 1113): [ggml] ggml-hex: Loading driver libcdsprpc.so
10-07 17:57:27.469 I/NpuProbe( 1113): [ggml] ggml-hex: Hexagon backend (experimental) : allocating new registry : ndev 1
10-07 17:57:27.469 I/NpuProbe( 1113): [ggml] ggml-hex: Hexagon Arch version v81
10-07 17:57:27.469 I/NpuProbe( 1113): [ggml] ggml-hex: HTP0 allocating new session
10-07 17:57:27.501 I/NpuProbe( 1113): [ggml] ggml-hex: HTP0 hwinfo: threads 8, hvx 8, hmx 1, vtcm 8 MB
10-07 17:57:27.501 I/NpuProbe( 1113): [ggml] ggml-hex: HTP0 new session : session-id 0 domain-id 3 uri file:///libggml-htp-v81.so?htp_iface_skel_handle_invoke&_modver=1.0&_dom=cdsp&_session=0 handle 0xb400007780647000
10-07 17:57:27.505 I/NpuProbe( 1113): [ggml] ggml-hex: HTP0 op batching: n-bufs 16 n-tensors 7168 n-ops 1024 vmem 3355443200
10-07 17:57:27.510 I/NpuProbe( 1113): load_all_from_path=50ms
10-07 17:57:27.510 I/NpuProbe( 1113): [ggml] load_backend: failed to find ggml_backend_init in /data/app/~~-AAa5lDaii0dMGTPgPeENA==/br.gov.sp.pcsp.npuprobe-rKDzfVqWrdi-4lPwWdPEAA==/lib/arm64/libggml-hexagon.so
10-07 17:57:27.510 I/NpuProbe( 1113): load(hexagon direto)=FALHOU em 0ms
10-07 17:57:27.510 I/NpuProbe( 1113): devices=4
10-07 17:57:27.510 I/NpuProbe( 1113):   dev[0] Vulkan0 (Adreno (TM) 840)
10-07 17:57:27.510 I/NpuProbe( 1113):   dev[1] GPUOpenCL (QUALCOMM Adreno(TM) 840)
10-07 17:57:27.510 I/NpuProbe( 1113):   dev[2] HTP0 (Hexagon)
10-07 17:57:27.510 I/NpuProbe( 1113):   dev[3] CPU (CPU)
10-07 17:57:27.510 I/NpuProbe( 1113): dev_init(HTP0)=0ms -> SESSAO ABERTA
10-07 17:57:27.511 I/NpuProbe( 1113): graph_compute(MUL_MAT 64x64)=0.5ms status=0
10-07 17:57:27.511 I/NpuProbe( 1113): c[0]=128.000000 (esperado 128.0)
10-07 17:57:27.511 I/NpuProbe( 1113): RESULTADO: APP-UID OK: sessao HTP + op executado com resultado correto
10-07 17:57:27.512 I/NpuProbe( 1113): REPORT:
10-07 17:57:27.512 I/NpuProbe( 1113): libdir=/data/app/~~-AAa5lDaii0dMGTPgPeENA==/br.gov.sp.pcsp.npuprobe-rKDzfVqWrdi-4lPwWdPEAA==/lib/arm64
10-07 17:57:27.512 I/NpuProbe( 1113): build=llama.cpp-upstream-pkg (v11-libs) + probe R4
10-07 17:57:27.512 I/NpuProbe( 1113): controle-sistema (liblog.so)=OK
10-07 17:57:27.512 I/NpuProbe( 1113): negativo-fake (libnaoexiste_xyz.so)=FALHOU err=dlopen failed: library "libnaoexiste_xyz.so" not found
10-07 17:57:27.512 I/NpuProbe( 1113): cdsprpc-nome (libcdsprpc.so)=OK
10-07 17:57:27.512 I/NpuProbe( 1113): cdsprpc-abs (/vendor/lib64/libcdsprpc.so)=OK
10-07 17:57:27.512 I/NpuProbe( 1113): ADSP_LIBRARY_PATH=libdir (setenv)
10-07 17:57:27.512 I/NpuProbe( 1113): load_all_from_path=50ms
10-07 17:57:27.512 I/NpuProbe( 1113): load(hexagon direto)=FALHOU em 0ms
10-07 17:57:27.512 I/NpuProbe( 1113): devices=4
10-07 17:57:27.512 I/NpuProbe( 1113):   dev[0] Vulkan0 (Adreno (TM) 840)
10-07 17:57:27.512 I/NpuProbe( 1113):   dev[1] GPUOpenCL (QUALCOMM Adreno(TM) 840)
10-07 17:57:27.512 I/NpuProbe( 1113):   dev[2] HTP0 (Hexagon)
10-07 17:57:27.512 I/NpuProbe( 1113):   dev[3] CPU (CPU)
10-07 17:57:27.512 I/NpuProbe( 1113): dev_init(HTP0)=0ms -> SESSAO ABERTA
10-07 17:57:27.512 I/NpuProbe( 1113): graph_compute(MUL_MAT 64x64)=0.5ms status=0
10-07 17:57:27.512 I/NpuProbe( 1113): c[0]=128.000000 (esperado 128.0)
10-07 17:57:27.512 I/NpuProbe( 1113): RESULTADO: APP-UID OK: sessao HTP + op executado com resultado correto
10-07 17:57:27.512 I/NpuProbe( 1113): AUTO-GATILHO='smart:puro:vulkan'
10-07 17:57:27.513 I/NpuProbe( 1113): SMART iniciando rota=puro:vulkan com /data/local/tmp/hymt2_app.gguf
10-07 17:57:27.513 I/NpuProbe( 1113): SMARTv2 rota='puro:vulkan' mutante=(none)
10-07 17:57:27.514 I/NpuProbe( 1113): MODO VALIDACAO (espelho teacher-forcing)
10-07 17:57:27.514 I/NpuProbe( 1113): MODO PURO: origem=(nenhuma) | destino=vulkan (Vulkan0)
10-07 17:57:29.763 I/NpuProbe( 1113): puro: ok=1 pieces=8 prefill=630.20ms gen=1027.98ms pp1=557.17ms
10-07 17:57:29.763 I/NpuProbe( 1113): puro texto: Bom dia, como você está?
10-07 17:57:29.763 I/NpuProbe( 1113): RESULTADO: PURO-EXECUTADO (vulkan; baseline; SEM juizo de qualidade — usar texto/stop)
10-07 17:57:29.832 I/NpuProbe( 1113): SMART REPORT:
10-07 17:57:29.832 I/NpuProbe( 1113): SMART (puro:vulkan)
10-07 17:57:29.832 I/NpuProbe( 1113): 
10-07 17:57:29.832 I/NpuProbe( 1113): SMARTv2 rota='puro:vulkan' mutante=(none)
10-07 17:57:29.832 I/NpuProbe( 1113): MODO VALIDACAO (espelho teacher-forcing)
10-07 17:57:29.832 I/NpuProbe( 1113): MODO PURO: origem=(nenhuma) | destino=vulkan (Vulkan0)
10-07 17:57:29.832 I/NpuProbe( 1113): load(destino)=543ms
10-07 17:57:29.832 I/NpuProbe( 1113): puro: ok=1 pieces=8 prefill=630.20ms gen=1027.98ms pp1=557.17ms
10-07 17:57:29.832 I/NpuProbe( 1113): puro texto: Bom dia, como você está?
10-07 17:57:29.832 I/NpuProbe( 1113): RESULTADO: PURO-EXECUTADO (vulkan; baseline; SEM juizo de qualidade — usar texto/stop)
10-07 17:58:28.154 I/NpuProbe( 6939): nativeLibraryDir=/data/app/~~-AAa5lDaii0dMGTPgPeENA==/br.gov.sp.pcsp.npuprobe-rKDzfVqWrdi-4lPwWdPEAA==/lib/arm64
10-07 17:58:28.154 I/NpuProbe( 6939): libdir=/data/app/~~-AAa5lDaii0dMGTPgPeENA==/br.gov.sp.pcsp.npuprobe-rKDzfVqWrdi-4lPwWdPEAA==/lib/arm64
10-07 17:58:28.154 I/NpuProbe( 6939): build=llama.cpp-upstream-pkg (v11-libs) + probe R4
10-07 17:58:28.154 I/NpuProbe( 6939): controle-sistema (liblog.so)=OK
10-07 17:58:28.154 I/NpuProbe( 6939): negativo-fake (libnaoexiste_xyz.so)=FALHOU err=dlopen failed: library "libnaoexiste_xyz.so" not found
10-07 17:58:28.154 I/NpuProbe( 6939): cdsprpc-nome (libcdsprpc.so)=OK
10-07 17:58:28.155 I/NpuProbe( 6939): cdsprpc-abs (/vendor/lib64/libcdsprpc.so)=OK
10-07 17:58:28.155 I/NpuProbe( 6939): ADSP_LIBRARY_PATH=libdir (setenv)
10-07 17:58:28.156 I/NpuProbe( 6939): [ggml] ggml_vulkan: Found 1 Vulkan devices:
10-07 17:58:28.156 I/NpuProbe( 6939): [ggml] ggml_vulkan: 0 = Adreno (TM) 840 (Qualcomm Technologies Inc. Adreno Vulkan Driver) | uma: 1 | fp16: 1 | bf16: 0 | fp4: 0 | warp size: 64 | shared memory: 32768 | int dot: 0 | matrix cores: none
10-07 17:58:28.164 I/NpuProbe( 6939): [ggml] ggml_opencl: selected platform: 'QUALCOMM Snapdragon(TM)'
10-07 17:58:28.164 I/NpuProbe( 6939): [ggml] 
10-07 17:58:28.164 I/NpuProbe( 6939): ggml_opencl: device: 'QUALCOMM Adreno(TM) 840 (OpenCL 3.0 Adreno(TM) 840)'
10-07 17:58:28.164 I/NpuProbe( 6939): [ggml] ggml_opencl: default device: 'QUALCOMM Adreno(TM) 840 (OpenCL 3.0 Adreno(TM) 840)'
10-07 17:58:28.164 I/NpuProbe( 6939): [ggml] ggml-hex: Loading driver libcdsprpc.so
10-07 17:58:28.166 I/NpuProbe( 6939): [ggml] ggml-hex: Hexagon backend (experimental) : allocating new registry : ndev 1
10-07 17:58:28.166 I/NpuProbe( 6939): [ggml] ggml-hex: Hexagon Arch version v81
10-07 17:58:28.166 I/NpuProbe( 6939): [ggml] ggml-hex: HTP0 allocating new session
10-07 17:58:28.198 I/NpuProbe( 6939): [ggml] ggml-hex: HTP0 hwinfo: threads 8, hvx 8, hmx 1, vtcm 8 MB
10-07 17:58:28.198 I/NpuProbe( 6939): [ggml] ggml-hex: HTP0 new session : session-id 0 domain-id 3 uri file:///libggml-htp-v81.so?htp_iface_skel_handle_invoke&_modver=1.0&_dom=cdsp&_session=0 handle 0xb4000077c5fb1580
10-07 17:58:28.202 I/NpuProbe( 6939): [ggml] ggml-hex: HTP0 op batching: n-bufs 16 n-tensors 7168 n-ops 1024 vmem 3355443200
10-07 17:58:28.208 I/NpuProbe( 6939): load_all_from_path=52ms
10-07 17:58:28.208 I/NpuProbe( 6939): [ggml] load_backend: failed to find ggml_backend_init in /data/app/~~-AAa5lDaii0dMGTPgPeENA==/br.gov.sp.pcsp.npuprobe-rKDzfVqWrdi-4lPwWdPEAA==/lib/arm64/libggml-hexagon.so
10-07 17:58:28.208 I/NpuProbe( 6939): load(hexagon direto)=FALHOU em 0ms
10-07 17:58:28.208 I/NpuProbe( 6939): devices=4
10-07 17:58:28.208 I/NpuProbe( 6939):   dev[0] Vulkan0 (Adreno (TM) 840)
10-07 17:58:28.208 I/NpuProbe( 6939):   dev[1] GPUOpenCL (QUALCOMM Adreno(TM) 840)
10-07 17:58:28.208 I/NpuProbe( 6939):   dev[2] HTP0 (Hexagon)
10-07 17:58:28.208 I/NpuProbe( 6939):   dev[3] CPU (CPU)
10-07 17:58:28.208 I/NpuProbe( 6939): dev_init(HTP0)=0ms -> SESSAO ABERTA
10-07 17:58:28.209 I/NpuProbe( 6939): graph_compute(MUL_MAT 64x64)=0.5ms status=0
10-07 17:58:28.209 I/NpuProbe( 6939): c[0]=128.000000 (esperado 128.0)
10-07 17:58:28.209 I/NpuProbe( 6939): RESULTADO: APP-UID OK: sessao HTP + op executado com resultado correto
10-07 17:58:28.209 I/NpuProbe( 6939): REPORT:
10-07 17:58:28.209 I/NpuProbe( 6939): libdir=/data/app/~~-AAa5lDaii0dMGTPgPeENA==/br.gov.sp.pcsp.npuprobe-rKDzfVqWrdi-4lPwWdPEAA==/lib/arm64
10-07 17:58:28.209 I/NpuProbe( 6939): build=llama.cpp-upstream-pkg (v11-libs) + probe R4
10-07 17:58:28.209 I/NpuProbe( 6939): controle-sistema (liblog.so)=OK
10-07 17:58:28.209 I/NpuProbe( 6939): negativo-fake (libnaoexiste_xyz.so)=FALHOU err=dlopen failed: library "libnaoexiste_xyz.so" not found
10-07 17:58:28.209 I/NpuProbe( 6939): cdsprpc-nome (libcdsprpc.so)=OK
10-07 17:58:28.209 I/NpuProbe( 6939): cdsprpc-abs (/vendor/lib64/libcdsprpc.so)=OK
10-07 17:58:28.209 I/NpuProbe( 6939): ADSP_LIBRARY_PATH=libdir (setenv)
10-07 17:58:28.209 I/NpuProbe( 6939): load_all_from_path=52ms
10-07 17:58:28.209 I/NpuProbe( 6939): load(hexagon direto)=FALHOU em 0ms
10-07 17:58:28.209 I/NpuProbe( 6939): devices=4
10-07 17:58:28.209 I/NpuProbe( 6939):   dev[0] Vulkan0 (Adreno (TM) 840)
10-07 17:58:28.209 I/NpuProbe( 6939):   dev[1] GPUOpenCL (QUALCOMM Adreno(TM) 840)
10-07 17:58:28.209 I/NpuProbe( 6939):   dev[2] HTP0 (Hexagon)
10-07 17:58:28.209 I/NpuProbe( 6939):   dev[3] CPU (CPU)
10-07 17:58:28.209 I/NpuProbe( 6939): dev_init(HTP0)=0ms -> SESSAO ABERTA
10-07 17:58:28.209 I/NpuProbe( 6939): graph_compute(MUL_MAT 64x64)=0.5ms status=0
10-07 17:58:28.209 I/NpuProbe( 6939): c[0]=128.000000 (esperado 128.0)
10-07 17:58:28.209 I/NpuProbe( 6939): RESULTADO: APP-UID OK: sessao HTP + op executado com resultado correto
10-07 17:58:28.210 I/NpuProbe( 6939): AUTO-GATILHO='smart:opencl@bench'
10-07 17:58:28.210 I/NpuProbe( 6939): SMART iniciando rota=opencl@bench com /data/local/tmp/hymt2_app.gguf
10-07 17:58:28.210 I/NpuProbe( 6939): SMARTv2 rota='opencl@bench' mutante=(none)
10-07 17:58:28.211 I/NpuProbe( 6939): MODO BENCHMARK (@bench; sem espelho; decode so no destino)
10-07 17:58:28.211 I/NpuProbe( 6939): MODO PONTE: origem=htp | destino=opencl (GPUOpenCL)
10-07 17:58:31.229 I/NpuProbe( 6939): load(destino)=3018ms
10-07 17:58:31.229 I/NpuProbe( 6939): [ggml] ggml_opencl: OpenCL driver: OpenCL 3.0 QUALCOMM build: 0842.41 Compiler E031.50.19.27
10-07 17:58:31.229 I/NpuProbe( 6939): [ggml] ggml_opencl: vector subgroup broadcast support: true
10-07 17:58:31.229 I/NpuProbe( 6939): [ggml] ggml_opencl: subgroup shuffle support: true
10-07 17:58:31.229 I/NpuProbe( 6939): [ggml] ggml_opencl: device FP16 support: true
10-07 17:58:31.229 I/NpuProbe( 6939): [ggml] ggml_opencl: khr dot product support: true
10-07 17:58:31.229 I/NpuProbe( 6939): [ggml] ggml_opencl: mem base addr align: 128
10-07 17:58:31.229 I/NpuProbe( 6939): [ggml] ggml_opencl: global mem size: 7555 MB
10-07 17:58:31.229 I/NpuProbe( 6939): [ggml] ggml_opencl: max mem alloc size: 2048 MB
10-07 17:58:31.229 I/NpuProbe( 6939): [ggml] ggml_opencl: device max image buffer size (pixels): 2147483648
10-07 17:58:31.229 I/NpuProbe( 6939): [ggml] ggml_opencl: device max image2d size: 16384 x 16384
10-07 17:58:31.229 I/NpuProbe( 6939): [ggml] ggml_opencl: device max workgroup size: 1024
10-07 17:58:31.229 I/NpuProbe( 6939): [ggml] ggml_opencl: SVM coarse grain buffer support: true
10-07 17:58:31.229 I/NpuProbe( 6939): [ggml] ggml_opencl: SVM fine grain buffer support: true
10-07 17:58:31.229 I/NpuProbe( 6939): [ggml] ggml_opencl: SVM fine grain system support: false
10-07 17:58:31.229 I/NpuProbe( 6939): [ggml] ggml_opencl: SVM atomics support: true
10-07 17:58:31.229 I/NpuProbe( 6939): [ggml] ggml_opencl: cl_qcom_subgroup_shuffle support: true
10-07 17:58:31.229 I/NpuProbe( 6939): [ggml] ggml_opencl: flattening quantized weights representation as struct of arrays (GGML_OPENCL_SOA_Q)
10-07 17:58:31.229 I/NpuProbe( 6939): [ggml] ggml_opencl: using kernels optimized for Adreno (GGML_OPENCL_USE_ADRENO_KERNELS)
10-07 17:58:31.586 I/NpuProbe( 6939): load(origem)=317ms
10-07 17:58:31.615 I/NpuProbe( 6939): ctxs prontos (cold_total=3405ms)
10-07 17:58:33.073 I/NpuProbe( 6939): [ggml] ggml_opencl: lazy-compiling flash_attn prepass for DK=128 DV=128
10-07 17:58:33.073 I/NpuProbe( 6939): [ggml] ggml_opencl: compiling fa prepass f16
10-07 17:58:33.123 I/NpuProbe( 6939): [ggml] ggml_opencl: compiling fa f32_f16
10-07 17:58:34.502 I/NpuProbe( 6939): [ggml] ggml_opencl: flash_attn_f32_f16_q1_vec_mq_split_c8 DK=128 DV=128 per-kernel max 128 < required 256; skipping registration (will fall back)
10-07 17:58:34.502 I/NpuProbe( 6939): [ggml] ggml_opencl: compiling fa f32_f16 MQ_GQA=8
10-07 17:58:35.188 I/NpuProbe( 6939): [ggml] ggml_opencl: flash_attn_f32_f16_q1_vec_mq_split_c8 (g8) DK=128 DV=128 per-kernel max 128 < required 192; skipping registration (will fall back)
10-07 17:58:35.188 I/NpuProbe( 6939): [ggml] ggml_opencl: compiling fa f32_f16 c8 NSG2
10-07 17:58:35.651 I/NpuProbe( 6939): [ggml] ggml_opencl: compiling fa f32_f16 c8 g8 NSG2
10-07 17:58:36.323 I/NpuProbe( 6939): [ggml] ggml_opencl: compiling fa f32_f16 split
10-07 17:58:37.668 I/NpuProbe( 6939): A1: ok=1 cap=0 eog_tok1=0 tok1=33 amostrados(s/d)=1/8 emitidos=8 consumidos=8 decodes_s_pos_ponte=0
10-07 17:58:37.668 I/NpuProbe( 6939): A1 tempos: prefill=1429.20ms export=0.27ms(2032789B) import=5.07ms gen=4554.81ms
10-07 17:58:37.668 I/NpuProbe( 6939): A1 espelho: passos=0 iguais=0 div_pos=-1 div_marg(d/s)=-1.000/-1.000
10-07 17:58:37.668 I/NpuProbe( 6939): A1 fronteiras(ms desde request): prefill_done=4835.0 tok1_ready=4857.5 import_done=4862.6 tok2_ready=9178.7 fim=9417.4 (INTERNAS; sem streaming de UI no probe)
10-07 17:58:37.668 I/NpuProbe( 6939): A1 prompt_hash=a5de647b1ff84e74
10-07 17:58:37.668 I/NpuProbe( 6939): A1 texto: Bom dia, como você está?
10-07 17:58:37.673 I/NpuProbe( 6939): reset: pos cmp (origem=-1 destino=-1) -> VAZIO ok
10-07 17:58:39.616 I/NpuProbe( 6939): A2: ok=1 texto igual ao A1: SIM
10-07 17:58:39.616 I/NpuProbe( 6939): RESULTADO: BENCH-CONCLUIDO (htp->opencl; sem espelho; decode origem pos-ponte=0; A-B-A texto igual)
10-07 17:58:39.824 I/NpuProbe( 6939): SMART REPORT:
10-07 17:58:39.824 I/NpuProbe( 6939): SMART (opencl@bench)
10-07 17:58:39.824 I/NpuProbe( 6939): 
10-07 17:58:39.824 I/NpuProbe( 6939): SMARTv2 rota='opencl@bench' mutante=(none)
10-07 17:58:39.824 I/NpuProbe( 6939): MODO BENCHMARK (@bench; sem espelho; decode so no destino)
10-07 17:58:39.824 I/NpuProbe( 6939): MODO PONTE: origem=htp | destino=opencl (GPUOpenCL)
10-07 17:58:39.824 I/NpuProbe( 6939): load(destino)=3018ms
10-07 17:58:39.824 I/NpuProbe( 6939): load(origem)=317ms
10-07 17:58:39.824 I/NpuProbe( 6939): ctxs prontos (cold_total=3405ms)
10-07 17:58:39.824 I/NpuProbe( 6939): A1: ok=1 cap=0 eog_tok1=0 tok1=33 amostrados(s/d)=1/8 emitidos=8 consumidos=8 decodes_s_pos_ponte=0
10-07 17:58:39.824 I/NpuProbe( 6939): A1 tempos: prefill=1429.20ms export=0.27ms(2032789B) import=5.07ms gen=4554.81ms
10-07 17:58:39.824 I/NpuProbe( 6939): A1 espelho: passos=0 iguais=0 div_pos=-1 div_marg(d/s)=-1.000/-1.000
10-07 17:58:39.824 I/NpuProbe( 6939): A1 fronteiras(ms desde request): prefill_done=4835.0 tok1_ready=4857.5 import_done=4862.6 tok2_ready=9178.7 fim=9417.4 (INTERNAS; sem streaming de UI no probe)
10-07 17:58:39.824 I/NpuProbe( 6939): A1 prompt_hash=a5de647b1ff84e74
10-07 17:58:39.824 I/NpuProbe( 6939): A1 texto: Bom dia, como você está?
10-07 17:58:39.824 I/NpuProbe( 6939): reset: pos cmp (origem=-1 destino=-1) -> VAZIO ok
10-07 17:58:39.824 I/NpuProbe( 6939): A2: ok=1 texto igual ao A1: SIM
10-07 17:58:39.824 I/NpuProbe( 6939): RESULTADO: BENCH-CONCLUIDO (htp->opencl; sem espelho; decode origem pos-ponte=0; A-B-A texto igual)
[rec 17:57:55]
--------- beginning of main
10-07 17:58:28.154 I/NpuProbe( 6939): nativeLibraryDir=/data/app/~~-AAa5lDaii0dMGTPgPeENA==/br.gov.sp.pcsp.npuprobe-rKDzfVqWrdi-4lPwWdPEAA==/lib/arm64
10-07 17:58:28.154 I/NpuProbe( 6939): libdir=/data/app/~~-AAa5lDaii0dMGTPgPeENA==/br.gov.sp.pcsp.npuprobe-rKDzfVqWrdi-4lPwWdPEAA==/lib/arm64
10-07 17:58:28.154 I/NpuProbe( 6939): build=llama.cpp-upstream-pkg (v11-libs) + probe R4
10-07 17:58:28.154 I/NpuProbe( 6939): controle-sistema (liblog.so)=OK
10-07 17:58:28.154 I/NpuProbe( 6939): negativo-fake (libnaoexiste_xyz.so)=FALHOU err=dlopen failed: library "libnaoexiste_xyz.so" not found
10-07 17:58:28.154 I/NpuProbe( 6939): cdsprpc-nome (libcdsprpc.so)=OK
10-07 17:58:28.155 I/NpuProbe( 6939): cdsprpc-abs (/vendor/lib64/libcdsprpc.so)=OK
10-07 17:58:28.155 I/NpuProbe( 6939): ADSP_LIBRARY_PATH=libdir (setenv)
10-07 17:58:28.156 I/NpuProbe( 6939): [ggml] ggml_vulkan: Found 1 Vulkan devices:
10-07 17:58:28.156 I/NpuProbe( 6939): [ggml] ggml_vulkan: 0 = Adreno (TM) 840 (Qualcomm Technologies Inc. Adreno Vulkan Driver) | uma: 1 | fp16: 1 | bf16: 0 | fp4: 0 | warp size: 64 | shared memory: 32768 | int dot: 0 | matrix cores: none
10-07 17:58:28.164 I/NpuProbe( 6939): [ggml] ggml_opencl: selected platform: 'QUALCOMM Snapdragon(TM)'
10-07 17:58:28.164 I/NpuProbe( 6939): [ggml] 
10-07 17:58:28.164 I/NpuProbe( 6939): ggml_opencl: device: 'QUALCOMM Adreno(TM) 840 (OpenCL 3.0 Adreno(TM) 840)'
10-07 17:58:28.164 I/NpuProbe( 6939): [ggml] ggml_opencl: default device: 'QUALCOMM Adreno(TM) 840 (OpenCL 3.0 Adreno(TM) 840)'
10-07 17:58:28.164 I/NpuProbe( 6939): [ggml] ggml-hex: Loading driver libcdsprpc.so
10-07 17:58:28.166 I/NpuProbe( 6939): [ggml] ggml-hex: Hexagon backend (experimental) : allocating new registry : ndev 1
10-07 17:58:28.166 I/NpuProbe( 6939): [ggml] ggml-hex: Hexagon Arch version v81
10-07 17:58:28.166 I/NpuProbe( 6939): [ggml] ggml-hex: HTP0 allocating new session
10-07 17:58:28.198 I/NpuProbe( 6939): [ggml] ggml-hex: HTP0 hwinfo: threads 8, hvx 8, hmx 1, vtcm 8 MB
10-07 17:58:28.198 I/NpuProbe( 6939): [ggml] ggml-hex: HTP0 new session : session-id 0 domain-id 3 uri file:///libggml-htp-v81.so?htp_iface_skel_handle_invoke&_modver=1.0&_dom=cdsp&_session=0 handle 0xb4000077c5fb1580
10-07 17:58:28.202 I/NpuProbe( 6939): [ggml] ggml-hex: HTP0 op batching: n-bufs 16 n-tensors 7168 n-ops 1024 vmem 3355443200
10-07 17:58:28.208 I/NpuProbe( 6939): load_all_from_path=52ms
10-07 17:58:28.208 I/NpuProbe( 6939): [ggml] load_backend: failed to find ggml_backend_init in /data/app/~~-AAa5lDaii0dMGTPgPeENA==/br.gov.sp.pcsp.npuprobe-rKDzfVqWrdi-4lPwWdPEAA==/lib/arm64/libggml-hexagon.so
10-07 17:58:28.208 I/NpuProbe( 6939): load(hexagon direto)=FALHOU em 0ms
10-07 17:58:28.208 I/NpuProbe( 6939): devices=4
10-07 17:58:28.208 I/NpuProbe( 6939):   dev[0] Vulkan0 (Adreno (TM) 840)
10-07 17:58:28.208 I/NpuProbe( 6939):   dev[1] GPUOpenCL (QUALCOMM Adreno(TM) 840)
10-07 17:58:28.208 I/NpuProbe( 6939):   dev[2] HTP0 (Hexagon)
10-07 17:58:28.208 I/NpuProbe( 6939):   dev[3] CPU (CPU)
10-07 17:58:28.208 I/NpuProbe( 6939): dev_init(HTP0)=0ms -> SESSAO ABERTA
10-07 17:58:28.209 I/NpuProbe( 6939): graph_compute(MUL_MAT 64x64)=0.5ms status=0
10-07 17:58:28.209 I/NpuProbe( 6939): c[0]=128.000000 (esperado 128.0)
10-07 17:58:28.209 I/NpuProbe( 6939): RESULTADO: APP-UID OK: sessao HTP + op executado com resultado correto
10-07 17:58:28.209 I/NpuProbe( 6939): REPORT:
10-07 17:58:28.209 I/NpuProbe( 6939): libdir=/data/app/~~-AAa5lDaii0dMGTPgPeENA==/br.gov.sp.pcsp.npuprobe-rKDzfVqWrdi-4lPwWdPEAA==/lib/arm64
10-07 17:58:28.209 I/NpuProbe( 6939): build=llama.cpp-upstream-pkg (v11-libs) + probe R4
10-07 17:58:28.209 I/NpuProbe( 6939): controle-sistema (liblog.so)=OK
10-07 17:58:28.209 I/NpuProbe( 6939): negativo-fake (libnaoexiste_xyz.so)=FALHOU err=dlopen failed: library "libnaoexiste_xyz.so" not found
10-07 17:58:28.209 I/NpuProbe( 6939): cdsprpc-nome (libcdsprpc.so)=OK
10-07 17:58:28.209 I/NpuProbe( 6939): cdsprpc-abs (/vendor/lib64/libcdsprpc.so)=OK
10-07 17:58:28.209 I/NpuProbe( 6939): ADSP_LIBRARY_PATH=libdir (setenv)
10-07 17:58:28.209 I/NpuProbe( 6939): load_all_from_path=52ms
10-07 17:58:28.209 I/NpuProbe( 6939): load(hexagon direto)=FALHOU em 0ms
10-07 17:58:28.209 I/NpuProbe( 6939): devices=4
10-07 17:58:28.209 I/NpuProbe( 6939):   dev[0] Vulkan0 (Adreno (TM) 840)
10-07 17:58:28.209 I/NpuProbe( 6939):   dev[1] GPUOpenCL (QUALCOMM Adreno(TM) 840)
10-07 17:58:28.209 I/NpuProbe( 6939):   dev[2] HTP0 (Hexagon)
10-07 17:58:28.209 I/NpuProbe( 6939):   dev[3] CPU (CPU)
10-07 17:58:28.209 I/NpuProbe( 6939): dev_init(HTP0)=0ms -> SESSAO ABERTA
10-07 17:58:28.209 I/NpuProbe( 6939): graph_compute(MUL_MAT 64x64)=0.5ms status=0
10-07 17:58:28.209 I/NpuProbe( 6939): c[0]=128.000000 (esperado 128.0)
10-07 17:58:28.209 I/NpuProbe( 6939): RESULTADO: APP-UID OK: sessao HTP + op executado com resultado correto
10-07 17:58:28.210 I/NpuProbe( 6939): AUTO-GATILHO='smart:opencl@bench'
10-07 17:58:28.210 I/NpuProbe( 6939): SMART iniciando rota=opencl@bench com /data/local/tmp/hymt2_app.gguf
10-07 17:58:28.210 I/NpuProbe( 6939): SMARTv2 rota='opencl@bench' mutante=(none)
10-07 17:58:28.211 I/NpuProbe( 6939): MODO BENCHMARK (@bench; sem espelho; decode so no destino)
10-07 17:58:28.211 I/NpuProbe( 6939): MODO PONTE: origem=htp | destino=opencl (GPUOpenCL)
10-07 17:58:31.229 I/NpuProbe( 6939): load(destino)=3018ms
10-07 17:58:31.229 I/NpuProbe( 6939): [ggml] ggml_opencl: OpenCL driver: OpenCL 3.0 QUALCOMM build: 0842.41 Compiler E031.50.19.27
10-07 17:58:31.229 I/NpuProbe( 6939): [ggml] ggml_opencl: vector subgroup broadcast support: true
10-07 17:58:31.229 I/NpuProbe( 6939): [ggml] ggml_opencl: subgroup shuffle support: true
10-07 17:58:31.229 I/NpuProbe( 6939): [ggml] ggml_opencl: device FP16 support: true
10-07 17:58:31.229 I/NpuProbe( 6939): [ggml] ggml_opencl: khr dot product support: true
10-07 17:58:31.229 I/NpuProbe( 6939): [ggml] ggml_opencl: mem base addr align: 128
10-07 17:58:31.229 I/NpuProbe( 6939): [ggml] ggml_opencl: global mem size: 7555 MB
10-07 17:58:31.229 I/NpuProbe( 6939): [ggml] ggml_opencl: max mem alloc size: 2048 MB
10-07 17:58:31.229 I/NpuProbe( 6939): [ggml] ggml_opencl: device max image buffer size (pixels): 2147483648
10-07 17:58:31.229 I/NpuProbe( 6939): [ggml] ggml_opencl: device max image2d size: 16384 x 16384
10-07 17:58:31.229 I/NpuProbe( 6939): [ggml] ggml_opencl: device max workgroup size: 1024
10-07 17:58:31.229 I/NpuProbe( 6939): [ggml] ggml_opencl: SVM coarse grain buffer support: true
10-07 17:58:31.229 I/NpuProbe( 6939): [ggml] ggml_opencl: SVM fine grain buffer support: true
10-07 17:58:31.229 I/NpuProbe( 6939): [ggml] ggml_opencl: SVM fine grain system support: false
10-07 17:58:31.229 I/NpuProbe( 6939): [ggml] ggml_opencl: SVM atomics support: true
10-07 17:58:31.229 I/NpuProbe( 6939): [ggml] ggml_opencl: cl_qcom_subgroup_shuffle support: true
10-07 17:58:31.229 I/NpuProbe( 6939): [ggml] ggml_opencl: flattening quantized weights representation as struct of arrays (GGML_OPENCL_SOA_Q)
10-07 17:58:31.229 I/NpuProbe( 6939): [ggml] ggml_opencl: using kernels optimized for Adreno (GGML_OPENCL_USE_ADRENO_KERNELS)
10-07 17:58:31.586 I/NpuProbe( 6939): load(origem)=317ms
10-07 17:58:31.615 I/NpuProbe( 6939): ctxs prontos (cold_total=3405ms)
10-07 17:58:33.073 I/NpuProbe( 6939): [ggml] ggml_opencl: lazy-compiling flash_attn prepass for DK=128 DV=128
10-07 17:58:33.073 I/NpuProbe( 6939): [ggml] ggml_opencl: compiling fa prepass f16
10-07 17:58:33.123 I/NpuProbe( 6939): [ggml] ggml_opencl: compiling fa f32_f16
10-07 17:58:34.502 I/NpuProbe( 6939): [ggml] ggml_opencl: flash_attn_f32_f16_q1_vec_mq_split_c8 DK=128 DV=128 per-kernel max 128 < required 256; skipping registration (will fall back)
10-07 17:58:34.502 I/NpuProbe( 6939): [ggml] ggml_opencl: compiling fa f32_f16 MQ_GQA=8
10-07 17:58:35.188 I/NpuProbe( 6939): [ggml] ggml_opencl: flash_attn_f32_f16_q1_vec_mq_split_c8 (g8) DK=128 DV=128 per-kernel max 128 < required 192; skipping registration (will fall back)
10-07 17:58:35.188 I/NpuProbe( 6939): [ggml] ggml_opencl: compiling fa f32_f16 c8 NSG2
10-07 17:58:35.651 I/NpuProbe( 6939): [ggml] ggml_opencl: compiling fa f32_f16 c8 g8 NSG2
10-07 17:58:36.323 I/NpuProbe( 6939): [ggml] ggml_opencl: compiling fa f32_f16 split
10-07 17:58:37.668 I/NpuProbe( 6939): A1: ok=1 cap=0 eog_tok1=0 tok1=33 amostrados(s/d)=1/8 emitidos=8 consumidos=8 decodes_s_pos_ponte=0
10-07 17:58:37.668 I/NpuProbe( 6939): A1 tempos: prefill=1429.20ms export=0.27ms(2032789B) import=5.07ms gen=4554.81ms
10-07 17:58:37.668 I/NpuProbe( 6939): A1 espelho: passos=0 iguais=0 div_pos=-1 div_marg(d/s)=-1.000/-1.000
10-07 17:58:37.668 I/NpuProbe( 6939): A1 fronteiras(ms desde request): prefill_done=4835.0 tok1_ready=4857.5 import_done=4862.6 tok2_ready=9178.7 fim=9417.4 (INTERNAS; sem streaming de UI no probe)
10-07 17:58:37.668 I/NpuProbe( 6939): A1 prompt_hash=a5de647b1ff84e74
10-07 17:58:37.668 I/NpuProbe( 6939): A1 texto: Bom dia, como você está?
10-07 17:58:37.673 I/NpuProbe( 6939): reset: pos cmp (origem=-1 destino=-1) -> VAZIO ok
10-07 17:58:39.616 I/NpuProbe( 6939): A2: ok=1 texto igual ao A1: SIM
10-07 17:58:39.616 I/NpuProbe( 6939): RESULTADO: BENCH-CONCLUIDO (htp->opencl; sem espelho; decode origem pos-ponte=0; A-B-A texto igual)
10-07 17:58:39.824 I/NpuProbe( 6939): SMART REPORT:
10-07 17:58:39.824 I/NpuProbe( 6939): SMART (opencl@bench)
10-07 17:58:39.824 I/NpuProbe( 6939): 
10-07 17:58:39.824 I/NpuProbe( 6939): SMARTv2 rota='opencl@bench' mutante=(none)
10-07 17:58:39.824 I/NpuProbe( 6939): MODO BENCHMARK (@bench; sem espelho; decode so no destino)
10-07 17:58:39.824 I/NpuProbe( 6939): MODO PONTE: origem=htp | destino=opencl (GPUOpenCL)
10-07 17:58:39.824 I/NpuProbe( 6939): load(destino)=3018ms
10-07 17:58:39.824 I/NpuProbe( 6939): load(origem)=317ms
10-07 17:58:39.824 I/NpuProbe( 6939): ctxs prontos (cold_total=3405ms)
10-07 17:58:39.824 I/NpuProbe( 6939): A1: ok=1 cap=0 eog_tok1=0 tok1=33 amostrados(s/d)=1/8 emitidos=8 consumidos=8 decodes_s_pos_ponte=0
10-07 17:58:39.824 I/NpuProbe( 6939): A1 tempos: prefill=1429.20ms export=0.27ms(2032789B) import=5.07ms gen=4554.81ms
10-07 17:58:39.824 I/NpuProbe( 6939): A1 espelho: passos=0 iguais=0 div_pos=-1 div_marg(d/s)=-1.000/-1.000
10-07 17:58:39.824 I/NpuProbe( 6939): A1 fronteiras(ms desde request): prefill_done=4835.0 tok1_ready=4857.5 import_done=4862.6 tok2_ready=9178.7 fim=9417.4 (INTERNAS; sem streaming de UI no probe)
10-07 17:58:39.824 I/NpuProbe( 6939): A1 prompt_hash=a5de647b1ff84e74
10-07 17:58:39.824 I/NpuProbe( 6939): A1 texto: Bom dia, como você está?
10-07 17:58:39.824 I/NpuProbe( 6939): reset: pos cmp (origem=-1 destino=-1) -> VAZIO ok
10-07 17:58:39.824 I/NpuProbe( 6939): A2: ok=1 texto igual ao A1: SIM
10-07 17:58:39.824 I/NpuProbe( 6939): RESULTADO: BENCH-CONCLUIDO (htp->opencl; sem espelho; decode origem pos-ponte=0; A-B-A texto igual)
[rec 17:58:22]
--------- beginning of main
10-07 17:59:33.701 I/NpuProbe( 8085): nativeLibraryDir=/data/app/~~-AAa5lDaii0dMGTPgPeENA==/br.gov.sp.pcsp.npuprobe-rKDzfVqWrdi-4lPwWdPEAA==/lib/arm64
10-07 17:59:33.701 I/NpuProbe( 8085): libdir=/data/app/~~-AAa5lDaii0dMGTPgPeENA==/br.gov.sp.pcsp.npuprobe-rKDzfVqWrdi-4lPwWdPEAA==/lib/arm64
10-07 17:59:33.701 I/NpuProbe( 8085): build=llama.cpp-upstream-pkg (v11-libs) + probe R4
10-07 17:59:33.701 I/NpuProbe( 8085): controle-sistema (liblog.so)=OK
10-07 17:59:33.701 I/NpuProbe( 8085): negativo-fake (libnaoexiste_xyz.so)=FALHOU err=dlopen failed: library "libnaoexiste_xyz.so" not found
10-07 17:59:33.702 I/NpuProbe( 8085): cdsprpc-nome (libcdsprpc.so)=OK
10-07 17:59:33.703 I/NpuProbe( 8085): cdsprpc-abs (/vendor/lib64/libcdsprpc.so)=OK
10-07 17:59:33.703 I/NpuProbe( 8085): ADSP_LIBRARY_PATH=libdir (setenv)
10-07 17:59:33.704 I/NpuProbe( 8085): [ggml] ggml_vulkan: Found 1 Vulkan devices:
10-07 17:59:33.704 I/NpuProbe( 8085): [ggml] ggml_vulkan: 0 = Adreno (TM) 840 (Qualcomm Technologies Inc. Adreno Vulkan Driver) | uma: 1 | fp16: 1 | bf16: 0 | fp4: 0 | warp size: 64 | shared memory: 32768 | int dot: 0 | matrix cores: none
10-07 17:59:33.709 I/NpuProbe( 8085): [ggml] ggml_opencl: selected platform: 'QUALCOMM Snapdragon(TM)'
10-07 17:59:33.710 I/NpuProbe( 8085): [ggml] 
10-07 17:59:33.710 I/NpuProbe( 8085): ggml_opencl: device: 'QUALCOMM Adreno(TM) 840 (OpenCL 3.0 Adreno(TM) 840)'
10-07 17:59:33.710 I/NpuProbe( 8085): [ggml] ggml_opencl: default device: 'QUALCOMM Adreno(TM) 840 (OpenCL 3.0 Adreno(TM) 840)'
10-07 17:59:33.710 I/NpuProbe( 8085): [ggml] ggml-hex: Loading driver libcdsprpc.so
10-07 17:59:33.712 I/NpuProbe( 8085): [ggml] ggml-hex: Hexagon backend (experimental) : allocating new registry : ndev 1
10-07 17:59:33.712 I/NpuProbe( 8085): [ggml] ggml-hex: Hexagon Arch version v81
10-07 17:59:33.712 I/NpuProbe( 8085): [ggml] ggml-hex: HTP0 allocating new session
10-07 17:59:33.744 I/NpuProbe( 8085): [ggml] ggml-hex: HTP0 hwinfo: threads 8, hvx 8, hmx 1, vtcm 8 MB
10-07 17:59:33.744 I/NpuProbe( 8085): [ggml] ggml-hex: HTP0 new session : session-id 0 domain-id 3 uri file:///libggml-htp-v81.so?htp_iface_skel_handle_invoke&_modver=1.0&_dom=cdsp&_session=0 handle 0xb4000077c5fb0d00
10-07 17:59:33.747 I/NpuProbe( 8085): [ggml] ggml-hex: HTP0 op batching: n-bufs 16 n-tensors 7168 n-ops 1024 vmem 3355443200
10-07 17:59:33.751 I/NpuProbe( 8085): load_all_from_path=49ms
10-07 17:59:33.751 I/NpuProbe( 8085): [ggml] load_backend: failed to find ggml_backend_init in /data/app/~~-AAa5lDaii0dMGTPgPeENA==/br.gov.sp.pcsp.npuprobe-rKDzfVqWrdi-4lPwWdPEAA==/lib/arm64/libggml-hexagon.so
10-07 17:59:33.751 I/NpuProbe( 8085): load(hexagon direto)=FALHOU em 0ms
10-07 17:59:33.751 I/NpuProbe( 8085): devices=4
10-07 17:59:33.751 I/NpuProbe( 8085):   dev[0] Vulkan0 (Adreno (TM) 840)
10-07 17:59:33.751 I/NpuProbe( 8085):   dev[1] GPUOpenCL (QUALCOMM Adreno(TM) 840)
10-07 17:59:33.751 I/NpuProbe( 8085):   dev[2] HTP0 (Hexagon)
10-07 17:59:33.751 I/NpuProbe( 8085):   dev[3] CPU (CPU)
10-07 17:59:33.751 I/NpuProbe( 8085): dev_init(HTP0)=0ms -> SESSAO ABERTA
10-07 17:59:33.752 I/NpuProbe( 8085): graph_compute(MUL_MAT 64x64)=0.5ms status=0
10-07 17:59:33.752 I/NpuProbe( 8085): c[0]=128.000000 (esperado 128.0)
10-07 17:59:33.752 I/NpuProbe( 8085): RESULTADO: APP-UID OK: sessao HTP + op executado com resultado correto
10-07 17:59:33.753 I/NpuProbe( 8085): REPORT:
10-07 17:59:33.753 I/NpuProbe( 8085): libdir=/data/app/~~-AAa5lDaii0dMGTPgPeENA==/br.gov.sp.pcsp.npuprobe-rKDzfVqWrdi-4lPwWdPEAA==/lib/arm64
10-07 17:59:33.753 I/NpuProbe( 8085): build=llama.cpp-upstream-pkg (v11-libs) + probe R4
10-07 17:59:33.753 I/NpuProbe( 8085): controle-sistema (liblog.so)=OK
10-07 17:59:33.753 I/NpuProbe( 8085): negativo-fake (libnaoexiste_xyz.so)=FALHOU err=dlopen failed: library "libnaoexiste_xyz.so" not found
10-07 17:59:33.753 I/NpuProbe( 8085): cdsprpc-nome (libcdsprpc.so)=OK
10-07 17:59:33.753 I/NpuProbe( 8085): cdsprpc-abs (/vendor/lib64/libcdsprpc.so)=OK
10-07 17:59:33.753 I/NpuProbe( 8085): ADSP_LIBRARY_PATH=libdir (setenv)
10-07 17:59:33.753 I/NpuProbe( 8085): load_all_from_path=49ms
10-07 17:59:33.753 I/NpuProbe( 8085): load(hexagon direto)=FALHOU em 0ms
10-07 17:59:33.753 I/NpuProbe( 8085): devices=4
10-07 17:59:33.753 I/NpuProbe( 8085):   dev[0] Vulkan0 (Adreno (TM) 840)
10-07 17:59:33.753 I/NpuProbe( 8085):   dev[1] GPUOpenCL (QUALCOMM Adreno(TM) 840)
10-07 17:59:33.753 I/NpuProbe( 8085):   dev[2] HTP0 (Hexagon)
10-07 17:59:33.753 I/NpuProbe( 8085):   dev[3] CPU (CPU)
10-07 17:59:33.753 I/NpuProbe( 8085): dev_init(HTP0)=0ms -> SESSAO ABERTA
10-07 17:59:33.753 I/NpuProbe( 8085): graph_compute(MUL_MAT 64x64)=0.5ms status=0
10-07 17:59:33.753 I/NpuProbe( 8085): c[0]=128.000000 (esperado 128.0)
10-07 17:59:33.753 I/NpuProbe( 8085): RESULTADO: APP-UID OK: sessao HTP + op executado com resultado correto
10-07 17:59:33.753 I/NpuProbe( 8085): AUTO-GATILHO='smart:vulkan@bench'
10-07 17:59:33.753 I/NpuProbe( 8085): SMART iniciando rota=vulkan@bench com /data/local/tmp/hymt2_app.gguf
10-07 17:59:33.753 I/NpuProbe( 8085): SMARTv2 rota='vulkan@bench' mutante=(none)
10-07 17:59:33.754 I/NpuProbe( 8085): MODO BENCHMARK (@bench; sem espelho; decode so no destino)
10-07 17:59:33.754 I/NpuProbe( 8085): MODO PONTE: origem=htp | destino=vulkan (Vulkan0)
10-07 17:59:35.908 I/NpuProbe( 8085): A1: ok=1 cap=0 eog_tok1=0 tok1=33 amostrados(s/d)=1/8 emitidos=8 consumidos=8 decodes_s_pos_ponte=0
10-07 17:59:35.908 I/NpuProbe( 8085): A1 tempos: prefill=803.73ms export=0.09ms(2032789B) import=1.85ms gen=567.89ms
10-07 17:59:35.908 I/NpuProbe( 8085): A1 espelho: passos=0 iguais=0 div_pos=-1 div_marg(d/s)=-1.000/-1.000
10-07 17:59:35.908 I/NpuProbe( 8085): A1 fronteiras(ms desde request): prefill_done=1565.1 tok1_ready=1576.0 import_done=1577.8 tok2_ready=1995.8 fim=2145.7 (INTERNAS; sem streaming de UI no probe)
10-07 17:59:35.908 I/NpuProbe( 8085): A1 prompt_hash=a5de647b1ff84e74
10-07 17:59:35.908 I/NpuProbe( 8085): A1 texto: Bom dia, como você está?
10-07 17:59:35.912 I/NpuProbe( 8085): reset: pos cmp (origem=-1 destino=-1) -> VAZIO ok
10-07 17:59:36.919 I/NpuProbe( 8085): A2: ok=1 texto igual ao A1: SIM
10-07 17:59:36.919 I/NpuProbe( 8085): RESULTADO: BENCH-CONCLUIDO (htp->vulkan; sem espelho; decode origem pos-ponte=0; A-B-A texto igual)
10-07 17:59:37.014 I/NpuProbe( 8085): SMART REPORT:
10-07 17:59:37.014 I/NpuProbe( 8085): SMART (vulkan@bench)
10-07 17:59:37.014 I/NpuProbe( 8085): 
10-07 17:59:37.014 I/NpuProbe( 8085): SMARTv2 rota='vulkan@bench' mutante=(none)
10-07 17:59:37.014 I/NpuProbe( 8085): MODO BENCHMARK (@bench; sem espelho; decode so no destino)
10-07 17:59:37.014 I/NpuProbe( 8085): MODO PONTE: origem=htp | destino=vulkan (Vulkan0)
10-07 17:59:37.014 I/NpuProbe( 8085): load(destino)=546ms
10-07 17:59:37.014 I/NpuProbe( 8085): load(origem)=148ms
10-07 17:59:37.014 I/NpuProbe( 8085): ctxs prontos (cold_total=761ms)
10-07 17:59:37.014 I/NpuProbe( 8085): A1: ok=1 cap=0 eog_tok1=0 tok1=33 amostrados(s/d)=1/8 emitidos=8 consumidos=8 decodes_s_pos_ponte=0
10-07 17:59:37.014 I/NpuProbe( 8085): A1 tempos: prefill=803.73ms export=0.09ms(2032789B) import=1.85ms gen=567.89ms
10-07 17:59:37.014 I/NpuProbe( 8085): A1 espelho: passos=0 iguais=0 div_pos=-1 div_marg(d/s)=-1.000/-1.000
10-07 17:59:37.014 I/NpuProbe( 8085): A1 fronteiras(ms desde request): prefill_done=1565.1 tok1_ready=1576.0 import_done=1577.8 tok2_ready=1995.8 fim=2145.7 (INTERNAS; sem streaming de UI no probe)
10-07 17:59:37.014 I/NpuProbe( 8085): A1 prompt_hash=a5de647b1ff84e74
10-07 17:59:37.014 I/NpuProbe( 8085): A1 texto: Bom dia, como você está?
10-07 17:59:37.014 I/NpuProbe( 8085): reset: pos cmp (origem=-1 destino=-1) -> VAZIO ok
10-07 17:59:37.014 I/NpuProbe( 8085): A2: ok=1 texto igual ao A1: SIM
10-07 17:59:37.014 I/NpuProbe( 8085): RESULTADO: BENCH-CONCLUIDO (htp->vulkan; sem espelho; decode origem pos-ponte=0; A-B-A texto igual)
[rec 17:58:49]
--------- beginning of main
10-07 17:59:33.701 I/NpuProbe( 8085): nativeLibraryDir=/data/app/~~-AAa5lDaii0dMGTPgPeENA==/br.gov.sp.pcsp.npuprobe-rKDzfVqWrdi-4lPwWdPEAA==/lib/arm64
10-07 17:59:33.701 I/NpuProbe( 8085): libdir=/data/app/~~-AAa5lDaii0dMGTPgPeENA==/br.gov.sp.pcsp.npuprobe-rKDzfVqWrdi-4lPwWdPEAA==/lib/arm64
10-07 17:59:33.701 I/NpuProbe( 8085): build=llama.cpp-upstream-pkg (v11-libs) + probe R4
10-07 17:59:33.701 I/NpuProbe( 8085): controle-sistema (liblog.so)=OK
10-07 17:59:33.701 I/NpuProbe( 8085): negativo-fake (libnaoexiste_xyz.so)=FALHOU err=dlopen failed: library "libnaoexiste_xyz.so" not found
10-07 17:59:33.702 I/NpuProbe( 8085): cdsprpc-nome (libcdsprpc.so)=OK
10-07 17:59:33.703 I/NpuProbe( 8085): cdsprpc-abs (/vendor/lib64/libcdsprpc.so)=OK
10-07 17:59:33.703 I/NpuProbe( 8085): ADSP_LIBRARY_PATH=libdir (setenv)
10-07 17:59:33.704 I/NpuProbe( 8085): [ggml] ggml_vulkan: Found 1 Vulkan devices:
10-07 17:59:33.704 I/NpuProbe( 8085): [ggml] ggml_vulkan: 0 = Adreno (TM) 840 (Qualcomm Technologies Inc. Adreno Vulkan Driver) | uma: 1 | fp16: 1 | bf16: 0 | fp4: 0 | warp size: 64 | shared memory: 32768 | int dot: 0 | matrix cores: none
10-07 17:59:33.709 I/NpuProbe( 8085): [ggml] ggml_opencl: selected platform: 'QUALCOMM Snapdragon(TM)'
10-07 17:59:33.710 I/NpuProbe( 8085): [ggml] 
10-07 17:59:33.710 I/NpuProbe( 8085): ggml_opencl: device: 'QUALCOMM Adreno(TM) 840 (OpenCL 3.0 Adreno(TM) 840)'
10-07 17:59:33.710 I/NpuProbe( 8085): [ggml] ggml_opencl: default device: 'QUALCOMM Adreno(TM) 840 (OpenCL 3.0 Adreno(TM) 840)'
10-07 17:59:33.710 I/NpuProbe( 8085): [ggml] ggml-hex: Loading driver libcdsprpc.so
10-07 17:59:33.712 I/NpuProbe( 8085): [ggml] ggml-hex: Hexagon backend (experimental) : allocating new registry : ndev 1
10-07 17:59:33.712 I/NpuProbe( 8085): [ggml] ggml-hex: Hexagon Arch version v81
10-07 17:59:33.712 I/NpuProbe( 8085): [ggml] ggml-hex: HTP0 allocating new session
10-07 17:59:33.744 I/NpuProbe( 8085): [ggml] ggml-hex: HTP0 hwinfo: threads 8, hvx 8, hmx 1, vtcm 8 MB
10-07 17:59:33.744 I/NpuProbe( 8085): [ggml] ggml-hex: HTP0 new session : session-id 0 domain-id 3 uri file:///libggml-htp-v81.so?htp_iface_skel_handle_invoke&_modver=1.0&_dom=cdsp&_session=0 handle 0xb4000077c5fb0d00
10-07 17:59:33.747 I/NpuProbe( 8085): [ggml] ggml-hex: HTP0 op batching: n-bufs 16 n-tensors 7168 n-ops 1024 vmem 3355443200
10-07 17:59:33.751 I/NpuProbe( 8085): load_all_from_path=49ms
10-07 17:59:33.751 I/NpuProbe( 8085): [ggml] load_backend: failed to find ggml_backend_init in /data/app/~~-AAa5lDaii0dMGTPgPeENA==/br.gov.sp.pcsp.npuprobe-rKDzfVqWrdi-4lPwWdPEAA==/lib/arm64/libggml-hexagon.so
10-07 17:59:33.751 I/NpuProbe( 8085): load(hexagon direto)=FALHOU em 0ms
10-07 17:59:33.751 I/NpuProbe( 8085): devices=4
10-07 17:59:33.751 I/NpuProbe( 8085):   dev[0] Vulkan0 (Adreno (TM) 840)
10-07 17:59:33.751 I/NpuProbe( 8085):   dev[1] GPUOpenCL (QUALCOMM Adreno(TM) 840)
10-07 17:59:33.751 I/NpuProbe( 8085):   dev[2] HTP0 (Hexagon)
10-07 17:59:33.751 I/NpuProbe( 8085):   dev[3] CPU (CPU)
10-07 17:59:33.751 I/NpuProbe( 8085): dev_init(HTP0)=0ms -> SESSAO ABERTA
10-07 17:59:33.752 I/NpuProbe( 8085): graph_compute(MUL_MAT 64x64)=0.5ms status=0
10-07 17:59:33.752 I/NpuProbe( 8085): c[0]=128.000000 (esperado 128.0)
10-07 17:59:33.752 I/NpuProbe( 8085): RESULTADO: APP-UID OK: sessao HTP + op executado com resultado correto
10-07 17:59:33.753 I/NpuProbe( 8085): REPORT:
10-07 17:59:33.753 I/NpuProbe( 8085): libdir=/data/app/~~-AAa5lDaii0dMGTPgPeENA==/br.gov.sp.pcsp.npuprobe-rKDzfVqWrdi-4lPwWdPEAA==/lib/arm64
10-07 17:59:33.753 I/NpuProbe( 8085): build=llama.cpp-upstream-pkg (v11-libs) + probe R4
10-07 17:59:33.753 I/NpuProbe( 8085): controle-sistema (liblog.so)=OK
10-07 17:59:33.753 I/NpuProbe( 8085): negativo-fake (libnaoexiste_xyz.so)=FALHOU err=dlopen failed: library "libnaoexiste_xyz.so" not found
10-07 17:59:33.753 I/NpuProbe( 8085): cdsprpc-nome (libcdsprpc.so)=OK
10-07 17:59:33.753 I/NpuProbe( 8085): cdsprpc-abs (/vendor/lib64/libcdsprpc.so)=OK
10-07 17:59:33.753 I/NpuProbe( 8085): ADSP_LIBRARY_PATH=libdir (setenv)
10-07 17:59:33.753 I/NpuProbe( 8085): load_all_from_path=49ms
10-07 17:59:33.753 I/NpuProbe( 8085): load(hexagon direto)=FALHOU em 0ms
10-07 17:59:33.753 I/NpuProbe( 8085): devices=4
10-07 17:59:33.753 I/NpuProbe( 8085):   dev[0] Vulkan0 (Adreno (TM) 840)
10-07 17:59:33.753 I/NpuProbe( 8085):   dev[1] GPUOpenCL (QUALCOMM Adreno(TM) 840)
10-07 17:59:33.753 I/NpuProbe( 8085):   dev[2] HTP0 (Hexagon)
10-07 17:59:33.753 I/NpuProbe( 8085):   dev[3] CPU (CPU)
10-07 17:59:33.753 I/NpuProbe( 8085): dev_init(HTP0)=0ms -> SESSAO ABERTA
10-07 17:59:33.753 I/NpuProbe( 8085): graph_compute(MUL_MAT 64x64)=0.5ms status=0
10-07 17:59:33.753 I/NpuProbe( 8085): c[0]=128.000000 (esperado 128.0)
10-07 17:59:33.753 I/NpuProbe( 8085): RESULTADO: APP-UID OK: sessao HTP + op executado com resultado correto
10-07 17:59:33.753 I/NpuProbe( 8085): AUTO-GATILHO='smart:vulkan@bench'
10-07 17:59:33.753 I/NpuProbe( 8085): SMART iniciando rota=vulkan@bench com /data/local/tmp/hymt2_app.gguf
10-07 17:59:33.753 I/NpuProbe( 8085): SMARTv2 rota='vulkan@bench' mutante=(none)
10-07 17:59:33.754 I/NpuProbe( 8085): MODO BENCHMARK (@bench; sem espelho; decode so no destino)
10-07 17:59:33.754 I/NpuProbe( 8085): MODO PONTE: origem=htp | destino=vulkan (Vulkan0)
10-07 17:59:35.908 I/NpuProbe( 8085): A1: ok=1 cap=0 eog_tok1=0 tok1=33 amostrados(s/d)=1/8 emitidos=8 consumidos=8 decodes_s_pos_ponte=0
10-07 17:59:35.908 I/NpuProbe( 8085): A1 tempos: prefill=803.73ms export=0.09ms(2032789B) import=1.85ms gen=567.89ms
10-07 17:59:35.908 I/NpuProbe( 8085): A1 espelho: passos=0 iguais=0 div_pos=-1 div_marg(d/s)=-1.000/-1.000
10-07 17:59:35.908 I/NpuProbe( 8085): A1 fronteiras(ms desde request): prefill_done=1565.1 tok1_ready=1576.0 import_done=1577.8 tok2_ready=1995.8 fim=2145.7 (INTERNAS; sem streaming de UI no probe)
10-07 17:59:35.908 I/NpuProbe( 8085): A1 prompt_hash=a5de647b1ff84e74
10-07 17:59:35.908 I/NpuProbe( 8085): A1 texto: Bom dia, como você está?
10-07 17:59:35.912 I/NpuProbe( 8085): reset: pos cmp (origem=-1 destino=-1) -> VAZIO ok
10-07 17:59:36.919 I/NpuProbe( 8085): A2: ok=1 texto igual ao A1: SIM
10-07 17:59:36.919 I/NpuProbe( 8085): RESULTADO: BENCH-CONCLUIDO (htp->vulkan; sem espelho; decode origem pos-ponte=0; A-B-A texto igual)
10-07 17:59:37.014 I/NpuProbe( 8085): SMART REPORT:
10-07 17:59:37.014 I/NpuProbe( 8085): SMART (vulkan@bench)
10-07 17:59:37.014 I/NpuProbe( 8085): 
10-07 17:59:37.014 I/NpuProbe( 8085): SMARTv2 rota='vulkan@bench' mutante=(none)
10-07 17:59:37.014 I/NpuProbe( 8085): MODO BENCHMARK (@bench; sem espelho; decode so no destino)
10-07 17:59:37.014 I/NpuProbe( 8085): MODO PONTE: origem=htp | destino=vulkan (Vulkan0)
10-07 17:59:37.014 I/NpuProbe( 8085): load(destino)=546ms
10-07 17:59:37.014 I/NpuProbe( 8085): load(origem)=148ms
10-07 17:59:37.014 I/NpuProbe( 8085): ctxs prontos (cold_total=761ms)
10-07 17:59:37.014 I/NpuProbe( 8085): A1: ok=1 cap=0 eog_tok1=0 tok1=33 amostrados(s/d)=1/8 emitidos=8 consumidos=8 decodes_s_pos_ponte=0
10-07 17:59:37.014 I/NpuProbe( 8085): A1 tempos: prefill=803.73ms export=0.09ms(2032789B) import=1.85ms gen=567.89ms
10-07 17:59:37.014 I/NpuProbe( 8085): A1 espelho: passos=0 iguais=0 div_pos=-1 div_marg(d/s)=-1.000/-1.000
10-07 17:59:37.014 I/NpuProbe( 8085): A1 fronteiras(ms desde request): prefill_done=1565.1 tok1_ready=1576.0 import_done=1577.8 tok2_ready=1995.8 fim=2145.7 (INTERNAS; sem streaming de UI no probe)
10-07 17:59:37.014 I/NpuProbe( 8085): A1 prompt_hash=a5de647b1ff84e74
10-07 17:59:37.014 I/NpuProbe( 8085): A1 texto: Bom dia, como você está?
10-07 17:59:37.014 I/NpuProbe( 8085): reset: pos cmp (origem=-1 destino=-1) -> VAZIO ok
10-07 17:59:37.014 I/NpuProbe( 8085): A2: ok=1 texto igual ao A1: SIM
10-07 17:59:37.014 I/NpuProbe( 8085): RESULTADO: BENCH-CONCLUIDO (htp->vulkan; sem espelho; decode origem pos-ponte=0; A-B-A texto igual)
[rec 17:59:16]
--------- beginning of main
10-07 17:59:33.701 I/NpuProbe( 8085): nativeLibraryDir=/data/app/~~-AAa5lDaii0dMGTPgPeENA==/br.gov.sp.pcsp.npuprobe-rKDzfVqWrdi-4lPwWdPEAA==/lib/arm64
10-07 17:59:33.701 I/NpuProbe( 8085): libdir=/data/app/~~-AAa5lDaii0dMGTPgPeENA==/br.gov.sp.pcsp.npuprobe-rKDzfVqWrdi-4lPwWdPEAA==/lib/arm64
10-07 17:59:33.701 I/NpuProbe( 8085): build=llama.cpp-upstream-pkg (v11-libs) + probe R4
10-07 17:59:33.701 I/NpuProbe( 8085): controle-sistema (liblog.so)=OK
10-07 17:59:33.701 I/NpuProbe( 8085): negativo-fake (libnaoexiste_xyz.so)=FALHOU err=dlopen failed: library "libnaoexiste_xyz.so" not found
10-07 17:59:33.702 I/NpuProbe( 8085): cdsprpc-nome (libcdsprpc.so)=OK
10-07 17:59:33.703 I/NpuProbe( 8085): cdsprpc-abs (/vendor/lib64/libcdsprpc.so)=OK
10-07 17:59:33.703 I/NpuProbe( 8085): ADSP_LIBRARY_PATH=libdir (setenv)
10-07 17:59:33.704 I/NpuProbe( 8085): [ggml] ggml_vulkan: Found 1 Vulkan devices:
10-07 17:59:33.704 I/NpuProbe( 8085): [ggml] ggml_vulkan: 0 = Adreno (TM) 840 (Qualcomm Technologies Inc. Adreno Vulkan Driver) | uma: 1 | fp16: 1 | bf16: 0 | fp4: 0 | warp size: 64 | shared memory: 32768 | int dot: 0 | matrix cores: none
10-07 17:59:33.709 I/NpuProbe( 8085): [ggml] ggml_opencl: selected platform: 'QUALCOMM Snapdragon(TM)'
10-07 17:59:33.710 I/NpuProbe( 8085): [ggml] 
10-07 17:59:33.710 I/NpuProbe( 8085): ggml_opencl: device: 'QUALCOMM Adreno(TM) 840 (OpenCL 3.0 Adreno(TM) 840)'
10-07 17:59:33.710 I/NpuProbe( 8085): [ggml] ggml_opencl: default device: 'QUALCOMM Adreno(TM) 840 (OpenCL 3.0 Adreno(TM) 840)'
10-07 17:59:33.710 I/NpuProbe( 8085): [ggml] ggml-hex: Loading driver libcdsprpc.so
10-07 17:59:33.712 I/NpuProbe( 8085): [ggml] ggml-hex: Hexagon backend (experimental) : allocating new registry : ndev 1
10-07 17:59:33.712 I/NpuProbe( 8085): [ggml] ggml-hex: Hexagon Arch version v81
10-07 17:59:33.712 I/NpuProbe( 8085): [ggml] ggml-hex: HTP0 allocating new session
10-07 17:59:33.744 I/NpuProbe( 8085): [ggml] ggml-hex: HTP0 hwinfo: threads 8, hvx 8, hmx 1, vtcm 8 MB
10-07 17:59:33.744 I/NpuProbe( 8085): [ggml] ggml-hex: HTP0 new session : session-id 0 domain-id 3 uri file:///libggml-htp-v81.so?htp_iface_skel_handle_invoke&_modver=1.0&_dom=cdsp&_session=0 handle 0xb4000077c5fb0d00
10-07 17:59:33.747 I/NpuProbe( 8085): [ggml] ggml-hex: HTP0 op batching: n-bufs 16 n-tensors 7168 n-ops 1024 vmem 3355443200
10-07 17:59:33.751 I/NpuProbe( 8085): load_all_from_path=49ms
10-07 17:59:33.751 I/NpuProbe( 8085): [ggml] load_backend: failed to find ggml_backend_init in /data/app/~~-AAa5lDaii0dMGTPgPeENA==/br.gov.sp.pcsp.npuprobe-rKDzfVqWrdi-4lPwWdPEAA==/lib/arm64/libggml-hexagon.so
10-07 17:59:33.751 I/NpuProbe( 8085): load(hexagon direto)=FALHOU em 0ms
10-07 17:59:33.751 I/NpuProbe( 8085): devices=4
10-07 17:59:33.751 I/NpuProbe( 8085):   dev[0] Vulkan0 (Adreno (TM) 840)
10-07 17:59:33.751 I/NpuProbe( 8085):   dev[1] GPUOpenCL (QUALCOMM Adreno(TM) 840)
10-07 17:59:33.751 I/NpuProbe( 8085):   dev[2] HTP0 (Hexagon)
10-07 17:59:33.751 I/NpuProbe( 8085):   dev[3] CPU (CPU)
10-07 17:59:33.751 I/NpuProbe( 8085): dev_init(HTP0)=0ms -> SESSAO ABERTA
10-07 17:59:33.752 I/NpuProbe( 8085): graph_compute(MUL_MAT 64x64)=0.5ms status=0
10-07 17:59:33.752 I/NpuProbe( 8085): c[0]=128.000000 (esperado 128.0)
10-07 17:59:33.752 I/NpuProbe( 8085): RESULTADO: APP-UID OK: sessao HTP + op executado com resultado correto
10-07 17:59:33.753 I/NpuProbe( 8085): REPORT:
10-07 17:59:33.753 I/NpuProbe( 8085): libdir=/data/app/~~-AAa5lDaii0dMGTPgPeENA==/br.gov.sp.pcsp.npuprobe-rKDzfVqWrdi-4lPwWdPEAA==/lib/arm64
10-07 17:59:33.753 I/NpuProbe( 8085): build=llama.cpp-upstream-pkg (v11-libs) + probe R4
10-07 17:59:33.753 I/NpuProbe( 8085): controle-sistema (liblog.so)=OK
10-07 17:59:33.753 I/NpuProbe( 8085): negativo-fake (libnaoexiste_xyz.so)=FALHOU err=dlopen failed: library "libnaoexiste_xyz.so" not found
10-07 17:59:33.753 I/NpuProbe( 8085): cdsprpc-nome (libcdsprpc.so)=OK
10-07 17:59:33.753 I/NpuProbe( 8085): cdsprpc-abs (/vendor/lib64/libcdsprpc.so)=OK
10-07 17:59:33.753 I/NpuProbe( 8085): ADSP_LIBRARY_PATH=libdir (setenv)
10-07 17:59:33.753 I/NpuProbe( 8085): load_all_from_path=49ms
10-07 17:59:33.753 I/NpuProbe( 8085): load(hexagon direto)=FALHOU em 0ms
10-07 17:59:33.753 I/NpuProbe( 8085): devices=4
10-07 17:59:33.753 I/NpuProbe( 8085):   dev[0] Vulkan0 (Adreno (TM) 840)
10-07 17:59:33.753 I/NpuProbe( 8085):   dev[1] GPUOpenCL (QUALCOMM Adreno(TM) 840)
10-07 17:59:33.753 I/NpuProbe( 8085):   dev[2] HTP0 (Hexagon)
10-07 17:59:33.753 I/NpuProbe( 8085):   dev[3] CPU (CPU)
10-07 17:59:33.753 I/NpuProbe( 8085): dev_init(HTP0)=0ms -> SESSAO ABERTA
10-07 17:59:33.753 I/NpuProbe( 8085): graph_compute(MUL_MAT 64x64)=0.5ms status=0
10-07 17:59:33.753 I/NpuProbe( 8085): c[0]=128.000000 (esperado 128.0)
10-07 17:59:33.753 I/NpuProbe( 8085): RESULTADO: APP-UID OK: sessao HTP + op executado com resultado correto
10-07 17:59:33.753 I/NpuProbe( 8085): AUTO-GATILHO='smart:vulkan@bench'
10-07 17:59:33.753 I/NpuProbe( 8085): SMART iniciando rota=vulkan@bench com /data/local/tmp/hymt2_app.gguf
10-07 17:59:33.753 I/NpuProbe( 8085): SMARTv2 rota='vulkan@bench' mutante=(none)
10-07 17:59:33.754 I/NpuProbe( 8085): MODO BENCHMARK (@bench; sem espelho; decode so no destino)
10-07 17:59:33.754 I/NpuProbe( 8085): MODO PONTE: origem=htp | destino=vulkan (Vulkan0)
10-07 17:59:35.908 I/NpuProbe( 8085): A1: ok=1 cap=0 eog_tok1=0 tok1=33 amostrados(s/d)=1/8 emitidos=8 consumidos=8 decodes_s_pos_ponte=0
10-07 17:59:35.908 I/NpuProbe( 8085): A1 tempos: prefill=803.73ms export=0.09ms(2032789B) import=1.85ms gen=567.89ms
10-07 17:59:35.908 I/NpuProbe( 8085): A1 espelho: passos=0 iguais=0 div_pos=-1 div_marg(d/s)=-1.000/-1.000
10-07 17:59:35.908 I/NpuProbe( 8085): A1 fronteiras(ms desde request): prefill_done=1565.1 tok1_ready=1576.0 import_done=1577.8 tok2_ready=1995.8 fim=2145.7 (INTERNAS; sem streaming de UI no probe)
10-07 17:59:35.908 I/NpuProbe( 8085): A1 prompt_hash=a5de647b1ff84e74
10-07 17:59:35.908 I/NpuProbe( 8085): A1 texto: Bom dia, como você está?
10-07 17:59:35.912 I/NpuProbe( 8085): reset: pos cmp (origem=-1 destino=-1) -> VAZIO ok
10-07 17:59:36.919 I/NpuProbe( 8085): A2: ok=1 texto igual ao A1: SIM
10-07 17:59:36.919 I/NpuProbe( 8085): RESULTADO: BENCH-CONCLUIDO (htp->vulkan; sem espelho; decode origem pos-ponte=0; A-B-A texto igual)
10-07 17:59:37.014 I/NpuProbe( 8085): SMART REPORT:
10-07 17:59:37.014 I/NpuProbe( 8085): SMART (vulkan@bench)
10-07 17:59:37.014 I/NpuProbe( 8085): 
10-07 17:59:37.014 I/NpuProbe( 8085): SMARTv2 rota='vulkan@bench' mutante=(none)
10-07 17:59:37.014 I/NpuProbe( 8085): MODO BENCHMARK (@bench; sem espelho; decode so no destino)
10-07 17:59:37.014 I/NpuProbe( 8085): MODO PONTE: origem=htp | destino=vulkan (Vulkan0)
10-07 17:59:37.014 I/NpuProbe( 8085): load(destino)=546ms
10-07 17:59:37.014 I/NpuProbe( 8085): load(origem)=148ms
10-07 17:59:37.014 I/NpuProbe( 8085): ctxs prontos (cold_total=761ms)
10-07 17:59:37.014 I/NpuProbe( 8085): A1: ok=1 cap=0 eog_tok1=0 tok1=33 amostrados(s/d)=1/8 emitidos=8 consumidos=8 decodes_s_pos_ponte=0
10-07 17:59:37.014 I/NpuProbe( 8085): A1 tempos: prefill=803.73ms export=0.09ms(2032789B) import=1.85ms gen=567.89ms
10-07 17:59:37.014 I/NpuProbe( 8085): A1 espelho: passos=0 iguais=0 div_pos=-1 div_marg(d/s)=-1.000/-1.000
10-07 17:59:37.014 I/NpuProbe( 8085): A1 fronteiras(ms desde request): prefill_done=1565.1 tok1_ready=1576.0 import_done=1577.8 tok2_ready=1995.8 fim=2145.7 (INTERNAS; sem streaming de UI no probe)
10-07 17:59:37.014 I/NpuProbe( 8085): A1 prompt_hash=a5de647b1ff84e74
10-07 17:59:37.014 I/NpuProbe( 8085): A1 texto: Bom dia, como você está?
10-07 17:59:37.014 I/NpuProbe( 8085): reset: pos cmp (origem=-1 destino=-1) -> VAZIO ok
10-07 17:59:37.014 I/NpuProbe( 8085): A2: ok=1 texto igual ao A1: SIM
10-07 17:59:37.014 I/NpuProbe( 8085): RESULTADO: BENCH-CONCLUIDO (htp->vulkan; sem espelho; decode origem pos-ponte=0; A-B-A texto igual)
[rec 17:59:43]
--------- beginning of main
10-07 17:59:33.701 I/NpuProbe( 8085): nativeLibraryDir=/data/app/~~-AAa5lDaii0dMGTPgPeENA==/br.gov.sp.pcsp.npuprobe-rKDzfVqWrdi-4lPwWdPEAA==/lib/arm64
10-07 17:59:33.701 I/NpuProbe( 8085): libdir=/data/app/~~-AAa5lDaii0dMGTPgPeENA==/br.gov.sp.pcsp.npuprobe-rKDzfVqWrdi-4lPwWdPEAA==/lib/arm64
10-07 17:59:33.701 I/NpuProbe( 8085): build=llama.cpp-upstream-pkg (v11-libs) + probe R4
10-07 17:59:33.701 I/NpuProbe( 8085): controle-sistema (liblog.so)=OK
10-07 17:59:33.701 I/NpuProbe( 8085): negativo-fake (libnaoexiste_xyz.so)=FALHOU err=dlopen failed: library "libnaoexiste_xyz.so" not found
10-07 17:59:33.702 I/NpuProbe( 8085): cdsprpc-nome (libcdsprpc.so)=OK
10-07 17:59:33.703 I/NpuProbe( 8085): cdsprpc-abs (/vendor/lib64/libcdsprpc.so)=OK
10-07 17:59:33.703 I/NpuProbe( 8085): ADSP_LIBRARY_PATH=libdir (setenv)
10-07 17:59:33.704 I/NpuProbe( 8085): [ggml] ggml_vulkan: Found 1 Vulkan devices:
10-07 17:59:33.704 I/NpuProbe( 8085): [ggml] ggml_vulkan: 0 = Adreno (TM) 840 (Qualcomm Technologies Inc. Adreno Vulkan Driver) | uma: 1 | fp16: 1 | bf16: 0 | fp4: 0 | warp size: 64 | shared memory: 32768 | int dot: 0 | matrix cores: none
10-07 17:59:33.709 I/NpuProbe( 8085): [ggml] ggml_opencl: selected platform: 'QUALCOMM Snapdragon(TM)'
10-07 17:59:33.710 I/NpuProbe( 8085): [ggml] 
10-07 17:59:33.710 I/NpuProbe( 8085): ggml_opencl: device: 'QUALCOMM Adreno(TM) 840 (OpenCL 3.0 Adreno(TM) 840)'
10-07 17:59:33.710 I/NpuProbe( 8085): [ggml] ggml_opencl: default device: 'QUALCOMM Adreno(TM) 840 (OpenCL 3.0 Adreno(TM) 840)'
10-07 17:59:33.710 I/NpuProbe( 8085): [ggml] ggml-hex: Loading driver libcdsprpc.so
10-07 17:59:33.712 I/NpuProbe( 8085): [ggml] ggml-hex: Hexagon backend (experimental) : allocating new registry : ndev 1
10-07 17:59:33.712 I/NpuProbe( 8085): [ggml] ggml-hex: Hexagon Arch version v81
10-07 17:59:33.712 I/NpuProbe( 8085): [ggml] ggml-hex: HTP0 allocating new session
10-07 17:59:33.744 I/NpuProbe( 8085): [ggml] ggml-hex: HTP0 hwinfo: threads 8, hvx 8, hmx 1, vtcm 8 MB
10-07 17:59:33.744 I/NpuProbe( 8085): [ggml] ggml-hex: HTP0 new session : session-id 0 domain-id 3 uri file:///libggml-htp-v81.so?htp_iface_skel_handle_invoke&_modver=1.0&_dom=cdsp&_session=0 handle 0xb4000077c5fb0d00
10-07 17:59:33.747 I/NpuProbe( 8085): [ggml] ggml-hex: HTP0 op batching: n-bufs 16 n-tensors 7168 n-ops 1024 vmem 3355443200
10-07 17:59:33.751 I/NpuProbe( 8085): load_all_from_path=49ms
10-07 17:59:33.751 I/NpuProbe( 8085): [ggml] load_backend: failed to find ggml_backend_init in /data/app/~~-AAa5lDaii0dMGTPgPeENA==/br.gov.sp.pcsp.npuprobe-rKDzfVqWrdi-4lPwWdPEAA==/lib/arm64/libggml-hexagon.so
10-07 17:59:33.751 I/NpuProbe( 8085): load(hexagon direto)=FALHOU em 0ms
10-07 17:59:33.751 I/NpuProbe( 8085): devices=4
10-07 17:59:33.751 I/NpuProbe( 8085):   dev[0] Vulkan0 (Adreno (TM) 840)
10-07 17:59:33.751 I/NpuProbe( 8085):   dev[1] GPUOpenCL (QUALCOMM Adreno(TM) 840)
10-07 17:59:33.751 I/NpuProbe( 8085):   dev[2] HTP0 (Hexagon)
10-07 17:59:33.751 I/NpuProbe( 8085):   dev[3] CPU (CPU)
10-07 17:59:33.751 I/NpuProbe( 8085): dev_init(HTP0)=0ms -> SESSAO ABERTA
10-07 17:59:33.752 I/NpuProbe( 8085): graph_compute(MUL_MAT 64x64)=0.5ms status=0
10-07 17:59:33.752 I/NpuProbe( 8085): c[0]=128.000000 (esperado 128.0)
10-07 17:59:33.752 I/NpuProbe( 8085): RESULTADO: APP-UID OK: sessao HTP + op executado com resultado correto
10-07 17:59:33.753 I/NpuProbe( 8085): REPORT:
10-07 17:59:33.753 I/NpuProbe( 8085): libdir=/data/app/~~-AAa5lDaii0dMGTPgPeENA==/br.gov.sp.pcsp.npuprobe-rKDzfVqWrdi-4lPwWdPEAA==/lib/arm64
10-07 17:59:33.753 I/NpuProbe( 8085): build=llama.cpp-upstream-pkg (v11-libs) + probe R4
10-07 17:59:33.753 I/NpuProbe( 8085): controle-sistema (liblog.so)=OK
10-07 17:59:33.753 I/NpuProbe( 8085): negativo-fake (libnaoexiste_xyz.so)=FALHOU err=dlopen failed: library "libnaoexiste_xyz.so" not found
10-07 17:59:33.753 I/NpuProbe( 8085): cdsprpc-nome (libcdsprpc.so)=OK
10-07 17:59:33.753 I/NpuProbe( 8085): cdsprpc-abs (/vendor/lib64/libcdsprpc.so)=OK
10-07 17:59:33.753 I/NpuProbe( 8085): ADSP_LIBRARY_PATH=libdir (setenv)
10-07 17:59:33.753 I/NpuProbe( 8085): load_all_from_path=49ms
10-07 17:59:33.753 I/NpuProbe( 8085): load(hexagon direto)=FALHOU em 0ms
10-07 17:59:33.753 I/NpuProbe( 8085): devices=4
10-07 17:59:33.753 I/NpuProbe( 8085):   dev[0] Vulkan0 (Adreno (TM) 840)
10-07 17:59:33.753 I/NpuProbe( 8085):   dev[1] GPUOpenCL (QUALCOMM Adreno(TM) 840)
10-07 17:59:33.753 I/NpuProbe( 8085):   dev[2] HTP0 (Hexagon)
10-07 17:59:33.753 I/NpuProbe( 8085):   dev[3] CPU (CPU)
10-07 17:59:33.753 I/NpuProbe( 8085): dev_init(HTP0)=0ms -> SESSAO ABERTA
10-07 17:59:33.753 I/NpuProbe( 8085): graph_compute(MUL_MAT 64x64)=0.5ms status=0
10-07 17:59:33.753 I/NpuProbe( 8085): c[0]=128.000000 (esperado 128.0)
10-07 17:59:33.753 I/NpuProbe( 8085): RESULTADO: APP-UID OK: sessao HTP + op executado com resultado correto
10-07 17:59:33.753 I/NpuProbe( 8085): AUTO-GATILHO='smart:vulkan@bench'
10-07 17:59:33.753 I/NpuProbe( 8085): SMART iniciando rota=vulkan@bench com /data/local/tmp/hymt2_app.gguf
10-07 17:59:33.753 I/NpuProbe( 8085): SMARTv2 rota='vulkan@bench' mutante=(none)
10-07 17:59:33.754 I/NpuProbe( 8085): MODO BENCHMARK (@bench; sem espelho; decode so no destino)
10-07 17:59:33.754 I/NpuProbe( 8085): MODO PONTE: origem=htp | destino=vulkan (Vulkan0)
10-07 17:59:35.908 I/NpuProbe( 8085): A1: ok=1 cap=0 eog_tok1=0 tok1=33 amostrados(s/d)=1/8 emitidos=8 consumidos=8 decodes_s_pos_ponte=0
10-07 17:59:35.908 I/NpuProbe( 8085): A1 tempos: prefill=803.73ms export=0.09ms(2032789B) import=1.85ms gen=567.89ms
10-07 17:59:35.908 I/NpuProbe( 8085): A1 espelho: passos=0 iguais=0 div_pos=-1 div_marg(d/s)=-1.000/-1.000
10-07 17:59:35.908 I/NpuProbe( 8085): A1 fronteiras(ms desde request): prefill_done=1565.1 tok1_ready=1576.0 import_done=1577.8 tok2_ready=1995.8 fim=2145.7 (INTERNAS; sem streaming de UI no probe)
10-07 17:59:35.908 I/NpuProbe( 8085): A1 prompt_hash=a5de647b1ff84e74
10-07 17:59:35.908 I/NpuProbe( 8085): A1 texto: Bom dia, como você está?
10-07 17:59:35.912 I/NpuProbe( 8085): reset: pos cmp (origem=-1 destino=-1) -> VAZIO ok
10-07 17:59:36.919 I/NpuProbe( 8085): A2: ok=1 texto igual ao A1: SIM
10-07 17:59:36.919 I/NpuProbe( 8085): RESULTADO: BENCH-CONCLUIDO (htp->vulkan; sem espelho; decode origem pos-ponte=0; A-B-A texto igual)
10-07 17:59:37.014 I/NpuProbe( 8085): SMART REPORT:
10-07 17:59:37.014 I/NpuProbe( 8085): SMART (vulkan@bench)
10-07 17:59:37.014 I/NpuProbe( 8085): 
10-07 17:59:37.014 I/NpuProbe( 8085): SMARTv2 rota='vulkan@bench' mutante=(none)
10-07 17:59:37.014 I/NpuProbe( 8085): MODO BENCHMARK (@bench; sem espelho; decode so no destino)
10-07 17:59:37.014 I/NpuProbe( 8085): MODO PONTE: origem=htp | destino=vulkan (Vulkan0)
10-07 17:59:37.014 I/NpuProbe( 8085): load(destino)=546ms
10-07 17:59:37.014 I/NpuProbe( 8085): load(origem)=148ms
10-07 17:59:37.014 I/NpuProbe( 8085): ctxs prontos (cold_total=761ms)
10-07 17:59:37.014 I/NpuProbe( 8085): A1: ok=1 cap=0 eog_tok1=0 tok1=33 amostrados(s/d)=1/8 emitidos=8 consumidos=8 decodes_s_pos_ponte=0
10-07 17:59:37.014 I/NpuProbe( 8085): A1 tempos: prefill=803.73ms export=0.09ms(2032789B) import=1.85ms gen=567.89ms
10-07 17:59:37.014 I/NpuProbe( 8085): A1 espelho: passos=0 iguais=0 div_pos=-1 div_marg(d/s)=-1.000/-1.000
10-07 17:59:37.014 I/NpuProbe( 8085): A1 fronteiras(ms desde request): prefill_done=1565.1 tok1_ready=1576.0 import_done=1577.8 tok2_ready=1995.8 fim=2145.7 (INTERNAS; sem streaming de UI no probe)
10-07 17:59:37.014 I/NpuProbe( 8085): A1 prompt_hash=a5de647b1ff84e74
10-07 17:59:37.014 I/NpuProbe( 8085): A1 texto: Bom dia, como você está?
10-07 17:59:37.014 I/NpuProbe( 8085): reset: pos cmp (origem=-1 destino=-1) -> VAZIO ok
10-07 17:59:37.014 I/NpuProbe( 8085): A2: ok=1 texto igual ao A1: SIM
10-07 17:59:37.014 I/NpuProbe( 8085): RESULTADO: BENCH-CONCLUIDO (htp->vulkan; sem espelho; decode origem pos-ponte=0; A-B-A texto igual)
[rec 18:00:10]
[rec 18:00:37]
[rec 18:01:05]
[rec 18:01:31]
[rec 18:01:59]
--------- beginning of main
10-07 18:02:55.809 I/NpuProbe( 9338): nativeLibraryDir=/data/app/~~KwZfWkcGpvE3pHpO5j6iVg==/br.gov.sp.pcsp.npuprobe-D-MkRQ_cdspvS-IriVbiTA==/lib/arm64
10-07 18:02:55.809 I/NpuProbe( 9338): libdir=/data/app/~~KwZfWkcGpvE3pHpO5j6iVg==/br.gov.sp.pcsp.npuprobe-D-MkRQ_cdspvS-IriVbiTA==/lib/arm64
10-07 18:02:55.809 I/NpuProbe( 9338): build=llama.cpp-upstream-pkg (v11-libs) + probe R4
10-07 18:02:55.809 I/NpuProbe( 9338): controle-sistema (liblog.so)=OK
10-07 18:02:55.809 I/NpuProbe( 9338): negativo-fake (libnaoexiste_xyz.so)=FALHOU err=dlopen failed: library "libnaoexiste_xyz.so" not found
10-07 18:02:55.810 I/NpuProbe( 9338): cdsprpc-nome (libcdsprpc.so)=OK
10-07 18:02:55.810 I/NpuProbe( 9338): cdsprpc-abs (/vendor/lib64/libcdsprpc.so)=OK
10-07 18:02:55.811 I/NpuProbe( 9338): ADSP_LIBRARY_PATH=libdir (setenv)
10-07 18:02:55.813 I/NpuProbe( 9338): [ggml] ggml_vulkan: Found 1 Vulkan devices:
10-07 18:02:55.813 I/NpuProbe( 9338): [ggml] ggml_vulkan: 0 = Adreno (TM) 840 (Qualcomm Technologies Inc. Adreno Vulkan Driver) | uma: 1 | fp16: 1 | bf16: 0 | fp4: 0 | warp size: 64 | shared memory: 32768 | int dot: 0 | matrix cores: none
10-07 18:02:55.819 I/NpuProbe( 9338): [ggml] ggml_opencl: selected platform: 'QUALCOMM Snapdragon(TM)'
10-07 18:02:55.819 I/NpuProbe( 9338): [ggml] 
10-07 18:02:55.819 I/NpuProbe( 9338): ggml_opencl: device: 'QUALCOMM Adreno(TM) 840 (OpenCL 3.0 Adreno(TM) 840)'
10-07 18:02:55.819 I/NpuProbe( 9338): [ggml] ggml_opencl: default device: 'QUALCOMM Adreno(TM) 840 (OpenCL 3.0 Adreno(TM) 840)'
10-07 18:02:55.819 I/NpuProbe( 9338): [ggml] ggml-hex: Loading driver libcdsprpc.so
10-07 18:02:55.820 I/NpuProbe( 9338): [ggml] ggml-hex: Hexagon backend (experimental) : allocating new registry : ndev 1
10-07 18:02:55.820 I/NpuProbe( 9338): [ggml] ggml-hex: Hexagon Arch version v81
10-07 18:02:55.820 I/NpuProbe( 9338): [ggml] ggml-hex: HTP0 allocating new session
10-07 18:02:55.853 I/NpuProbe( 9338): [ggml] ggml-hex: HTP0 hwinfo: threads 8, hvx 8, hmx 1, vtcm 8 MB
10-07 18:02:55.853 I/NpuProbe( 9338): [ggml] ggml-hex: HTP0 new session : session-id 0 domain-id 3 uri file:///libggml-htp-v81.so?htp_iface_skel_handle_invoke&_modver=1.0&_dom=cdsp&_session=0 handle 0xb4000077cff58d00
10-07 18:02:55.856 I/NpuProbe( 9338): [ggml] ggml-hex: HTP0 op batching: n-bufs 16 n-tensors 7168 n-ops 1024 vmem 3355443200
10-07 18:02:55.862 I/NpuProbe( 9338): load_all_from_path=51ms
10-07 18:02:55.862 I/NpuProbe( 9338): [ggml] load_backend: failed to find ggml_backend_init in /data/app/~~KwZfWkcGpvE3pHpO5j6iVg==/br.gov.sp.pcsp.npuprobe-D-MkRQ_cdspvS-IriVbiTA==/lib/arm64/libggml-hexagon.so
10-07 18:02:55.862 I/NpuProbe( 9338): load(hexagon direto)=FALHOU em 0ms
10-07 18:02:55.862 I/NpuProbe( 9338): devices=4
10-07 18:02:55.862 I/NpuProbe( 9338):   dev[0] Vulkan0 (Adreno (TM) 840)
10-07 18:02:55.862 I/NpuProbe( 9338):   dev[1] GPUOpenCL (QUALCOMM Adreno(TM) 840)
10-07 18:02:55.862 I/NpuProbe( 9338):   dev[2] HTP0 (Hexagon)
10-07 18:02:55.862 I/NpuProbe( 9338):   dev[3] CPU (CPU)
10-07 18:02:55.862 I/NpuProbe( 9338): dev_init(HTP0)=0ms -> SESSAO ABERTA
10-07 18:02:55.863 I/NpuProbe( 9338): graph_compute(MUL_MAT 64x64)=0.5ms status=0
10-07 18:02:55.863 I/NpuProbe( 9338): c[0]=128.000000 (esperado 128.0)
10-07 18:02:55.863 I/NpuProbe( 9338): RESULTADO: APP-UID OK: sessao HTP + op executado com resultado correto
10-07 18:02:55.864 I/NpuProbe( 9338): REPORT:
10-07 18:02:55.864 I/NpuProbe( 9338): libdir=/data/app/~~KwZfWkcGpvE3pHpO5j6iVg==/br.gov.sp.pcsp.npuprobe-D-MkRQ_cdspvS-IriVbiTA==/lib/arm64
10-07 18:02:55.864 I/NpuProbe( 9338): build=llama.cpp-upstream-pkg (v11-libs) + probe R4
10-07 18:02:55.864 I/NpuProbe( 9338): controle-sistema (liblog.so)=OK
10-07 18:02:55.864 I/NpuProbe( 9338): negativo-fake (libnaoexiste_xyz.so)=FALHOU err=dlopen failed: library "libnaoexiste_xyz.so" not found
10-07 18:02:55.864 I/NpuProbe( 9338): cdsprpc-nome (libcdsprpc.so)=OK
10-07 18:02:55.864 I/NpuProbe( 9338): cdsprpc-abs (/vendor/lib64/libcdsprpc.so)=OK
10-07 18:02:55.864 I/NpuProbe( 9338): ADSP_LIBRARY_PATH=libdir (setenv)
10-07 18:02:55.864 I/NpuProbe( 9338): load_all_from_path=51ms
10-07 18:02:55.864 I/NpuProbe( 9338): load(hexagon direto)=FALHOU em 0ms
10-07 18:02:55.864 I/NpuProbe( 9338): devices=4
10-07 18:02:55.864 I/NpuProbe( 9338):   dev[0] Vulkan0 (Adreno (TM) 840)
10-07 18:02:55.864 I/NpuProbe( 9338):   dev[1] GPUOpenCL (QUALCOMM Adreno(TM) 840)
10-07 18:02:55.864 I/NpuProbe( 9338):   dev[2] HTP0 (Hexagon)
10-07 18:02:55.864 I/NpuProbe( 9338):   dev[3] CPU (CPU)
10-07 18:02:55.864 I/NpuProbe( 9338): dev_init(HTP0)=0ms -> SESSAO ABERTA
10-07 18:02:55.864 I/NpuProbe( 9338): graph_compute(MUL_MAT 64x64)=0.5ms status=0
10-07 18:02:55.864 I/NpuProbe( 9338): c[0]=128.000000 (esperado 128.0)
10-07 18:02:55.864 I/NpuProbe( 9338): RESULTADO: APP-UID OK: sessao HTP + op executado com resultado correto
10-07 18:02:55.864 I/NpuProbe( 9338): AUTO-GATILHO='smart:opencl'
10-07 18:02:55.864 I/NpuProbe( 9338): SMART iniciando rota=opencl com /data/local/tmp/hymt2_app.gguf
10-07 18:02:55.864 I/NpuProbe( 9338): SMARTv2 rota='opencl' mutante=smart_espelho_rcs
10-07 18:02:55.865 I/NpuProbe( 9338): MODO VALIDACAO (espelho teacher-forcing)
10-07 18:02:55.865 I/NpuProbe( 9338): MODO PONTE: origem=htp | destino=opencl (GPUOpenCL)
10-07 18:02:58.929 I/NpuProbe( 9338): load(destino)=3064ms
10-07 18:02:58.929 I/NpuProbe( 9338): [ggml] ggml_opencl: OpenCL driver: OpenCL 3.0 QUALCOMM build: 0842.41 Compiler E031.50.19.27
10-07 18:02:58.929 I/NpuProbe( 9338): [ggml] ggml_opencl: vector subgroup broadcast support: true
10-07 18:02:58.929 I/NpuProbe( 9338): [ggml] ggml_opencl: subgroup shuffle support: true
10-07 18:02:58.929 I/NpuProbe( 9338): [ggml] ggml_opencl: device FP16 support: true
10-07 18:02:58.929 I/NpuProbe( 9338): [ggml] ggml_opencl: khr dot product support: true
10-07 18:02:58.929 I/NpuProbe( 9338): [ggml] ggml_opencl: mem base addr align: 128
10-07 18:02:58.929 I/NpuProbe( 9338): [ggml] ggml_opencl: global mem size: 7555 MB
10-07 18:02:58.929 I/NpuProbe( 9338): [ggml] ggml_opencl: max mem alloc size: 2048 MB
10-07 18:02:58.929 I/NpuProbe( 9338): [ggml] ggml_opencl: device max image buffer size (pixels): 2147483648
10-07 18:02:58.929 I/NpuProbe( 9338): [ggml] ggml_opencl: device max image2d size: 16384 x 16384
10-07 18:02:58.929 I/NpuProbe( 9338): [ggml] ggml_opencl: device max workgroup size: 1024
10-07 18:02:58.929 I/NpuProbe( 9338): [ggml] ggml_opencl: SVM coarse grain buffer support: true
10-07 18:02:58.929 I/NpuProbe( 9338): [ggml] ggml_opencl: SVM fine grain buffer support: true
10-07 18:02:58.929 I/NpuProbe( 9338): [ggml] ggml_opencl: SVM fine grain system support: false
10-07 18:02:58.929 I/NpuProbe( 9338): [ggml] ggml_opencl: SVM atomics support: true
10-07 18:02:58.929 I/NpuProbe( 9338): [ggml] ggml_opencl: cl_qcom_subgroup_shuffle support: true
10-07 18:02:58.929 I/NpuProbe( 9338): [ggml] ggml_opencl: flattening quantized weights representation as struct of arrays (GGML_OPENCL_SOA_Q)
10-07 18:02:58.929 I/NpuProbe( 9338): [ggml] ggml_opencl: using kernels optimized for Adreno (GGML_OPENCL_USE_ADRENO_KERNELS)
10-07 18:02:59.359 I/NpuProbe( 9338): load(origem)=369ms
10-07 18:02:59.391 I/NpuProbe( 9338): ctxs prontos (cold_total=3526ms)
10-07 18:03:00.849 I/NpuProbe( 9338): [ggml] ggml_opencl: lazy-compiling flash_attn prepass for DK=128 DV=128
10-07 18:03:00.849 I/NpuProbe( 9338): [ggml] ggml_opencl: compiling fa prepass f16
10-07 18:03:00.911 I/NpuProbe( 9338): [ggml] ggml_opencl: compiling fa f32_f16
10-07 18:03:02.057 I/NpuProbe( 9338): [ggml] ggml_opencl: flash_attn_f32_f16_q1_vec_mq_split_c8 DK=128 DV=128 per-kernel max 128 < required 256; skipping registration (will fall back)
10-07 18:03:02.057 I/NpuProbe( 9338): [ggml] ggml_opencl: compiling fa f32_f16 MQ_GQA=8
10-07 18:03:02.710 I/NpuProbe( 9338): [ggml] ggml_opencl: flash_attn_f32_f16_q1_vec_mq_split_c8 (g8) DK=128 DV=128 per-kernel max 128 < required 192; skipping registration (will fall back)
10-07 18:03:02.710 I/NpuProbe( 9338): [ggml] ggml_opencl: compiling fa f32_f16 c8 NSG2
10-07 18:03:03.144 I/NpuProbe( 9338): [ggml] ggml_opencl: compiling fa f32_f16 c8 g8 NSG2
10-07 18:03:03.783 I/NpuProbe( 9338): [ggml] ggml_opencl: compiling fa f32_f16 split
10-07 18:03:04.937 I/NpuProbe( 9338): A1: ok=0 cap=0 eog_tok1=0 tok1=33 amostrados(s/d)=1/1 emitidos=1 consumidos=1 decodes_s_pos_ponte=1
10-07 18:03:04.937 I/NpuProbe( 9338): A1 tempos: prefill=1426.83ms export=0.15ms(2032789B) import=4.40ms gen=0.00ms
10-07 18:03:04.937 I/NpuProbe( 9338): A1 espelho: passos=0 iguais=0 div_pos=-1 div_marg(d/s)=-1.000/-1.000 marg_final_destino=9.4413
10-07 18:03:04.937 I/NpuProbe( 9338): A1 fronteiras(ms desde request): prefill_done=4953.7 tok1_ready=4977.8 import_done=4982.2 tok2_ready=8935.1 fim=9052.7 (INTERNAS; sem streaming de UI no probe)
10-07 18:03:04.937 I/NpuProbe( 9338): A1 prompt_hash=a5de647b1ff84e74
10-07 18:03:04.937 I/NpuProbe( 9338): A1 texto: B
10-07 18:03:04.937 I/NpuProbe( 9338): RESULTADO: SMART-FALHA (A1: espelho_rcS)
10-07 18:03:05.164 I/NpuProbe( 9338): SMART REPORT:
10-07 18:03:05.164 I/NpuProbe( 9338): SMART (opencl)
10-07 18:03:05.164 I/NpuProbe( 9338): 
10-07 18:03:05.164 I/NpuProbe( 9338): SMARTv2 rota='opencl' mutante=smart_espelho_rcs
10-07 18:03:05.164 I/NpuProbe( 9338): MODO VALIDACAO (espelho teacher-forcing)
10-07 18:03:05.164 I/NpuProbe( 9338): MODO PONTE: origem=htp | destino=opencl (GPUOpenCL)
10-07 18:03:05.164 I/NpuProbe( 9338): load(destino)=3064ms
10-07 18:03:05.164 I/NpuProbe( 9338): load(origem)=369ms
10-07 18:03:05.164 I/NpuProbe( 9338): ctxs prontos (cold_total=3526ms)
10-07 18:03:05.164 I/NpuProbe( 9338): A1: ok=0 cap=0 eog_tok1=0 tok1=33 amostrados(s/d)=1/1 emitidos=1 consumidos=1 decodes_s_pos_ponte=1
10-07 18:03:05.164 I/NpuProbe( 9338): A1 tempos: prefill=1426.83ms export=0.15ms(2032789B) import=4.40ms gen=0.00ms
10-07 18:03:05.164 I/NpuProbe( 9338): A1 espelho: passos=0 iguais=0 div_pos=-1 div_marg(d/s)=-1.000/-1.000 marg_final_destino=9.4413
10-07 18:03:05.164 I/NpuProbe( 9338): A1 fronteiras(ms desde request): prefill_done=4953.7 tok1_ready=4977.8 import_done=4982.2 tok2_ready=8935.1 fim=9052.7 (INTERNAS; sem streaming de UI no probe)
10-07 18:03:05.164 I/NpuProbe( 9338): A1 prompt_hash=a5de647b1ff84e74
10-07 18:03:05.164 I/NpuProbe( 9338): A1 texto: B
10-07 18:03:05.164 I/NpuProbe( 9338): RESULTADO: SMART-FALHA (A1: espelho_rcS)
[rec 18:02:26]
--------- beginning of main
10-07 18:02:55.809 I/NpuProbe( 9338): nativeLibraryDir=/data/app/~~KwZfWkcGpvE3pHpO5j6iVg==/br.gov.sp.pcsp.npuprobe-D-MkRQ_cdspvS-IriVbiTA==/lib/arm64
10-07 18:02:55.809 I/NpuProbe( 9338): libdir=/data/app/~~KwZfWkcGpvE3pHpO5j6iVg==/br.gov.sp.pcsp.npuprobe-D-MkRQ_cdspvS-IriVbiTA==/lib/arm64
10-07 18:02:55.809 I/NpuProbe( 9338): build=llama.cpp-upstream-pkg (v11-libs) + probe R4
10-07 18:02:55.809 I/NpuProbe( 9338): controle-sistema (liblog.so)=OK
10-07 18:02:55.809 I/NpuProbe( 9338): negativo-fake (libnaoexiste_xyz.so)=FALHOU err=dlopen failed: library "libnaoexiste_xyz.so" not found
10-07 18:02:55.810 I/NpuProbe( 9338): cdsprpc-nome (libcdsprpc.so)=OK
10-07 18:02:55.810 I/NpuProbe( 9338): cdsprpc-abs (/vendor/lib64/libcdsprpc.so)=OK
10-07 18:02:55.811 I/NpuProbe( 9338): ADSP_LIBRARY_PATH=libdir (setenv)
10-07 18:02:55.813 I/NpuProbe( 9338): [ggml] ggml_vulkan: Found 1 Vulkan devices:
10-07 18:02:55.813 I/NpuProbe( 9338): [ggml] ggml_vulkan: 0 = Adreno (TM) 840 (Qualcomm Technologies Inc. Adreno Vulkan Driver) | uma: 1 | fp16: 1 | bf16: 0 | fp4: 0 | warp size: 64 | shared memory: 32768 | int dot: 0 | matrix cores: none
10-07 18:02:55.819 I/NpuProbe( 9338): [ggml] ggml_opencl: selected platform: 'QUALCOMM Snapdragon(TM)'
10-07 18:02:55.819 I/NpuProbe( 9338): [ggml] 
10-07 18:02:55.819 I/NpuProbe( 9338): ggml_opencl: device: 'QUALCOMM Adreno(TM) 840 (OpenCL 3.0 Adreno(TM) 840)'
10-07 18:02:55.819 I/NpuProbe( 9338): [ggml] ggml_opencl: default device: 'QUALCOMM Adreno(TM) 840 (OpenCL 3.0 Adreno(TM) 840)'
10-07 18:02:55.819 I/NpuProbe( 9338): [ggml] ggml-hex: Loading driver libcdsprpc.so
10-07 18:02:55.820 I/NpuProbe( 9338): [ggml] ggml-hex: Hexagon backend (experimental) : allocating new registry : ndev 1
10-07 18:02:55.820 I/NpuProbe( 9338): [ggml] ggml-hex: Hexagon Arch version v81
10-07 18:02:55.820 I/NpuProbe( 9338): [ggml] ggml-hex: HTP0 allocating new session
10-07 18:02:55.853 I/NpuProbe( 9338): [ggml] ggml-hex: HTP0 hwinfo: threads 8, hvx 8, hmx 1, vtcm 8 MB
10-07 18:02:55.853 I/NpuProbe( 9338): [ggml] ggml-hex: HTP0 new session : session-id 0 domain-id 3 uri file:///libggml-htp-v81.so?htp_iface_skel_handle_invoke&_modver=1.0&_dom=cdsp&_session=0 handle 0xb4000077cff58d00
10-07 18:02:55.856 I/NpuProbe( 9338): [ggml] ggml-hex: HTP0 op batching: n-bufs 16 n-tensors 7168 n-ops 1024 vmem 3355443200
10-07 18:02:55.862 I/NpuProbe( 9338): load_all_from_path=51ms
10-07 18:02:55.862 I/NpuProbe( 9338): [ggml] load_backend: failed to find ggml_backend_init in /data/app/~~KwZfWkcGpvE3pHpO5j6iVg==/br.gov.sp.pcsp.npuprobe-D-MkRQ_cdspvS-IriVbiTA==/lib/arm64/libggml-hexagon.so
10-07 18:02:55.862 I/NpuProbe( 9338): load(hexagon direto)=FALHOU em 0ms
10-07 18:02:55.862 I/NpuProbe( 9338): devices=4
10-07 18:02:55.862 I/NpuProbe( 9338):   dev[0] Vulkan0 (Adreno (TM) 840)
10-07 18:02:55.862 I/NpuProbe( 9338):   dev[1] GPUOpenCL (QUALCOMM Adreno(TM) 840)
10-07 18:02:55.862 I/NpuProbe( 9338):   dev[2] HTP0 (Hexagon)
10-07 18:02:55.862 I/NpuProbe( 9338):   dev[3] CPU (CPU)
10-07 18:02:55.862 I/NpuProbe( 9338): dev_init(HTP0)=0ms -> SESSAO ABERTA
10-07 18:02:55.863 I/NpuProbe( 9338): graph_compute(MUL_MAT 64x64)=0.5ms status=0
10-07 18:02:55.863 I/NpuProbe( 9338): c[0]=128.000000 (esperado 128.0)
10-07 18:02:55.863 I/NpuProbe( 9338): RESULTADO: APP-UID OK: sessao HTP + op executado com resultado correto
10-07 18:02:55.864 I/NpuProbe( 9338): REPORT:
10-07 18:02:55.864 I/NpuProbe( 9338): libdir=/data/app/~~KwZfWkcGpvE3pHpO5j6iVg==/br.gov.sp.pcsp.npuprobe-D-MkRQ_cdspvS-IriVbiTA==/lib/arm64
10-07 18:02:55.864 I/NpuProbe( 9338): build=llama.cpp-upstream-pkg (v11-libs) + probe R4
10-07 18:02:55.864 I/NpuProbe( 9338): controle-sistema (liblog.so)=OK
10-07 18:02:55.864 I/NpuProbe( 9338): negativo-fake (libnaoexiste_xyz.so)=FALHOU err=dlopen failed: library "libnaoexiste_xyz.so" not found
10-07 18:02:55.864 I/NpuProbe( 9338): cdsprpc-nome (libcdsprpc.so)=OK
10-07 18:02:55.864 I/NpuProbe( 9338): cdsprpc-abs (/vendor/lib64/libcdsprpc.so)=OK
10-07 18:02:55.864 I/NpuProbe( 9338): ADSP_LIBRARY_PATH=libdir (setenv)
10-07 18:02:55.864 I/NpuProbe( 9338): load_all_from_path=51ms
10-07 18:02:55.864 I/NpuProbe( 9338): load(hexagon direto)=FALHOU em 0ms
10-07 18:02:55.864 I/NpuProbe( 9338): devices=4
10-07 18:02:55.864 I/NpuProbe( 9338):   dev[0] Vulkan0 (Adreno (TM) 840)
10-07 18:02:55.864 I/NpuProbe( 9338):   dev[1] GPUOpenCL (QUALCOMM Adreno(TM) 840)
10-07 18:02:55.864 I/NpuProbe( 9338):   dev[2] HTP0 (Hexagon)
10-07 18:02:55.864 I/NpuProbe( 9338):   dev[3] CPU (CPU)
10-07 18:02:55.864 I/NpuProbe( 9338): dev_init(HTP0)=0ms -> SESSAO ABERTA
10-07 18:02:55.864 I/NpuProbe( 9338): graph_compute(MUL_MAT 64x64)=0.5ms status=0
10-07 18:02:55.864 I/NpuProbe( 9338): c[0]=128.000000 (esperado 128.0)
10-07 18:02:55.864 I/NpuProbe( 9338): RESULTADO: APP-UID OK: sessao HTP + op executado com resultado correto
10-07 18:02:55.864 I/NpuProbe( 9338): AUTO-GATILHO='smart:opencl'
10-07 18:02:55.864 I/NpuProbe( 9338): SMART iniciando rota=opencl com /data/local/tmp/hymt2_app.gguf
10-07 18:02:55.864 I/NpuProbe( 9338): SMARTv2 rota='opencl' mutante=smart_espelho_rcs
10-07 18:02:55.865 I/NpuProbe( 9338): MODO VALIDACAO (espelho teacher-forcing)
10-07 18:02:55.865 I/NpuProbe( 9338): MODO PONTE: origem=htp | destino=opencl (GPUOpenCL)
10-07 18:02:58.929 I/NpuProbe( 9338): load(destino)=3064ms
10-07 18:02:58.929 I/NpuProbe( 9338): [ggml] ggml_opencl: OpenCL driver: OpenCL 3.0 QUALCOMM build: 0842.41 Compiler E031.50.19.27
10-07 18:02:58.929 I/NpuProbe( 9338): [ggml] ggml_opencl: vector subgroup broadcast support: true
10-07 18:02:58.929 I/NpuProbe( 9338): [ggml] ggml_opencl: subgroup shuffle support: true
10-07 18:02:58.929 I/NpuProbe( 9338): [ggml] ggml_opencl: device FP16 support: true
10-07 18:02:58.929 I/NpuProbe( 9338): [ggml] ggml_opencl: khr dot product support: true
10-07 18:02:58.929 I/NpuProbe( 9338): [ggml] ggml_opencl: mem base addr align: 128
10-07 18:02:58.929 I/NpuProbe( 9338): [ggml] ggml_opencl: global mem size: 7555 MB
10-07 18:02:58.929 I/NpuProbe( 9338): [ggml] ggml_opencl: max mem alloc size: 2048 MB
10-07 18:02:58.929 I/NpuProbe( 9338): [ggml] ggml_opencl: device max image buffer size (pixels): 2147483648
10-07 18:02:58.929 I/NpuProbe( 9338): [ggml] ggml_opencl: device max image2d size: 16384 x 16384
10-07 18:02:58.929 I/NpuProbe( 9338): [ggml] ggml_opencl: device max workgroup size: 1024
10-07 18:02:58.929 I/NpuProbe( 9338): [ggml] ggml_opencl: SVM coarse grain buffer support: true
10-07 18:02:58.929 I/NpuProbe( 9338): [ggml] ggml_opencl: SVM fine grain buffer support: true
10-07 18:02:58.929 I/NpuProbe( 9338): [ggml] ggml_opencl: SVM fine grain system support: false
10-07 18:02:58.929 I/NpuProbe( 9338): [ggml] ggml_opencl: SVM atomics support: true
10-07 18:02:58.929 I/NpuProbe( 9338): [ggml] ggml_opencl: cl_qcom_subgroup_shuffle support: true
10-07 18:02:58.929 I/NpuProbe( 9338): [ggml] ggml_opencl: flattening quantized weights representation as struct of arrays (GGML_OPENCL_SOA_Q)
10-07 18:02:58.929 I/NpuProbe( 9338): [ggml] ggml_opencl: using kernels optimized for Adreno (GGML_OPENCL_USE_ADRENO_KERNELS)
10-07 18:02:59.359 I/NpuProbe( 9338): load(origem)=369ms
10-07 18:02:59.391 I/NpuProbe( 9338): ctxs prontos (cold_total=3526ms)
10-07 18:03:00.849 I/NpuProbe( 9338): [ggml] ggml_opencl: lazy-compiling flash_attn prepass for DK=128 DV=128
10-07 18:03:00.849 I/NpuProbe( 9338): [ggml] ggml_opencl: compiling fa prepass f16
10-07 18:03:00.911 I/NpuProbe( 9338): [ggml] ggml_opencl: compiling fa f32_f16
10-07 18:03:02.057 I/NpuProbe( 9338): [ggml] ggml_opencl: flash_attn_f32_f16_q1_vec_mq_split_c8 DK=128 DV=128 per-kernel max 128 < required 256; skipping registration (will fall back)
10-07 18:03:02.057 I/NpuProbe( 9338): [ggml] ggml_opencl: compiling fa f32_f16 MQ_GQA=8
10-07 18:03:02.710 I/NpuProbe( 9338): [ggml] ggml_opencl: flash_attn_f32_f16_q1_vec_mq_split_c8 (g8) DK=128 DV=128 per-kernel max 128 < required 192; skipping registration (will fall back)
10-07 18:03:02.710 I/NpuProbe( 9338): [ggml] ggml_opencl: compiling fa f32_f16 c8 NSG2
10-07 18:03:03.144 I/NpuProbe( 9338): [ggml] ggml_opencl: compiling fa f32_f16 c8 g8 NSG2
10-07 18:03:03.783 I/NpuProbe( 9338): [ggml] ggml_opencl: compiling fa f32_f16 split
10-07 18:03:04.937 I/NpuProbe( 9338): A1: ok=0 cap=0 eog_tok1=0 tok1=33 amostrados(s/d)=1/1 emitidos=1 consumidos=1 decodes_s_pos_ponte=1
10-07 18:03:04.937 I/NpuProbe( 9338): A1 tempos: prefill=1426.83ms export=0.15ms(2032789B) import=4.40ms gen=0.00ms
10-07 18:03:04.937 I/NpuProbe( 9338): A1 espelho: passos=0 iguais=0 div_pos=-1 div_marg(d/s)=-1.000/-1.000 marg_final_destino=9.4413
10-07 18:03:04.937 I/NpuProbe( 9338): A1 fronteiras(ms desde request): prefill_done=4953.7 tok1_ready=4977.8 import_done=4982.2 tok2_ready=8935.1 fim=9052.7 (INTERNAS; sem streaming de UI no probe)
10-07 18:03:04.937 I/NpuProbe( 9338): A1 prompt_hash=a5de647b1ff84e74
10-07 18:03:04.937 I/NpuProbe( 9338): A1 texto: B
10-07 18:03:04.937 I/NpuProbe( 9338): RESULTADO: SMART-FALHA (A1: espelho_rcS)
10-07 18:03:05.164 I/NpuProbe( 9338): SMART REPORT:
10-07 18:03:05.164 I/NpuProbe( 9338): SMART (opencl)
10-07 18:03:05.164 I/NpuProbe( 9338): 
10-07 18:03:05.164 I/NpuProbe( 9338): SMARTv2 rota='opencl' mutante=smart_espelho_rcs
10-07 18:03:05.164 I/NpuProbe( 9338): MODO VALIDACAO (espelho teacher-forcing)
10-07 18:03:05.164 I/NpuProbe( 9338): MODO PONTE: origem=htp | destino=opencl (GPUOpenCL)
10-07 18:03:05.164 I/NpuProbe( 9338): load(destino)=3064ms
10-07 18:03:05.164 I/NpuProbe( 9338): load(origem)=369ms
10-07 18:03:05.164 I/NpuProbe( 9338): ctxs prontos (cold_total=3526ms)
10-07 18:03:05.164 I/NpuProbe( 9338): A1: ok=0 cap=0 eog_tok1=0 tok1=33 amostrados(s/d)=1/1 emitidos=1 consumidos=1 decodes_s_pos_ponte=1
10-07 18:03:05.164 I/NpuProbe( 9338): A1 tempos: prefill=1426.83ms export=0.15ms(2032789B) import=4.40ms gen=0.00ms
10-07 18:03:05.164 I/NpuProbe( 9338): A1 espelho: passos=0 iguais=0 div_pos=-1 div_marg(d/s)=-1.000/-1.000 marg_final_destino=9.4413
10-07 18:03:05.164 I/NpuProbe( 9338): A1 fronteiras(ms desde request): prefill_done=4953.7 tok1_ready=4977.8 import_done=4982.2 tok2_ready=8935.1 fim=9052.7 (INTERNAS; sem streaming de UI no probe)
10-07 18:03:05.164 I/NpuProbe( 9338): A1 prompt_hash=a5de647b1ff84e74
10-07 18:03:05.164 I/NpuProbe( 9338): A1 texto: B
10-07 18:03:05.164 I/NpuProbe( 9338): RESULTADO: SMART-FALHA (A1: espelho_rcS)
[rec 18:02:53]
--------- beginning of main
10-07 18:03:50.594 I/NpuProbe(13204): nativeLibraryDir=/data/app/~~KwZfWkcGpvE3pHpO5j6iVg==/br.gov.sp.pcsp.npuprobe-D-MkRQ_cdspvS-IriVbiTA==/lib/arm64
10-07 18:03:50.594 I/NpuProbe(13204): libdir=/data/app/~~KwZfWkcGpvE3pHpO5j6iVg==/br.gov.sp.pcsp.npuprobe-D-MkRQ_cdspvS-IriVbiTA==/lib/arm64
10-07 18:03:50.594 I/NpuProbe(13204): build=llama.cpp-upstream-pkg (v11-libs) + probe R4
10-07 18:03:50.594 I/NpuProbe(13204): controle-sistema (liblog.so)=OK
10-07 18:03:50.594 I/NpuProbe(13204): negativo-fake (libnaoexiste_xyz.so)=FALHOU err=dlopen failed: library "libnaoexiste_xyz.so" not found
10-07 18:03:50.596 I/NpuProbe(13204): cdsprpc-nome (libcdsprpc.so)=OK
10-07 18:03:50.596 I/NpuProbe(13204): cdsprpc-abs (/vendor/lib64/libcdsprpc.so)=OK
10-07 18:03:50.596 I/NpuProbe(13204): ADSP_LIBRARY_PATH=libdir (setenv)
10-07 18:03:50.597 I/NpuProbe(13204): [ggml] ggml_vulkan: Found 1 Vulkan devices:
10-07 18:03:50.598 I/NpuProbe(13204): [ggml] ggml_vulkan: 0 = Adreno (TM) 840 (Qualcomm Technologies Inc. Adreno Vulkan Driver) | uma: 1 | fp16: 1 | bf16: 0 | fp4: 0 | warp size: 64 | shared memory: 32768 | int dot: 0 | matrix cores: none
10-07 18:03:50.604 I/NpuProbe(13204): [ggml] ggml_opencl: selected platform: 'QUALCOMM Snapdragon(TM)'
10-07 18:03:50.605 I/NpuProbe(13204): [ggml] 
10-07 18:03:50.605 I/NpuProbe(13204): ggml_opencl: device: 'QUALCOMM Adreno(TM) 840 (OpenCL 3.0 Adreno(TM) 840)'
10-07 18:03:50.605 I/NpuProbe(13204): [ggml] ggml_opencl: default device: 'QUALCOMM Adreno(TM) 840 (OpenCL 3.0 Adreno(TM) 840)'
10-07 18:03:50.605 I/NpuProbe(13204): [ggml] ggml-hex: Loading driver libcdsprpc.so
10-07 18:03:50.607 I/NpuProbe(13204): [ggml] ggml-hex: Hexagon backend (experimental) : allocating new registry : ndev 1
10-07 18:03:50.607 I/NpuProbe(13204): [ggml] ggml-hex: Hexagon Arch version v81
10-07 18:03:50.607 I/NpuProbe(13204): [ggml] ggml-hex: HTP0 allocating new session
10-07 18:03:50.640 I/NpuProbe(13204): [ggml] ggml-hex: HTP0 hwinfo: threads 8, hvx 8, hmx 1, vtcm 8 MB
10-07 18:03:50.640 I/NpuProbe(13204): [ggml] ggml-hex: HTP0 new session : session-id 0 domain-id 3 uri file:///libggml-htp-v81.so?htp_iface_skel_handle_invoke&_modver=1.0&_dom=cdsp&_session=0 handle 0xb4000077c5fe9980
10-07 18:03:50.643 I/NpuProbe(13204): [ggml] ggml-hex: HTP0 op batching: n-bufs 16 n-tensors 7168 n-ops 1024 vmem 3355443200
10-07 18:03:50.649 I/NpuProbe(13204): load_all_from_path=52ms
10-07 18:03:50.649 I/NpuProbe(13204): [ggml] load_backend: failed to find ggml_backend_init in /data/app/~~KwZfWkcGpvE3pHpO5j6iVg==/br.gov.sp.pcsp.npuprobe-D-MkRQ_cdspvS-IriVbiTA==/lib/arm64/libggml-hexagon.so
10-07 18:03:50.649 I/NpuProbe(13204): load(hexagon direto)=FALHOU em 0ms
10-07 18:03:50.649 I/NpuProbe(13204): devices=4
10-07 18:03:50.649 I/NpuProbe(13204):   dev[0] Vulkan0 (Adreno (TM) 840)
10-07 18:03:50.649 I/NpuProbe(13204):   dev[1] GPUOpenCL (QUALCOMM Adreno(TM) 840)
10-07 18:03:50.649 I/NpuProbe(13204):   dev[2] HTP0 (Hexagon)
10-07 18:03:50.649 I/NpuProbe(13204):   dev[3] CPU (CPU)
10-07 18:03:50.649 I/NpuProbe(13204): dev_init(HTP0)=0ms -> SESSAO ABERTA
10-07 18:03:50.650 I/NpuProbe(13204): graph_compute(MUL_MAT 64x64)=0.5ms status=0
10-07 18:03:50.650 I/NpuProbe(13204): c[0]=128.000000 (esperado 128.0)
10-07 18:03:50.650 I/NpuProbe(13204): RESULTADO: APP-UID OK: sessao HTP + op executado com resultado correto
10-07 18:03:50.651 I/NpuProbe(13204): REPORT:
10-07 18:03:50.651 I/NpuProbe(13204): libdir=/data/app/~~KwZfWkcGpvE3pHpO5j6iVg==/br.gov.sp.pcsp.npuprobe-D-MkRQ_cdspvS-IriVbiTA==/lib/arm64
10-07 18:03:50.651 I/NpuProbe(13204): build=llama.cpp-upstream-pkg (v11-libs) + probe R4
10-07 18:03:50.651 I/NpuProbe(13204): controle-sistema (liblog.so)=OK
10-07 18:03:50.651 I/NpuProbe(13204): negativo-fake (libnaoexiste_xyz.so)=FALHOU err=dlopen failed: library "libnaoexiste_xyz.so" not found
10-07 18:03:50.651 I/NpuProbe(13204): cdsprpc-nome (libcdsprpc.so)=OK
10-07 18:03:50.651 I/NpuProbe(13204): cdsprpc-abs (/vendor/lib64/libcdsprpc.so)=OK
10-07 18:03:50.651 I/NpuProbe(13204): ADSP_LIBRARY_PATH=libdir (setenv)
10-07 18:03:50.651 I/NpuProbe(13204): load_all_from_path=52ms
10-07 18:03:50.651 I/NpuProbe(13204): load(hexagon direto)=FALHOU em 0ms
10-07 18:03:50.651 I/NpuProbe(13204): devices=4
10-07 18:03:50.651 I/NpuProbe(13204):   dev[0] Vulkan0 (Adreno (TM) 840)
10-07 18:03:50.651 I/NpuProbe(13204):   dev[1] GPUOpenCL (QUALCOMM Adreno(TM) 840)
10-07 18:03:50.651 I/NpuProbe(13204):   dev[2] HTP0 (Hexagon)
10-07 18:03:50.651 I/NpuProbe(13204):   dev[3] CPU (CPU)
10-07 18:03:50.651 I/NpuProbe(13204): dev_init(HTP0)=0ms -> SESSAO ABERTA
10-07 18:03:50.651 I/NpuProbe(13204): graph_compute(MUL_MAT 64x64)=0.5ms status=0
10-07 18:03:50.651 I/NpuProbe(13204): c[0]=128.000000 (esperado 128.0)
10-07 18:03:50.651 I/NpuProbe(13204): RESULTADO: APP-UID OK: sessao HTP + op executado com resultado correto
10-07 18:03:50.651 I/NpuProbe(13204): AUTO-GATILHO='smart:opencl'
10-07 18:03:50.651 I/NpuProbe(13204): SMART iniciando rota=opencl com /data/local/tmp/hymt2_app.gguf
10-07 18:03:50.651 I/NpuProbe(13204): SMARTv2 rota='opencl' mutante=smart_eog_tok1
10-07 18:03:50.652 I/NpuProbe(13204): MODO VALIDACAO (espelho teacher-forcing)
10-07 18:03:50.652 I/NpuProbe(13204): MODO PONTE: origem=htp | destino=opencl (GPUOpenCL)
10-07 18:03:53.702 I/NpuProbe(13204): load(destino)=3048ms
10-07 18:03:53.702 I/NpuProbe(13204): [ggml] ggml_opencl: OpenCL driver: OpenCL 3.0 QUALCOMM build: 0842.41 Compiler E031.50.19.27
10-07 18:03:53.702 I/NpuProbe(13204): [ggml] ggml_opencl: vector subgroup broadcast support: true
10-07 18:03:53.702 I/NpuProbe(13204): [ggml] ggml_opencl: subgroup shuffle support: true
10-07 18:03:53.702 I/NpuProbe(13204): [ggml] ggml_opencl: device FP16 support: true
10-07 18:03:53.702 I/NpuProbe(13204): [ggml] ggml_opencl: khr dot product support: true
10-07 18:03:53.702 I/NpuProbe(13204): [ggml] ggml_opencl: mem base addr align: 128
10-07 18:03:53.702 I/NpuProbe(13204): [ggml] ggml_opencl: global mem size: 7555 MB
10-07 18:03:53.702 I/NpuProbe(13204): [ggml] ggml_opencl: max mem alloc size: 2048 MB
10-07 18:03:53.702 I/NpuProbe(13204): [ggml] ggml_opencl: device max image buffer size (pixels): 2147483648
10-07 18:03:53.702 I/NpuProbe(13204): [ggml] ggml_opencl: device max image2d size: 16384 x 16384
10-07 18:03:53.702 I/NpuProbe(13204): [ggml] ggml_opencl: device max workgroup size: 1024
10-07 18:03:53.702 I/NpuProbe(13204): [ggml] ggml_opencl: SVM coarse grain buffer support: true
10-07 18:03:53.702 I/NpuProbe(13204): [ggml] ggml_opencl: SVM fine grain buffer support: true
10-07 18:03:53.702 I/NpuProbe(13204): [ggml] ggml_opencl: SVM fine grain system support: false
10-07 18:03:53.702 I/NpuProbe(13204): [ggml] ggml_opencl: SVM atomics support: true
10-07 18:03:53.702 I/NpuProbe(13204): [ggml] ggml_opencl: cl_qcom_subgroup_shuffle support: true
10-07 18:03:53.702 I/NpuProbe(13204): [ggml] ggml_opencl: flattening quantized weights representation as struct of arrays (GGML_OPENCL_SOA_Q)
10-07 18:03:53.702 I/NpuProbe(13204): [ggml] ggml_opencl: using kernels optimized for Adreno (GGML_OPENCL_USE_ADRENO_KERNELS)
10-07 18:03:54.132 I/NpuProbe(13204): load(origem)=369ms
10-07 18:03:54.162 I/NpuProbe(13204): ctxs prontos (cold_total=3510ms)
10-07 18:03:55.631 I/NpuProbe(13204): A1: ok=0 cap=0 eog_tok1=1 tok1=120020 amostrados(s/d)=1/0 emitidos=0 consumidos=0 decodes_s_pos_ponte=0
10-07 18:03:55.631 I/NpuProbe(13204): A1 tempos: prefill=1429.46ms export=0.17ms(2032789B) import=0.00ms gen=0.00ms
10-07 18:03:55.631 I/NpuProbe(13204): A1 espelho: passos=0 iguais=0 div_pos=-1 div_marg(d/s)=-1.000/-1.000 marg_final_destino=-1.0000
10-07 18:03:55.631 I/NpuProbe(13204): A1 fronteiras(ms desde request): prefill_done=4940.3 tok1_ready=4962.5 import_done=-102142897.6 tok2_ready=-102142897.6 fim=4962.5 (INTERNAS; sem streaming de UI no probe)
10-07 18:03:55.631 I/NpuProbe(13204): A1 prompt_hash=a5de647b1ff84e74
10-07 18:03:55.631 I/NpuProbe(13204): A1 texto: 
10-07 18:03:55.631 I/NpuProbe(13204): RESULTADO: SMART-FALHA (A1: EOG_tok1_sem_handoff)
10-07 18:03:55.846 I/NpuProbe(13204): SMART REPORT:
10-07 18:03:55.846 I/NpuProbe(13204): SMART (opencl)
10-07 18:03:55.846 I/NpuProbe(13204): 
10-07 18:03:55.846 I/NpuProbe(13204): SMARTv2 rota='opencl' mutante=smart_eog_tok1
10-07 18:03:55.846 I/NpuProbe(13204): MODO VALIDACAO (espelho teacher-forcing)
10-07 18:03:55.846 I/NpuProbe(13204): MODO PONTE: origem=htp | destino=opencl (GPUOpenCL)
10-07 18:03:55.846 I/NpuProbe(13204): load(destino)=3048ms
10-07 18:03:55.846 I/NpuProbe(13204): load(origem)=369ms
10-07 18:03:55.846 I/NpuProbe(13204): ctxs prontos (cold_total=3510ms)
10-07 18:03:55.846 I/NpuProbe(13204): A1: ok=0 cap=0 eog_tok1=1 tok1=120020 amostrados(s/d)=1/0 emitidos=0 consumidos=0 decodes_s_pos_ponte=0
10-07 18:03:55.846 I/NpuProbe(13204): A1 tempos: prefill=1429.46ms export=0.17ms(2032789B) import=0.00ms gen=0.00ms
10-07 18:03:55.846 I/NpuProbe(13204): A1 espelho: passos=0 iguais=0 div_pos=-1 div_marg(d/s)=-1.000/-1.000 marg_final_destino=-1.0000
10-07 18:03:55.846 I/NpuProbe(13204): A1 fronteiras(ms desde request): prefill_done=4940.3 tok1_ready=4962.5 import_done=-102142897.6 tok2_ready=-102142897.6 fim=4962.5 (INTERNAS; sem streaming de UI no probe)
10-07 18:03:55.846 I/NpuProbe(13204): A1 prompt_hash=a5de647b1ff84e74
10-07 18:03:55.846 I/NpuProbe(13204): A1 texto: 
10-07 18:03:55.846 I/NpuProbe(13204): RESULTADO: SMART-FALHA (A1: EOG_tok1_sem_handoff)
[rec 18:03:20]
[rec 18:03:47]
--------- beginning of main
10-07 18:04:45.285 I/NpuProbe(19628): nativeLibraryDir=/data/app/~~KwZfWkcGpvE3pHpO5j6iVg==/br.gov.sp.pcsp.npuprobe-D-MkRQ_cdspvS-IriVbiTA==/lib/arm64
10-07 18:04:45.285 I/NpuProbe(19628): libdir=/data/app/~~KwZfWkcGpvE3pHpO5j6iVg==/br.gov.sp.pcsp.npuprobe-D-MkRQ_cdspvS-IriVbiTA==/lib/arm64
10-07 18:04:45.285 I/NpuProbe(19628): build=llama.cpp-upstream-pkg (v11-libs) + probe R4
10-07 18:04:45.285 I/NpuProbe(19628): controle-sistema (liblog.so)=OK
10-07 18:04:45.285 I/NpuProbe(19628): negativo-fake (libnaoexiste_xyz.so)=FALHOU err=dlopen failed: library "libnaoexiste_xyz.so" not found
10-07 18:04:45.287 I/NpuProbe(19628): cdsprpc-nome (libcdsprpc.so)=OK
10-07 18:04:45.287 I/NpuProbe(19628): cdsprpc-abs (/vendor/lib64/libcdsprpc.so)=OK
10-07 18:04:45.288 I/NpuProbe(19628): ADSP_LIBRARY_PATH=libdir (setenv)
10-07 18:04:45.289 I/NpuProbe(19628): [ggml] ggml_vulkan: Found 1 Vulkan devices:
10-07 18:04:45.289 I/NpuProbe(19628): [ggml] ggml_vulkan: 0 = Adreno (TM) 840 (Qualcomm Technologies Inc. Adreno Vulkan Driver) | uma: 1 | fp16: 1 | bf16: 0 | fp4: 0 | warp size: 64 | shared memory: 32768 | int dot: 0 | matrix cores: none
10-07 18:04:45.300 I/NpuProbe(19628): [ggml] ggml_opencl: selected platform: 'QUALCOMM Snapdragon(TM)'
10-07 18:04:45.301 I/NpuProbe(19628): [ggml] 
10-07 18:04:45.301 I/NpuProbe(19628): ggml_opencl: device: 'QUALCOMM Adreno(TM) 840 (OpenCL 3.0 Adreno(TM) 840)'
10-07 18:04:45.301 I/NpuProbe(19628): [ggml] ggml_opencl: default device: 'QUALCOMM Adreno(TM) 840 (OpenCL 3.0 Adreno(TM) 840)'
10-07 18:04:45.301 I/NpuProbe(19628): [ggml] ggml-hex: Loading driver libcdsprpc.so
10-07 18:04:45.302 I/NpuProbe(19628): [ggml] ggml-hex: Hexagon backend (experimental) : allocating new registry : ndev 1
10-07 18:04:45.302 I/NpuProbe(19628): [ggml] ggml-hex: Hexagon Arch version v81
10-07 18:04:45.302 I/NpuProbe(19628): [ggml] ggml-hex: HTP0 allocating new session
10-07 18:04:45.334 I/NpuProbe(19628): [ggml] ggml-hex: HTP0 hwinfo: threads 8, hvx 8, hmx 1, vtcm 8 MB
10-07 18:04:45.334 I/NpuProbe(19628): [ggml] ggml-hex: HTP0 new session : session-id 0 domain-id 3 uri file:///libggml-htp-v81.so?htp_iface_skel_handle_invoke&_modver=1.0&_dom=cdsp&_session=0 handle 0xb4000077c5fa9980
10-07 18:04:45.338 I/NpuProbe(19628): [ggml] ggml-hex: HTP0 op batching: n-bufs 16 n-tensors 7168 n-ops 1024 vmem 3355443200
10-07 18:04:45.342 I/NpuProbe(19628): load_all_from_path=55ms
10-07 18:04:45.342 I/NpuProbe(19628): [ggml] load_backend: failed to find ggml_backend_init in /data/app/~~KwZfWkcGpvE3pHpO5j6iVg==/br.gov.sp.pcsp.npuprobe-D-MkRQ_cdspvS-IriVbiTA==/lib/arm64/libggml-hexagon.so
10-07 18:04:45.342 I/NpuProbe(19628): load(hexagon direto)=FALHOU em 0ms
10-07 18:04:45.342 I/NpuProbe(19628): devices=4
10-07 18:04:45.342 I/NpuProbe(19628):   dev[0] Vulkan0 (Adreno (TM) 840)
10-07 18:04:45.342 I/NpuProbe(19628):   dev[1] GPUOpenCL (QUALCOMM Adreno(TM) 840)
10-07 18:04:45.342 I/NpuProbe(19628):   dev[2] HTP0 (Hexagon)
10-07 18:04:45.342 I/NpuProbe(19628):   dev[3] CPU (CPU)
10-07 18:04:45.342 I/NpuProbe(19628): dev_init(HTP0)=0ms -> SESSAO ABERTA
10-07 18:04:45.343 I/NpuProbe(19628): graph_compute(MUL_MAT 64x64)=0.5ms status=0
10-07 18:04:45.343 I/NpuProbe(19628): c[0]=128.000000 (esperado 128.0)
10-07 18:04:45.343 I/NpuProbe(19628): RESULTADO: APP-UID OK: sessao HTP + op executado com resultado correto
10-07 18:04:45.344 I/NpuProbe(19628): REPORT:
10-07 18:04:45.344 I/NpuProbe(19628): libdir=/data/app/~~KwZfWkcGpvE3pHpO5j6iVg==/br.gov.sp.pcsp.npuprobe-D-MkRQ_cdspvS-IriVbiTA==/lib/arm64
10-07 18:04:45.344 I/NpuProbe(19628): build=llama.cpp-upstream-pkg (v11-libs) + probe R4
10-07 18:04:45.344 I/NpuProbe(19628): controle-sistema (liblog.so)=OK
10-07 18:04:45.344 I/NpuProbe(19628): negativo-fake (libnaoexiste_xyz.so)=FALHOU err=dlopen failed: library "libnaoexiste_xyz.so" not found
10-07 18:04:45.344 I/NpuProbe(19628): cdsprpc-nome (libcdsprpc.so)=OK
10-07 18:04:45.344 I/NpuProbe(19628): cdsprpc-abs (/vendor/lib64/libcdsprpc.so)=OK
10-07 18:04:45.344 I/NpuProbe(19628): ADSP_LIBRARY_PATH=libdir (setenv)
10-07 18:04:45.344 I/NpuProbe(19628): load_all_from_path=55ms
10-07 18:04:45.344 I/NpuProbe(19628): load(hexagon direto)=FALHOU em 0ms
10-07 18:04:45.344 I/NpuProbe(19628): devices=4
10-07 18:04:45.344 I/NpuProbe(19628):   dev[0] Vulkan0 (Adreno (TM) 840)
10-07 18:04:45.344 I/NpuProbe(19628):   dev[1] GPUOpenCL (QUALCOMM Adreno(TM) 840)
10-07 18:04:45.344 I/NpuProbe(19628):   dev[2] HTP0 (Hexagon)
10-07 18:04:45.344 I/NpuProbe(19628):   dev[3] CPU (CPU)
10-07 18:04:45.344 I/NpuProbe(19628): dev_init(HTP0)=0ms -> SESSAO ABERTA
10-07 18:04:45.344 I/NpuProbe(19628): graph_compute(MUL_MAT 64x64)=0.5ms status=0
10-07 18:04:45.344 I/NpuProbe(19628): c[0]=128.000000 (esperado 128.0)
10-07 18:04:45.344 I/NpuProbe(19628): RESULTADO: APP-UID OK: sessao HTP + op executado com resultado correto
10-07 18:04:45.344 I/NpuProbe(19628): AUTO-GATILHO='smart:opencl'
10-07 18:04:45.345 I/NpuProbe(19628): SMART iniciando rota=opencl com /data/local/tmp/hymt2_app.gguf
10-07 18:04:45.345 I/NpuProbe(19628): SMARTv2 rota='opencl' mutante=smart_cap2
10-07 18:04:45.346 I/NpuProbe(19628): MODO VALIDACAO (espelho teacher-forcing)
10-07 18:04:45.346 I/NpuProbe(19628): MODO PONTE: origem=htp | destino=opencl (GPUOpenCL)
10-07 18:04:48.420 I/NpuProbe(19628): load(destino)=3073ms
10-07 18:04:48.420 I/NpuProbe(19628): [ggml] ggml_opencl: OpenCL driver: OpenCL 3.0 QUALCOMM build: 0842.41 Compiler E031.50.19.27
10-07 18:04:48.420 I/NpuProbe(19628): [ggml] ggml_opencl: vector subgroup broadcast support: true
10-07 18:04:48.420 I/NpuProbe(19628): [ggml] ggml_opencl: subgroup shuffle support: true
10-07 18:04:48.420 I/NpuProbe(19628): [ggml] ggml_opencl: device FP16 support: true
10-07 18:04:48.420 I/NpuProbe(19628): [ggml] ggml_opencl: khr dot product support: true
10-07 18:04:48.420 I/NpuProbe(19628): [ggml] ggml_opencl: mem base addr align: 128
10-07 18:04:48.420 I/NpuProbe(19628): [ggml] ggml_opencl: global mem size: 7555 MB
10-07 18:04:48.420 I/NpuProbe(19628): [ggml] ggml_opencl: max mem alloc size: 2048 MB
10-07 18:04:48.420 I/NpuProbe(19628): [ggml] ggml_opencl: device max image buffer size (pixels): 2147483648
10-07 18:04:48.420 I/NpuProbe(19628): [ggml] ggml_opencl: device max image2d size: 16384 x 16384
10-07 18:04:48.420 I/NpuProbe(19628): [ggml] ggml_opencl: device max workgroup size: 1024
10-07 18:04:48.420 I/NpuProbe(19628): [ggml] ggml_opencl: SVM coarse grain buffer support: true
10-07 18:04:48.420 I/NpuProbe(19628): [ggml] ggml_opencl: SVM fine grain buffer support: true
10-07 18:04:48.420 I/NpuProbe(19628): [ggml] ggml_opencl: SVM fine grain system support: false
10-07 18:04:48.420 I/NpuProbe(19628): [ggml] ggml_opencl: SVM atomics support: true
10-07 18:04:48.420 I/NpuProbe(19628): [ggml] ggml_opencl: cl_qcom_subgroup_shuffle support: true
10-07 18:04:48.420 I/NpuProbe(19628): [ggml] ggml_opencl: flattening quantized weights representation as struct of arrays (GGML_OPENCL_SOA_Q)
10-07 18:04:48.420 I/NpuProbe(19628): [ggml] ggml_opencl: using kernels optimized for Adreno (GGML_OPENCL_USE_ADRENO_KERNELS)
10-07 18:04:48.808 I/NpuProbe(19628): load(origem)=349ms
10-07 18:04:48.842 I/NpuProbe(19628): ctxs prontos (cold_total=3497ms)
10-07 18:04:50.194 I/NpuProbe(19628): [ggml] ggml_opencl: lazy-compiling flash_attn prepass for DK=128 DV=128
10-07 18:04:50.194 I/NpuProbe(19628): [ggml] ggml_opencl: compiling fa prepass f16
10-07 18:04:50.281 I/NpuProbe(19628): [ggml] ggml_opencl: compiling fa f32_f16
10-07 18:04:51.416 I/NpuProbe(19628): [ggml] ggml_opencl: flash_attn_f32_f16_q1_vec_mq_split_c8 DK=128 DV=128 per-kernel max 128 < required 256; skipping registration (will fall back)
10-07 18:04:51.416 I/NpuProbe(19628): [ggml] ggml_opencl: compiling fa f32_f16 MQ_GQA=8
10-07 18:04:51.982 I/NpuProbe(19628): [ggml] ggml_opencl: flash_attn_f32_f16_q1_vec_mq_split_c8 (g8) DK=128 DV=128 per-kernel max 128 < required 192; skipping registration (will fall back)
10-07 18:04:51.982 I/NpuProbe(19628): [ggml] ggml_opencl: compiling fa f32_f16 c8 NSG2
10-07 18:04:52.367 I/NpuProbe(19628): [ggml] ggml_opencl: compiling fa f32_f16 c8 g8 NSG2
10-07 18:04:52.926 I/NpuProbe(19628): [ggml] ggml_opencl: compiling fa f32_f16 split
10-07 18:04:53.963 I/NpuProbe(19628): A1: ok=1 cap=1 eog_tok1=0 tok1=33 amostrados(s/d)=2/1 emitidos=2 consumidos=1 decodes_s_pos_ponte=1
10-07 18:04:53.963 I/NpuProbe(19628): A1 tempos: prefill=1322.06ms export=0.15ms(2032789B) import=4.05ms gen=3752.00ms
10-07 18:04:53.963 I/NpuProbe(19628): A1 espelho: passos=1 iguais=1 div_pos=-1 div_marg(d/s)=-1.000/-1.000 marg_final_destino=9.4413
10-07 18:04:53.963 I/NpuProbe(19628): A1 fronteiras(ms desde request): prefill_done=4819.8 tok1_ready=4843.9 import_done=4848.0 tok2_ready=8484.3 fim=8600.0 (INTERNAS; sem streaming de UI no probe)
10-07 18:04:53.963 I/NpuProbe(19628): A1 prompt_hash=a5de647b1ff84e74
10-07 18:04:53.963 I/NpuProbe(19628): A1 texto: Bom
10-07 18:04:53.968 I/NpuProbe(19628): reset: pos cmp (origem=-1 destino=-1) -> VAZIO ok
10-07 18:04:55.764 I/NpuProbe(19628): A2: ok=1 texto igual ao A1: SIM
10-07 18:04:55.764 I/NpuProbe(19628): RESULTADO: SMART-PARCIAL (cap atingido; A-B-A igual)
10-07 18:04:55.973 I/NpuProbe(19628): SMART REPORT:
10-07 18:04:55.973 I/NpuProbe(19628): SMART (opencl)
10-07 18:04:55.973 I/NpuProbe(19628): 
10-07 18:04:55.973 I/NpuProbe(19628): SMARTv2 rota='opencl' mutante=smart_cap2
10-07 18:04:55.973 I/NpuProbe(19628): MODO VALIDACAO (espelho teacher-forcing)
10-07 18:04:55.973 I/NpuProbe(19628): MODO PONTE: origem=htp | destino=opencl (GPUOpenCL)
10-07 18:04:55.973 I/NpuProbe(19628): load(destino)=3073ms
10-07 18:04:55.973 I/NpuProbe(19628): load(origem)=349ms
10-07 18:04:55.973 I/NpuProbe(19628): ctxs prontos (cold_total=3497ms)
10-07 18:04:55.973 I/NpuProbe(19628): A1: ok=1 cap=1 eog_tok1=0 tok1=33 amostrados(s/d)=2/1 emitidos=2 consumidos=1 decodes_s_pos_ponte=1
10-07 18:04:55.973 I/NpuProbe(19628): A1 tempos: prefill=1322.06ms export=0.15ms(2032789B) import=4.05ms gen=3752.00ms
10-07 18:04:55.973 I/NpuProbe(19628): A1 espelho: passos=1 iguais=1 div_pos=-1 div_marg(d/s)=-1.000/-1.000 marg_final_destino=9.4413
10-07 18:04:55.973 I/NpuProbe(19628): A1 fronteiras(ms desde request): prefill_done=4819.8 tok1_ready=4843.9 import_done=4848.0 tok2_ready=8484.3 fim=8600.0 (INTERNAS; sem streaming de UI no probe)
10-07 18:04:55.973 I/NpuProbe(19628): A1 prompt_hash=a5de647b1ff84e74
10-07 18:04:55.973 I/NpuProbe(19628): A1 texto: Bom
10-07 18:04:55.973 I/NpuProbe(19628): reset: pos cmp (origem=-1 destino=-1) -> VAZIO ok
10-07 18:04:55.973 I/NpuProbe(19628): A2: ok=1 texto igual ao A1: SIM
10-07 18:04:55.973 I/NpuProbe(19628): RESULTADO: SMART-PARCIAL (cap atingido; A-B-A igual)
[rec 18:04:14]
--------- beginning of main
10-07 18:04:45.285 I/NpuProbe(19628): nativeLibraryDir=/data/app/~~KwZfWkcGpvE3pHpO5j6iVg==/br.gov.sp.pcsp.npuprobe-D-MkRQ_cdspvS-IriVbiTA==/lib/arm64
10-07 18:04:45.285 I/NpuProbe(19628): libdir=/data/app/~~KwZfWkcGpvE3pHpO5j6iVg==/br.gov.sp.pcsp.npuprobe-D-MkRQ_cdspvS-IriVbiTA==/lib/arm64
10-07 18:04:45.285 I/NpuProbe(19628): build=llama.cpp-upstream-pkg (v11-libs) + probe R4
10-07 18:04:45.285 I/NpuProbe(19628): controle-sistema (liblog.so)=OK
10-07 18:04:45.285 I/NpuProbe(19628): negativo-fake (libnaoexiste_xyz.so)=FALHOU err=dlopen failed: library "libnaoexiste_xyz.so" not found
10-07 18:04:45.287 I/NpuProbe(19628): cdsprpc-nome (libcdsprpc.so)=OK
10-07 18:04:45.287 I/NpuProbe(19628): cdsprpc-abs (/vendor/lib64/libcdsprpc.so)=OK
10-07 18:04:45.288 I/NpuProbe(19628): ADSP_LIBRARY_PATH=libdir (setenv)
10-07 18:04:45.289 I/NpuProbe(19628): [ggml] ggml_vulkan: Found 1 Vulkan devices:
10-07 18:04:45.289 I/NpuProbe(19628): [ggml] ggml_vulkan: 0 = Adreno (TM) 840 (Qualcomm Technologies Inc. Adreno Vulkan Driver) | uma: 1 | fp16: 1 | bf16: 0 | fp4: 0 | warp size: 64 | shared memory: 32768 | int dot: 0 | matrix cores: none
10-07 18:04:45.300 I/NpuProbe(19628): [ggml] ggml_opencl: selected platform: 'QUALCOMM Snapdragon(TM)'
10-07 18:04:45.301 I/NpuProbe(19628): [ggml] 
10-07 18:04:45.301 I/NpuProbe(19628): ggml_opencl: device: 'QUALCOMM Adreno(TM) 840 (OpenCL 3.0 Adreno(TM) 840)'
10-07 18:04:45.301 I/NpuProbe(19628): [ggml] ggml_opencl: default device: 'QUALCOMM Adreno(TM) 840 (OpenCL 3.0 Adreno(TM) 840)'
10-07 18:04:45.301 I/NpuProbe(19628): [ggml] ggml-hex: Loading driver libcdsprpc.so
10-07 18:04:45.302 I/NpuProbe(19628): [ggml] ggml-hex: Hexagon backend (experimental) : allocating new registry : ndev 1
10-07 18:04:45.302 I/NpuProbe(19628): [ggml] ggml-hex: Hexagon Arch version v81
10-07 18:04:45.302 I/NpuProbe(19628): [ggml] ggml-hex: HTP0 allocating new session
10-07 18:04:45.334 I/NpuProbe(19628): [ggml] ggml-hex: HTP0 hwinfo: threads 8, hvx 8, hmx 1, vtcm 8 MB
10-07 18:04:45.334 I/NpuProbe(19628): [ggml] ggml-hex: HTP0 new session : session-id 0 domain-id 3 uri file:///libggml-htp-v81.so?htp_iface_skel_handle_invoke&_modver=1.0&_dom=cdsp&_session=0 handle 0xb4000077c5fa9980
10-07 18:04:45.338 I/NpuProbe(19628): [ggml] ggml-hex: HTP0 op batching: n-bufs 16 n-tensors 7168 n-ops 1024 vmem 3355443200
10-07 18:04:45.342 I/NpuProbe(19628): load_all_from_path=55ms
10-07 18:04:45.342 I/NpuProbe(19628): [ggml] load_backend: failed to find ggml_backend_init in /data/app/~~KwZfWkcGpvE3pHpO5j6iVg==/br.gov.sp.pcsp.npuprobe-D-MkRQ_cdspvS-IriVbiTA==/lib/arm64/libggml-hexagon.so
10-07 18:04:45.342 I/NpuProbe(19628): load(hexagon direto)=FALHOU em 0ms
10-07 18:04:45.342 I/NpuProbe(19628): devices=4
10-07 18:04:45.342 I/NpuProbe(19628):   dev[0] Vulkan0 (Adreno (TM) 840)
10-07 18:04:45.342 I/NpuProbe(19628):   dev[1] GPUOpenCL (QUALCOMM Adreno(TM) 840)
10-07 18:04:45.342 I/NpuProbe(19628):   dev[2] HTP0 (Hexagon)
10-07 18:04:45.342 I/NpuProbe(19628):   dev[3] CPU (CPU)
10-07 18:04:45.342 I/NpuProbe(19628): dev_init(HTP0)=0ms -> SESSAO ABERTA
10-07 18:04:45.343 I/NpuProbe(19628): graph_compute(MUL_MAT 64x64)=0.5ms status=0
10-07 18:04:45.343 I/NpuProbe(19628): c[0]=128.000000 (esperado 128.0)
10-07 18:04:45.343 I/NpuProbe(19628): RESULTADO: APP-UID OK: sessao HTP + op executado com resultado correto
10-07 18:04:45.344 I/NpuProbe(19628): REPORT:
10-07 18:04:45.344 I/NpuProbe(19628): libdir=/data/app/~~KwZfWkcGpvE3pHpO5j6iVg==/br.gov.sp.pcsp.npuprobe-D-MkRQ_cdspvS-IriVbiTA==/lib/arm64
10-07 18:04:45.344 I/NpuProbe(19628): build=llama.cpp-upstream-pkg (v11-libs) + probe R4
10-07 18:04:45.344 I/NpuProbe(19628): controle-sistema (liblog.so)=OK
10-07 18:04:45.344 I/NpuProbe(19628): negativo-fake (libnaoexiste_xyz.so)=FALHOU err=dlopen failed: library "libnaoexiste_xyz.so" not found
10-07 18:04:45.344 I/NpuProbe(19628): cdsprpc-nome (libcdsprpc.so)=OK
10-07 18:04:45.344 I/NpuProbe(19628): cdsprpc-abs (/vendor/lib64/libcdsprpc.so)=OK
10-07 18:04:45.344 I/NpuProbe(19628): ADSP_LIBRARY_PATH=libdir (setenv)
10-07 18:04:45.344 I/NpuProbe(19628): load_all_from_path=55ms
10-07 18:04:45.344 I/NpuProbe(19628): load(hexagon direto)=FALHOU em 0ms
10-07 18:04:45.344 I/NpuProbe(19628): devices=4
10-07 18:04:45.344 I/NpuProbe(19628):   dev[0] Vulkan0 (Adreno (TM) 840)
10-07 18:04:45.344 I/NpuProbe(19628):   dev[1] GPUOpenCL (QUALCOMM Adreno(TM) 840)
10-07 18:04:45.344 I/NpuProbe(19628):   dev[2] HTP0 (Hexagon)
10-07 18:04:45.344 I/NpuProbe(19628):   dev[3] CPU (CPU)
10-07 18:04:45.344 I/NpuProbe(19628): dev_init(HTP0)=0ms -> SESSAO ABERTA
10-07 18:04:45.344 I/NpuProbe(19628): graph_compute(MUL_MAT 64x64)=0.5ms status=0
10-07 18:04:45.344 I/NpuProbe(19628): c[0]=128.000000 (esperado 128.0)
10-07 18:04:45.344 I/NpuProbe(19628): RESULTADO: APP-UID OK: sessao HTP + op executado com resultado correto
10-07 18:04:45.344 I/NpuProbe(19628): AUTO-GATILHO='smart:opencl'
10-07 18:04:45.345 I/NpuProbe(19628): SMART iniciando rota=opencl com /data/local/tmp/hymt2_app.gguf
10-07 18:04:45.345 I/NpuProbe(19628): SMARTv2 rota='opencl' mutante=smart_cap2
10-07 18:04:45.346 I/NpuProbe(19628): MODO VALIDACAO (espelho teacher-forcing)
10-07 18:04:45.346 I/NpuProbe(19628): MODO PONTE: origem=htp | destino=opencl (GPUOpenCL)
10-07 18:04:48.420 I/NpuProbe(19628): load(destino)=3073ms
10-07 18:04:48.420 I/NpuProbe(19628): [ggml] ggml_opencl: OpenCL driver: OpenCL 3.0 QUALCOMM build: 0842.41 Compiler E031.50.19.27
10-07 18:04:48.420 I/NpuProbe(19628): [ggml] ggml_opencl: vector subgroup broadcast support: true
10-07 18:04:48.420 I/NpuProbe(19628): [ggml] ggml_opencl: subgroup shuffle support: true
10-07 18:04:48.420 I/NpuProbe(19628): [ggml] ggml_opencl: device FP16 support: true
10-07 18:04:48.420 I/NpuProbe(19628): [ggml] ggml_opencl: khr dot product support: true
10-07 18:04:48.420 I/NpuProbe(19628): [ggml] ggml_opencl: mem base addr align: 128
10-07 18:04:48.420 I/NpuProbe(19628): [ggml] ggml_opencl: global mem size: 7555 MB
10-07 18:04:48.420 I/NpuProbe(19628): [ggml] ggml_opencl: max mem alloc size: 2048 MB
10-07 18:04:48.420 I/NpuProbe(19628): [ggml] ggml_opencl: device max image buffer size (pixels): 2147483648
10-07 18:04:48.420 I/NpuProbe(19628): [ggml] ggml_opencl: device max image2d size: 16384 x 16384
10-07 18:04:48.420 I/NpuProbe(19628): [ggml] ggml_opencl: device max workgroup size: 1024
10-07 18:04:48.420 I/NpuProbe(19628): [ggml] ggml_opencl: SVM coarse grain buffer support: true
10-07 18:04:48.420 I/NpuProbe(19628): [ggml] ggml_opencl: SVM fine grain buffer support: true
10-07 18:04:48.420 I/NpuProbe(19628): [ggml] ggml_opencl: SVM fine grain system support: false
10-07 18:04:48.420 I/NpuProbe(19628): [ggml] ggml_opencl: SVM atomics support: true
10-07 18:04:48.420 I/NpuProbe(19628): [ggml] ggml_opencl: cl_qcom_subgroup_shuffle support: true
10-07 18:04:48.420 I/NpuProbe(19628): [ggml] ggml_opencl: flattening quantized weights representation as struct of arrays (GGML_OPENCL_SOA_Q)
10-07 18:04:48.420 I/NpuProbe(19628): [ggml] ggml_opencl: using kernels optimized for Adreno (GGML_OPENCL_USE_ADRENO_KERNELS)
10-07 18:04:48.808 I/NpuProbe(19628): load(origem)=349ms
10-07 18:04:48.842 I/NpuProbe(19628): ctxs prontos (cold_total=3497ms)
10-07 18:04:50.194 I/NpuProbe(19628): [ggml] ggml_opencl: lazy-compiling flash_attn prepass for DK=128 DV=128
10-07 18:04:50.194 I/NpuProbe(19628): [ggml] ggml_opencl: compiling fa prepass f16
10-07 18:04:50.281 I/NpuProbe(19628): [ggml] ggml_opencl: compiling fa f32_f16
10-07 18:04:51.416 I/NpuProbe(19628): [ggml] ggml_opencl: flash_attn_f32_f16_q1_vec_mq_split_c8 DK=128 DV=128 per-kernel max 128 < required 256; skipping registration (will fall back)
10-07 18:04:51.416 I/NpuProbe(19628): [ggml] ggml_opencl: compiling fa f32_f16 MQ_GQA=8
10-07 18:04:51.982 I/NpuProbe(19628): [ggml] ggml_opencl: flash_attn_f32_f16_q1_vec_mq_split_c8 (g8) DK=128 DV=128 per-kernel max 128 < required 192; skipping registration (will fall back)
10-07 18:04:51.982 I/NpuProbe(19628): [ggml] ggml_opencl: compiling fa f32_f16 c8 NSG2
10-07 18:04:52.367 I/NpuProbe(19628): [ggml] ggml_opencl: compiling fa f32_f16 c8 g8 NSG2
10-07 18:04:52.926 I/NpuProbe(19628): [ggml] ggml_opencl: compiling fa f32_f16 split
10-07 18:04:53.963 I/NpuProbe(19628): A1: ok=1 cap=1 eog_tok1=0 tok1=33 amostrados(s/d)=2/1 emitidos=2 consumidos=1 decodes_s_pos_ponte=1
10-07 18:04:53.963 I/NpuProbe(19628): A1 tempos: prefill=1322.06ms export=0.15ms(2032789B) import=4.05ms gen=3752.00ms
10-07 18:04:53.963 I/NpuProbe(19628): A1 espelho: passos=1 iguais=1 div_pos=-1 div_marg(d/s)=-1.000/-1.000 marg_final_destino=9.4413
10-07 18:04:53.963 I/NpuProbe(19628): A1 fronteiras(ms desde request): prefill_done=4819.8 tok1_ready=4843.9 import_done=4848.0 tok2_ready=8484.3 fim=8600.0 (INTERNAS; sem streaming de UI no probe)
10-07 18:04:53.963 I/NpuProbe(19628): A1 prompt_hash=a5de647b1ff84e74
10-07 18:04:53.963 I/NpuProbe(19628): A1 texto: Bom
10-07 18:04:53.968 I/NpuProbe(19628): reset: pos cmp (origem=-1 destino=-1) -> VAZIO ok
10-07 18:04:55.764 I/NpuProbe(19628): A2: ok=1 texto igual ao A1: SIM
10-07 18:04:55.764 I/NpuProbe(19628): RESULTADO: SMART-PARCIAL (cap atingido; A-B-A igual)
10-07 18:04:55.973 I/NpuProbe(19628): SMART REPORT:
10-07 18:04:55.973 I/NpuProbe(19628): SMART (opencl)
10-07 18:04:55.973 I/NpuProbe(19628): 
10-07 18:04:55.973 I/NpuProbe(19628): SMARTv2 rota='opencl' mutante=smart_cap2
10-07 18:04:55.973 I/NpuProbe(19628): MODO VALIDACAO (espelho teacher-forcing)
10-07 18:04:55.973 I/NpuProbe(19628): MODO PONTE: origem=htp | destino=opencl (GPUOpenCL)
10-07 18:04:55.973 I/NpuProbe(19628): load(destino)=3073ms
10-07 18:04:55.973 I/NpuProbe(19628): load(origem)=349ms
10-07 18:04:55.973 I/NpuProbe(19628): ctxs prontos (cold_total=3497ms)
10-07 18:04:55.973 I/NpuProbe(19628): A1: ok=1 cap=1 eog_tok1=0 tok1=33 amostrados(s/d)=2/1 emitidos=2 consumidos=1 decodes_s_pos_ponte=1
10-07 18:04:55.973 I/NpuProbe(19628): A1 tempos: prefill=1322.06ms export=0.15ms(2032789B) import=4.05ms gen=3752.00ms
10-07 18:04:55.973 I/NpuProbe(19628): A1 espelho: passos=1 iguais=1 div_pos=-1 div_marg(d/s)=-1.000/-1.000 marg_final_destino=9.4413
10-07 18:04:55.973 I/NpuProbe(19628): A1 fronteiras(ms desde request): prefill_done=4819.8 tok1_ready=4843.9 import_done=4848.0 tok2_ready=8484.3 fim=8600.0 (INTERNAS; sem streaming de UI no probe)
10-07 18:04:55.973 I/NpuProbe(19628): A1 prompt_hash=a5de647b1ff84e74
10-07 18:04:55.973 I/NpuProbe(19628): A1 texto: Bom
10-07 18:04:55.973 I/NpuProbe(19628): reset: pos cmp (origem=-1 destino=-1) -> VAZIO ok
10-07 18:04:55.973 I/NpuProbe(19628): A2: ok=1 texto igual ao A1: SIM
10-07 18:04:55.973 I/NpuProbe(19628): RESULTADO: SMART-PARCIAL (cap atingido; A-B-A igual)
[rec 18:04:41]
--------- beginning of main
10-07 18:04:45.288 I/NpuProbe(19628): ADSP_LIBRARY_PATH=libdir (setenv)
10-07 18:04:45.289 I/NpuProbe(19628): [ggml] ggml_vulkan: Found 1 Vulkan devices:
10-07 18:04:45.289 I/NpuProbe(19628): [ggml] ggml_vulkan: 0 = Adreno (TM) 840 (Qualcomm Technologies Inc. Adreno Vulkan Driver) | uma: 1 | fp16: 1 | bf16: 0 | fp4: 0 | warp size: 64 | shared memory: 32768 | int dot: 0 | matrix cores: none
10-07 18:04:45.300 I/NpuProbe(19628): [ggml] ggml_opencl: selected platform: 'QUALCOMM Snapdragon(TM)'
10-07 18:04:45.301 I/NpuProbe(19628): [ggml] 
10-07 18:04:45.301 I/NpuProbe(19628): ggml_opencl: device: 'QUALCOMM Adreno(TM) 840 (OpenCL 3.0 Adreno(TM) 840)'
10-07 18:04:45.301 I/NpuProbe(19628): [ggml] ggml_opencl: default device: 'QUALCOMM Adreno(TM) 840 (OpenCL 3.0 Adreno(TM) 840)'
10-07 18:04:45.301 I/NpuProbe(19628): [ggml] ggml-hex: Loading driver libcdsprpc.so
10-07 18:04:45.302 I/NpuProbe(19628): [ggml] ggml-hex: Hexagon backend (experimental) : allocating new registry : ndev 1
10-07 18:04:45.302 I/NpuProbe(19628): [ggml] ggml-hex: Hexagon Arch version v81
10-07 18:04:45.302 I/NpuProbe(19628): [ggml] ggml-hex: HTP0 allocating new session
10-07 18:04:45.334 I/NpuProbe(19628): [ggml] ggml-hex: HTP0 hwinfo: threads 8, hvx 8, hmx 1, vtcm 8 MB
10-07 18:04:45.334 I/NpuProbe(19628): [ggml] ggml-hex: HTP0 new session : session-id 0 domain-id 3 uri file:///libggml-htp-v81.so?htp_iface_skel_handle_invoke&_modver=1.0&_dom=cdsp&_session=0 handle 0xb4000077c5fa9980
10-07 18:04:45.338 I/NpuProbe(19628): [ggml] ggml-hex: HTP0 op batching: n-bufs 16 n-tensors 7168 n-ops 1024 vmem 3355443200
10-07 18:04:45.342 I/NpuProbe(19628): load_all_from_path=55ms
10-07 18:04:45.342 I/NpuProbe(19628): [ggml] load_backend: failed to find ggml_backend_init in /data/app/~~KwZfWkcGpvE3pHpO5j6iVg==/br.gov.sp.pcsp.npuprobe-D-MkRQ_cdspvS-IriVbiTA==/lib/arm64/libggml-hexagon.so
10-07 18:04:45.342 I/NpuProbe(19628): load(hexagon direto)=FALHOU em 0ms
10-07 18:04:45.342 I/NpuProbe(19628): devices=4
10-07 18:04:45.342 I/NpuProbe(19628):   dev[0] Vulkan0 (Adreno (TM) 840)
10-07 18:04:45.342 I/NpuProbe(19628):   dev[1] GPUOpenCL (QUALCOMM Adreno(TM) 840)
10-07 18:04:45.342 I/NpuProbe(19628):   dev[2] HTP0 (Hexagon)
10-07 18:04:45.342 I/NpuProbe(19628):   dev[3] CPU (CPU)
10-07 18:04:45.342 I/NpuProbe(19628): dev_init(HTP0)=0ms -> SESSAO ABERTA
10-07 18:04:45.343 I/NpuProbe(19628): graph_compute(MUL_MAT 64x64)=0.5ms status=0
10-07 18:04:45.343 I/NpuProbe(19628): c[0]=128.000000 (esperado 128.0)
10-07 18:04:45.343 I/NpuProbe(19628): RESULTADO: APP-UID OK: sessao HTP + op executado com resultado correto
10-07 18:04:45.344 I/NpuProbe(19628): REPORT:
10-07 18:04:45.344 I/NpuProbe(19628): libdir=/data/app/~~KwZfWkcGpvE3pHpO5j6iVg==/br.gov.sp.pcsp.npuprobe-D-MkRQ_cdspvS-IriVbiTA==/lib/arm64
10-07 18:04:45.344 I/NpuProbe(19628): build=llama.cpp-upstream-pkg (v11-libs) + probe R4
10-07 18:04:45.344 I/NpuProbe(19628): controle-sistema (liblog.so)=OK
10-07 18:04:45.344 I/NpuProbe(19628): negativo-fake (libnaoexiste_xyz.so)=FALHOU err=dlopen failed: library "libnaoexiste_xyz.so" not found
10-07 18:04:45.344 I/NpuProbe(19628): cdsprpc-nome (libcdsprpc.so)=OK
10-07 18:04:45.344 I/NpuProbe(19628): cdsprpc-abs (/vendor/lib64/libcdsprpc.so)=OK
10-07 18:04:45.344 I/NpuProbe(19628): ADSP_LIBRARY_PATH=libdir (setenv)
10-07 18:04:45.344 I/NpuProbe(19628): load_all_from_path=55ms
10-07 18:04:45.344 I/NpuProbe(19628): load(hexagon direto)=FALHOU em 0ms
10-07 18:04:45.344 I/NpuProbe(19628): devices=4
10-07 18:04:45.344 I/NpuProbe(19628):   dev[0] Vulkan0 (Adreno (TM) 840)
10-07 18:04:45.344 I/NpuProbe(19628):   dev[1] GPUOpenCL (QUALCOMM Adreno(TM) 840)
10-07 18:04:45.344 I/NpuProbe(19628):   dev[2] HTP0 (Hexagon)
10-07 18:04:45.344 I/NpuProbe(19628):   dev[3] CPU (CPU)
10-07 18:04:45.344 I/NpuProbe(19628): dev_init(HTP0)=0ms -> SESSAO ABERTA
10-07 18:04:45.344 I/NpuProbe(19628): graph_compute(MUL_MAT 64x64)=0.5ms status=0
10-07 18:04:45.344 I/NpuProbe(19628): c[0]=128.000000 (esperado 128.0)
10-07 18:04:45.344 I/NpuProbe(19628): RESULTADO: APP-UID OK: sessao HTP + op executado com resultado correto
10-07 18:04:45.344 I/NpuProbe(19628): AUTO-GATILHO='smart:opencl'
10-07 18:04:45.345 I/NpuProbe(19628): SMART iniciando rota=opencl com /data/local/tmp/hymt2_app.gguf
10-07 18:04:45.345 I/NpuProbe(19628): SMARTv2 rota='opencl' mutante=smart_cap2
10-07 18:04:45.346 I/NpuProbe(19628): MODO VALIDACAO (espelho teacher-forcing)
10-07 18:04:45.346 I/NpuProbe(19628): MODO PONTE: origem=htp | destino=opencl (GPUOpenCL)
10-07 18:04:48.420 I/NpuProbe(19628): load(destino)=3073ms
10-07 18:04:48.420 I/NpuProbe(19628): [ggml] ggml_opencl: OpenCL driver: OpenCL 3.0 QUALCOMM build: 0842.41 Compiler E031.50.19.27
10-07 18:04:48.420 I/NpuProbe(19628): [ggml] ggml_opencl: vector subgroup broadcast support: true
10-07 18:04:48.420 I/NpuProbe(19628): [ggml] ggml_opencl: subgroup shuffle support: true
10-07 18:04:48.420 I/NpuProbe(19628): [ggml] ggml_opencl: device FP16 support: true
10-07 18:04:48.420 I/NpuProbe(19628): [ggml] ggml_opencl: khr dot product support: true
10-07 18:04:48.420 I/NpuProbe(19628): [ggml] ggml_opencl: mem base addr align: 128
10-07 18:04:48.420 I/NpuProbe(19628): [ggml] ggml_opencl: global mem size: 7555 MB
10-07 18:04:48.420 I/NpuProbe(19628): [ggml] ggml_opencl: max mem alloc size: 2048 MB
10-07 18:04:48.420 I/NpuProbe(19628): [ggml] ggml_opencl: device max image buffer size (pixels): 2147483648
10-07 18:04:48.420 I/NpuProbe(19628): [ggml] ggml_opencl: device max image2d size: 16384 x 16384
10-07 18:04:48.420 I/NpuProbe(19628): [ggml] ggml_opencl: device max workgroup size: 1024
10-07 18:04:48.420 I/NpuProbe(19628): [ggml] ggml_opencl: SVM coarse grain buffer support: true
10-07 18:04:48.420 I/NpuProbe(19628): [ggml] ggml_opencl: SVM fine grain buffer support: true
10-07 18:04:48.420 I/NpuProbe(19628): [ggml] ggml_opencl: SVM fine grain system support: false
10-07 18:04:48.420 I/NpuProbe(19628): [ggml] ggml_opencl: SVM atomics support: true
10-07 18:04:48.420 I/NpuProbe(19628): [ggml] ggml_opencl: cl_qcom_subgroup_shuffle support: true
10-07 18:04:48.420 I/NpuProbe(19628): [ggml] ggml_opencl: flattening quantized weights representation as struct of arrays (GGML_OPENCL_SOA_Q)
10-07 18:04:48.420 I/NpuProbe(19628): [ggml] ggml_opencl: using kernels optimized for Adreno (GGML_OPENCL_USE_ADRENO_KERNELS)
10-07 18:04:48.808 I/NpuProbe(19628): load(origem)=349ms
10-07 18:04:48.842 I/NpuProbe(19628): ctxs prontos (cold_total=3497ms)
10-07 18:04:50.194 I/NpuProbe(19628): [ggml] ggml_opencl: lazy-compiling flash_attn prepass for DK=128 DV=128
10-07 18:04:50.194 I/NpuProbe(19628): [ggml] ggml_opencl: compiling fa prepass f16
10-07 18:04:50.281 I/NpuProbe(19628): [ggml] ggml_opencl: compiling fa f32_f16
10-07 18:04:51.416 I/NpuProbe(19628): [ggml] ggml_opencl: flash_attn_f32_f16_q1_vec_mq_split_c8 DK=128 DV=128 per-kernel max 128 < required 256; skipping registration (will fall back)
10-07 18:04:51.416 I/NpuProbe(19628): [ggml] ggml_opencl: compiling fa f32_f16 MQ_GQA=8
10-07 18:04:51.982 I/NpuProbe(19628): [ggml] ggml_opencl: flash_attn_f32_f16_q1_vec_mq_split_c8 (g8) DK=128 DV=128 per-kernel max 128 < required 192; skipping registration (will fall back)
10-07 18:04:51.982 I/NpuProbe(19628): [ggml] ggml_opencl: compiling fa f32_f16 c8 NSG2
10-07 18:04:52.367 I/NpuProbe(19628): [ggml] ggml_opencl: compiling fa f32_f16 c8 g8 NSG2
10-07 18:04:52.926 I/NpuProbe(19628): [ggml] ggml_opencl: compiling fa f32_f16 split
10-07 18:04:53.963 I/NpuProbe(19628): A1: ok=1 cap=1 eog_tok1=0 tok1=33 amostrados(s/d)=2/1 emitidos=2 consumidos=1 decodes_s_pos_ponte=1
10-07 18:04:53.963 I/NpuProbe(19628): A1 tempos: prefill=1322.06ms export=0.15ms(2032789B) import=4.05ms gen=3752.00ms
10-07 18:04:53.963 I/NpuProbe(19628): A1 espelho: passos=1 iguais=1 div_pos=-1 div_marg(d/s)=-1.000/-1.000 marg_final_destino=9.4413
10-07 18:04:53.963 I/NpuProbe(19628): A1 fronteiras(ms desde request): prefill_done=4819.8 tok1_ready=4843.9 import_done=4848.0 tok2_ready=8484.3 fim=8600.0 (INTERNAS; sem streaming de UI no probe)
10-07 18:04:53.963 I/NpuProbe(19628): A1 prompt_hash=a5de647b1ff84e74
10-07 18:04:53.963 I/NpuProbe(19628): A1 texto: Bom
10-07 18:04:53.968 I/NpuProbe(19628): reset: pos cmp (origem=-1 destino=-1) -> VAZIO ok
10-07 18:04:55.764 I/NpuProbe(19628): A2: ok=1 texto igual ao A1: SIM
10-07 18:04:55.764 I/NpuProbe(19628): RESULTADO: SMART-PARCIAL (cap atingido; A-B-A igual)
10-07 18:04:55.973 I/NpuProbe(19628): SMART REPORT:
10-07 18:04:55.973 I/NpuProbe(19628): SMART (opencl)
10-07 18:04:55.973 I/NpuProbe(19628): 
10-07 18:04:55.973 I/NpuProbe(19628): SMARTv2 rota='opencl' mutante=smart_cap2
10-07 18:04:55.973 I/NpuProbe(19628): MODO VALIDACAO (espelho teacher-forcing)
10-07 18:04:55.973 I/NpuProbe(19628): MODO PONTE: origem=htp | destino=opencl (GPUOpenCL)
10-07 18:04:55.973 I/NpuProbe(19628): load(destino)=3073ms
10-07 18:04:55.973 I/NpuProbe(19628): load(origem)=349ms
10-07 18:04:55.973 I/NpuProbe(19628): ctxs prontos (cold_total=3497ms)
10-07 18:04:55.973 I/NpuProbe(19628): A1: ok=1 cap=1 eog_tok1=0 tok1=33 amostrados(s/d)=2/1 emitidos=2 consumidos=1 decodes_s_pos_ponte=1
10-07 18:04:55.973 I/NpuProbe(19628): A1 tempos: prefill=1322.06ms export=0.15ms(2032789B) import=4.05ms gen=3752.00ms
10-07 18:04:55.973 I/NpuProbe(19628): A1 espelho: passos=1 iguais=1 div_pos=-1 div_marg(d/s)=-1.000/-1.000 marg_final_destino=9.4413
10-07 18:04:55.973 I/NpuProbe(19628): A1 fronteiras(ms desde request): prefill_done=4819.8 tok1_ready=4843.9 import_done=4848.0 tok2_ready=8484.3 fim=8600.0 (INTERNAS; sem streaming de UI no probe)
10-07 18:04:55.973 I/NpuProbe(19628): A1 prompt_hash=a5de647b1ff84e74
10-07 18:04:55.973 I/NpuProbe(19628): A1 texto: Bom
10-07 18:04:55.973 I/NpuProbe(19628): reset: pos cmp (origem=-1 destino=-1) -> VAZIO ok
10-07 18:04:55.973 I/NpuProbe(19628): A2: ok=1 texto igual ao A1: SIM
10-07 18:04:55.973 I/NpuProbe(19628): RESULTADO: SMART-PARCIAL (cap atingido; A-B-A igual)
10-07 18:05:40.176 I/NpuProbe(20454): nativeLibraryDir=/data/app/~~KwZfWkcGpvE3pHpO5j6iVg==/br.gov.sp.pcsp.npuprobe-D-MkRQ_cdspvS-IriVbiTA==/lib/arm64
10-07 18:05:40.176 I/NpuProbe(20454): libdir=/data/app/~~KwZfWkcGpvE3pHpO5j6iVg==/br.gov.sp.pcsp.npuprobe-D-MkRQ_cdspvS-IriVbiTA==/lib/arm64
10-07 18:05:40.176 I/NpuProbe(20454): build=llama.cpp-upstream-pkg (v11-libs) + probe R4
10-07 18:05:40.176 I/NpuProbe(20454): controle-sistema (liblog.so)=OK
10-07 18:05:40.176 I/NpuProbe(20454): negativo-fake (libnaoexiste_xyz.so)=FALHOU err=dlopen failed: library "libnaoexiste_xyz.so" not found
10-07 18:05:40.178 I/NpuProbe(20454): cdsprpc-nome (libcdsprpc.so)=OK
10-07 18:05:40.178 I/NpuProbe(20454): cdsprpc-abs (/vendor/lib64/libcdsprpc.so)=OK
10-07 18:05:40.178 I/NpuProbe(20454): ADSP_LIBRARY_PATH=libdir (setenv)
10-07 18:05:40.179 I/NpuProbe(20454): [ggml] ggml_vulkan: Found 1 Vulkan devices:
10-07 18:05:40.179 I/NpuProbe(20454): [ggml] ggml_vulkan: 0 = Adreno (TM) 840 (Qualcomm Technologies Inc. Adreno Vulkan Driver) | uma: 1 | fp16: 1 | bf16: 0 | fp4: 0 | warp size: 64 | shared memory: 32768 | int dot: 0 | matrix cores: none
10-07 18:05:40.185 I/NpuProbe(20454): [ggml] ggml_opencl: selected platform: 'QUALCOMM Snapdragon(TM)'
10-07 18:05:40.186 I/NpuProbe(20454): [ggml] 
10-07 18:05:40.186 I/NpuProbe(20454): ggml_opencl: device: 'QUALCOMM Adreno(TM) 840 (OpenCL 3.0 Adreno(TM) 840)'
10-07 18:05:40.186 I/NpuProbe(20454): [ggml] ggml_opencl: default device: 'QUALCOMM Adreno(TM) 840 (OpenCL 3.0 Adreno(TM) 840)'
10-07 18:05:40.186 I/NpuProbe(20454): [ggml] ggml-hex: Loading driver libcdsprpc.so
10-07 18:05:40.187 I/NpuProbe(20454): [ggml] ggml-hex: Hexagon backend (experimental) : allocating new registry : ndev 1
10-07 18:05:40.187 I/NpuProbe(20454): [ggml] ggml-hex: Hexagon Arch version v81
10-07 18:05:40.187 I/NpuProbe(20454): [ggml] ggml-hex: HTP0 allocating new session
10-07 18:05:40.219 I/NpuProbe(20454): [ggml] ggml-hex: HTP0 hwinfo: threads 8, hvx 8, hmx 1, vtcm 8 MB
10-07 18:05:40.219 I/NpuProbe(20454): [ggml] ggml-hex: HTP0 new session : session-id 0 domain-id 3 uri file:///libggml-htp-v81.so?htp_iface_skel_handle_invoke&_modver=1.0&_dom=cdsp&_session=0 handle 0xb4000077d52aa300
10-07 18:05:40.222 I/NpuProbe(20454): [ggml] ggml-hex: HTP0 op batching: n-bufs 16 n-tensors 7168 n-ops 1024 vmem 3355443200
10-07 18:05:40.226 I/NpuProbe(20454): load_all_from_path=48ms
10-07 18:05:40.227 I/NpuProbe(20454): [ggml] load_backend: failed to find ggml_backend_init in /data/app/~~KwZfWkcGpvE3pHpO5j6iVg==/br.gov.sp.pcsp.npuprobe-D-MkRQ_cdspvS-IriVbiTA==/lib/arm64/libggml-hexagon.so
10-07 18:05:40.227 I/NpuProbe(20454): load(hexagon direto)=FALHOU em 0ms
10-07 18:05:40.227 I/NpuProbe(20454): devices=4
10-07 18:05:40.227 I/NpuProbe(20454):   dev[0] Vulkan0 (Adreno (TM) 840)
10-07 18:05:40.227 I/NpuProbe(20454):   dev[1] GPUOpenCL (QUALCOMM Adreno(TM) 840)
10-07 18:05:40.227 I/NpuProbe(20454):   dev[2] HTP0 (Hexagon)
10-07 18:05:40.227 I/NpuProbe(20454):   dev[3] CPU (CPU)
10-07 18:05:40.227 I/NpuProbe(20454): dev_init(HTP0)=0ms -> SESSAO ABERTA
10-07 18:05:40.227 I/NpuProbe(20454): graph_compute(MUL_MAT 64x64)=0.5ms status=0
10-07 18:05:40.227 I/NpuProbe(20454): c[0]=128.000000 (esperado 128.0)
10-07 18:05:40.227 I/NpuProbe(20454): RESULTADO: APP-UID OK: sessao HTP + op executado com resultado correto
10-07 18:05:40.228 I/NpuProbe(20454): REPORT:
10-07 18:05:40.228 I/NpuProbe(20454): libdir=/data/app/~~KwZfWkcGpvE3pHpO5j6iVg==/br.gov.sp.pcsp.npuprobe-D-MkRQ_cdspvS-IriVbiTA==/lib/arm64
10-07 18:05:40.228 I/NpuProbe(20454): build=llama.cpp-upstream-pkg (v11-libs) + probe R4
10-07 18:05:40.228 I/NpuProbe(20454): controle-sistema (liblog.so)=OK
10-07 18:05:40.228 I/NpuProbe(20454): negativo-fake (libnaoexiste_xyz.so)=FALHOU err=dlopen failed: library "libnaoexiste_xyz.so" not found
10-07 18:05:40.228 I/NpuProbe(20454): cdsprpc-nome (libcdsprpc.so)=OK
10-07 18:05:40.228 I/NpuProbe(20454): cdsprpc-abs (/vendor/lib64/libcdsprpc.so)=OK
10-07 18:05:40.228 I/NpuProbe(20454): ADSP_LIBRARY_PATH=libdir (setenv)
10-07 18:05:40.228 I/NpuProbe(20454): load_all_from_path=48ms
10-07 18:05:40.228 I/NpuProbe(20454): load(hexagon direto)=FALHOU em 0ms
10-07 18:05:40.228 I/NpuProbe(20454): devices=4
10-07 18:05:40.228 I/NpuProbe(20454):   dev[0] Vulkan0 (Adreno (TM) 840)
10-07 18:05:40.228 I/NpuProbe(20454):   dev[1] GPUOpenCL (QUALCOMM Adreno(TM) 840)
10-07 18:05:40.228 I/NpuProbe(20454):   dev[2] HTP0 (Hexagon)
10-07 18:05:40.228 I/NpuProbe(20454):   dev[3] CPU (CPU)
10-07 18:05:40.228 I/NpuProbe(20454): dev_init(HTP0)=0ms -> SESSAO ABERTA
10-07 18:05:40.228 I/NpuProbe(20454): graph_compute(MUL_MAT 64x64)=0.5ms status=0
10-07 18:05:40.228 I/NpuProbe(20454): c[0]=128.000000 (esperado 128.0)
10-07 18:05:40.228 I/NpuProbe(20454): RESULTADO: APP-UID OK: sessao HTP + op executado com resultado correto
10-07 18:05:40.228 I/NpuProbe(20454): AUTO-GATILHO='smart:opencl'
10-07 18:05:40.229 I/NpuProbe(20454): SMART iniciando rota=opencl com /data/local/tmp/hymt2_app.gguf
10-07 18:05:40.229 I/NpuProbe(20454): SMARTv2 rota='opencl' mutante=(none)
10-07 18:05:40.230 I/NpuProbe(20454): MODO VALIDACAO (espelho teacher-forcing)
10-07 18:05:40.230 I/NpuProbe(20454): MODO PONTE: origem=htp | destino=opencl (GPUOpenCL)
10-07 18:05:43.180 I/NpuProbe(20454): load(destino)=2950ms
10-07 18:05:43.180 I/NpuProbe(20454): [ggml] ggml_opencl: OpenCL driver: OpenCL 3.0 QUALCOMM build: 0842.41 Compiler E031.50.19.27
10-07 18:05:43.180 I/NpuProbe(20454): [ggml] ggml_opencl: vector subgroup broadcast support: true
10-07 18:05:43.180 I/NpuProbe(20454): [ggml] ggml_opencl: subgroup shuffle support: true
10-07 18:05:43.180 I/NpuProbe(20454): [ggml] ggml_opencl: device FP16 support: true
10-07 18:05:43.180 I/NpuProbe(20454): [ggml] ggml_opencl: khr dot product support: true
10-07 18:05:43.180 I/NpuProbe(20454): [ggml] ggml_opencl: mem base addr align: 128
10-07 18:05:43.180 I/NpuProbe(20454): [ggml] ggml_opencl: global mem size: 7555 MB
10-07 18:05:43.180 I/NpuProbe(20454): [ggml] ggml_opencl: max mem alloc size: 2048 MB
10-07 18:05:43.180 I/NpuProbe(20454): [ggml] ggml_opencl: device max image buffer size (pixels): 2147483648
10-07 18:05:43.180 I/NpuProbe(20454): [ggml] ggml_opencl: device max image2d size: 16384 x 16384
10-07 18:05:43.180 I/NpuProbe(20454): [ggml] ggml_opencl: device max workgroup size: 1024
10-07 18:05:43.180 I/NpuProbe(20454): [ggml] ggml_opencl: SVM coarse grain buffer support: true
10-07 18:05:43.180 I/NpuProbe(20454): [ggml] ggml_opencl: SVM fine grain buffer support: true
10-07 18:05:43.180 I/NpuProbe(20454): [ggml] ggml_opencl: SVM fine grain system support: false
10-07 18:05:43.180 I/NpuProbe(20454): [ggml] ggml_opencl: SVM atomics support: true
10-07 18:05:43.180 I/NpuProbe(20454): [ggml] ggml_opencl: cl_qcom_subgroup_shuffle support: true
10-07 18:05:43.180 I/NpuProbe(20454): [ggml] ggml_opencl: flattening quantized weights representation as struct of arrays (GGML_OPENCL_SOA_Q)
10-07 18:05:43.180 I/NpuProbe(20454): [ggml] ggml_opencl: using kernels optimized for Adreno (GGML_OPENCL_USE_ADRENO_KERNELS)
10-07 18:05:43.553 I/NpuProbe(20454): load(origem)=335ms
10-07 18:05:43.580 I/NpuProbe(20454): ctxs prontos (cold_total=3351ms)
10-07 18:05:45.042 I/NpuProbe(20454): [ggml] ggml_opencl: lazy-compiling flash_attn prepass for DK=128 DV=128
10-07 18:05:45.042 I/NpuProbe(20454): [ggml] ggml_opencl: compiling fa prepass f16
10-07 18:05:45.090 I/NpuProbe(20454): [ggml] ggml_opencl: compiling fa f32_f16
10-07 18:05:46.482 I/NpuProbe(20454): [ggml] ggml_opencl: flash_attn_f32_f16_q1_vec_mq_split_c8 DK=128 DV=128 per-kernel max 128 < required 256; skipping registration (will fall back)
10-07 18:05:46.482 I/NpuProbe(20454): [ggml] ggml_opencl: compiling fa f32_f16 MQ_GQA=8
10-07 18:05:47.151 I/NpuProbe(20454): [ggml] ggml_opencl: flash_attn_f32_f16_q1_vec_mq_split_c8 (g8) DK=128 DV=128 per-kernel max 128 < required 192; skipping registration (will fall back)
10-07 18:05:47.151 I/NpuProbe(20454): [ggml] ggml_opencl: compiling fa f32_f16 c8 NSG2
10-07 18:05:47.600 I/NpuProbe(20454): [ggml] ggml_opencl: compiling fa f32_f16 c8 g8 NSG2
10-07 18:05:48.264 I/NpuProbe(20454): [ggml] ggml_opencl: compiling fa f32_f16 split
10-07 18:05:50.514 I/NpuProbe(20454): A1: ok=1 cap=0 eog_tok1=0 tok1=33 amostrados(s/d)=9/8 emitidos=8 consumidos=8 decodes_s_pos_ponte=8
10-07 18:05:50.514 I/NpuProbe(20454): A1 tempos: prefill=1433.98ms export=0.17ms(2032789B) import=4.14ms gen=5455.29ms
10-07 18:05:50.514 I/NpuProbe(20454): A1 espelho: passos=8 iguais=8 div_pos=-1 div_marg(d/s)=-1.000/-1.000 marg_final_destino=27.4349
10-07 18:05:50.514 I/NpuProbe(20454): A1 fronteiras(ms desde request): prefill_done=4785.4 tok1_ready=4807.9 import_done=4812.0 tok2_ready=9072.4 fim=10267.3 (INTERNAS; sem streaming de UI no probe)
10-07 18:05:50.514 I/NpuProbe(20454): A1 prompt_hash=a5de647b1ff84e74
10-07 18:05:50.514 I/NpuProbe(20454): A1 texto: Bom dia, como você está?
10-07 18:05:50.519 I/NpuProbe(20454): reset: pos cmp (origem=-1 destino=-1) -> VAZIO ok
10-07 18:05:53.355 I/NpuProbe(20454): A2: ok=1 texto igual ao A1: SIM
10-07 18:05:53.355 I/NpuProbe(20454): RESULTADO: SMART-ACEITO (htp->opencl; A-B-A integral; espelho 8/8)
10-07 18:05:53.560 I/NpuProbe(20454): SMART REPORT:
10-07 18:05:53.560 I/NpuProbe(20454): SMART (opencl)
10-07 18:05:53.560 I/NpuProbe(20454): 
10-07 18:05:53.560 I/NpuProbe(20454): SMARTv2 rota='opencl' mutante=(none)
10-07 18:05:53.560 I/NpuProbe(20454): MODO VALIDACAO (espelho teacher-forcing)
10-07 18:05:53.560 I/NpuProbe(20454): MODO PONTE: origem=htp | destino=opencl (GPUOpenCL)
10-07 18:05:53.560 I/NpuProbe(20454): load(destino)=2950ms
10-07 18:05:53.560 I/NpuProbe(20454): load(origem)=335ms
10-07 18:05:53.560 I/NpuProbe(20454): ctxs prontos (cold_total=3351ms)
10-07 18:05:53.560 I/NpuProbe(20454): A1: ok=1 cap=0 eog_tok1=0 tok1=33 amostrados(s/d)=9/8 emitidos=8 consumidos=8 decodes_s_pos_ponte=8
10-07 18:05:53.560 I/NpuProbe(20454): A1 tempos: prefill=1433.98ms export=0.17ms(2032789B) import=4.14ms gen=5455.29ms
10-07 18:05:53.560 I/NpuProbe(20454): A1 espelho: passos=8 iguais=8 div_pos=-1 div_marg(d/s)=-1.000/-1.000 marg_final_destino=27.4349
10-07 18:05:53.560 I/NpuProbe(20454): A1 fronteiras(ms desde request): prefill_done=4785.4 tok1_ready=4807.9 import_done=4812.0 tok2_ready=9072.4 fim=10267.3 (INTERNAS; sem streaming de UI no probe)
10-07 18:05:53.560 I/NpuProbe(20454): A1 prompt_hash=a5de647b1ff84e74
10-07 18:05:53.560 I/NpuProbe(20454): A1 texto: Bom dia, como você está?
10-07 18:05:53.560 I/NpuProbe(20454): reset: pos cmp (origem=-1 destino=-1) -> VAZIO ok
10-07 18:05:53.560 I/NpuProbe(20454): A2: ok=1 texto igual ao A1: SIM
10-07 18:05:53.560 I/NpuProbe(20454): RESULTADO: SMART-ACEITO (htp->opencl; A-B-A integral; espelho 8/8)
[rec 18:05:08]
--------- beginning of main
10-07 18:05:40.176 I/NpuProbe(20454): nativeLibraryDir=/data/app/~~KwZfWkcGpvE3pHpO5j6iVg==/br.gov.sp.pcsp.npuprobe-D-MkRQ_cdspvS-IriVbiTA==/lib/arm64
10-07 18:05:40.176 I/NpuProbe(20454): libdir=/data/app/~~KwZfWkcGpvE3pHpO5j6iVg==/br.gov.sp.pcsp.npuprobe-D-MkRQ_cdspvS-IriVbiTA==/lib/arm64
10-07 18:05:40.176 I/NpuProbe(20454): build=llama.cpp-upstream-pkg (v11-libs) + probe R4
10-07 18:05:40.176 I/NpuProbe(20454): controle-sistema (liblog.so)=OK
10-07 18:05:40.176 I/NpuProbe(20454): negativo-fake (libnaoexiste_xyz.so)=FALHOU err=dlopen failed: library "libnaoexiste_xyz.so" not found
10-07 18:05:40.178 I/NpuProbe(20454): cdsprpc-nome (libcdsprpc.so)=OK
10-07 18:05:40.178 I/NpuProbe(20454): cdsprpc-abs (/vendor/lib64/libcdsprpc.so)=OK
10-07 18:05:40.178 I/NpuProbe(20454): ADSP_LIBRARY_PATH=libdir (setenv)
10-07 18:05:40.179 I/NpuProbe(20454): [ggml] ggml_vulkan: Found 1 Vulkan devices:
10-07 18:05:40.179 I/NpuProbe(20454): [ggml] ggml_vulkan: 0 = Adreno (TM) 840 (Qualcomm Technologies Inc. Adreno Vulkan Driver) | uma: 1 | fp16: 1 | bf16: 0 | fp4: 0 | warp size: 64 | shared memory: 32768 | int dot: 0 | matrix cores: none
10-07 18:05:40.185 I/NpuProbe(20454): [ggml] ggml_opencl: selected platform: 'QUALCOMM Snapdragon(TM)'
10-07 18:05:40.186 I/NpuProbe(20454): [ggml] 
10-07 18:05:40.186 I/NpuProbe(20454): ggml_opencl: device: 'QUALCOMM Adreno(TM) 840 (OpenCL 3.0 Adreno(TM) 840)'
10-07 18:05:40.186 I/NpuProbe(20454): [ggml] ggml_opencl: default device: 'QUALCOMM Adreno(TM) 840 (OpenCL 3.0 Adreno(TM) 840)'
10-07 18:05:40.186 I/NpuProbe(20454): [ggml] ggml-hex: Loading driver libcdsprpc.so
10-07 18:05:40.187 I/NpuProbe(20454): [ggml] ggml-hex: Hexagon backend (experimental) : allocating new registry : ndev 1
10-07 18:05:40.187 I/NpuProbe(20454): [ggml] ggml-hex: Hexagon Arch version v81
10-07 18:05:40.187 I/NpuProbe(20454): [ggml] ggml-hex: HTP0 allocating new session
10-07 18:05:40.219 I/NpuProbe(20454): [ggml] ggml-hex: HTP0 hwinfo: threads 8, hvx 8, hmx 1, vtcm 8 MB
10-07 18:05:40.219 I/NpuProbe(20454): [ggml] ggml-hex: HTP0 new session : session-id 0 domain-id 3 uri file:///libggml-htp-v81.so?htp_iface_skel_handle_invoke&_modver=1.0&_dom=cdsp&_session=0 handle 0xb4000077d52aa300
10-07 18:05:40.222 I/NpuProbe(20454): [ggml] ggml-hex: HTP0 op batching: n-bufs 16 n-tensors 7168 n-ops 1024 vmem 3355443200
10-07 18:05:40.226 I/NpuProbe(20454): load_all_from_path=48ms
10-07 18:05:40.227 I/NpuProbe(20454): [ggml] load_backend: failed to find ggml_backend_init in /data/app/~~KwZfWkcGpvE3pHpO5j6iVg==/br.gov.sp.pcsp.npuprobe-D-MkRQ_cdspvS-IriVbiTA==/lib/arm64/libggml-hexagon.so
10-07 18:05:40.227 I/NpuProbe(20454): load(hexagon direto)=FALHOU em 0ms
10-07 18:05:40.227 I/NpuProbe(20454): devices=4
10-07 18:05:40.227 I/NpuProbe(20454):   dev[0] Vulkan0 (Adreno (TM) 840)
10-07 18:05:40.227 I/NpuProbe(20454):   dev[1] GPUOpenCL (QUALCOMM Adreno(TM) 840)
10-07 18:05:40.227 I/NpuProbe(20454):   dev[2] HTP0 (Hexagon)
10-07 18:05:40.227 I/NpuProbe(20454):   dev[3] CPU (CPU)
10-07 18:05:40.227 I/NpuProbe(20454): dev_init(HTP0)=0ms -> SESSAO ABERTA
10-07 18:05:40.227 I/NpuProbe(20454): graph_compute(MUL_MAT 64x64)=0.5ms status=0
10-07 18:05:40.227 I/NpuProbe(20454): c[0]=128.000000 (esperado 128.0)
10-07 18:05:40.227 I/NpuProbe(20454): RESULTADO: APP-UID OK: sessao HTP + op executado com resultado correto
10-07 18:05:40.228 I/NpuProbe(20454): REPORT:
10-07 18:05:40.228 I/NpuProbe(20454): libdir=/data/app/~~KwZfWkcGpvE3pHpO5j6iVg==/br.gov.sp.pcsp.npuprobe-D-MkRQ_cdspvS-IriVbiTA==/lib/arm64
10-07 18:05:40.228 I/NpuProbe(20454): build=llama.cpp-upstream-pkg (v11-libs) + probe R4
10-07 18:05:40.228 I/NpuProbe(20454): controle-sistema (liblog.so)=OK
10-07 18:05:40.228 I/NpuProbe(20454): negativo-fake (libnaoexiste_xyz.so)=FALHOU err=dlopen failed: library "libnaoexiste_xyz.so" not found
10-07 18:05:40.228 I/NpuProbe(20454): cdsprpc-nome (libcdsprpc.so)=OK
10-07 18:05:40.228 I/NpuProbe(20454): cdsprpc-abs (/vendor/lib64/libcdsprpc.so)=OK
10-07 18:05:40.228 I/NpuProbe(20454): ADSP_LIBRARY_PATH=libdir (setenv)
10-07 18:05:40.228 I/NpuProbe(20454): load_all_from_path=48ms
10-07 18:05:40.228 I/NpuProbe(20454): load(hexagon direto)=FALHOU em 0ms
10-07 18:05:40.228 I/NpuProbe(20454): devices=4
10-07 18:05:40.228 I/NpuProbe(20454):   dev[0] Vulkan0 (Adreno (TM) 840)
10-07 18:05:40.228 I/NpuProbe(20454):   dev[1] GPUOpenCL (QUALCOMM Adreno(TM) 840)
10-07 18:05:40.228 I/NpuProbe(20454):   dev[2] HTP0 (Hexagon)
10-07 18:05:40.228 I/NpuProbe(20454):   dev[3] CPU (CPU)
10-07 18:05:40.228 I/NpuProbe(20454): dev_init(HTP0)=0ms -> SESSAO ABERTA
10-07 18:05:40.228 I/NpuProbe(20454): graph_compute(MUL_MAT 64x64)=0.5ms status=0
10-07 18:05:40.228 I/NpuProbe(20454): c[0]=128.000000 (esperado 128.0)
10-07 18:05:40.228 I/NpuProbe(20454): RESULTADO: APP-UID OK: sessao HTP + op executado com resultado correto
10-07 18:05:40.228 I/NpuProbe(20454): AUTO-GATILHO='smart:opencl'
10-07 18:05:40.229 I/NpuProbe(20454): SMART iniciando rota=opencl com /data/local/tmp/hymt2_app.gguf
10-07 18:05:40.229 I/NpuProbe(20454): SMARTv2 rota='opencl' mutante=(none)
10-07 18:05:40.230 I/NpuProbe(20454): MODO VALIDACAO (espelho teacher-forcing)
10-07 18:05:40.230 I/NpuProbe(20454): MODO PONTE: origem=htp | destino=opencl (GPUOpenCL)
10-07 18:05:43.180 I/NpuProbe(20454): load(destino)=2950ms
10-07 18:05:43.180 I/NpuProbe(20454): [ggml] ggml_opencl: OpenCL driver: OpenCL 3.0 QUALCOMM build: 0842.41 Compiler E031.50.19.27
10-07 18:05:43.180 I/NpuProbe(20454): [ggml] ggml_opencl: vector subgroup broadcast support: true
10-07 18:05:43.180 I/NpuProbe(20454): [ggml] ggml_opencl: subgroup shuffle support: true
10-07 18:05:43.180 I/NpuProbe(20454): [ggml] ggml_opencl: device FP16 support: true
10-07 18:05:43.180 I/NpuProbe(20454): [ggml] ggml_opencl: khr dot product support: true
10-07 18:05:43.180 I/NpuProbe(20454): [ggml] ggml_opencl: mem base addr align: 128
10-07 18:05:43.180 I/NpuProbe(20454): [ggml] ggml_opencl: global mem size: 7555 MB
10-07 18:05:43.180 I/NpuProbe(20454): [ggml] ggml_opencl: max mem alloc size: 2048 MB
10-07 18:05:43.180 I/NpuProbe(20454): [ggml] ggml_opencl: device max image buffer size (pixels): 2147483648
10-07 18:05:43.180 I/NpuProbe(20454): [ggml] ggml_opencl: device max image2d size: 16384 x 16384
10-07 18:05:43.180 I/NpuProbe(20454): [ggml] ggml_opencl: device max workgroup size: 1024
10-07 18:05:43.180 I/NpuProbe(20454): [ggml] ggml_opencl: SVM coarse grain buffer support: true
10-07 18:05:43.180 I/NpuProbe(20454): [ggml] ggml_opencl: SVM fine grain buffer support: true
10-07 18:05:43.180 I/NpuProbe(20454): [ggml] ggml_opencl: SVM fine grain system support: false
10-07 18:05:43.180 I/NpuProbe(20454): [ggml] ggml_opencl: SVM atomics support: true
10-07 18:05:43.180 I/NpuProbe(20454): [ggml] ggml_opencl: cl_qcom_subgroup_shuffle support: true
10-07 18:05:43.180 I/NpuProbe(20454): [ggml] ggml_opencl: flattening quantized weights representation as struct of arrays (GGML_OPENCL_SOA_Q)
10-07 18:05:43.180 I/NpuProbe(20454): [ggml] ggml_opencl: using kernels optimized for Adreno (GGML_OPENCL_USE_ADRENO_KERNELS)
10-07 18:05:43.553 I/NpuProbe(20454): load(origem)=335ms
10-07 18:05:43.580 I/NpuProbe(20454): ctxs prontos (cold_total=3351ms)
10-07 18:05:45.042 I/NpuProbe(20454): [ggml] ggml_opencl: lazy-compiling flash_attn prepass for DK=128 DV=128
10-07 18:05:45.042 I/NpuProbe(20454): [ggml] ggml_opencl: compiling fa prepass f16
10-07 18:05:45.090 I/NpuProbe(20454): [ggml] ggml_opencl: compiling fa f32_f16
10-07 18:05:46.482 I/NpuProbe(20454): [ggml] ggml_opencl: flash_attn_f32_f16_q1_vec_mq_split_c8 DK=128 DV=128 per-kernel max 128 < required 256; skipping registration (will fall back)
10-07 18:05:46.482 I/NpuProbe(20454): [ggml] ggml_opencl: compiling fa f32_f16 MQ_GQA=8
10-07 18:05:47.151 I/NpuProbe(20454): [ggml] ggml_opencl: flash_attn_f32_f16_q1_vec_mq_split_c8 (g8) DK=128 DV=128 per-kernel max 128 < required 192; skipping registration (will fall back)
10-07 18:05:47.151 I/NpuProbe(20454): [ggml] ggml_opencl: compiling fa f32_f16 c8 NSG2
10-07 18:05:47.600 I/NpuProbe(20454): [ggml] ggml_opencl: compiling fa f32_f16 c8 g8 NSG2
10-07 18:05:48.264 I/NpuProbe(20454): [ggml] ggml_opencl: compiling fa f32_f16 split
10-07 18:05:50.514 I/NpuProbe(20454): A1: ok=1 cap=0 eog_tok1=0 tok1=33 amostrados(s/d)=9/8 emitidos=8 consumidos=8 decodes_s_pos_ponte=8
10-07 18:05:50.514 I/NpuProbe(20454): A1 tempos: prefill=1433.98ms export=0.17ms(2032789B) import=4.14ms gen=5455.29ms
10-07 18:05:50.514 I/NpuProbe(20454): A1 espelho: passos=8 iguais=8 div_pos=-1 div_marg(d/s)=-1.000/-1.000 marg_final_destino=27.4349
10-07 18:05:50.514 I/NpuProbe(20454): A1 fronteiras(ms desde request): prefill_done=4785.4 tok1_ready=4807.9 import_done=4812.0 tok2_ready=9072.4 fim=10267.3 (INTERNAS; sem streaming de UI no probe)
10-07 18:05:50.514 I/NpuProbe(20454): A1 prompt_hash=a5de647b1ff84e74
10-07 18:05:50.514 I/NpuProbe(20454): A1 texto: Bom dia, como você está?
10-07 18:05:50.519 I/NpuProbe(20454): reset: pos cmp (origem=-1 destino=-1) -> VAZIO ok
10-07 18:05:53.355 I/NpuProbe(20454): A2: ok=1 texto igual ao A1: SIM
10-07 18:05:53.355 I/NpuProbe(20454): RESULTADO: SMART-ACEITO (htp->opencl; A-B-A integral; espelho 8/8)
10-07 18:05:53.560 I/NpuProbe(20454): SMART REPORT:
10-07 18:05:53.560 I/NpuProbe(20454): SMART (opencl)
10-07 18:05:53.560 I/NpuProbe(20454): 
10-07 18:05:53.560 I/NpuProbe(20454): SMARTv2 rota='opencl' mutante=(none)
10-07 18:05:53.560 I/NpuProbe(20454): MODO VALIDACAO (espelho teacher-forcing)
10-07 18:05:53.560 I/NpuProbe(20454): MODO PONTE: origem=htp | destino=opencl (GPUOpenCL)
10-07 18:05:53.560 I/NpuProbe(20454): load(destino)=2950ms
10-07 18:05:53.560 I/NpuProbe(20454): load(origem)=335ms
10-07 18:05:53.560 I/NpuProbe(20454): ctxs prontos (cold_total=3351ms)
10-07 18:05:53.560 I/NpuProbe(20454): A1: ok=1 cap=0 eog_tok1=0 tok1=33 amostrados(s/d)=9/8 emitidos=8 consumidos=8 decodes_s_pos_ponte=8
10-07 18:05:53.560 I/NpuProbe(20454): A1 tempos: prefill=1433.98ms export=0.17ms(2032789B) import=4.14ms gen=5455.29ms
10-07 18:05:53.560 I/NpuProbe(20454): A1 espelho: passos=8 iguais=8 div_pos=-1 div_marg(d/s)=-1.000/-1.000 marg_final_destino=27.4349
10-07 18:05:53.560 I/NpuProbe(20454): A1 fronteiras(ms desde request): prefill_done=4785.4 tok1_ready=4807.9 import_done=4812.0 tok2_ready=9072.4 fim=10267.3 (INTERNAS; sem streaming de UI no probe)
10-07 18:05:53.560 I/NpuProbe(20454): A1 prompt_hash=a5de647b1ff84e74
10-07 18:05:53.560 I/NpuProbe(20454): A1 texto: Bom dia, como você está?
10-07 18:05:53.560 I/NpuProbe(20454): reset: pos cmp (origem=-1 destino=-1) -> VAZIO ok
10-07 18:05:53.560 I/NpuProbe(20454): A2: ok=1 texto igual ao A1: SIM
10-07 18:05:53.560 I/NpuProbe(20454): RESULTADO: SMART-ACEITO (htp->opencl; A-B-A integral; espelho 8/8)
[rec 18:05:35]
--------- beginning of main
10-07 18:05:40.176 I/NpuProbe(20454): nativeLibraryDir=/data/app/~~KwZfWkcGpvE3pHpO5j6iVg==/br.gov.sp.pcsp.npuprobe-D-MkRQ_cdspvS-IriVbiTA==/lib/arm64
10-07 18:05:40.176 I/NpuProbe(20454): libdir=/data/app/~~KwZfWkcGpvE3pHpO5j6iVg==/br.gov.sp.pcsp.npuprobe-D-MkRQ_cdspvS-IriVbiTA==/lib/arm64
10-07 18:05:40.176 I/NpuProbe(20454): build=llama.cpp-upstream-pkg (v11-libs) + probe R4
10-07 18:05:40.176 I/NpuProbe(20454): controle-sistema (liblog.so)=OK
10-07 18:05:40.176 I/NpuProbe(20454): negativo-fake (libnaoexiste_xyz.so)=FALHOU err=dlopen failed: library "libnaoexiste_xyz.so" not found
10-07 18:05:40.178 I/NpuProbe(20454): cdsprpc-nome (libcdsprpc.so)=OK
10-07 18:05:40.178 I/NpuProbe(20454): cdsprpc-abs (/vendor/lib64/libcdsprpc.so)=OK
10-07 18:05:40.178 I/NpuProbe(20454): ADSP_LIBRARY_PATH=libdir (setenv)
10-07 18:05:40.179 I/NpuProbe(20454): [ggml] ggml_vulkan: Found 1 Vulkan devices:
10-07 18:05:40.179 I/NpuProbe(20454): [ggml] ggml_vulkan: 0 = Adreno (TM) 840 (Qualcomm Technologies Inc. Adreno Vulkan Driver) | uma: 1 | fp16: 1 | bf16: 0 | fp4: 0 | warp size: 64 | shared memory: 32768 | int dot: 0 | matrix cores: none
10-07 18:05:40.185 I/NpuProbe(20454): [ggml] ggml_opencl: selected platform: 'QUALCOMM Snapdragon(TM)'
10-07 18:05:40.186 I/NpuProbe(20454): [ggml] 
10-07 18:05:40.186 I/NpuProbe(20454): ggml_opencl: device: 'QUALCOMM Adreno(TM) 840 (OpenCL 3.0 Adreno(TM) 840)'
10-07 18:05:40.186 I/NpuProbe(20454): [ggml] ggml_opencl: default device: 'QUALCOMM Adreno(TM) 840 (OpenCL 3.0 Adreno(TM) 840)'
10-07 18:05:40.186 I/NpuProbe(20454): [ggml] ggml-hex: Loading driver libcdsprpc.so
10-07 18:05:40.187 I/NpuProbe(20454): [ggml] ggml-hex: Hexagon backend (experimental) : allocating new registry : ndev 1
10-07 18:05:40.187 I/NpuProbe(20454): [ggml] ggml-hex: Hexagon Arch version v81
10-07 18:05:40.187 I/NpuProbe(20454): [ggml] ggml-hex: HTP0 allocating new session
10-07 18:05:40.219 I/NpuProbe(20454): [ggml] ggml-hex: HTP0 hwinfo: threads 8, hvx 8, hmx 1, vtcm 8 MB
10-07 18:05:40.219 I/NpuProbe(20454): [ggml] ggml-hex: HTP0 new session : session-id 0 domain-id 3 uri file:///libggml-htp-v81.so?htp_iface_skel_handle_invoke&_modver=1.0&_dom=cdsp&_session=0 handle 0xb4000077d52aa300
10-07 18:05:40.222 I/NpuProbe(20454): [ggml] ggml-hex: HTP0 op batching: n-bufs 16 n-tensors 7168 n-ops 1024 vmem 3355443200
10-07 18:05:40.226 I/NpuProbe(20454): load_all_from_path=48ms
10-07 18:05:40.227 I/NpuProbe(20454): [ggml] load_backend: failed to find ggml_backend_init in /data/app/~~KwZfWkcGpvE3pHpO5j6iVg==/br.gov.sp.pcsp.npuprobe-D-MkRQ_cdspvS-IriVbiTA==/lib/arm64/libggml-hexagon.so
10-07 18:05:40.227 I/NpuProbe(20454): load(hexagon direto)=FALHOU em 0ms
10-07 18:05:40.227 I/NpuProbe(20454): devices=4
10-07 18:05:40.227 I/NpuProbe(20454):   dev[0] Vulkan0 (Adreno (TM) 840)
10-07 18:05:40.227 I/NpuProbe(20454):   dev[1] GPUOpenCL (QUALCOMM Adreno(TM) 840)
10-07 18:05:40.227 I/NpuProbe(20454):   dev[2] HTP0 (Hexagon)
10-07 18:05:40.227 I/NpuProbe(20454):   dev[3] CPU (CPU)
10-07 18:05:40.227 I/NpuProbe(20454): dev_init(HTP0)=0ms -> SESSAO ABERTA
10-07 18:05:40.227 I/NpuProbe(20454): graph_compute(MUL_MAT 64x64)=0.5ms status=0
10-07 18:05:40.227 I/NpuProbe(20454): c[0]=128.000000 (esperado 128.0)
10-07 18:05:40.227 I/NpuProbe(20454): RESULTADO: APP-UID OK: sessao HTP + op executado com resultado correto
10-07 18:05:40.228 I/NpuProbe(20454): REPORT:
10-07 18:05:40.228 I/NpuProbe(20454): libdir=/data/app/~~KwZfWkcGpvE3pHpO5j6iVg==/br.gov.sp.pcsp.npuprobe-D-MkRQ_cdspvS-IriVbiTA==/lib/arm64
10-07 18:05:40.228 I/NpuProbe(20454): build=llama.cpp-upstream-pkg (v11-libs) + probe R4
10-07 18:05:40.228 I/NpuProbe(20454): controle-sistema (liblog.so)=OK
10-07 18:05:40.228 I/NpuProbe(20454): negativo-fake (libnaoexiste_xyz.so)=FALHOU err=dlopen failed: library "libnaoexiste_xyz.so" not found
10-07 18:05:40.228 I/NpuProbe(20454): cdsprpc-nome (libcdsprpc.so)=OK
10-07 18:05:40.228 I/NpuProbe(20454): cdsprpc-abs (/vendor/lib64/libcdsprpc.so)=OK
10-07 18:05:40.228 I/NpuProbe(20454): ADSP_LIBRARY_PATH=libdir (setenv)
10-07 18:05:40.228 I/NpuProbe(20454): load_all_from_path=48ms
10-07 18:05:40.228 I/NpuProbe(20454): load(hexagon direto)=FALHOU em 0ms
10-07 18:05:40.228 I/NpuProbe(20454): devices=4
10-07 18:05:40.228 I/NpuProbe(20454):   dev[0] Vulkan0 (Adreno (TM) 840)
10-07 18:05:40.228 I/NpuProbe(20454):   dev[1] GPUOpenCL (QUALCOMM Adreno(TM) 840)
10-07 18:05:40.228 I/NpuProbe(20454):   dev[2] HTP0 (Hexagon)
10-07 18:05:40.228 I/NpuProbe(20454):   dev[3] CPU (CPU)
10-07 18:05:40.228 I/NpuProbe(20454): dev_init(HTP0)=0ms -> SESSAO ABERTA
10-07 18:05:40.228 I/NpuProbe(20454): graph_compute(MUL_MAT 64x64)=0.5ms status=0
10-07 18:05:40.228 I/NpuProbe(20454): c[0]=128.000000 (esperado 128.0)
10-07 18:05:40.228 I/NpuProbe(20454): RESULTADO: APP-UID OK: sessao HTP + op executado com resultado correto
10-07 18:05:40.228 I/NpuProbe(20454): AUTO-GATILHO='smart:opencl'
10-07 18:05:40.229 I/NpuProbe(20454): SMART iniciando rota=opencl com /data/local/tmp/hymt2_app.gguf
10-07 18:05:40.229 I/NpuProbe(20454): SMARTv2 rota='opencl' mutante=(none)
10-07 18:05:40.230 I/NpuProbe(20454): MODO VALIDACAO (espelho teacher-forcing)
10-07 18:05:40.230 I/NpuProbe(20454): MODO PONTE: origem=htp | destino=opencl (GPUOpenCL)
10-07 18:05:43.180 I/NpuProbe(20454): load(destino)=2950ms
10-07 18:05:43.180 I/NpuProbe(20454): [ggml] ggml_opencl: OpenCL driver: OpenCL 3.0 QUALCOMM build: 0842.41 Compiler E031.50.19.27
10-07 18:05:43.180 I/NpuProbe(20454): [ggml] ggml_opencl: vector subgroup broadcast support: true
10-07 18:05:43.180 I/NpuProbe(20454): [ggml] ggml_opencl: subgroup shuffle support: true
10-07 18:05:43.180 I/NpuProbe(20454): [ggml] ggml_opencl: device FP16 support: true
10-07 18:05:43.180 I/NpuProbe(20454): [ggml] ggml_opencl: khr dot product support: true
10-07 18:05:43.180 I/NpuProbe(20454): [ggml] ggml_opencl: mem base addr align: 128
10-07 18:05:43.180 I/NpuProbe(20454): [ggml] ggml_opencl: global mem size: 7555 MB
10-07 18:05:43.180 I/NpuProbe(20454): [ggml] ggml_opencl: max mem alloc size: 2048 MB
10-07 18:05:43.180 I/NpuProbe(20454): [ggml] ggml_opencl: device max image buffer size (pixels): 2147483648
10-07 18:05:43.180 I/NpuProbe(20454): [ggml] ggml_opencl: device max image2d size: 16384 x 16384
10-07 18:05:43.180 I/NpuProbe(20454): [ggml] ggml_opencl: device max workgroup size: 1024
10-07 18:05:43.180 I/NpuProbe(20454): [ggml] ggml_opencl: SVM coarse grain buffer support: true
10-07 18:05:43.180 I/NpuProbe(20454): [ggml] ggml_opencl: SVM fine grain buffer support: true
10-07 18:05:43.180 I/NpuProbe(20454): [ggml] ggml_opencl: SVM fine grain system support: false
10-07 18:05:43.180 I/NpuProbe(20454): [ggml] ggml_opencl: SVM atomics support: true
10-07 18:05:43.180 I/NpuProbe(20454): [ggml] ggml_opencl: cl_qcom_subgroup_shuffle support: true
10-07 18:05:43.180 I/NpuProbe(20454): [ggml] ggml_opencl: flattening quantized weights representation as struct of arrays (GGML_OPENCL_SOA_Q)
10-07 18:05:43.180 I/NpuProbe(20454): [ggml] ggml_opencl: using kernels optimized for Adreno (GGML_OPENCL_USE_ADRENO_KERNELS)
10-07 18:05:43.553 I/NpuProbe(20454): load(origem)=335ms
10-07 18:05:43.580 I/NpuProbe(20454): ctxs prontos (cold_total=3351ms)
10-07 18:05:45.042 I/NpuProbe(20454): [ggml] ggml_opencl: lazy-compiling flash_attn prepass for DK=128 DV=128
10-07 18:05:45.042 I/NpuProbe(20454): [ggml] ggml_opencl: compiling fa prepass f16
10-07 18:05:45.090 I/NpuProbe(20454): [ggml] ggml_opencl: compiling fa f32_f16
10-07 18:05:46.482 I/NpuProbe(20454): [ggml] ggml_opencl: flash_attn_f32_f16_q1_vec_mq_split_c8 DK=128 DV=128 per-kernel max 128 < required 256; skipping registration (will fall back)
10-07 18:05:46.482 I/NpuProbe(20454): [ggml] ggml_opencl: compiling fa f32_f16 MQ_GQA=8
10-07 18:05:47.151 I/NpuProbe(20454): [ggml] ggml_opencl: flash_attn_f32_f16_q1_vec_mq_split_c8 (g8) DK=128 DV=128 per-kernel max 128 < required 192; skipping registration (will fall back)
10-07 18:05:47.151 I/NpuProbe(20454): [ggml] ggml_opencl: compiling fa f32_f16 c8 NSG2
10-07 18:05:47.600 I/NpuProbe(20454): [ggml] ggml_opencl: compiling fa f32_f16 c8 g8 NSG2
10-07 18:05:48.264 I/NpuProbe(20454): [ggml] ggml_opencl: compiling fa f32_f16 split
10-07 18:05:50.514 I/NpuProbe(20454): A1: ok=1 cap=0 eog_tok1=0 tok1=33 amostrados(s/d)=9/8 emitidos=8 consumidos=8 decodes_s_pos_ponte=8
10-07 18:05:50.514 I/NpuProbe(20454): A1 tempos: prefill=1433.98ms export=0.17ms(2032789B) import=4.14ms gen=5455.29ms
10-07 18:05:50.514 I/NpuProbe(20454): A1 espelho: passos=8 iguais=8 div_pos=-1 div_marg(d/s)=-1.000/-1.000 marg_final_destino=27.4349
10-07 18:05:50.514 I/NpuProbe(20454): A1 fronteiras(ms desde request): prefill_done=4785.4 tok1_ready=4807.9 import_done=4812.0 tok2_ready=9072.4 fim=10267.3 (INTERNAS; sem streaming de UI no probe)
10-07 18:05:50.514 I/NpuProbe(20454): A1 prompt_hash=a5de647b1ff84e74
10-07 18:05:50.514 I/NpuProbe(20454): A1 texto: Bom dia, como você está?
10-07 18:05:50.519 I/NpuProbe(20454): reset: pos cmp (origem=-1 destino=-1) -> VAZIO ok
10-07 18:05:53.355 I/NpuProbe(20454): A2: ok=1 texto igual ao A1: SIM
10-07 18:05:53.355 I/NpuProbe(20454): RESULTADO: SMART-ACEITO (htp->opencl; A-B-A integral; espelho 8/8)
10-07 18:05:53.560 I/NpuProbe(20454): SMART REPORT:
10-07 18:05:53.560 I/NpuProbe(20454): SMART (opencl)
10-07 18:05:53.560 I/NpuProbe(20454): 
10-07 18:05:53.560 I/NpuProbe(20454): SMARTv2 rota='opencl' mutante=(none)
10-07 18:05:53.560 I/NpuProbe(20454): MODO VALIDACAO (espelho teacher-forcing)
10-07 18:05:53.560 I/NpuProbe(20454): MODO PONTE: origem=htp | destino=opencl (GPUOpenCL)
10-07 18:05:53.560 I/NpuProbe(20454): load(destino)=2950ms
10-07 18:05:53.560 I/NpuProbe(20454): load(origem)=335ms
10-07 18:05:53.560 I/NpuProbe(20454): ctxs prontos (cold_total=3351ms)
10-07 18:05:53.560 I/NpuProbe(20454): A1: ok=1 cap=0 eog_tok1=0 tok1=33 amostrados(s/d)=9/8 emitidos=8 consumidos=8 decodes_s_pos_ponte=8
10-07 18:05:53.560 I/NpuProbe(20454): A1 tempos: prefill=1433.98ms export=0.17ms(2032789B) import=4.14ms gen=5455.29ms
10-07 18:05:53.560 I/NpuProbe(20454): A1 espelho: passos=8 iguais=8 div_pos=-1 div_marg(d/s)=-1.000/-1.000 marg_final_destino=27.4349
10-07 18:05:53.560 I/NpuProbe(20454): A1 fronteiras(ms desde request): prefill_done=4785.4 tok1_ready=4807.9 import_done=4812.0 tok2_ready=9072.4 fim=10267.3 (INTERNAS; sem streaming de UI no probe)
10-07 18:05:53.560 I/NpuProbe(20454): A1 prompt_hash=a5de647b1ff84e74
10-07 18:05:53.560 I/NpuProbe(20454): A1 texto: Bom dia, como você está?
10-07 18:05:53.560 I/NpuProbe(20454): reset: pos cmp (origem=-1 destino=-1) -> VAZIO ok
10-07 18:05:53.560 I/NpuProbe(20454): A2: ok=1 texto igual ao A1: SIM
10-07 18:05:53.560 I/NpuProbe(20454): RESULTADO: SMART-ACEITO (htp->opencl; A-B-A integral; espelho 8/8)
[rec 18:06:03]
[rec 18:06:30]
[rec 18:06:57]
[rec 18:07:24]
[rec 18:07:51]
[rec 18:08:18]
