--------- beginning of main
10-08 12:02:14.340 I/NpuProbe( 7792): nativeLibraryDir=/data/app/~~k-sqWv1b76V8LmSKmdVxqA==/br.gov.sp.pcsp.npuprobe-9joaf9k9VohDWEFgEww73A==/lib/arm64
10-08 12:02:14.340 I/NpuProbe( 7792): runProbe PULADO (p4-auto presente; preinit do tune)
10-08 12:02:14.340 I/NpuProbe( 7792): REPORT:
10-08 12:02:14.340 I/NpuProbe( 7792): (runProbe PULADO: p4-auto presente; evita init Hexagon pre-tune - R8)
10-08 12:02:14.340 I/NpuProbe( 7792): AUTO-GATILHO='smart:sessao'
10-08 12:02:14.340 I/NpuProbe( 7792): SMART iniciando rota=sessao com /data/local/tmp/hymt2_app.gguf
10-08 12:02:14.340 I/NpuProbe( 7792): SMARTv2 rota='sessao' mutante=(none)
10-08 12:02:14.340 I/NpuProbe( 7792): TUNE: GGML_HEXAGON_PROFILE=1
10-08 12:02:14.451 I/NpuProbe( 7792): SESSAO(93531a5): 2 requests na mesma sessao (roles separados; JSON nativo em files/r6-sess.jsonl)
10-08 12:02:14.453 I/NpuProbe( 7792): PROMPT[0]: arquivo proprio (len=1101)
--------- beginning of main
10-08 12:02:14.340 I/NpuProbe( 7792): nativeLibraryDir=/data/app/~~k-sqWv1b76V8LmSKmdVxqA==/br.gov.sp.pcsp.npuprobe-9joaf9k9VohDWEFgEww73A==/lib/arm64
10-08 12:02:14.340 I/NpuProbe( 7792): runProbe PULADO (p4-auto presente; preinit do tune)
10-08 12:02:14.340 I/NpuProbe( 7792): REPORT:
10-08 12:02:14.340 I/NpuProbe( 7792): (runProbe PULADO: p4-auto presente; evita init Hexagon pre-tune - R8)
10-08 12:02:14.340 I/NpuProbe( 7792): AUTO-GATILHO='smart:sessao'
10-08 12:02:14.340 I/NpuProbe( 7792): SMART iniciando rota=sessao com /data/local/tmp/hymt2_app.gguf
10-08 12:02:14.340 I/NpuProbe( 7792): SMARTv2 rota='sessao' mutante=(none)
10-08 12:02:14.340 I/NpuProbe( 7792): TUNE: GGML_HEXAGON_PROFILE=1
10-08 12:02:14.451 I/NpuProbe( 7792): SESSAO(93531a5): 2 requests na mesma sessao (roles separados; JSON nativo em files/r6-sess.jsonl)
10-08 12:02:14.453 I/NpuProbe( 7792): PROMPT[0]: arquivo proprio (len=1101)
10-08 12:03:03.382 I/NpuProbe( 7792): SESS[0] puro:htp puro: ok=1 pieces=305 prefill=7180.85ms gen=40899.76ms pp1=0.67ms wall=48081.5ms
10-08 12:03:03.382 I/NpuProbe( 7792): SESS[0] puro:htp puro texto_len=1069 (integral no JSON)
10-08 12:03:03.382 I/NpuProbe( 7792): SESS[0] puro:htp lifecycle: load=845ms reset=1.79ms wall=48081.5ms
10-08 12:03:03.382 I/NpuProbe( 7792): SESS[0] puro:htp RESULTADO: PURO-EXECUTADO
10-08 12:03:03.382 I/NpuProbe( 7792): [ggml] ggml_vulkan: Found 1 Vulkan devices:
10-08 12:03:03.382 I/NpuProbe( 7792): [ggml] ggml_vulkan: 0 = Adreno (TM) 840 (Qualcomm Technologies Inc. Adreno Vulkan Driver) | uma: 1 | fp16: 1 | bf16: 0 | fp4: 0 | warp size: 64 | shared memory: 32768 | int dot: 0 | matrix cores: none
10-08 12:03:03.382 I/NpuProbe( 7792): [ggml] ggml_opencl: selected platform: 'QUALCOMM Snapdragon(TM)'
10-08 12:03:03.382 I/NpuProbe( 7792): [ggml] 
10-08 12:03:03.382 I/NpuProbe( 7792): ggml_opencl: device: 'QUALCOMM Adreno(TM) 840 (OpenCL 3.0 Adreno(TM) 840)'
10-08 12:03:03.382 I/NpuProbe( 7792): [ggml] ggml_opencl: default device: 'QUALCOMM Adreno(TM) 840 (OpenCL 3.0 Adreno(TM) 840)'
10-08 12:03:03.382 I/NpuProbe( 7792): [ggml] ggml-hex: Loading driver libcdsprpc.so
10-08 12:03:03.382 I/NpuProbe( 7792): [ggml] ggml-hex: Profiling mode 1 : pmu-evt [  ]
10-08 12:03:03.382 I/NpuProbe( 7792): [ggml] ggml-hex: Hexagon backend (experimental) : allocating new registry : ndev 1
10-08 12:03:03.382 I/NpuProbe( 7792): [ggml] ggml-hex: Hexagon Arch version v81
10-08 12:03:03.382 I/NpuProbe( 7792): [ggml] ggml-hex: HTP0 allocating new session
10-08 12:03:03.382 I/NpuProbe( 7792): [ggml] ggml-hex: HTP0 hwinfo: threads 8, hvx 8, hmx 1, vtcm 8 MB
10-08 12:03:03.382 I/NpuProbe( 7792): [ggml] ggml-hex: HTP0 new session : session-id 0 domain-id 3 uri file:///libggml-htp-v81.so?htp_iface_skel_handle_invoke&_modver=1.0&_dom=cdsp&_session=0 handle 0xb4000077d53acb00
10-08 12:03:03.382 I/NpuProbe( 7792): [ggml] ggml-hex: HTP0 op batching: n-bufs 16 n-tensors 7168 n-ops 1024 vmem 3355443200
10-08 12:03:03.382 I/NpuProbe( 7792): [ggml] ggml-hex: HTP0 profile-op OPBATCH|----|n-ops 1|----|----|----|usec 301 cycles 613925 start 1842172999384 mhz 2039.6
10-08 12:03:03.382 I/NpuProbe( 7792): [ggml] ggml-hex: HTP0 profile-op RMS_NORM+MUL|HTP0#embd#0 x blk.0.attn_norm.weight -> attn_norm-0|2048:128 x 2048:1 -> 2048:128|f32 x f32 -> f32|4:8192 x 4:8192 -> 4:8192|row-block vtcm 8192000|usec 57 cycles 116953 start 3927472446 mhz 2051.8
10-08 12:03:03.382 I/NpuProbe( 7792): [ggml] ggml-hex: HTP0 profile-op OPBATCH|----|n-ops 2|----|----|----|usec 142 cycles 291493 start 1842174810565 mhz 2052.8
10-08 12:03:03.382 I/NpuProbe( 7792): [ggml] ggml-hex: HTP0 profile-op ROPE|HTP0#Qcur-0#0 x HTP0#leaf_5#0 -> Qcur-0|128:16:128:1 x 128:1 -> 128:16:128:1|f32 x i32 -> f32|4:512:8192:1048576 x 4:512 -> 4:512:8192:1048576|----|usec 53 cycles 109118 start 3928832048 mhz 2058.8
10-08 12:03:03.382 I/NpuProbe( 7792): [ggml] ggml-hex: HTP0 profile-op RMS_NORM+MUL|Qcur-0 x blk.0.attn_q_norm.weight -> Qcur_norm-0|128:16:128:1 x 128:1 -> 128:16:128:1|f32 x f32 -> f32|4:512:8192:1048576 x 4:512 -> 4:512:8192:1048576|row-block vtcm 8376320|usec 68 cycles 139503 start 3928941259 mhz 2051.5
10-08 12:03:03.382 I/NpuProbe( 7792): [ggml] ggml-hex: HTP0 profile-op OPBATCH|----|n-ops 5|----|----|----|usec 453 cycles 923832 start 1842176076570 mhz 2039.4
10-08 12:03:03.383 I/NpuProbe( 7792): [ggml] ggml-hex: HTP0 profile-op ROPE|HTP0#Kcur-0#0 x HTP0#leaf_5#0 -> Kcur-0|128:4:128:1 x 128:1 -> 128:4:128:1|f32 x i32 -> f32|4:512:2048:262144 x 4:512 -> 4:512:2048:262144|----|usec 26 cycles 54661 start 3930380317 mhz 2102.3
10-08 12:03:03.383 I/NpuProbe( 7792): [ggml] ggml-hex: HTP0 profile-op RMS_NORM+MUL|Kcur-0 x blk.0.attn_k_norm.weight -> Kcur_norm-0|128:4:128:1 x 128:1 -> 128:4:128:1|f32 x f32 -> f32|4:512:2048:262144 x 4:512 -> 4:512:2048:262144|row-block vtcm 8376320|usec 20 cycles 41784 start 3930435052 mhz 2089.2
10-08 12:03:03.383 I/NpuProbe( 7792): [ggml] ggml-hex: HTP0 profile-op SET_ROWS|Kcur_norm-0 (view) x HTP0#leaf_10#0 x cache_k_l0 -> cache_k_l0 (view)|512:128 x 128:1 x 512:2048 -> 512:2048|f32 x i64 x f16 -> f16|4:2048 x 8:1024 x 2:1024 -> 2:1024|----|usec 13 cycles 26919 start 3930476862 mhz 2070.7
10-08 12:03:03.383 I/NpuProbe( 7792): [ggml] ggml-hex: HTP0 profile-op SET_ROWS|HTP0#Vcur-0 (view)#0 x HTP0#leaf_12#0 x cache_v_l0 -> cache_v_l0 (view)|512:128 x 128:1 x 512:2048 -> 512:2048|f32 x i64 x f16 -> f16|4:2048 x 8:1024 x 2:1024 -> 2:1024|----|usec 10 cycles 21070 start 3930503807 mhz 2107.0
10-08 12:03:03.383 I/NpuProbe( 7792): [ggml] ggml-hex: HTP0 profile-op FLASH_ATTN_EXT|Qcur_norm-0 (view) (permuted) x cache_k_l0 (view) (permuted) x cache_v_l0 (view) (permuted) x HTP0#attn_inp_kq_mask#0 -> node_25|128:128:16:1 x 128:256:4:1 x 128:256:4:1 x 256:128 -> 128:16:128:1|f32 x f16 x f16 x f16 -> f32|4:8192:512:1048576! x 2:1024:256:2097152! x 2:1024:256:2097152! x 2:512 -> 4:512:8192:1048576|hmx-pipe vtcm 1914368|usec 213 cycles 435117 start 3930524903 mhz 2042.8
10-08 12:03:03.383 I/NpuProbe( 7792): [ggml] ggml-hex: HTP0 profile-op OPBATCH|----|n-ops 2|----|----|----|usec 125 cycles 255155 start 1842178166285 mhz 2041.2
10-08 12:03:03.383 I/NpuProbe( 7792): [ggml] ggml-hex: HTP0 profile-op ADD|HTP0#attn_out-0#0 x HTP0#embd#0 -> ffn_inp-0|2048:128 x 2048:128 -> 2048:128|f32 x f32 -> f32|4:8192 x 4:8192 -> 4:8192|----|usec 58 cycles 118712 start 3932187932 mhz 2046.8
10-08 12:03:03.383 I/NpuProbe( 7792): [ggml] ggml-hex: HTP0 profile-op RMS_NORM+MUL|ffn_inp-0 x blk.0.ffn_norm.weight -> ffn_norm-0|2048:128 x 2048:1 -> 2048:128|f32 x f32 -> f32|4:8192 x 4:8192 -> 4:8192|row-block vtcm 8192000|usec 46 cycles 94061 start 3932306705 mhz 2044.8
10-08 12:03:03.383 I/NpuProbe( 7792): [ggml] ggml-hex: HTP0 profile-op OPBATCH|----|n-ops 2|----|----|----|usec 120 cycles 246785 start 1842180769405 mhz 2056.5
10-08 12:03:03.383 I/NpuProbe( 7792): [ggml] ggml-hex: HTP0 profile-op ADD|HTP0#ffn_out-0#0 x ffn_inp-0 -> l_out-0|2048:128 x 2048:128 -> 2048:128|f32 x f32 -> f32|4:8192 x 4:8192 -> 4:8192|----|usec 54 cycles 112132 start 3934795606 mhz 2076.5
10-08 12:03:03.383 I/NpuProbe( 7792): [ggml] ggml-hex: HTP0 profile-op RMS_NORM+MUL|l_out-0 x blk.1.attn_norm.weight -> attn_norm-1|2048:128 x 2048:1 -> 2048:128|f32 x f32 -> f32|4:8192 x 4:8192 -> 4:8192|row-block vtcm 8192000|usec 42 cycles 86382 start 3934907800 mhz 2056.7
10-08 12:03:03.383 I/NpuProbe( 7792): [ggml] ggml-hex: HTP0 profile-op OPBATCH|----|n-ops 2|----|----|----|usec 136 cycles 277563 start 1842182187350 mhz 2040.9
10-08 12:03:03.383 I/NpuProbe( 7792): [ggml] ggml-hex: HTP0 profile-op ROPE|HTP0#Qcur-1#0 x HTP0#leaf_5#0 -> Qcur-1|128:16:128:1 x 128:1 -> 128:16:128:1|f32 x i32 -> f32|4:512:8192:1048576 x 4:512 -> 4:512:8192:1048576|----|usec 47 cycles 98189 start 3936208880 mhz 2089.1
10-08 12:03:03.383 I/NpuProbe( 7792): [ggml] ggml-hex: HTP0 profile-op RMS_NORM+MUL|Qcur-1 x blk.1.attn_q_norm.weight -> Qcur_norm-1|128:16:128:1 x 128:1 -> 128:16:128:1|f32 x f32 -> f32|4:512:8192:1048576 x 4:512 -> 4:512:8192:1048576|row-block vtcm 8376320|usec 66 cycles 136324 start 3936307143 mhz 2065.5
10-08 12:03:03.383 I/NpuProbe( 7792): [ggml] ggml-hex: HTP0 profile-op OPBATCH|----|n-ops 5|----|----|----|usec 301 cycles 614363 start 1842183428108 mhz 2041.1
10-08 12:03:03.383 I/NpuProbe( 7792): [ggml] ggml-hex: HTP0 profile-op ROPE|HTP0#Kcur-1#0 x HTP0#leaf_5#0 -> Kcur-1|128:4:128:1 x 128:1 -> 128:4:128:1|f32 x i32 -> f32|4:512:2048:262144 x 4:512 -> 4:512:2048:262144|----|usec 26 cycles 55010 start 3937450421 mhz 2115.8
10-08 12:03:03.383 I/NpuProbe( 7792): [ggml] ggml-hex: HTP0 profile-op RMS_NORM+MUL|Kcur-1 x blk.1.attn_k_norm.weight -> Kcur_norm-1|128:4:128:1 x 128:1 -> 128:4:128:1|f32 x f32 -> f32|4:512:2048:262144 x 4:512 -> 4:512:2048:262144|row-block vtcm 8376320|usec 20 cycles 41576 start 3937505505 mhz 2078.8
10-08 12:03:03.383 I/NpuProbe( 7792): [ggml] ggml-hex: HTP0 profile-op SET_ROWS|Kcur_norm-1 (view) x HTP0#leaf_10#0 x cache_k_l1 -> cache_k_l1 (view)|512:128 x 128:1 x 512:2048 -> 512:2048|f32 x i64 x f16 -> f16|4:2048 x 8:1024 x 2:1024 -> 2:1024|----|usec 9 cycles 19621 start 3937547107 mhz 2180.1
10-08 12:03:03.383 I/NpuProbe( 7792): [ggml] ggml-hex: HTP0 profile-op SET_ROWS|HTP0#Vcur-1 (view)#0 x HTP0#leaf_12#0 x cache_v_l1 -> cache_v_l1 (view)|512:128 x 128:1 x 512:2048 -> 512:2048|f32 x i64 x f16 -> f16|4:2048 x 8:1024 x 2:1024 -> 2:1024|----|usec 7 cycles 15550 start 3937566754 mhz 2221.4
10-08 12:03:03.383 I/NpuProbe( 7792): [ggml] ggml-hex: HTP0 profile-op FLASH_ATTN_EXT|Qcur_norm-1 (view) (permuted) x cache_k_l1 (view) (permuted) x cache_v_l1 (view) (permuted) x HTP0#attn_inp_kq_mask#0 -> node_60|128:128:16:1 x 128:256:4:1 x 128:256:4:1 x 256:128 -> 128:16:128:1|f32 x f16 x f16 x f16 -> f32|4:8192:512:1048576! x 2:1024:256:2097152! x 2:1024:256:2097152! x 2:512 -> 4:512:8192:1048576|hmx-pipe vtcm 1914368|usec 203 cycles 414658 start 3937582330 mhz 2042.7
10-08 12:03:03.383 I/NpuProbe( 7792): [ggml] ggml-hex: HTP0 profile-op OPBATCH|----|n-ops 2|----|----|----|usec 123 cycles 251155 start 1842185196716 mhz 2041.9
10-08 12:03:03.383 I/NpuProbe( 7792): [ggml] ggml-hex: HTP0 profile-op ADD|HTP0#attn_out-1#0 x l_out-0 -> ffn_inp-1|2048:128 x 2048:128 -> 2048:128|f32 x f32 -> f32|4:8192 x 4:8192 -> 4:8192|----|usec 56 cycles 116158 start 3939218486 mhz 2074.2
10-08 12:03:03.383 I/NpuProbe( 7792): [ggml] ggml-hex: HTP0 profile-op RMS_NORM+MUL|ffn_inp-1 x blk.1.ffn_norm.weight -> ffn_norm-1|2048:128 x 2048:1 -> 2048:128|f32 x f32 -> f32|4:8192 x 4:8192 -> 4:8192|row-block vtcm 8192000|usec 45 cycles 92175 start 3939334705 mhz 2048.3
10-08 12:03:03.383 I/NpuProbe( 7792): [ggml] ggml-hex: HTP0 profile-op OPBATCH|----|n-ops 2|----|----|----|usec 121 cycles 248150 start 1842187805577 mhz 2050.8
10-08 12:03:03.383 I/NpuProbe( 7792): [ggml] ggml-hex: HTP0 profile-op ADD|HTP0#ffn_out-1#0 x ffn_inp-1 -> l_out-1|2048:128 x 2048:128 -> 2048:128|f32 x f32 -> f32|4:8192 x 4:8192 -> 4:8192|----|usec 55 cycles 112536 start 3941831114 mhz 2046.1
10-08 12:03:03.383 I/NpuProbe( 7792): [ggml] ggml-hex: HTP0 profile-op RMS_NORM+MUL|l_out-1 x blk.2.attn_norm.weight -> attn_norm-2|2048:128 x 2048:1 -> 2048:128|f32 x f32 -> f32|4:8192 x 4:8192 -> 4:8192|row-block vtcm 8192000|usec 43 cycles 88432 start 3941943711 mhz 2056.6
10-08 12:03:03.383 I/NpuProbe( 7792): [ggml] ggml-hex: HTP0 profile-op OPBATCH|----|n-ops 2|----|----|----|usec 135 cycles 276663 start 1842189316957 mhz 2049.4
10-08 12:03:03.383 I/NpuProbe( 7792): [ggml] ggml-hex: HTP0 profile-op ROPE|HTP0#Qcur-2#0 x HTP0#leaf_5#0 -> Qcur-2|128:16:128:1 x 128:1 -> 128:16:128:1|f32 x i32 -> f32|4:512:8192:1048576 x 4:512 -> 4:512:8192:1048576|----|usec 46 cycles 95887 start 3943338216 mhz 2084.5
10-08 12:03:03.383 I/NpuProbe( 7792): [ggml] ggml-hex: HTP0 profile-op RMS_NORM+MUL|Qcur-2 x blk.2.attn_q_norm.weight -> Qcur_norm-2|128:16:128:1 x 128:1 -> 128:16:128:1|f32 x f32 -> f32|4:512:8192:1048576 x 4:512 -> 4:512:8192:1048576|row-block vtcm 8376320|usec 67 cycles 138178 start 3943434167 mhz 2062.4
10-08 12:03:03.383 I/NpuProbe( 7792): [ggml] ggml-hex: HTP0 profile-op OPBATCH|----|n-ops 5|----|----|----|usec 297 cycles 607122 start 1842190596279 mhz 2044.2
10-08 12:03:03.383 I/NpuProbe( 7792): [ggml] ggml-hex: HTP0 profile-op ROPE|HTP0#Kcur-2#0 x HTP0#leaf_5#0 -> Kcur-2|128:4:128:1 x 128:1 -> 128:4:128:1|f32 x i32 -> f32|4:512:2048:262144 x 4:512 -> 4:512:2048:262144|----|usec 26 cycles 54121 start 3944622100 mhz 2081.6
10-08 12:03:03.383 I/NpuProbe( 7792): [ggml] ggml-hex: HTP0 profile-op RMS_NORM+MUL|Kcur-2 x blk.2.attn_k_norm.weight -> Kcur_norm-2|128:4:128:1 x 128:1 -> 128:4:128:1|f32 x f32 -> f32|4:512:2048:262144 x 4:512 -> 4:512:2048:262144|row-block vtcm 8376320|usec 20 cycles 41530 start 3944676285 mhz 2076.5
10-08 12:03:03.383 I/NpuProbe( 7792): [ggml] ggml-hex: HTP0 profile-op SET_ROWS|Kcur_norm-2 (view) x HTP0#leaf_10#0 x cache_k_l2 -> cache_k_l2 (view)|512:128 x 128:1 x 512:2048 -> 512:2048|f32 x i64 x f16 -> f16|4:2048 x 8:1024 x 2:1024 -> 2:1024|----|usec 8 cycles 16778 start 3944717841 mhz 2097.2
10-08 12:03:03.383 I/NpuProbe( 7792): [ggml] ggml-hex: HTP0 profile-op SET_ROWS|HTP0#Vcur-2 (view)#0 x HTP0#leaf_12#0 x cache_v_l2 -> cache_v_l2 (view)|512:128 x 128:1 x 512:2048 -> 512:2048|f32 x i64 x f16 -> f16|4:2048 x 8:1024 x 2:1024 -> 2:1024|----|usec 6 cycles 13463 start 3944734645 mhz 2243.8
10-08 12:03:03.383 I/NpuProbe( 7792): [ggml] ggml-hex: HTP0 profile-op FLASH_ATTN_EXT|Qcur_norm-2 (view) (permuted) x cache_k_l2 (view) (permuted) x cache_v_l2 (view) (permuted) x HTP0#attn_inp_kq_mask#0 -> node_95|128:128:16:1 x 128:256:4:1 x 128:256:4:1 x 256:128 -> 128:16:128:1|f32 x f16 x f16 x f16 -> f32|4:8192:512:1048576! x 2:1024:256:2097152! x 2:1024:256:2097152! x 2:512 -> 4:512:8192:1048576|hmx-pipe vtcm 1914368|usec 201 cycles 410983 start 3944748134 mhz 2044.7
10-08 12:03:03.383 I/NpuProbe( 7792): [ggml] ggml-hex: HTP0 profile-op OPBATCH|----|n-ops 2|----|----|----|usec 121 cycles 248963 start 1842192448362 mhz 2057.5
10-08 12:03:03.383 I/NpuProbe( 7792): [ggml] ggml-hex: HTP0 profile-op ADD|HTP0#attn_out-2#0 x l_out-1 -> ffn_inp-2|2048:128 x 2048:128 -> 2048:128|f32 x f32 -> f32|4:8192 x 4:8192 -> 4:8192|----|usec 56 cycles 115094 start 3946471045 mhz 2055.2
10-08 12:03:03.383 I/NpuProbe( 7792): [ggml] ggml-hex: HTP0 profile-op RMS_NORM+MUL|ffn_inp-2 x blk.2.ffn_norm.weight -> ffn_norm-2|2048:128 x 2048:1 -> 2048:128|f32 x f32 -> f32|4:8192 x 4:8192 -> 4:8192|row-block vtcm 8192000|usec 44 cycles 90422 start 3946586203 mhz 2055.0
10-08 12:03:03.383 I/NpuProbe( 7792): [ggml] ggml-hex: HTP0 profile-op OPBATCH|----|n-ops 2|----|----|----|usec 122 cycles 250914 start 1842195046170 mhz 2056.7
10-08 12:03:03.383 I/NpuProbe( 7792): [ggml] ggml-hex: HTP0 profile-op ADD|HTP0#ffn_out-2#0 x ffn_inp-2 -> l_out-2|2048:128 x 2048:128 -> 2048:128|f32 x f32 -> f32|4:8192 x 4:8192 -> 4:8192|----|usec 54 cycles 111707 start 3949071183 mhz 2068.6
10-08 12:03:03.383 I/NpuProbe( 7792): [ggml] ggml-hex: HTP0 profile-op RMS_NORM+MUL|l_out-2 x blk.3.attn_norm.weight -> attn_norm-3|2048:128 x 2048:1 -> 2048:128|f32 x f32 -> f32|4:8192 x 4:8192 -> 4:8192|row-block vtcm 8192000|usec 44 cycles 91350 start 3949182953 mhz 2076.1
10-08 12:03:03.383 I/NpuProbe( 7792): [ggml] ggml-hex: HTP0 profile-op OPBATCH|----|n-ops 2|----|----|----|usec 137 cycles 280457 start 1842196554457 mhz 2047.1
10-08 12:03:03.383 I/NpuProbe( 7792): [ggml] ggml-hex: HTP0 profile-op ROPE|HTP0#Qcur-3#0 x HTP0#leaf_5#0 -> Qcur-3|128:16:128:1 x 128:1 -> 128:16:128:1|f32 x i32 -> f32|4:512:8192:1048576 x 4:512 -> 4:512:8192:1048576|----|usec 47 cycles 97657 start 3950578624 mhz 2077.8
10-08 12:03:03.383 I/NpuProbe( 7792): [ggml] ggml-hex: HTP0 profile-op RMS_NORM+MUL|Qcur-3 x blk.3.attn_q_norm.weight -> Qcur_norm-3|128:16:128:1 x 128:1 -> 128:16:128:1|f32 x f32 -> f32|4:512:8192:1048576 x 4:512 -> 4:512:8192:1048576|row-block vtcm 8376320|usec 67 cycles 137171 start 3950676374 mhz 2047.3
10-08 12:03:03.383 I/NpuProbe( 7792): [ggml] ggml-hex: HTP0 profile-op OPBATCH|----|n-ops 5|----|----|----|usec 302 cycles 615817 start 1842197862034 mhz 2039.1
10-08 12:03:03.383 I/NpuProbe( 7792): [ggml] ggml-hex: HTP0 profile-op ROPE|HTP0#Kcur-3#0 x HTP0#leaf_5#0 -> Kcur-3|128:4:128:1 x 128:1 -> 128:4:128:1|f32 x i32 -> f32|4:512:2048:262144 x 4:512 -> 4:512:2048:262144|----|usec 26 cycles 54884 start 3951886713 mhz 2110.9
10-08 12:03:03.383 I/NpuProbe( 7792): [ggml] ggml-hex: HTP0 profile-op RMS_NORM+MUL|Kcur-3 x blk.3.attn_k_norm.weight -> Kcur_norm-3|128:4:128:1 x 128:1 -> 128:4:128:1|f32 x f32 -> f32|4:512:2048:262144 x 4:512 -> 4:512:2048:262144|row-block vtcm 8376320|usec 20 cycles 42407 start 3951941671 mhz 2120.4
10-08 12:03:03.383 I/NpuProbe( 7792): [ggml] ggml-hex: HTP0 profile-op SET_ROWS|Kcur_norm-3 (view) x HTP0#leaf_10#0 x cache_k_l3 -> cache_k_l3 (view)|512:128 x 128:1 x 512:2048 -> 512:2048|f32 x i64 x f16 -> f16|4:2048 x 8:1024 x 2:1024 -> 2:1024|----|usec 8 cycles 17429 start 3951984104 mhz 2178.6
10-08 12:03:03.383 I/NpuProbe( 7792): [ggml] ggml-hex: HTP0 profile-op SET_ROWS|HTP0#Vcur-3 (view)#0 x HTP0#leaf_12#0 x cache_v_l3 -> cache_v_l3 (view)|512:128 x 128:1 x 512:2048 -> 512:2048|f32 x i64 x f16 -> f16|4:2048 x 8:1024 x 2:1024 -> 2:1024|----|usec 6 cycles 13995 start 3952001563 mhz 2332.5
10-08 12:03:03.383 I/NpuProbe( 7792): [ggml] ggml-hex: HTP0 profile-op FLASH_ATTN_EXT|Qcur_norm-3 (view) (permuted) x cache_k_l3 (view) (permuted) x cache_v_l3 (view) (permuted) x HTP0#attn_inp_kq_mask#0 -> node_130|128:128:16:1 x 128:256:4:1 x 128:256:4:1 x 256:128 -> 128:16:128:1|f32 x f16 x f16 x f16 -> f32|4:8192:512:1048576! x 2:1024:256:2097152! x 2:1024:256:2097152! x 2:512 -> 4:512:8192:1048576|hmx-pipe vtcm 1914368|usec 205 cycles 417658 start 3952015584 mhz 2037.4
10-08 12:03:03.383 I/NpuProbe( 7792): [ggml] ggml-hex: HTP0 profile-op OPBATCH|----|n-ops 2|----|----|----|usec 123 cycles 252553 start 1842199711656 mhz 2053.3
10-08 12:03:03.383 I/NpuProbe( 7792): [ggml] ggml-hex: HTP0 profile-op ADD|HTP0#attn_out-3#0 x l_out-2 -> ffn_inp-3|2048:128 x 2048:128 -> 2048:128|f32 x f32 -> f32|4:8192 x 4:8192 -> 4:8192|----|usec 57 cycles 117358 start 3953735368 mhz 2058.9
10-08 12:03:03.383 I/NpuProbe( 7792): [ggml] ggml-hex: HTP0 profile-op RMS_NORM+MUL|ffn_inp-3 x blk.3.ffn_norm.weight -> ffn_norm-3|2048:128 x 2048:1 -> 2048:128|f32 x f32 -> f32|4:8192 x 4:8192 -> 4:8192|row-block vtcm 8192000|usec 44 cycles 90331 start 3953852797 mhz 2053.0
10-08 12:03:03.383 I/NpuProbe( 7792): [ggml] ggml-hex: HTP0 profile-op OPBATCH|----|n-ops 2|----|----|----|usec 116 cycles 237260 start 1842202316938 mhz 2045.3
10-08 12:03:03.383 I/NpuProbe( 7792): [ggml] ggml-hex: HTP0 profile-op ADD|HTP0#ffn_out-3#0 x ffn_inp-3 -> l_out-3|2048:128 x 2048:128 -> 2048:128|f32 x f32 -> f32|4:8192 x 4:8192 -> 4:8192|----|usec 53 cycles 108374 start 3956340705 mhz 2044.8
10-08 12:03:03.383 I/NpuProbe( 7792): [ggml] ggml-hex: HTP0 profile-op RMS_NORM+MUL|l_out-3 x blk.4.attn_norm.weight -> attn_norm-4|2048:128 x 2048:1 -> 2048:128|f32 x f32 -> f32|4:8192 x 4:8192 -> 4:8192|row-block vtcm 8192000|usec 40 cycles 83253 start 3956449141 mhz 2081.3
10-08 12:03:03.383 I/NpuProbe( 7792): [ggml] ggml-hex: HTP0 profile-op OPBATCH|----|n-ops 2|----|----|----|usec 357 cycles 728893 start 1842203747828 mhz 2041.7
10-08 12:03:03.383 I/NpuProbe( 7792): [ggml] ggml-hex: HTP0 profile-op ROPE|HTP0#Qcur-4#0 x HTP0#leaf_5#0 -> Qcur-4|128:16:128:1 x 128:1 -> 128:16:128:1|f32 x i32 -> f32|4:512:8192:1048576 x 4:512 -> 4:512:8192:1048576|----|usec 249 cycles 507377 start 3957809263 mhz 2037.7
10-08 12:03:03.383 I/NpuProbe( 7792): [ggml] ggml-hex: HTP0 profile-op RMS_NORM+MUL|Qcur-4 x blk.4.attn_q_norm.weight -> Qcur_norm-4|128:16:128:1 x 128:1 -> 128:16:128:1|f32 x f32 -> f32|4:512:8192:1048576 x 4:512 -> 4:512:8192:1048576|row-block vtcm 8376320|usec 67 cycles 137851 start 3958316735 mhz 2057.5
10-08 12:03:03.383 I/NpuProbe( 7792): [ggml] ggml-hex: HTP0 profile-op OPBATCH|----|n-ops 5|----|----|----|usec 297 cycles 607009 start 1842205451490 mhz 2043.8
10-08 12:03:03.383 I/NpuProbe( 7792): [ggml] ggml-hex: HTP0 profile-op ROPE|HTP0#Kcur-4#0 x HTP0#leaf_5#0 -> Kcur-4|128:4:128:1 x 128:1 -> 128:4:128:1|f32 x i32 -> f32|4:512:2048:262144 x 4:512 -> 4:512:2048:262144|----|usec 26 cycles 54303 start 3959474051 mhz 2088.6
10-08 12:03:03.383 I/NpuProbe( 7792): [ggml] ggml-hex: HTP0 profile-op RMS_NORM+MUL|Kcur-4 x blk.4.attn_k_norm.weight -> Kcur_norm-4|128:4:128:1 x 128:1 -> 128:4:128:1|f32 x f32 -> f32|4:512:2048:262144 x 4:512 -> 4:512:2048:262144|row-block vtcm 8376320|usec 20 cycles 41639 start 3959528434 mhz 2081.9
10-08 12:03:03.383 I/NpuProbe( 7792): [ggml] ggml-hex: HTP0 profile-op SET_ROWS|Kcur_norm-4 (view) x HTP0#leaf_10#0 x cache_k_l4 -> cache_k_l4 (view)|512:128 x 128:1 x 512:2048 -> 512:2048|f32 x i64 x f16 -> f16|4:2048 x 8:1024 x 2:1024 -> 2:1024|----|usec 8 cycles 16900 start 3959570114 mhz 2112.5
10-08 12:03:03.383 I/NpuProbe( 7792): [ggml] ggml-hex: HTP0 profile-op SET_ROWS|HTP0#Vcur-4 (view)#0 x HTP0#leaf_12#0 x cache_v_l4 -> cache_v_l4 (view)|512:128 x 128:1 x 512:2048 -> 512:2048|f32 x i64 x f16 -> f16|4:2048 x 8:1024 x 2:1024 -> 2:1024|----|usec 6 cycles 13617 start 3959587040 mhz 2269.5
10-08 12:03:03.383 I/NpuProbe( 7792): [ggml] ggml-hex: HTP0 profile-op FLASH_ATTN_EXT|Qcur_norm-4 (view) (permuted) x cache_k_l4 (view) (permuted) x cache_v_l4 (view) (permuted) x HTP0#attn_inp_kq_mask#0 -> node_165|128:128:16:1 x 128:256:4:1 x 128:256:4:1 x 256:128 -> 128:16:128:1|f32 x f16 x f16 x f16 -> f32|4:8192:512:1048576! x 2:1024:256:2097152! x 2:1024:256:2097152! x 2:512 -> 4:512:8192:1048576|hmx-pipe vtcm 1914368|usec 203 cycles 413566 start 3959600701 mhz 2037.3
10-08 12:03:03.383 I/NpuProbe( 7792): [ggml] ggml-hex: HTP0 profile-op OPBATCH|----|n-ops 2|----|----|----|usec 124 cycles 253308 start 1842207231581 mhz 2042.8
10-08 12:03:03.383 I/NpuProbe( 7792): [ggml] ggml-hex: HTP0 profile-op ADD|HTP0#attn_out-4#0 x l_out-3 -> ffn_inp-4|2048:128 x 2048:128 -> 2048:128|f32 x f32 -> f32|4:8192 x 4:8192 -> 4:8192|----|usec 57 cycles 116660 start 3961253071 mhz 2046.7
10-08 12:03:03.383 I/NpuProbe( 7792): [ggml] ggml-hex: HTP0 profile-op RMS_NORM+MUL|ffn_inp-4 x blk.4.ffn_norm.weight -> ffn_norm-4|2048:128 x 2048:1 -> 2048:128|f32 x f32 -> f32|4:8192 x 4:8192 -> 4:8192|row-block vtcm 8192000|usec 46 cycles 94327 start 3961369795 mhz 2050.6
10-08 12:03:03.383 I/NpuProbe( 7792): [ggml] ggml-hex: HTP0 profile-op OPBATCH|----|n-ops 2|----|----|----|usec 125 cycles 255459 start 1842209640874 mhz 2043.7
10-08 12:03:03.383 I/NpuProbe( 7792): [ggml] ggml-hex: HTP0 profile-op ADD|HTP0#ffn_out-4#0 x ffn_inp-4 -> l_out-4|2048:128 x 2048:128 -> 2048:128|f32 x f32 -> f32|4:8192 x 4:8192 -> 4:8192|----|usec 57 cycles 117576 start 3963665747 mhz 2062.7
10-08 12:03:03.383 I/NpuProbe( 7792): [ggml] ggml-hex: HTP0 profile-op RMS_NORM+MUL|l_out-4 x blk.5.attn_norm.weight -> attn_norm-5|2048:128 x 2048:1 -> 2048:128|f32 x f32 -> f32|4:8192 x 4:8192 -> 4:8192|row-block vtcm 8192000|usec 44 cycles 91319 start 3963783383 mhz 2075.4
10-08 12:03:03.383 I/NpuProbe( 7792): [ggml] ggml-hex: HTP0 profile-op OPBATCH|----|n-ops 2|----|----|----|usec 137 cycles 281376 start 1842211070124 mhz 2053.8
10-08 12:03:03.383 I/NpuProbe( 7792): [ggml] ggml-hex: HTP0 profile-op ROPE|HTP0#Qcur-5#0 x HTP0#leaf_5#0 -> Qcur-5|128:16:128:1 x 128:1 -> 128:16:128:1|f32 x i32 -> f32|4:512:8192:1048576 x 4:512 -> 4:512:8192:1048576|----|usec 47 cycles 97008 start 3965090263 mhz 2064.0
10-08 12:03:03.383 I/NpuProbe( 7792): [ggml] ggml-hex: HTP0 profile-op RMS_NORM+MUL|Qcur-5 x blk.5.attn_q_norm.weight -> Qcur_norm-5|128:16:128:1 x 128:1 -> 128:16:128:1|f32 x f32 -> f32|4:512:8192:1048576 x 4:512 -> 4:512:8192:1048576|row-block vtcm 8376320|usec 70 cycles 142779 start 3965187364 mhz 2039.7
10-08 12:03:03.383 I/NpuProbe( 7792): [ggml] ggml-hex: HTP0 profile-op OPBATCH|----|n-ops 5|----|----|----|usec 299 cycles 610618 start 1842212232285 mhz 2042.2
10-08 12:03:03.383 I/NpuProbe( 7792): [ggml] ggml-hex: HTP0 profile-op ROPE|HTP0#Kcur-5#0 x HTP0#leaf_5#0 -> Kcur-5|128:4:128:1 x 128:1 -> 128:4:128:1|f32 x i32 -> f32|4:512:2048:262144 x 4:512 -> 4:512:2048:262144|----|usec 26 cycles 54469 start 3966255181 mhz 2095.0
10-08 12:03:03.383 I/NpuProbe( 7792): [ggml] ggml-hex: HTP0 profile-op RMS_NORM+MUL|Kcur-5 x blk.5.attn_k_norm.weight -> Kcur_norm-5|128:4:128:1 x 128:1 -> 128:4:128:1|f32 x f32 -> f32|4:512:2048:262144 x 4:512 -> 4:512:2048:262144|row-block vtcm 8376320|usec 20 cycles 41649 start 3966309714 mhz 2082.4
10-08 12:03:03.383 I/NpuProbe( 7792): [ggml] ggml-hex: HTP0 profile-op SET_ROWS|Kcur_norm-5 (view) x HTP0#leaf_10#0 x cache_k_l5 -> cache_k_l5 (view)|512:128 x 128:1 x 512:2048 -> 512:2048|f32 x i64 x f16 -> f16|4:2048 x 8:1024 x 2:1024 -> 2:1024|----|usec 8 cycles 17491 start 3966351389 mhz 2186.4
10-08 12:03:03.383 I/NpuProbe( 7792): [ggml] ggml-hex: HTP0 profile-op SET_ROWS|HTP0#Vcur-5 (view)#0 x HTP0#leaf_12#0 x cache_v_l5 -> cache_v_l5 (view)|512:128 x 128:1 x 512:2048 -> 512:2048|f32 x i64 x f16 -> f16|4:2048 x 8:1024 x 2:1024 -> 2:1024|----|usec 6 cycles 14237 start 3966368906 mhz 2372.8
10-08 12:03:03.383 I/NpuProbe( 7792): [ggml] ggml-hex: HTP0 profile-op FLASH_ATTN_EXT|Qcur_norm-5 (view) (permuted) x cache_k_l5 (view) (permuted) x cache_v_l5 (view) (permuted) x HTP0#attn_inp_kq_mask#0 -> node_200|128:128:16:1 x 128:256:4:1 x 128:256:4:1 x 256:128 -> 128:16:128:1|f32 x f16 x f16 x f16 -> f32|4:8192:512:1048576! x 2:1024:256:2097152! x 2:1024:256:2097152! x 2:512 -> 4:512:8192:1048576|hmx-pipe vtcm 1914368|usec 203 cycles 414780 start 3966383169 mhz 2043.3
10-08 12:03:03.383 I/NpuProbe( 7792): [ggml] ggml-hex: HTP0 profile-op OPBATCH|----|n-ops 2|----|----|----|usec 123 cycles 251804 start 1842214009289 mhz 2047.2
10-08 12:03:03.383 I/NpuProbe( 7792): [ggml] ggml-hex: HTP0 profile-op ADD|HTP0#attn_out-5#0 x l_out-4 -> ffn_inp-5|2048:128 x 2048:128 -> 2048:128|f32 x f32 -> f32|4:8192 x 4:8192 -> 4:8192|----|usec 57 cycles 116535 start 3968030729 mhz 2044.5
10-08 12:03:03.383 I/NpuProbe( 7792): [ggml] ggml-hex: HTP0 profile-op RMS_NORM+MUL|ffn_inp-5 x blk.5.ffn_norm.weight -> ffn_norm-5|2048:128 x 2048:1 -> 2048:128|f32 x f32 -> f32|4:8192 x 4:8192 -> 4:8192|row-block vtcm 8192000|usec 45 cycles 93011 start 3968147328 mhz 2066.9
10-08 12:03:03.383 I/NpuProbe( 7792): [ggml] ggml-hex: HTP0 profile-op OPBATCH|----|n-ops 2|----|----|----|usec 121 cycles 247272 start 1842216445440 mhz 2043.6
10-08 12:03:03.383 I/NpuProbe( 7792): [ggml] ggml-hex: HTP0 profile-op ADD|HTP0#ffn_out-5#0 x ffn_inp-5 -> l_out-5|2048:128 x 2048:128 -> 2048:128|f32 x f32 -> f32|4:8192 x 4:8192 -> 4:8192|----|usec 54 cycles 111794 start 3970469119 mhz 2070.3
10-08 12:03:03.383 I/NpuProbe( 7792): [ggml] ggml-hex: HTP0 profile-op RMS_NORM+MUL|l_out-5 x blk.6.attn_norm.weight -> attn_norm-6|2048:128 x 2048:1 -> 2048:128|f32 x f32 -> f32|4:8192 x 4:8192 -> 4:8192|row-block vtcm 8192000|usec 44 cycles 89782 start 3970580976 mhz 2040.5
10-08 12:03:03.383 I/NpuProbe( 7792): [ggml] ggml-hex: HTP0 profile-op OPBATCH|----|n-ops 2|----|----|----|usec 133 cycles 272680 start 1842217915451 mhz 2050.2
10-08 12:03:03.383 I/NpuProbe( 7792): [ggml] ggml-hex: HTP0 profile-op ROPE|HTP0#Qcur-6#0 x HTP0#leaf_5#0 -> Qcur-6|128:16:128:1 x 128:1 -> 128:16:128:1|f32 x i32 -> f32|4:512:8192:1048576 x 4:512 -> 4:512:8192:1048576|----|usec 45 cycles 93989 start 3971935919 mhz 2088.6
10-08 12:03:03.383 I/NpuProbe( 7792): [ggml] ggml-hex: HTP0 profile-op RMS_NORM+MUL|Qcur-6 x blk.6.attn_q_norm.weight -> Qcur_norm-6|128:16:128:1 x 128:1 -> 128:16:128:1|f32 x f32 -> f32|4:512:8192:1048576 x 4:512 -> 4:512:8192:1048576|row-block vtcm 8376320|usec 67 cycles 137732 start 3972029982 mhz 2055.7
10-08 12:03:03.383 I/NpuProbe( 7792): [ggml] ggml-hex: HTP0 profile-op OPBATCH|----|n-ops 5|----|----|----|usec 649 cycles 1321903 start 1842219354260 mhz 2036.8
10-08 12:03:03.383 I/NpuProbe( 7792): [ggml] ggml-hex: HTP0 profile-op ROPE|HTP0#Kcur-6#0 x HTP0#leaf_5#0 -> Kcur-6|128:4:128:1 x 128:1 -> 128:4:128:1|f32 x i32 -> f32|4:512:2048:262144 x 4:512 -> 4:512:2048:262144|----|usec 78 cycles 159571 start 3973419410 mhz 2045.8
10-08 12:03:03.383 I/NpuProbe( 7792): [ggml] ggml-hex: HTP0 profile-op RMS_NORM+MUL|Kcur-6 x blk.6.attn_k_norm.weight -> Kcur_norm-6|128:4:128:1 x 128:1 -> 128:4:128:1|f32 x f32 -> f32|4:512:2048:262144 x 4:512 -> 4:512:2048:262144|row-block vtcm 8376320|usec 64 cycles 131347 start 3973579057 mhz 2052.3
10-08 12:03:03.383 I/NpuProbe( 7792): [ggml] ggml-hex: HTP0 profile-op SET_ROWS|Kcur_norm-6 (view) x HTP0#leaf_10#0 x cache_k_l6 -> cache_k_l6 (view)|512:128 x 128:1 x 512:2048 -> 512:2048|f32 x i64 x f16 -> f16|4:2048 x 8:1024 x 2:1024 -> 2:1024|----|usec 25 cycles 51786 start 3973710430 mhz 2071.4
10-08 12:03:03.383 I/NpuProbe( 7792): [ggml] ggml-hex: HTP0 profile-op SET_ROWS|HTP0#Vcur-6 (view)#0 x HTP0#leaf_12#0 x cache_v_l6 -> cache_v_l6 (view)|512:128 x 128:1 x 512:2048 -> 512:2048|f32 x i64 x f16 -> f16|4:2048 x 8:1024 x 2:1024 -> 2:1024|----|usec 28 cycles 58472 start 3973762242 mhz 2088.3
10-08 12:03:03.383 I/NpuProbe( 7792): [ggml] ggml-hex: HTP0 profile-op FLASH_ATTN_EXT|Qcur_norm-6 (view) (permuted) x cache_k_l6 (view) (permuted) x cache_v_l6 (view) (permuted) x HTP0#attn_inp_kq_mask#0 -> node_235|128:128:16:1 x 128:256:4:1 x 128:256:4:1 x 256:128 -> 128:16:128:1|f32 x f16 x f16 x f16 -> f32|4:8192:512:1048576! x 2:1024:256:2097152! x 2:1024:256:2097152! x 2:512 -> 4:512:8192:1048576|hmx-pipe vtcm 1914368|usec 339 cycles 690907 start 3973820740 mhz 2038.1
10-08 12:03:03.383 I/NpuProbe( 7792): [ggml] ggml-hex: HTP0 profile-op OPBATCH|----|n-ops 2|----|----|----|usec 123 cycles 252293 start 1842221777745 mhz 2051.2
10-08 12:03:03.383 I/NpuProbe( 7792): [ggml] ggml-hex: HTP0 profile-op ADD|HTP0#attn_out-6#0 x l_out-5 -> ffn_inp-6|2048:128 x 2048:128 -> 2048:128|f32 x f32 -> f32|4:8192 x 4:8192 -> 4:8192|----|usec 57 cycles 116923 start 3975798432 mhz 2051.3
10-08 12:03:03.383 I/NpuProbe( 7792): [ggml] ggml-hex: HTP0 profile-op RMS_NORM+MUL|ffn_inp-6 x blk.6.ffn_norm.weight -> ffn_norm-6|2048:128 x 2048:1 -> 2048:128|f32 x f32 -> f32|4:8192 x 4:8192 -> 4:8192|row-block vtcm 8192000|usec 46 cycles 93884 start 3975915419 mhz 2041.0
10-08 12:03:03.383 I/NpuProbe( 7792): [ggml] ggml-hex: HTP0 profile-op OPBATCH|----|n-ops 2|----|----|----|usec 121 cycles 248145 start 1842224429360 mhz 2050.8
10-08 12:03:03.383 I/NpuProbe( 7792): [ggml] ggml-hex: HTP0 profile-op ADD|HTP0#ffn_out-6#0 x ffn_inp-6 -> l_out-6|2048:128 x 2048:128 -> 2048:128|f32 x f32 -> f32|4:8192 x 4:8192 -> 4:8192|----|usec 55 cycles 112986 start 3978455958 mhz 2054.3
10-08 12:03:03.383 I/NpuProbe( 7792): [ggml] ggml-hex: HTP0 profile-op RMS_NORM+MUL|l_out-6 x blk.7.attn_norm.weight -> attn_norm-7|2048:128 x 2048:1 -> 2048:128|f32 x f32 -> f32|4:8192 x 4:8192 -> 4:8192|row-block vtcm 8192000|usec 41 cycles 85101 start 3978569005 mhz 2075.6
10-08 12:03:03.383 I/NpuProbe( 7792): [ggml] ggml-hex: HTP0 profile-op OPBATCH|----|n-ops 2|----|----|----|usec 138 cycles 283348 start 1842225874134 mhz 2053.2
10-08 12:03:03.383 I/NpuProbe( 7792): [ggml] ggml-hex: HTP0 profile-op ROPE|HTP0#Qcur-7#0 x HTP0#leaf_5#0 -> Qcur-7|128:16:128:1 x 128:1 -> 128:16:128:1|f32 x i32 -> f32|4:512:8192:1048576 x 4:512 -> 4:512:8192:1048576|----|usec 47 cycles 98122 start 3979896892 mhz 2087.7
10-08 12:03:03.383 I/NpuProbe( 7792): [ggml] ggml-hex: HTP0 profile-op RMS_NORM+MUL|Qcur-7 x blk.7.attn_q_norm.weight -> Qcur_norm-7|128:16:128:1 x 128:1 -> 128:16:128:1|f32 x f32 -> f32|4:512:8192:1048576 x 4:512 -> 4:512:8192:1048576|row-block vtcm 8376320|usec 68 cycles 140464 start 3979995108 mhz 2065.6
10-08 12:03:03.383 I/NpuProbe( 7792): [ggml] ggml-hex: HTP0 profile-op OPBATCH|----|n-ops 5|----|----|----|usec 301 cycles 614853 start 1842227037897 mhz 2042.7
10-08 12:03:03.383 I/NpuProbe( 7792): [ggml] ggml-hex: HTP0 profile-op ROPE|HTP0#Kcur-7#0 x HTP0#leaf_5#0 -> Kcur-7|128:4:128:1 x 128:1 -> 128:4:128:1|f32 x i32 -> f32|4:512:2048:262144 x 4:512 -> 4:512:2048:262144|----|usec 28 cycles 58843 start 3981061655 mhz 2101.5
10-08 12:03:03.383 I/NpuProbe( 7792): [ggml] ggml-hex: HTP0 profile-op RMS_NORM+MUL|Kcur-7 x blk.7.attn_k_norm.weight -> Kcur_norm-7|128:4:128:1 x 128:1 -> 128:4:128:1|f32 x f32 -> f32|4:512:2048:262144 x 4:512 -> 4:512:2048:262144|row-block vtcm 8376320|usec 21 cycles 44716 start 3981120562 mhz 2129.3
10-08 12:03:03.383 I/NpuProbe( 7792): [ggml] ggml-hex: HTP0 profile-op SET_ROWS|Kcur_norm-7 (view) x HTP0#leaf_10#0 x cache_k_l7 -> cache_k_l7 (view)|512:128 x 128:1 x 512:2048 -> 512:2048|f32 x i64 x f16 -> f16|4:2048 x 8:1024 x 2:1024 -> 2:1024|----|usec 8 cycles 17221 start 3981165304 mhz 2152.6
10-08 12:03:03.383 I/NpuProbe( 7792): [ggml] ggml-hex: HTP0 profile-op SET_ROWS|HTP0#Vcur-7 (view)#0 x HTP0#leaf_12#0 x cache_v_l7 -> cache_v_l7 (view)|512:128 x 128:1 x 512:2048 -> 512:2048|f32 x i64 x f16 -> f16|4:2048 x 8:1024 x 2:1024 -> 2:1024|----|usec 6 cycles 14158 start 3981182551 mhz 2359.7
10-08 12:03:03.383 I/NpuProbe( 7792): [ggml] ggml-hex: HTP0 profile-op FLASH_ATTN_EXT|Qcur_norm-7 (view) (permuted) x cache_k_l7 (view) (permuted) x cache_v_l7 (view) (permuted) x HTP0#attn_inp_kq_mask#0 -> node_270|128:128:16:1 x 128:256:4:1 x 128:256:4:1 x 256:128 -> 128:16:128:1|f32 x f16 x f16 x f16 -> f32|4:8192:512:1048576! x 2:1024:256:2097152! x 2:1024:256:2097152! x 2:512 -> 4:512:8192:1048576|hmx-pipe vtcm 1914368|usec 203 cycles 413387 start 3981196735 mhz 2036.4
10-08 12:03:03.383 I/NpuProbe( 7792): [ggml] ggml-hex: HTP0 profile-op OPBATCH|----|n-ops 2|----|----|----|usec 122 cycles 250784 start 1842228847990 mhz 2055.6
10-08 12:03:03.383 I/NpuProbe( 7792): [ggml] ggml-hex: HTP0 profile-op ADD|HTP0#attn_out-7#0 x l_out-6 -> ffn_inp-7|2048:128 x 2048:128 -> 2048:128|f32 x f32 -> f32|4:8192 x 4:8192 -> 4:8192|----|usec 56 cycles 115516 start 3982869762 mhz 2062.8
10-08 12:03:03.383 I/NpuProbe( 7792): [ggml] ggml-hex: HTP0 profile-op RMS_NORM+MUL|ffn_inp-7 x blk.7.ffn_norm.weight -> ffn_norm-7|2048:128 x 2048:1 -> 2048:128|f32 x f32 -> f32|4:8192 x 4:8192 -> 4:8192|row-block vtcm 8192000|usec 45 cycles 92811 start 3982985342 mhz 2062.5
10-08 12:03:03.383 I/NpuProbe( 7792): [ggml] ggml-hex: HTP0 profile-op OPBATCH|----|n-ops 2|----|----|----|usec 129 cycles 264599 start 1842231252382 mhz 2051.2
10-08 12:03:03.383 I/NpuProbe( 7792): [ggml] ggml-hex: HTP0 profile-op ADD|HTP0#ffn_out-7#0 x ffn_inp-7 -> l_out-7|2048:128 x 2048:128 -> 2048:128|f32 x f32 -> f32|4:8192 x 4:8192 -> 4:8192|----|usec 59 cycles 120824 start 3985277011 mhz 2047.9
10-08 12:03:03.383 I/NpuProbe( 7792): [ggml] ggml-hex: HTP0 profile-op RMS_NORM+MUL|l_out-7 x blk.8.attn_norm.weight -> attn_norm-8|2048:128 x 2048:1 -> 2048:128|f32 x f32 -> f32|4:8192 x 4:8192 -> 4:8192|row-block vtcm 8192000|usec 47 cycles 97419 start 3985397898 mhz 2072.7
10-08 12:03:03.383 I/NpuProbe( 7792): [ggml] ggml-hex: HTP0 profile-op OPBATCH|----|n-ops 2|----|----|----|usec 139 cycles 283851 start 1842232748408 mhz 2042.1
10-08 12:03:03.383 I/NpuProbe( 7792): [ggml] ggml-hex: HTP0 profile-op ROPE|HTP0#Qcur-8#0 x HTP0#leaf_5#0 -> Qcur-8|128:16:128:1 x 128:1 -> 128:16:128:1|f32 x i32 -> f32|4:512:8192:1048576 x 4:512 -> 4:512:8192:1048576|----|usec 48 cycles 98201 start 3986771774 mhz 2045.9
10-08 12:03:03.383 I/NpuProbe( 7792): [ggml] ggml-hex: HTP0 profile-op RMS_NORM+MUL|Qcur-8 x blk.8.attn_q_norm.weight -> Qcur_norm-8|128:16:128:1 x 128:1 -> 128:16:128:1|f32 x f32 -> f32|4:512:8192:1048576 x 4:512 -> 4:512:8192:1048576|row-block vtcm 8376320|usec 69 cycles 141119 start 3986870049 mhz 2045.2
10-08 12:03:03.383 I/NpuProbe( 7792): [ggml] ggml-hex: HTP0 profile-op OPBATCH|----|n-ops 5|----|----|----|usec 297 cycles 605193 start 1842233948818 mhz 2037.7
10-08 12:03:03.383 I/NpuProbe( 7792): [ggml] ggml-hex: HTP0 profile-op ROPE|HTP0#Kcur-8#0 x HTP0#leaf_5#0 -> Kcur-8|128:4:128:1 x 128:1 -> 128:4:128:1|f32 x i32 -> f32|4:512:2048:262144 x 4:512 -> 4:512:2048:262144|----|usec 26 cycles 54725 start 3987972069 mhz 2104.8
10-08 12:03:03.383 I/NpuProbe( 7792): [ggml] ggml-hex: HTP0 profile-op RMS_NORM+MUL|Kcur-8 x blk.8.attn_k_norm.weight -> Kcur_norm-8|128:4:128:1 x 128:1 -> 128:4:128:1|f32 x f32 -> f32|4:512:2048:262144 x 4:512 -> 4:512:2048:262144|row-block vtcm 8376320|usec 20 cycles 42136 start 3988026868 mhz 2106.8
10-08 12:03:03.383 I/NpuProbe( 7792): [ggml] ggml-hex: HTP0 profile-op SET_ROWS|Kcur_norm-8 (view) x HTP0#leaf_10#0 x cache_k_l8 -> cache_k_l8 (view)|512:128 x 128:1 x 512:2048 -> 512:2048|f32 x i64 x f16 -> f16|4:2048 x 8:1024 x 2:1024 -> 2:1024|----|usec 8 cycles 17854 start 3988069030 mhz 2231.8
10-08 12:03:03.383 I/NpuProbe( 7792): [ggml] ggml-hex: HTP0 profile-op SET_ROWS|HTP0#Vcur-8 (view)#0 x HTP0#leaf_12#0 x cache_v_l8 -> cache_v_l8 (view)|512:128 x 128:1 x 512:2048 -> 512:2048|f32 x i64 x f16 -> f16|4:2048 x 8:1024 x 2:1024 -> 2:1024|----|usec 6 cycles 13723 start 3988086910 mhz 2287.2
10-08 12:03:03.383 I/NpuProbe( 7792): [ggml] ggml-hex: HTP0 profile-op FLASH_ATTN_EXT|Qcur_norm-8 (view) (permuted) x cache_k_l8 (view) (permuted) x cache_v_l8 (view) (permuted) x HTP0#attn_inp_kq_mask#0 -> node_305|128:128:16:1 x 128:256:4:1 x 128:256:4:1 x 256:128 -> 128:16:128:1|f32 x f16 x f16 x f16 -> f32|4:8192:512:1048576! x 2:1024:256:2097152! x 2:1024:256:2097152! x 2:512 -> 4:512:8192:1048576|hmx-pipe vtcm 1914368|usec 201 cycles 410941 start 3988100659 mhz 2044.5
10-08 12:03:03.383 I/NpuProbe( 7792): [ggml] ggml-hex: HTP0 profile-op OPBATCH|----|n-ops 2|----|----|----|usec 124 cycles 254389 start 1842235741442 mhz 2051.5
10-08 12:03:03.383 I/NpuProbe( 7792): [ggml] ggml-hex: HTP0 profile-op ADD|HTP0#attn_out-8#0 x l_out-7 -> ffn_inp-8|2048:128 x 2048:128 -> 2048:128|f32 x f32 -> f32|4:8192 x 4:8192 -> 4:8192|----|usec 56 cycles 114959 start 3989764013 mhz 2052.8
10-08 12:03:03.383 I/NpuProbe( 7792): [ggml] ggml-hex: HTP0 profile-op RMS_NORM+MUL|ffn_inp-8 x blk.8.ffn_norm.weight -> ffn_norm-8|2048:128 x 2048:1 -> 2048:128|f32 x f32 -> f32|4:8192 x 4:8192 -> 4:8192|row-block vtcm 8192000|usec 46 cycles 94068 start 3989879033 mhz 2045.0
10-08 12:03:03.383 I/NpuProbe( 7792): [ggml] ggml-hex: HTP0 profile-op OPBATCH|----|n-ops 2|----|----|----|usec 121 cycles 247017 start 1842238159372 mhz 2041.5
10-08 12:03:03.383 I/NpuProbe( 7792): [ggml] ggml-hex: HTP0 profile-op ADD|HTP0#ffn_out-8#0 x ffn_inp-8 -> l_out-8|2048:128 x 2048:128 -> 2048:128|f32 x f32 -> f32|4:8192 x 4:8192 -> 4:8192|----|usec 53 cycles 109377 start 3992184307 mhz 2063.7
10-08 12:03:03.383 I/NpuProbe( 7792): [ggml] ggml-hex: HTP0 profile-op RMS_NORM+MUL|l_out-8 x blk.9.attn_norm.weight -> attn_norm-9|2048:128 x 2048:1 -> 2048:128|f32 x f32 -> f32|4:8192 x 4:8192 -> 4:8192|row-block vtcm 8192000|usec 44 cycles 90890 start 3992293745 mhz 2065.7
10-08 12:03:03.383 I/NpuProbe( 7792): [ggml] ggml-hex: HTP0 profile-op OPBATCH|----|n-ops 2|----|----|----|usec 135 cycles 276080 start 1842239637486 mhz 2045.0
10-08 12:03:03.383 I/NpuProbe( 7792): [ggml] ggml-hex: HTP0 profile-op ROPE|HTP0#Qcur-9#0 x HTP0#leaf_5#0 -> Qcur-9|128:16:128:1 x 128:1 -> 128:16:128:1|f32 x i32 -> f32|4:512:8192:1048576 x 4:512 -> 4:512:8192:1048576|----|usec 46 cycles 95381 start 3993659656 mhz 2073.5
10-08 12:03:03.383 I/NpuProbe( 7792): [ggml] ggml-hex: HTP0 profile-op RMS_NORM+MUL|Qcur-9 x blk.9.attn_q_norm.weight -> Qcur_norm-9|128:16:128:1 x 128:1 -> 128:16:128:1|f32 x f32 -> f32|4:512:8192:1048576 x 4:512 -> 4:512:8192:1048576|row-block vtcm 8376320|usec 67 cycles 136857 start 3993755111 mhz 2042.6
10-08 12:03:03.383 I/NpuProbe( 7792): [ggml] ggml-hex: HTP0 profile-op OPBATCH|----|n-ops 5|----|----|----|usec 298 cycles 607748 start 1842240906071 mhz 2039.4
10-08 12:03:03.383 I/NpuProbe( 7792): [ggml] ggml-hex: HTP0 profile-op ROPE|HTP0#Kcur-9#0 x HTP0#leaf_5#0 -> Kcur-9|128:4:128:1 x 128:1 -> 128:4:128:1|f32 x i32 -> f32|4:512:2048:262144 x 4:512 -> 4:512:2048:262144|----|usec 26 cycles 54354 start 3994929985 mhz 2090.5
10-08 12:03:03.383 I/NpuProbe( 7792): [ggml] ggml-hex: HTP0 profile-op RMS_NORM+MUL|Kcur-9 x blk.9.attn_k_norm.weight -> Kcur_norm-9|128:4:128:1 x 128:1 -> 128:4:128:1|f32 x f32 -> f32|4:512:2048:262144 x 4:512 -> 4:512:2048:262144|row-block vtcm 8376320|usec 20 cycles 42212 start 3994984413 mhz 2110.6
10-08 12:03:03.383 I/NpuProbe( 7792): [ggml] ggml-hex: HTP0 profile-op SET_ROWS|Kcur_norm-9 (view) x HTP0#leaf_10#0 x cache_k_l9 -> cache_k_l9 (view)|512:128 x 128:1 x 512:2048 -> 512:2048|f32 x i64 x f16 -> f16|4:2048 x 8:1024 x 2:1024 -> 2:1024|----|usec 8 cycles 16752 start 3995026651 mhz 2094.0
10-08 12:03:03.383 I/NpuProbe( 7792): [ggml] ggml-hex: HTP0 profile-op SET_ROWS|HTP0#Vcur-9 (view)#0 x HTP0#leaf_12#0 x cache_v_l9 -> cache_v_l9 (view)|512:128 x 128:1 x 512:2048 -> 512:2048|f32 x i64 x f16 -> f16|4:2048 x 8:1024 x 2:1024 -> 2:1024|----|usec 6 cycles 13415 start 3995043434 mhz 2235.8
10-08 12:03:03.383 I/NpuProbe( 7792): [ggml] ggml-hex: HTP0 profile-op FLASH_ATTN_EXT|Qcur_norm-9 (view) (permuted) x cache_k_l9 (view) (permuted) x cache_v_l9 (view) (permuted) x HTP0#attn_inp_kq_mask#0 -> node_340|128:128:16:1 x 128:256:4:1 x 128:256:4:1 x 256:128 -> 128:16:128:1|f32 x f16 x f16 x f16 -> f32|4:8192:512:1048576! x 2:1024:256:2097152! x 2:1024:256:2097152! x 2:512 -> 4:512:8192:1048576|hmx-pipe vtcm 1914368|usec 202 cycles 411514 start 3995056875 mhz 2037.2
10-08 12:03:03.383 I/NpuProbe( 7792): [ggml] ggml-hex: HTP0 profile-op OPBATCH|----|n-ops 2|----|----|----|usec 128 cycles 262638 start 1842242721278 mhz 2051.9
10-08 12:03:03.383 I/NpuProbe( 7792): [ggml] ggml-hex: HTP0 profile-op ADD|HTP0#attn_out-9#0 x l_out-8 -> ffn_inp-9|2048:128 x 2048:128 -> 2048:128|f32 x f32 -> f32|4:8192 x 4:8192 -> 4:8192|----|usec 58 cycles 120346 start 3996743370 mhz 2074.9
10-08 12:03:03.383 I/NpuProbe( 7792): [ggml] ggml-hex: HTP0 profile-op RMS_NORM+MUL|ffn_inp-9 x blk.9.ffn_norm.weight -> ffn_norm-9|2048:128 x 2048:1 -> 2048:128|f32 x f32 -> f32|4:8192 x 4:8192 -> 4:8192|row-block vtcm 8192000|usec 48 cycles 99510 start 3996863787 mhz 2073.1
10-08 12:03:03.383 I/NpuProbe( 7792): [ggml] ggml-hex: HTP0 profile-op OPBATCH|----|n-ops 2|----|----|----|usec 133 cycles 272082 start 1842245362200 mhz 2045.7
10-08 12:03:03.383 I/NpuProbe( 7792): [ggml] ggml-hex: HTP0 profile-op ADD|HTP0#ffn_out-9#0 x ffn_inp-9 -> l_out-9|2048:128 x 2048:128 -> 2048:128|f32 x f32 -> f32|4:8192 x 4:8192 -> 4:8192|----|usec 61 cycles 125889 start 3999389218 mhz 2063.8
10-08 12:03:03.383 I/NpuProbe( 7792): [ggml] ggml-hex: HTP0 profile-op RMS_NORM+MUL|l_out-9 x blk.10.attn_norm.weight -> attn_norm-10|2048:128 x 2048:1 -> 2048:128|f32 x f32 -> f32|4:8192 x 4:8192 -> 4:8192|row-block vtcm 8192000|usec 47 cycles 97086 start 3999515169 mhz 2065.7
10-08 12:03:03.383 I/NpuProbe( 7792): [ggml] ggml-hex: HTP0 profile-op OPBATCH|----|n-ops 2|----|----|----|usec 137 cycles 280930 start 1842246804309 mhz 2050.6
10-08 12:03:03.383 I/NpuProbe( 7792): [ggml] ggml-hex: HTP0 profile-op ROPE|HTP0#Qcur-10#0 x HTP0#leaf_5#0 -> Qcur-10|128:16:128:1 x 128:1 -> 128:16:128:1|f32 x i32 -> f32|4:512:8192:1048576 x 4:512 -> 4:512:8192:1048576|----|usec 47 cycles 97555 start 4000825850 mhz 2075.6
10-08 12:03:03.383 I/NpuProbe( 7792): [ggml] ggml-hex: HTP0 profile-op RMS_NORM+MUL|Qcur-10 x blk.10.attn_q_norm.weight -> Qcur_norm-10|128:16:128:1 x 128:1 -> 128:16:128:1|f32 x f32 -> f32|4:512:8192:1048576 x 4:512 -> 4:512:8192:1048576|row-block vtcm 8376320|usec 69 cycles 140562 start 4000923498 mhz 2037.1
10-08 12:03:03.383 I/NpuProbe( 7792): [ggml] ggml-hex: HTP0 profile-op OPBATCH|----|n-ops 5|----|----|----|usec 302 cycles 617342 start 1842247945242 mhz 2044.2
10-08 12:03:03.383 I/NpuProbe( 7792): [ggml] ggml-hex: HTP0 profile-op ROPE|HTP0#Kcur-10#0 x HTP0#leaf_5#0 -> Kcur-10|128:4:128:1 x 128:1 -> 128:4:128:1|f32 x i32 -> f32|4:512:2048:262144 x 4:512 -> 4:512:2048:262144|----|usec 28 cycles 58598 start 4001969236 mhz 2092.8
10-08 12:03:03.383 I/NpuProbe( 7792): [ggml] ggml-hex: HTP0 profile-op RMS_NORM+MUL|Kcur-10 x blk.10.attn_k_norm.weight -> Kcur_norm-10|128:4:128:1 x 128:1 -> 128:4:128:1|f32 x f32 -> f32|4:512:2048:262144 x 4:512 -> 4:512:2048:262144|row-block vtcm 8376320|usec 22 cycles 45168 start 4002027900 mhz 2053.1
10-08 12:03:03.383 I/NpuProbe( 7792): [ggml] ggml-hex: HTP0 profile-op SET_ROWS|Kcur_norm-10 (view) x HTP0#leaf_10#0 x cache_k_l10 -> cache_k_l10 (view)|512:128 x 128:1 x 512:2048 -> 512:2048|f32 x i64 x f16 -> f16|4:2048 x 8:1024 x 2:1024 -> 2:1024|----|usec 8 cycles 17726 start 4002073094 mhz 2215.8
10-08 12:03:03.383 I/NpuProbe( 7792): [ggml] ggml-hex: HTP0 profile-op SET_ROWS|HTP0#Vcur-10 (view)#0 x HTP0#leaf_12#0 x cache_v_l10 -> cache_v_l10 (view)|512:128 x 128:1 x 512:2048 -> 512:2048|f32 x i64 x f16 -> f16|4:2048 x 8:1024 x 2:1024 -> 2:1024|----|usec 6 cycles 14292 start 4002090846 mhz 2382.0
10-08 12:03:03.383 I/NpuProbe( 7792): [ggml] ggml-hex: HTP0 profile-op FLASH_ATTN_EXT|Qcur_norm-10 (view) (permuted) x cache_k_l10 (view) (permuted) x cache_v_l10 (view) (permuted) x HTP0#attn_inp_kq_mask#0 -> node_375|128:128:16:1 x 128:256:4:1 x 128:256:4:1 x 256:128 -> 128:16:128:1|f32 x f16 x f16 x f16 -> f32|4:8192:512:1048576! x 2:1024:256:2097152! x 2:1024:256:2097152! x 2:512 -> 4:512:8192:1048576|hmx-pipe vtcm 1914368|usec 203 cycles 414728 start 4002105169 mhz 2043.0
10-08 12:03:03.383 I/NpuProbe( 7792): [ggml] ggml-hex: HTP0 profile-op OPBATCH|----|n-ops 2|----|----|----|usec 133 cycles 273069 start 1842249720575 mhz 2053.2
10-08 12:03:03.383 I/NpuProbe( 7792): [ggml] ggml-hex: HTP0 profile-op ADD|HTP0#attn_out-10#0 x l_out-9 -> ffn_inp-10|2048:128 x 2048:128 -> 2048:128|f32 x f32 -> f32|4:8192 x 4:8192 -> 4:8192|----|usec 61 cycles 126239 start 4003742808 mhz 2069.5
10-08 12:03:03.383 I/NpuProbe( 7792): [ggml] ggml-hex: HTP0 profile-op RMS_NORM+MUL|ffn_inp-10 x blk.10.ffn_norm.weight -> ffn_norm-10|2048:128 x 2048:1 -> 2048:128|f32 x f32 -> f32|4:8192 x 4:8192 -> 4:8192|row-block vtcm 8192000|usec 50 cycles 103658 start 4003869111 mhz 2073.2
10-08 12:03:03.383 I/NpuProbe( 7792): [ggml] ggml-hex: HTP0 profile-op OPBATCH|----|n-ops 2|----|----|----|usec 124 cycles 253846 start 1842252842691 mhz 2047.1
10-08 12:03:03.383 I/NpuProbe( 7792): [ggml] ggml-hex: HTP0 profile-op ADD|HTP0#ffn_out-10#0 x ffn_inp-10 -> l_out-10|2048:128 x 2048:128 -> 2048:128|f32 x f32 -> f32|4:8192 x 4:8192 -> 4:8192|----|usec 58 cycles 118745 start 4006868236 mhz 2047.3
10-08 12:03:03.383 I/NpuProbe( 7792): [ggml] ggml-hex: HTP0 profile-op RMS_NORM+MUL|l_out-10 x blk.11.attn_norm.weight -> attn_norm-11|2048:128 x 2048:1 -> 2048:128|f32 x f32 -> f32|4:8192 x 4:8192 -> 4:8192|row-block vtcm 8192000|usec 43 cycles 87847 start 4006987041 mhz 2043.0
10-08 12:03:03.383 I/NpuProbe( 7792): [ggml] ggml-hex: HTP0 profile-op OPBATCH|----|n-ops 2|----|----|----|usec 136 cycles 279112 start 1842254671489 mhz 2052.3
10-08 12:03:03.383 I/NpuProbe( 7792): [ggml] ggml-hex: HTP0 profile-op ROPE|HTP0#Qcur-11#0 x HTP0#leaf_5#0 -> Qcur-11|128:16:128:1 x 128:1 -> 128:16:128:1|f32 x i32 -> f32|4:512:8192:1048576 x 4:512 -> 4:512:8192:1048576|----|usec 48 cycles 98125 start 4008695590 mhz 2044.3
10-08 12:03:03.383 I/NpuProbe( 7792): [ggml] ggml-hex: HTP0 profile-op RMS_NORM+MUL|Qcur-11 x blk.11.attn_q_norm.weight -> Qcur_norm-11|128:16:128:1 x 128:1 -> 128:16:128:1|f32 x f32 -> f32|4:512:8192:1048576 x 4:512 -> 4:512:8192:1048576|row-block vtcm 8376320|usec 65 cycles 134337 start 4008793785 mhz 2066.7
10-08 12:03:03.383 I/NpuProbe( 7792): [ggml] ggml-hex: HTP0 profile-op OPBATCH|----|n-ops 5|----|----|----|usec 302 cycles 617119 start 1842256047766 mhz 2043.4
10-08 12:03:03.383 I/NpuProbe( 7792): [ggml] ggml-hex: HTP0 profile-op ROPE|HTP0#Kcur-11#0 x HTP0#leaf_5#0 -> Kcur-11|128:4:128:1 x 128:1 -> 128:4:128:1|f32 x i32 -> f32|4:512:2048:262144 x 4:512 -> 4:512:2048:262144|----|usec 26 cycles 54142 start 4010071457 mhz 2082.4
10-08 12:03:03.383 I/NpuProbe( 7792): [ggml] ggml-hex: HTP0 profile-op RMS_NORM+MUL|Kcur-11 x blk.11.attn_k_norm.weight -> Kcur_norm-11|128:4:128:1 x 128:1 -> 128:4:128:1|f32 x f32 -> f32|4:512:2048:262144 x 4:512 -> 4:512:2048:262144|row-block vtcm 8376320|usec 21 cycles 42895 start 4010125673 mhz 2042.6
10-08 12:03:03.383 I/NpuProbe( 7792): [ggml] ggml-hex: HTP0 profile-op SET_ROWS|Kcur_norm-11 (view) x HTP0#leaf_10#0 x cache_k_l11 -> cache_k_l11 (view)|512:128 x 128:1 x 512:2048 -> 512:2048|f32 x i64 x f16 -> f16|4:2048 x 8:1024 x 2:1024 -> 2:1024|----|usec 9 cycles 18981 start 4010168599 mhz 2109.0
10-08 12:03:03.383 I/NpuProbe( 7792): [ggml] ggml-hex: HTP0 profile-op SET_ROWS|HTP0#Vcur-11 (view)#0 x HTP0#leaf_12#0 x cache_v_l11 -> cache_v_l11 (view)|512:128 x 128:1 x 512:2048 -> 512:2048|f32 x i64 x f16 -> f16|4:2048 x 8:1024 x 2:1024 -> 2:1024|----|usec 7 cycles 14778 start 4010187606 mhz 2111.1
10-08 12:03:03.383 I/NpuProbe( 7792): [ggml] ggml-hex: HTP0 profile-op FLASH_ATTN_EXT|Qcur_norm-11 (view) (permuted) x cache_k_l11 (view) (permuted) x cache_v_l11 (view) (permuted) x HTP0#attn_inp_kq_mask#0 -> node_410|128:128:16:1 x 128:256:4:1 x 128:256:4:1 x 256:128 -> 128:16:128:1|f32 x f16 x f16 x f16 -> f32|4:8192:512:1048576! x 2:1024:256:2097152! x 2:1024:256:2097152! x 2:512 -> 4:512:8192:1048576|hmx-pipe vtcm 1914368|usec 205 cycles 418201 start 4010202410 mhz 2040.0
10-08 12:03:03.383 I/NpuProbe( 7792): [ggml] ggml-hex: HTP0 profile-op OPBATCH|----|n-ops 2|----|----|----|usec 126 cycles 257781 start 1842258226436 mhz 2045.9
10-08 12:03:03.383 I/NpuProbe( 7792): [ggml] ggml-hex: HTP0 profile-op ADD|HTP0#attn_out-11#0 x l_out-10 -> ffn_inp-11|2048:128 x 2048:128 -> 2048:128|f32 x f32 -> f32|4:8192 x 4:8192 -> 4:8192|----|usec 58 cycles 119054 start 4012250120 mhz 2052.7
10-08 12:03:03.383 I/NpuProbe( 7792): [ggml] ggml-hex: HTP0 profile-op RMS_NORM+MUL|ffn_inp-11 x blk.11.ffn_norm.weight -> ffn_norm-11|2048:128 x 2048:1 -> 2048:128|f32 x f32 -> f32|4:8192 x 4:8192 -> 4:8192|row-block vtcm 8192000|usec 45 cycles 93254 start 4012369239 mhz 2072.3
10-08 12:03:03.383 I/NpuProbe( 7792): [ggml] ggml-hex: HTP0 profile-op OPBATCH|----|n-ops 2|----|----|----|usec 124 cycles 253066 start 1842261467743 mhz 2040.9
10-08 12:03:03.383 I/NpuProbe( 7792): [ggml] ggml-hex: HTP0 profile-op ADD|HTP0#ffn_out-11#0 x ffn_inp-11 -> l_out-11|2048:128 x 2048:128 -> 2048:128|f32 x f32 -> f32|4:8192 x 4:8192 -> 4:8192|----|usec 54 cycles 112142 start 4015494421 mhz 2076.7
10-08 12:03:03.383 I/NpuProbe( 7792): [ggml] ggml-hex: HTP0 profile-op RMS_NORM+MUL|l_out-11 x blk.12.attn_norm.weight -> attn_norm-12|2048:128 x 2048:1 -> 2048:128|f32 x f32 -> f32|4:8192 x 4:8192 -> 4:8192|row-block vtcm 8192000|usec 45 cycles 92081 start 4015606626 mhz 2046.2
10-08 12:03:03.383 I/NpuProbe( 7792): [ggml] ggml-hex: HTP0 profile-op OPBATCH|----|n-ops 2|----|----|----|usec 142 cycles 291137 start 1842263300756 mhz 2050.3
10-08 12:03:03.383 I/NpuProbe( 7792): [ggml] ggml-hex: HTP0 profile-op ROPE|HTP0#Qcur-12#0 x HTP0#leaf_5#0 -> Qcur-12|128:16:128:1 x 128:1 -> 128:16:128:1|f32 x i32 -> f32|4:512:8192:1048576 x 4:512 -> 4:512:8192:1048576|----|usec 50 cycles 102338 start 4017325971 mhz 2046.8
10-08 12:03:03.383 I/NpuProbe( 7792): [ggml] ggml-hex: HTP0 profile-op RMS_NORM+MUL|Qcur-12 x blk.12.attn_q_norm.weight -> Qcur_norm-12|128:16:128:1 x 128:1 -> 128:16:128:1|f32 x f32 -> f32|4:512:8192:1048576 x 4:512 -> 4:512:8192:1048576|row-block vtcm 8376320|usec 69 cycles 141527 start 4017428399 mhz 2051.1
10-08 12:03:03.383 I/NpuProbe( 7792): [ggml] ggml-hex: HTP0 profile-op OPBATCH|----|n-ops 5|----|----|----|usec 301 cycles 614225 start 1842264829446 mhz 2040.6
10-08 12:03:03.383 I/NpuProbe( 7792): [ggml] ggml-hex: HTP0 profile-op ROPE|HTP0#Kcur-12#0 x HTP0#leaf_5#0 -> Kcur-12|128:4:128:1 x 128:1 -> 128:4:128:1|f32 x i32 -> f32|4:512:2048:262144 x 4:512 -> 4:512:2048:262144|----|usec 27 cycles 55877 start 4018855073 mhz 2069.5
10-08 12:03:03.383 I/NpuProbe( 7792): [ggml] ggml-hex: HTP0 profile-op RMS_NORM+MUL|Kcur-12 x blk.12.attn_k_norm.weight -> Kcur_norm-12|128:4:128:1 x 128:1 -> 128:4:128:1|f32 x f32 -> f32|4:512:2048:262144 x 4:512 -> 4:512:2048:262144|row-block vtcm 8376320|usec 20 cycles 41640 start 4018911024 mhz 2082.0
10-08 12:03:03.383 I/NpuProbe( 7792): [ggml] ggml-hex: HTP0 profile-op SET_ROWS|Kcur_norm-12 (view) x HTP0#leaf_10#0 x cache_k_l12 -> cache_k_l12 (view)|512:128 x 128:1 x 512:2048 -> 512:2048|f32 x i64 x f16 -> f16|4:2048 x 8:1024 x 2:1024 -> 2:1024|----|usec 8 cycles 17931 start 4018952690 mhz 2241.4
10-08 12:03:03.383 I/NpuProbe( 7792): [ggml] ggml-hex: HTP0 profile-op SET_ROWS|HTP0#Vcur-12 (view)#0 x HTP0#leaf_12#0 x cache_v_l12 -> cache_v_l12 (view)|512:128 x 128:1 x 512:2048 -> 512:2048|f32 x i64 x f16 -> f16|4:2048 x 8:1024 x 2:1024 -> 2:1024|----|usec 6 cycles 14214 start 4018970650 mhz 2369.0
10-08 12:03:03.383 I/NpuProbe( 7792): [ggml] ggml-hex: HTP0 profile-op FLASH_ATTN_EXT|Qcur_norm-12 (view) (permuted) x cache_k_l12 (view) (permuted) x cache_v_l12 (view) (permuted) x HTP0#attn_inp_kq_mask#0 -> node_445|128:128:16:1 x 128:256:4:1 x 128:256:4:1 x 256:128 -> 128:16:128:1|f32 x f16 x f16 x f16 -> f32|4:8192:512:1048576! x 2:1024:256:2097152! x 2:1024:256:2097152! x 2:512 -> 4:512:8192:1048576|hmx-pipe vtcm 1914368|usec 202 cycles 413092 start 4018984890 mhz 2045.0
10-08 12:03:03.383 I/NpuProbe( 7792): [ggml] ggml-hex: HTP0 profile-op OPBATCH|----|n-ops 2|----|----|----|usec 126 cycles 258131 start 1842266998531 mhz 2048.7
10-08 12:03:03.383 I/NpuProbe( 7792): [ggml] ggml-hex: HTP0 profile-op ADD|HTP0#attn_out-12#0 x l_out-11 -> ffn_inp-12|2048:128 x 2048:128 -> 2048:128|f32 x f32 -> f32|4:8192 x 4:8192 -> 4:8192|----|usec 58 cycles 119582 start 4021023670 mhz 2061.8
10-08 12:03:03.383 I/NpuProbe( 7792): [ggml] ggml-hex: HTP0 profile-op RMS_NORM+MUL|ffn_inp-12 x blk.12.ffn_norm.weight -> ffn_norm-12|2048:128 x 2048:1 -> 2048:128|f32 x f32 -> f32|4:8192 x 4:8192 -> 4:8192|row-block vtcm 8192000|usec 45 cycles 92013 start 4021143330 mhz 2044.7
10-08 12:03:03.383 I/NpuProbe( 7792): [ggml] ggml-hex: HTP0 profile-op OPBATCH|----|n-ops 2|----|----|----|usec 125 cycles 256983 start 1842270478844 mhz 2055.9
10-08 12:03:03.383 I/NpuProbe( 7792): [ggml] ggml-hex: HTP0 profile-op ADD|HTP0#ffn_out-12#0 x ffn_inp-12 -> l_out-12|2048:128 x 2048:128 -> 2048:128|f32 x f32 -> f32|4:8192 x 4:8192 -> 4:8192|----|usec 56 cycles 116078 start 4024504081 mhz 2072.8
10-08 12:03:03.383 I/NpuProbe( 7792): [ggml] ggml-hex: HTP0 profile-op RMS_NORM+MUL|l_out-12 x blk.13.attn_norm.weight -> attn_norm-13|2048:128 x 2048:1 -> 2048:128|f32 x f32 -> f32|4:8192 x 4:8192 -> 4:8192|row-block vtcm 8192000|usec 45 cycles 93670 start 4024620219 mhz 2081.6
10-08 12:03:03.383 I/NpuProbe( 7792): [ggml] ggml-hex: HTP0 profile-op OPBATCH|----|n-ops 2|----|----|----|usec 140 cycles 287142 start 1842272315706 mhz 2051.0
10-08 12:03:03.383 I/NpuProbe( 7792): [ggml] ggml-hex: HTP0 profile-op ROPE|HTP0#Qcur-13#0 x HTP0#leaf_5#0 -> Qcur-13|128:16:128:1 x 128:1 -> 128:16:128:1|f32 x i32 -> f32|4:512:8192:1048576 x 4:512 -> 4:512:8192:1048576|----|usec 49 cycles 100772 start 4026340717 mhz 2056.6
10-08 12:03:03.383 I/NpuProbe( 7792): [ggml] ggml-hex: HTP0 profile-op RMS_NORM+MUL|Qcur-13 x blk.13.attn_q_norm.weight -> Qcur_norm-13|128:16:128:1 x 128:1 -> 128:16:128:1|f32 x f32 -> f32|4:512:8192:1048576 x 4:512 -> 4:512:8192:1048576|row-block vtcm 8376320|usec 68 cycles 139104 start 4026441559 mhz 2045.6
10-08 12:03:03.383 I/NpuProbe( 7792): [ggml] ggml-hex: HTP0 profile-op OPBATCH|----|n-ops 5|----|----|----|usec 299 cycles 609207 start 1842273701700 mhz 2037.5
10-08 12:03:03.383 I/NpuProbe( 7792): [ggml] ggml-hex: HTP0 profile-op ROPE|HTP0#Kcur-13#0 x HTP0#leaf_5#0 -> Kcur-13|128:4:128:1 x 128:1 -> 128:4:128:1|f32 x i32 -> f32|4:512:2048:262144 x 4:512 -> 4:512:2048:262144|----|usec 26 cycles 54656 start 4027725686 mhz 2102.2
10-08 12:03:03.383 I/NpuProbe( 7792): [ggml] ggml-hex: HTP0 profile-op RMS_NORM+MUL|Kcur-13 x blk.13.attn_k_norm.weight -> Kcur_norm-13|128:4:128:1 x 128:1 -> 128:4:128:1|f32 x f32 -> f32|4:512:2048:262144 x 4:512 -> 4:512:2048:262144|row-block vtcm 8376320|usec 20 cycles 41983 start 4027780416 mhz 2099.1
10-08 12:03:03.383 I/NpuProbe( 7792): [ggml] ggml-hex: HTP0 profile-op SET_ROWS|Kcur_norm-13 (view) x HTP0#leaf_10#0 x cache_k_l13 -> cache_k_l13 (view)|512:128 x 128:1 x 512:2048 -> 512:2048|f32 x i64 x f16 -> f16|4:2048 x 8:1024 x 2:1024 -> 2:1024|----|usec 8 cycles 18268 start 4027822425 mhz 2283.5
10-08 12:03:03.383 I/NpuProbe( 7792): [ggml] ggml-hex: HTP0 profile-op SET_ROWS|HTP0#Vcur-13 (view)#0 x HTP0#leaf_12#0 x cache_v_l13 -> cache_v_l13 (view)|512:128 x 128:1 x 512:2048 -> 512:2048|f32 x i64 x f16 -> f16|4:2048 x 8:1024 x 2:1024 -> 2:1024|----|usec 6 cycles 14138 start 4027840719 mhz 2356.3
10-08 12:03:03.383 I/NpuProbe( 7792): [ggml] ggml-hex: HTP0 profile-op FLASH_ATTN_EXT|Qcur_norm-13 (view) (permuted) x cache_k_l13 (view) (permuted) x cache_v_l13 (view) (permuted) x HTP0#attn_inp_kq_mask#0 -> node_480|128:128:16:1 x 128:256:4:1 x 128:256:4:1 x 256:128 -> 128:16:128:1|f32 x f16 x f16 x f16 -> f32|4:8192:512:1048576! x 2:1024:256:2097152! x 2:1024:256:2097152! x 2:512 -> 4:512:8192:1048576|hmx-pipe vtcm 1914368|usec 202 cycles 411350 start 4027854886 mhz 2036.4
10-08 12:03:03.383 I/NpuProbe( 7792): [ggml] ggml-hex: HTP0 profile-op OPBATCH|----|n-ops 2|----|----|----|usec 126 cycles 257640 start 1842275878137 mhz 2044.8
10-08 12:03:03.383 I/NpuProbe( 7792): [ggml] ggml-hex: HTP0 profile-op ADD|HTP0#attn_out-13#0 x l_out-12 -> ffn_inp-13|2048:128 x 2048:128 -> 2048:128|f32 x f32 -> f32|4:8192 x 4:8192 -> 4:8192|----|usec 57 cycles 117947 start 4029903809 mhz 2069.2
10-08 12:03:03.383 I/NpuProbe( 7792): [ggml] ggml-hex: HTP0 profile-op RMS_NORM+MUL|ffn_inp-13 x blk.13.ffn_norm.weight -> ffn_norm-13|2048:128 x 2048:1 -> 2048:128|f32 x f32 -> f32|4:8192 x 4:8192 -> 4:8192|row-block vtcm 8192000|usec 45 cycles 91815 start 4030021818 mhz 2040.3
10-08 12:03:03.383 I/NpuProbe( 7792): [ggml] ggml-hex: HTP0 profile-op OPBATCH|----|n-ops 2|----|----|----|usec 125 cycles 255294 start 1842279060933 mhz 2042.4
10-08 12:03:03.383 I/NpuProbe( 7792): [ggml] ggml-hex: HTP0 profile-op ADD|HTP0#ffn_out-13#0 x ffn_inp-13 -> l_out-13|2048:128 x 2048:128 -> 2048:128|f32 x f32 -> f32|4:8192 x 4:8192 -> 4:8192|----|usec 58 cycles 119252 start 4033086427 mhz 2056.1
10-08 12:03:03.383 I/NpuProbe( 7792): [ggml] ggml-hex: HTP0 profile-op RMS_NORM+MUL|l_out-13 x blk.14.attn_norm.weight -> attn_norm-14|2048:128 x 2048:1 -> 2048:128|f32 x f32 -> f32|4:8192 x 4:8192 -> 4:8192|row-block vtcm 8192000|usec 43 cycles 88858 start 4033205743 mhz 2066.5
10-08 12:03:03.383 I/NpuProbe( 7792): [ggml] ggml-hex: HTP0 profile-op OPBATCH|----|n-ops 2|----|----|----|usec 138 cycles 282383 start 1842280888744 mhz 2046.3
10-08 12:03:03.383 I/NpuProbe( 7792): [ggml] ggml-hex: HTP0 profile-op ROPE|HTP0#Qcur-14#0 x HTP0#leaf_5#0 -> Qcur-14|128:16:128:1 x 128:1 -> 128:16:128:1|f32 x i32 -> f32|4:512:8192:1048576 x 4:512 -> 4:512:8192:1048576|----|usec 46 cycles 95762 start 4034915509 mhz 2081.8
10-08 12:03:03.383 I/NpuProbe( 7792): [ggml] ggml-hex: HTP0 profile-op RMS_NORM+MUL|Qcur-14 x blk.14.attn_q_norm.weight -> Qcur_norm-14|128:16:128:1 x 128:1 -> 128:16:128:1|f32 x f32 -> f32|4:512:8192:1048576 x 4:512 -> 4:512:8192:1048576|row-block vtcm 8376320|usec 67 cycles 137781 start 4035011346 mhz 2056.4
10-08 12:03:03.383 I/NpuProbe( 7792): [ggml] ggml-hex: HTP0 profile-op OPBATCH|----|n-ops 5|----|----|----|usec 303 cycles 618506 start 1842282227710 mhz 2041.3
10-08 12:03:03.383 I/NpuProbe( 7792): [ggml] ggml-hex: HTP0 profile-op ROPE|HTP0#Kcur-14#0 x HTP0#leaf_5#0 -> Kcur-14|128:4:128:1 x 128:1 -> 128:4:128:1|f32 x i32 -> f32|4:512:2048:262144 x 4:512 -> 4:512:2048:262144|----|usec 28 cycles 59067 start 4036251514 mhz 2109.5
10-08 12:03:03.383 I/NpuProbe( 7792): [ggml] ggml-hex: HTP0 profile-op RMS_NORM+MUL|Kcur-14 x blk.14.attn_k_norm.weight -> Kcur_norm-14|128:4:128:1 x 128:1 -> 128:4:128:1|f32 x f32 -> f32|4:512:2048:262144 x 4:512 -> 4:512:2048:262144|row-block vtcm 8376320|usec 21 cycles 43757 start 4036310652 mhz 2083.7
10-08 12:03:03.383 I/NpuProbe( 7792): [ggml] ggml-hex: HTP0 profile-op SET_ROWS|Kcur_norm-14 (view) x HTP0#leaf_10#0 x cache_k_l14 -> cache_k_l14 (view)|512:128 x 128:1 x 512:2048 -> 512:2048|f32 x i64 x f16 -> f16|4:2048 x 8:1024 x 2:1024 -> 2:1024|----|usec 9 cycles 18377 start 4036354456 mhz 2041.9
10-08 12:03:03.383 I/NpuProbe( 7792): [ggml] ggml-hex: HTP0 profile-op SET_ROWS|HTP0#Vcur-14 (view)#0 x HTP0#leaf_12#0 x cache_v_l14 -> cache_v_l14 (view)|512:128 x 128:1 x 512:2048 -> 512:2048|f32 x i64 x f16 -> f16|4:2048 x 8:1024 x 2:1024 -> 2:1024|----|usec 6 cycles 13823 start 4036372859 mhz 2303.8
10-08 12:03:03.383 I/NpuProbe( 7792): [ggml] ggml-hex: HTP0 profile-op FLASH_ATTN_EXT|Qcur_norm-14 (view) (permuted) x cache_k_l14 (view) (permuted) x cache_v_l14 (view) (permuted) x HTP0#attn_inp_kq_mask#0 -> node_515|128:128:16:1 x 128:256:4:1 x 128:256:4:1 x 256:128 -> 128:16:128:1|f32 x f16 x f16 x f16 -> f32|4:8192:512:1048576! x 2:1024:256:2097152! x 2:1024:256:2097152! x 2:512 -> 4:512:8192:1048576|hmx-pipe vtcm 1914368|usec 203 cycles 415510 start 4036386708 mhz 2046.8
10-08 12:03:03.383 I/NpuProbe( 7792): [ggml] ggml-hex: HTP0 profile-op OPBATCH|----|n-ops 2|----|----|----|usec 127 cycles 260693 start 1842284395291 mhz 2052.7
10-08 12:03:03.383 I/NpuProbe( 7792): [ggml] ggml-hex: HTP0 profile-op ADD|HTP0#attn_out-14#0 x l_out-13 -> ffn_inp-14|2048:128 x 2048:128 -> 2048:128|f32 x f32 -> f32|4:8192 x 4:8192 -> 4:8192|----|usec 58 cycles 119357 start 4038420013 mhz 2057.9
10-08 12:03:03.383 I/NpuProbe( 7792): [ggml] ggml-hex: HTP0 profile-op RMS_NORM+MUL|ffn_inp-14 x blk.14.ffn_norm.weight -> ffn_norm-14|2048:128 x 2048:1 -> 2048:128|f32 x f32 -> f32|4:8192 x 4:8192 -> 4:8192|row-block vtcm 8192000|usec 46 cycles 95105 start 4038539430 mhz 2067.5
10-08 12:03:03.383 I/NpuProbe( 7792): [ggml] ggml-hex: HTP0 profile-op OPBATCH|----|n-ops 2|----|----|----|usec 116 cycles 238564 start 1842287565016 mhz 2056.6
10-08 12:03:03.383 I/NpuProbe( 7792): [ggml] ggml-hex: HTP0 profile-op ADD|HTP0#ffn_out-14#0 x ffn_inp-14 -> l_out-14|2048:128 x 2048:128 -> 2048:128|f32 x f32 -> f32|4:8192 x 4:8192 -> 4:8192|----|usec 53 cycles 108539 start 4041590661 mhz 2047.9
10-08 12:03:03.383 I/NpuProbe( 7792): [ggml] ggml-hex: HTP0 profile-op RMS_NORM+MUL|l_out-14 x blk.15.attn_norm.weight -> attn_norm-15|2048:128 x 2048:1 -> 2048:128|f32 x f32 -> f32|4:8192 x 4:8192 -> 4:8192|row-block vtcm 8192000|usec 40 cycles 82228 start 4041699263 mhz 2055.7
10-08 12:03:03.383 I/NpuProbe( 7792): [ggml] ggml-hex: HTP0 profile-op OPBATCH|----|n-ops 2|----|----|----|usec 139 cycles 285515 start 1842289373152 mhz 2054.1
10-08 12:03:03.383 I/NpuProbe( 7792): [ggml] ggml-hex: HTP0 profile-op ROPE|HTP0#Qcur-15#0 x HTP0#leaf_5#0 -> Qcur-15|128:16:128:1 x 128:1 -> 128:16:128:1|f32 x i32 -> f32|4:512:8192:1048576 x 4:512 -> 4:512:8192:1048576|----|usec 48 cycles 100101 start 4043397462 mhz 2085.4
10-08 12:03:03.383 I/NpuProbe( 7792): [ggml] ggml-hex: HTP0 profile-op RMS_NORM+MUL|Qcur-15 x blk.15.attn_q_norm.weight -> Qcur_norm-15|128:16:128:1 x 128:1 -> 128:16:128:1|f32 x f32 -> f32|4:512:8192:1048576 x 4:512 -> 4:512:8192:1048576|row-block vtcm 8376320|usec 68 cycles 139162 start 4043497634 mhz 2046.5
10-08 12:03:03.383 I/NpuProbe( 7792): [ggml] ggml-hex: HTP0 profile-op OPBATCH|----|n-ops 5|----|----|----|usec 305 cycles 621815 start 1842290874184 mhz 2038.7
10-08 12:03:03.383 I/NpuProbe( 7792): [ggml] ggml-hex: HTP0 profile-op ROPE|HTP0#Kcur-15#0 x HTP0#leaf_5#0 -> Kcur-15|128:4:128:1 x 128:1 -> 128:4:128:1|f32 x i32 -> f32|4:512:2048:262144 x 4:512 -> 4:512:2048:262144|----|usec 27 cycles 57151 start 4044898145 mhz 2116.7
10-08 12:03:03.383 I/NpuProbe( 7792): [ggml] ggml-hex: HTP0 profile-op RMS_NORM+MUL|Kcur-15 x blk.15.attn_k_norm.weight -> Kcur_norm-15|128:4:128:1 x 128:1 -> 128:4:128:1|f32 x f32 -> f32|4:512:2048:262144 x 4:512 -> 4:512:2048:262144|row-block vtcm 8376320|usec 21 cycles 43118 start 4044955370 mhz 2053.2
10-08 12:03:03.383 I/NpuProbe( 7792): [ggml] ggml-hex: HTP0 profile-op SET_ROWS|Kcur_norm-15 (view) x HTP0#leaf_10#0 x cache_k_l15 -> cache_k_l15 (view)|512:128 x 128:1 x 512:2048 -> 512:2048|f32 x i64 x f16 -> f16|4:2048 x 8:1024 x 2:1024 -> 2:1024|----|usec 8 cycles 17758 start 4044998514 mhz 2219.8
10-08 12:03:03.383 I/NpuProbe( 7792): [ggml] ggml-hex: HTP0 profile-op SET_ROWS|HTP0#Vcur-15 (view)#0 x HTP0#leaf_12#0 x cache_v_l15 -> cache_v_l15 (view)|512:128 x 128:1 x 512:2048 -> 512:2048|f32 x i64 x f16 -> f16|4:2048 x 8:1024 x 2:1024 -> 2:1024|----|usec 6 cycles 13989 start 4045016298 mhz 2331.5
10-08 12:03:03.383 I/NpuProbe( 7792): [ggml] ggml-hex: HTP0 profile-op FLASH_ATTN_EXT|Qcur_norm-15 (view) (permuted) x cache_k_l15 (view) (permuted) x cache_v_l15 (view) (permuted) x HTP0#attn_inp_kq_mask#0 -> node_550|128:128:16:1 x 128:256:4:1 x 128:256:4:1 x 256:128 -> 128:16:128:1|f32 x f16 x f16 x f16 -> f32|4:8192:512:1048576! x 2:1024:256:2097152! x 2:1024:256:2097152! x 2:512 -> 4:512:8192:1048576|hmx-pipe vtcm 1914368|usec 206 cycles 421059 start 4045030313 mhz 2044.0
10-08 12:03:03.383 I/NpuProbe( 7792): [ggml] ggml-hex: HTP0 profile-op OPBATCH|----|n-ops 2|----|----|----|usec 126 cycles 258330 start 1842293052852 mhz 2050.2
10-08 12:03:03.383 I/NpuProbe( 7792): [ggml] ggml-hex: HTP0 profile-op ADD|HTP0#attn_out-15#0 x l_out-14 -> ffn_inp-15|2048:128 x 2048:128 -> 2048:128|f32 x f32 -> f32|4:8192 x 4:8192 -> 4:8192|----|usec 58 cycles 119081 start 4047078000 mhz 2053.1
10-08 12:03:03.383 I/NpuProbe( 7792): [ggml] ggml-hex: HTP0 profile-op RMS_NORM+MUL|ffn_inp-15 x blk.15.ffn_norm.weight -> ffn_norm-15|2048:128 x 2048:1 -> 2048:128|f32 x f32 -> f32|4:8192 x 4:8192 -> 4:8192|row-block vtcm 8192000|usec 45 cycles 92132 start 4047197144 mhz 2047.4
10-08 12:03:03.383 I/NpuProbe( 7792): [ggml] ggml-hex: HTP0 profile-op OPBATCH|----|n-ops 2|----|----|----|usec 127 cycles 259877 start 1842296515714 mhz 2046.3
10-08 12:03:03.383 I/NpuProbe( 7792): [ggml] ggml-hex: HTP0 profile-op ADD|HTP0#ffn_out-15#0 x ffn_inp-15 -> l_out-15|2048:128 x 2048:128 -> 2048:128|f32 x f32 -> f32|4:8192 x 4:8192 -> 4:8192|----|usec 59 cycles 120631 start 4050540279 mhz 2044.6
10-08 12:03:03.383 I/NpuProbe( 7792): [ggml] ggml-hex: HTP0 profile-op RMS_NORM+MUL|l_out-15 x blk.16.attn_norm.weight -> attn_norm-16|2048:128 x 2048:1 -> 2048:128|f32 x f32 -> f32|4:8192 x 4:8192 -> 4:8192|row-block vtcm 8192000|usec 45 cycles 92998 start 4050660970 mhz 2066.6
10-08 12:03:03.383 I/NpuProbe( 7792): [ggml] ggml-hex: HTP0 profile-op OPBATCH|----|n-ops 2|----|----|----|usec 141 cycles 288027 start 1842298324405 mhz 2042.7
10-08 12:03:03.383 I/NpuProbe( 7792): [ggml] ggml-hex: HTP0 profile-op ROPE|HTP0#Qcur-16#0 x HTP0#leaf_5#0 -> Qcur-16|128:16:128:1 x 128:1 -> 128:16:128:1|f32 x i32 -> f32|4:512:8192:1048576 x 4:512 -> 4:512:8192:1048576|----|usec 49 cycles 100979 start 4052348250 mhz 2060.8
10-08 12:03:03.383 I/NpuProbe( 7792): [ggml] ggml-hex: HTP0 profile-op RMS_NORM+MUL|Qcur-16 x blk.16.attn_q_norm.weight -> Qcur_norm-16|128:16:128:1 x 128:1 -> 128:16:128:1|f32 x f32 -> f32|4:512:8192:1048576 x 4:512 -> 4:512:8192:1048576|row-block vtcm 8376320|usec 69 cycles 140936 start 4052449319 mhz 2042.6
10-08 12:03:03.383 I/NpuProbe( 7792): [ggml] ggml-hex: HTP0 profile-op OPBATCH|----|n-ops 5|----|----|----|usec 306 cycles 624676 start 1842299725094 mhz 2041.4
10-08 12:03:03.383 I/NpuProbe( 7792): [ggml] ggml-hex: HTP0 profile-op ROPE|HTP0#Kcur-16#0 x HTP0#leaf_5#0 -> Kcur-16|128:4:128:1 x 128:1 -> 128:4:128:1|f32 x i32 -> f32|4:512:2048:262144 x 4:512 -> 4:512:2048:262144|----|usec 26 cycles 54942 start 4053749192 mhz 2113.2
10-08 12:03:03.383 I/NpuProbe( 7792): [ggml] ggml-hex: HTP0 profile-op RMS_NORM+MUL|Kcur-16 x blk.16.attn_k_norm.weight -> Kcur_norm-16|128:4:128:1 x 128:1 -> 128:4:128:1|f32 x f32 -> f32|4:512:2048:262144 x 4:512 -> 4:512:2048:262144|row-block vtcm 8376320|usec 20 cycles 41696 start 4053804208 mhz 2084.8
10-08 12:03:03.384 I/NpuProbe( 7792): [ggml] ggml-hex: HTP0 profile-op SET_ROWS|Kcur_norm-16 (view) x HTP0#leaf_10#0 x cache_k_l16 -> cache_k_l16 (view)|512:128 x 128:1 x 512:2048 -> 512:2048|f32 x i64 x f16 -> f16|4:2048 x 8:1024 x 2:1024 -> 2:1024|----|usec 9 cycles 18577 start 4053845930 mhz 2064.1
10-08 12:03:03.384 I/NpuProbe( 7792): [ggml] ggml-hex: HTP0 profile-op SET_ROWS|HTP0#Vcur-16 (view)#0 x HTP0#leaf_12#0 x cache_v_l16 -> cache_v_l16 (view)|512:128 x 128:1 x 512:2048 -> 512:2048|f32 x i64 x f16 -> f16|4:2048 x 8:1024 x 2:1024 -> 2:1024|----|usec 9 cycles 18588 start 4053864534 mhz 2065.3
10-08 12:03:03.384 I/NpuProbe( 7792): [ggml] ggml-hex: HTP0 profile-op FLASH_ATTN_EXT|Qcur_norm-16 (view) (permuted) x cache_k_l16 (view) (permuted) x cache_v_l16 (view) (permuted) x HTP0#attn_inp_kq_mask#0 -> node_585|128:128:16:1 x 128:256:4:1 x 128:256:4:1 x 256:128 -> 128:16:128:1|f32 x f16 x f16 x f16 -> f32|4:8192:512:1048576! x 2:1024:256:2097152! x 2:1024:256:2097152! x 2:512 -> 4:512:8192:1048576|hmx-pipe vtcm 1914368|usec 207 cycles 422518 start 4053883148 mhz 2041.1
10-08 12:03:03.384 I/NpuProbe( 7792): [ggml] ggml-hex: HTP0 profile-op OPBATCH|----|n-ops 2|----|----|----|usec 126 cycles 257329 start 1842301898836 mhz 2042.3
10-08 12:03:03.384 I/NpuProbe( 7792): [ggml] ggml-hex: HTP0 profile-op ADD|HTP0#attn_out-16#0 x l_out-15 -> ffn_inp-16|2048:128 x 2048:128 -> 2048:128|f32 x f32 -> f32|4:8192 x 4:8192 -> 4:8192|----|usec 58 cycles 118730 start 4055923097 mhz 2047.1
10-08 12:03:03.384 I/NpuProbe( 7792): [ggml] ggml-hex: HTP0 profile-op RMS_NORM+MUL|ffn_inp-16 x blk.16.ffn_norm.weight -> ffn_norm-16|2048:128 x 2048:1 -> 2048:128|f32 x f32 -> f32|4:8192 x 4:8192 -> 4:8192|row-block vtcm 8192000|usec 45 cycles 91781 start 4056041897 mhz 2039.6
10-08 12:03:03.384 I/NpuProbe( 7792): [ggml] ggml-hex: HTP0 profile-op OPBATCH|----|n-ops 2|----|----|----|usec 119 cycles 243287 start 1842305080295 mhz 2044.4
10-08 12:03:03.384 I/NpuProbe( 7792): [ggml] ggml-hex: HTP0 profile-op ADD|HTP0#ffn_out-16#0 x ffn_inp-16 -> l_out-16|2048:128 x 2048:128 -> 2048:128|f32 x f32 -> f32|4:8192 x 4:8192 -> 4:8192|----|usec 53 cycles 109373 start 4059105304 mhz 2063.6
10-08 12:03:03.384 I/NpuProbe( 7792): [ggml] ggml-hex: HTP0 profile-op RMS_NORM+MUL|l_out-16 x blk.17.attn_norm.weight -> attn_norm-17|2048:128 x 2048:1 -> 2048:128|f32 x f32 -> f32|4:8192 x 4:8192 -> 4:8192|row-block vtcm 8192000|usec 42 cycles 87175 start 4059214738 mhz 2075.6
10-08 12:03:03.384 I/NpuProbe( 7792): [ggml] ggml-hex: HTP0 profile-op OPBATCH|----|n-ops 2|----|----|----|usec 536 cycles 1091737 start 1842306862148 mhz 2036.8
10-08 12:03:03.384 I/NpuProbe( 7792): [ggml] ggml-hex: HTP0 profile-op ROPE|HTP0#Qcur-17#0 x HTP0#leaf_5#0 -> Qcur-17|128:16:128:1 x 128:1 -> 128:16:128:1|f32 x i32 -> f32|4:512:8192:1048576 x 4:512 -> 4:512:8192:1048576|----|usec 258 cycles 526197 start 4060928054 mhz 2039.5
10-08 12:03:03.384 I/NpuProbe( 7792): [ggml] ggml-hex: HTP0 profile-op RMS_NORM+MUL|Qcur-17 x blk.17.attn_q_norm.weight -> Qcur_norm-17|128:16:128:1 x 128:1 -> 128:16:128:1|f32 x f32 -> f32|4:512:8192:1048576 x 4:512 -> 4:512:8192:1048576|row-block vtcm 8376320|usec 229 cycles 467431 start 4061454321 mhz 2041.2
10-08 12:03:03.384 I/NpuProbe( 7792): [ggml] ggml-hex: HTP0 profile-op OPBATCH|----|n-ops 5|----|----|----|usec 305 cycles 621450 start 1842309011311 mhz 2037.5
10-08 12:03:03.384 I/NpuProbe( 7792): [ggml] ggml-hex: HTP0 profile-op ROPE|HTP0#Kcur-17#0 x HTP0#leaf_5#0 -> Kcur-17|128:4:128:1 x 128:1 -> 128:4:128:1|f32 x i32 -> f32|4:512:2048:262144 x 4:512 -> 4:512:2048:262144|----|usec 26 cycles 54317 start 4063034893 mhz 2089.1
10-08 12:03:03.384 I/NpuProbe( 7792): [ggml] ggml-hex: HTP0 profile-op RMS_NORM+MUL|Kcur-17 x blk.17.attn_k_norm.weight -> Kcur_norm-17|128:4:128:1 x 128:1 -> 128:4:128:1|f32 x f32 -> f32|4:512:2048:262144 x 4:512 -> 4:512:2048:262144|row-block vtcm 8376320|usec 22 cycles 45567 start 4063089274 mhz 2071.2
10-08 12:03:03.384 I/NpuProbe( 7792): [ggml] ggml-hex: HTP0 profile-op SET_ROWS|Kcur_norm-17 (view) x HTP0#leaf_10#0 x cache_k_l17 -> cache_k_l17 (view)|512:128 x 128:1 x 512:2048 -> 512:2048|f32 x i64 x f16 -> f16|4:2048 x 8:1024 x 2:1024 -> 2:1024|----|usec 8 cycles 18160 start 4063134888 mhz 2270.0
10-08 12:03:03.384 I/NpuProbe( 7792): [ggml] ggml-hex: HTP0 profile-op SET_ROWS|HTP0#Vcur-17 (view)#0 x HTP0#leaf_12#0 x cache_v_l17 -> cache_v_l17 (view)|512:128 x 128:1 x 512:2048 -> 512:2048|f32 x i64 x f16 -> f16|4:2048 x 8:1024 x 2:1024 -> 2:1024|----|usec 7 cycles 14278 start 4063153094 mhz 2039.7
10-08 12:03:03.384 I/NpuProbe( 7792): [ggml] ggml-hex: HTP0 profile-op FLASH_ATTN_EXT|Qcur_norm-17 (view) (permuted) x cache_k_l17 (view) (permuted) x cache_v_l17 (view) (permuted) x HTP0#attn_inp_kq_mask#0 -> node_620|128:128:16:1 x 128:256:4:1 x 128:256:4:1 x 256:128 -> 128:16:128:1|f32 x f16 x f16 x f16 -> f32|4:8192:512:1048576! x 2:1024:256:2097152! x 2:1024:256:2097152! x 2:512 -> 4:512:8192:1048576|hmx-pipe vtcm 1914368|usec 206 cycles 419771 start 4063167401 mhz 2037.7
10-08 12:03:03.384 I/NpuProbe( 7792): [ggml] ggml-hex: HTP0 profile-op OPBATCH|----|n-ops 2|----|----|----|usec 128 cycles 262723 start 1842311195952 mhz 2052.5
10-08 12:03:03.384 I/NpuProbe( 7792): [ggml] ggml-hex: HTP0 profile-op ADD|HTP0#attn_out-17#0 x l_out-16 -> ffn_inp-17|2048:128 x 2048:128 -> 2048:128|f32 x f32 -> f32|4:8192 x 4:8192 -> 4:8192|----|usec 59 cycles 121412 start 4065219995 mhz 2057.8
10-08 12:03:03.384 I/NpuProbe( 7792): [ggml] ggml-hex: HTP0 profile-op RMS_NORM+MUL|ffn_inp-17 x blk.17.ffn_norm.weight -> ffn_norm-17|2048:128 x 2048:1 -> 2048:128|f32 x f32 -> f32|4:8192 x 4:8192 -> 4:8192|row-block vtcm 8192000|usec 47 cycles 95685 start 4065341482 mhz 2035.9
10-08 12:03:03.384 I/NpuProbe( 7792): [ggml] ggml-hex: HTP0 profile-op OPBATCH|----|n-ops 2|----|----|----|usec 123 cycles 252910 start 1842314356982 mhz 2056.2
10-08 12:03:03.384 I/NpuProbe( 7792): [ggml] ggml-hex: HTP0 profile-op ADD|HTP0#ffn_out-17#0 x ffn_inp-17 -> l_out-17|2048:128 x 2048:128 -> 2048:128|f32 x f32 -> f32|4:8192 x 4:8192 -> 4:8192|----|usec 56 cycles 115225 start 4068381436 mhz 2057.6
10-08 12:03:03.384 I/NpuProbe( 7792): [ggml] ggml-hex: HTP0 profile-op RMS_NORM+MUL|l_out-17 x blk.18.attn_norm.weight -> attn_norm-18|2048:128 x 2048:1 -> 2048:128|f32 x f32 -> f32|4:8192 x 4:8192 -> 4:8192|row-block vtcm 8192000|usec 44 cycles 91371 start 4068496721 mhz 2076.6
10-08 12:03:03.384 I/NpuProbe( 7792): [ggml] ggml-hex: HTP0 profile-op OPBATCH|----|n-ops 2|----|----|----|usec 137 cycles 280995 start 1842316194203 mhz 2051.1
10-08 12:03:03.384 I/NpuProbe( 7792): [ggml] ggml-hex: HTP0 profile-op ROPE|HTP0#Qcur-18#0 x HTP0#leaf_5#0 -> Qcur-18|128:16:128:1 x 128:1 -> 128:16:128:1|f32 x i32 -> f32|4:512:8192:1048576 x 4:512 -> 4:512:8192:1048576|----|usec 47 cycles 98056 start 4070217919 mhz 2086.3
10-08 12:03:03.384 I/NpuProbe( 7792): [ggml] ggml-hex: HTP0 profile-op RMS_NORM+MUL|Qcur-18 x blk.18.attn_q_norm.weight -> Qcur_norm-18|128:16:128:1 x 128:1 -> 128:16:128:1|f32 x f32 -> f32|4:512:8192:1048576 x 4:512 -> 4:512:8192:1048576|row-block vtcm 8376320|usec 67 cycles 137275 start 4070316070 mhz 2048.9
10-08 12:03:03.384 I/NpuProbe( 7792): [ggml] ggml-hex: HTP0 profile-op OPBATCH|----|n-ops 5|----|----|----|usec 641 cycles 1307222 start 1842317727158 mhz 2039.3
10-08 12:03:03.384 I/NpuProbe( 7792): [ggml] ggml-hex: HTP0 profile-op ROPE|HTP0#Kcur-18#0 x HTP0#leaf_5#0 -> Kcur-18|128:4:128:1 x 128:1 -> 128:4:128:1|f32 x i32 -> f32|4:512:2048:262144 x 4:512 -> 4:512:2048:262144|----|usec 76 cycles 156996 start 4071790451 mhz 2065.7
10-08 12:03:03.384 I/NpuProbe( 7792): [ggml] ggml-hex: HTP0 profile-op RMS_NORM+MUL|Kcur-18 x blk.18.attn_k_norm.weight -> Kcur_norm-18|128:4:128:1 x 128:1 -> 128:4:128:1|f32 x f32 -> f32|4:512:2048:262144 x 4:512 -> 4:512:2048:262144|row-block vtcm 8376320|usec 64 cycles 130756 start 4071947521 mhz 2043.1
10-08 12:03:03.384 I/NpuProbe( 7792): [ggml] ggml-hex: HTP0 profile-op SET_ROWS|Kcur_norm-18 (view) x HTP0#leaf_10#0 x cache_k_l18 -> cache_k_l18 (view)|512:128 x 128:1 x 512:2048 -> 512:2048|f32 x i64 x f16 -> f16|4:2048 x 8:1024 x 2:1024 -> 2:1024|----|usec 25 cycles 51061 start 4072078303 mhz 2042.4
10-08 12:03:03.384 I/NpuProbe( 7792): [ggml] ggml-hex: HTP0 profile-op SET_ROWS|HTP0#Vcur-18 (view)#0 x HTP0#leaf_12#0 x cache_v_l18 -> cache_v_l18 (view)|512:128 x 128:1 x 512:2048 -> 512:2048|f32 x i64 x f16 -> f16|4:2048 x 8:1024 x 2:1024 -> 2:1024|----|usec 28 cycles 58172 start 4072129390 mhz 2077.6
10-08 12:03:03.384 I/NpuProbe( 7792): [ggml] ggml-hex: HTP0 profile-op FLASH_ATTN_EXT|Qcur_norm-18 (view) (permuted) x cache_k_l18 (view) (permuted) x cache_v_l18 (view) (permuted) x HTP0#attn_inp_kq_mask#0 -> node_655|128:128:16:1 x 128:256:4:1 x 128:256:4:1 x 256:128 -> 128:16:128:1|f32 x f16 x f16 x f16 -> f32|4:8192:512:1048576! x 2:1024:256:2097152! x 2:1024:256:2097152! x 2:512 -> 4:512:8192:1048576|hmx-pipe vtcm 1914368|usec 333 cycles 678305 start 4072187588 mhz 2037.0
10-08 12:03:03.384 I/NpuProbe( 7792): [ggml] ggml-hex: HTP0 profile-op OPBATCH|----|n-ops 2|----|----|----|usec 126 cycles 257459 start 1842320475904 mhz 2043.3
10-08 12:03:03.384 I/NpuProbe( 7792): [ggml] ggml-hex: HTP0 profile-op ADD|HTP0#attn_out-18#0 x l_out-17 -> ffn_inp-18|2048:128 x 2048:128 -> 2048:128|f32 x f32 -> f32|4:8192 x 4:8192 -> 4:8192|----|usec 58 cycles 118744 start 4074499954 mhz 2047.3
10-08 12:03:03.384 I/NpuProbe( 7792): [ggml] ggml-hex: HTP0 profile-op RMS_NORM+MUL|ffn_inp-18 x blk.18.ffn_norm.weight -> ffn_norm-18|2048:128 x 2048:1 -> 2048:128|f32 x f32 -> f32|4:8192 x 4:8192 -> 4:8192|row-block vtcm 8192000|usec 45 cycles 92983 start 4074618762 mhz 2066.3
--------- beginning of main
10-08 12:03:03.382 I/NpuProbe( 7792): SESS[0] puro:htp puro: ok=1 pieces=305 prefill=7180.85ms gen=40899.76ms pp1=0.67ms wall=48081.5ms
10-08 12:03:03.382 I/NpuProbe( 7792): SESS[0] puro:htp puro texto_len=1069 (integral no JSON)
10-08 12:03:03.382 I/NpuProbe( 7792): SESS[0] puro:htp lifecycle: load=845ms reset=1.79ms wall=48081.5ms
10-08 12:03:03.382 I/NpuProbe( 7792): SESS[0] puro:htp RESULTADO: PURO-EXECUTADO
10-08 12:03:03.382 I/NpuProbe( 7792): [ggml] ggml_vulkan: Found 1 Vulkan devices:
10-08 12:03:03.382 I/NpuProbe( 7792): [ggml] ggml_vulkan: 0 = Adreno (TM) 840 (Qualcomm Technologies Inc. Adreno Vulkan Driver) | uma: 1 | fp16: 1 | bf16: 0 | fp4: 0 | warp size: 64 | shared memory: 32768 | int dot: 0 | matrix cores: none
10-08 12:03:03.382 I/NpuProbe( 7792): [ggml] ggml_opencl: selected platform: 'QUALCOMM Snapdragon(TM)'
10-08 12:03:03.382 I/NpuProbe( 7792): [ggml] 
10-08 12:03:03.382 I/NpuProbe( 7792): ggml_opencl: device: 'QUALCOMM Adreno(TM) 840 (OpenCL 3.0 Adreno(TM) 840)'
10-08 12:03:03.382 I/NpuProbe( 7792): [ggml] ggml_opencl: default device: 'QUALCOMM Adreno(TM) 840 (OpenCL 3.0 Adreno(TM) 840)'
10-08 12:03:03.382 I/NpuProbe( 7792): [ggml] ggml-hex: Loading driver libcdsprpc.so
10-08 12:03:03.382 I/NpuProbe( 7792): [ggml] ggml-hex: Profiling mode 1 : pmu-evt [  ]
10-08 12:03:03.382 I/NpuProbe( 7792): [ggml] ggml-hex: Hexagon backend (experimental) : allocating new registry : ndev 1
10-08 12:03:03.382 I/NpuProbe( 7792): [ggml] ggml-hex: Hexagon Arch version v81
10-08 12:03:03.382 I/NpuProbe( 7792): [ggml] ggml-hex: HTP0 allocating new session
10-08 12:03:03.382 I/NpuProbe( 7792): [ggml] ggml-hex: HTP0 hwinfo: threads 8, hvx 8, hmx 1, vtcm 8 MB
10-08 12:03:03.382 I/NpuProbe( 7792): [ggml] ggml-hex: HTP0 new session : session-id 0 domain-id 3 uri file:///libggml-htp-v81.so?htp_iface_skel_handle_invoke&_modver=1.0&_dom=cdsp&_session=0 handle 0xb4000077d53acb00
10-08 12:03:03.382 I/NpuProbe( 7792): [ggml] ggml-hex: HTP0 op batching: n-bufs 16 n-tensors 7168 n-ops 1024 vmem 3355443200
10-08 12:03:03.382 I/NpuProbe( 7792): [ggml] ggml-hex: HTP0 profile-op OPBATCH|----|n-ops 1|----|----|----|usec 301 cycles 613925 start 1842172999384 mhz 2039.6
10-08 12:03:03.382 I/NpuProbe( 7792): [ggml] ggml-hex: HTP0 profile-op RMS_NORM+MUL|HTP0#embd#0 x blk.0.attn_norm.weight -> attn_norm-0|2048:128 x 2048:1 -> 2048:128|f32 x f32 -> f32|4:8192 x 4:8192 -> 4:8192|row-block vtcm 8192000|usec 57 cycles 116953 start 3927472446 mhz 2051.8
10-08 12:03:03.382 I/NpuProbe( 7792): [ggml] ggml-hex: HTP0 profile-op OPBATCH|----|n-ops 2|----|----|----|usec 142 cycles 291493 start 1842174810565 mhz 2052.8
10-08 12:03:03.382 I/NpuProbe( 7792): [ggml] ggml-hex: HTP0 profile-op ROPE|HTP0#Qcur-0#0 x HTP0#leaf_5#0 -> Qcur-0|128:16:128:1 x 128:1 -> 128:16:128:1|f32 x i32 -> f32|4:512:8192:1048576 x 4:512 -> 4:512:8192:1048576|----|usec 53 cycles 109118 start 3928832048 mhz 2058.8
10-08 12:03:03.382 I/NpuProbe( 7792): [ggml] ggml-hex: HTP0 profile-op RMS_NORM+MUL|Qcur-0 x blk.0.attn_q_norm.weight -> Qcur_norm-0|128:16:128:1 x 128:1 -> 128:16:128:1|f32 x f32 -> f32|4:512:8192:1048576 x 4:512 -> 4:512:8192:1048576|row-block vtcm 8376320|usec 68 cycles 139503 start 3928941259 mhz 2051.5
10-08 12:03:03.382 I/NpuProbe( 7792): [ggml] ggml-hex: HTP0 profile-op OPBATCH|----|n-ops 5|----|----|----|usec 453 cycles 923832 start 1842176076570 mhz 2039.4
10-08 12:03:03.383 I/NpuProbe( 7792): [ggml] ggml-hex: HTP0 profile-op ROPE|HTP0#Kcur-0#0 x HTP0#leaf_5#0 -> Kcur-0|128:4:128:1 x 128:1 -> 128:4:128:1|f32 x i32 -> f32|4:512:2048:262144 x 4:512 -> 4:512:2048:262144|----|usec 26 cycles 54661 start 3930380317 mhz 2102.3
10-08 12:03:03.383 I/NpuProbe( 7792): [ggml] ggml-hex: HTP0 profile-op RMS_NORM+MUL|Kcur-0 x blk.0.attn_k_norm.weight -> Kcur_norm-0|128:4:128:1 x 128:1 -> 128:4:128:1|f32 x f32 -> f32|4:512:2048:262144 x 4:512 -> 4:512:2048:262144|row-block vtcm 8376320|usec 20 cycles 41784 start 3930435052 mhz 2089.2
10-08 12:03:03.383 I/NpuProbe( 7792): [ggml] ggml-hex: HTP0 profile-op SET_ROWS|Kcur_norm-0 (view) x HTP0#leaf_10#0 x cache_k_l0 -> cache_k_l0 (view)|512:128 x 128:1 x 512:2048 -> 512:2048|f32 x i64 x f16 -> f16|4:2048 x 8:1024 x 2:1024 -> 2:1024|----|usec 13 cycles 26919 start 3930476862 mhz 2070.7
10-08 12:03:03.383 I/NpuProbe( 7792): [ggml] ggml-hex: HTP0 profile-op SET_ROWS|HTP0#Vcur-0 (view)#0 x HTP0#leaf_12#0 x cache_v_l0 -> cache_v_l0 (view)|512:128 x 128:1 x 512:2048 -> 512:2048|f32 x i64 x f16 -> f16|4:2048 x 8:1024 x 2:1024 -> 2:1024|----|usec 10 cycles 21070 start 3930503807 mhz 2107.0
10-08 12:03:03.383 I/NpuProbe( 7792): [ggml] ggml-hex: HTP0 profile-op FLASH_ATTN_EXT|Qcur_norm-0 (view) (permuted) x cache_k_l0 (view) (permuted) x cache_v_l0 (view) (permuted) x HTP0#attn_inp_kq_mask#0 -> node_25|128:128:16:1 x 128:256:4:1 x 128:256:4:1 x 256:128 -> 128:16:128:1|f32 x f16 x f16 x f16 -> f32|4:8192:512:1048576! x 2:1024:256:2097152! x 2:1024:256:2097152! x 2:512 -> 4:512:8192:1048576|hmx-pipe vtcm 1914368|usec 213 cycles 435117 start 3930524903 mhz 2042.8
10-08 12:03:03.383 I/NpuProbe( 7792): [ggml] ggml-hex: HTP0 profile-op OPBATCH|----|n-ops 2|----|----|----|usec 125 cycles 255155 start 1842178166285 mhz 2041.2
10-08 12:03:03.383 I/NpuProbe( 7792): [ggml] ggml-hex: HTP0 profile-op ADD|HTP0#attn_out-0#0 x HTP0#embd#0 -> ffn_inp-0|2048:128 x 2048:128 -> 2048:128|f32 x f32 -> f32|4:8192 x 4:8192 -> 4:8192|----|usec 58 cycles 118712 start 3932187932 mhz 2046.8
10-08 12:03:03.383 I/NpuProbe( 7792): [ggml] ggml-hex: HTP0 profile-op RMS_NORM+MUL|ffn_inp-0 x blk.0.ffn_norm.weight -> ffn_norm-0|2048:128 x 2048:1 -> 2048:128|f32 x f32 -> f32|4:8192 x 4:8192 -> 4:8192|row-block vtcm 8192000|usec 46 cycles 94061 start 3932306705 mhz 2044.8
10-08 12:03:03.383 I/NpuProbe( 7792): [ggml] ggml-hex: HTP0 profile-op OPBATCH|----|n-ops 2|----|----|----|usec 120 cycles 246785 start 1842180769405 mhz 2056.5
10-08 12:03:03.383 I/NpuProbe( 7792): [ggml] ggml-hex: HTP0 profile-op ADD|HTP0#ffn_out-0#0 x ffn_inp-0 -> l_out-0|2048:128 x 2048:128 -> 2048:128|f32 x f32 -> f32|4:8192 x 4:8192 -> 4:8192|----|usec 54 cycles 112132 start 3934795606 mhz 2076.5
10-08 12:03:03.383 I/NpuProbe( 7792): [ggml] ggml-hex: HTP0 profile-op RMS_NORM+MUL|l_out-0 x blk.1.attn_norm.weight -> attn_norm-1|2048:128 x 2048:1 -> 2048:128|f32 x f32 -> f32|4:8192 x 4:8192 -> 4:8192|row-block vtcm 8192000|usec 42 cycles 86382 start 3934907800 mhz 2056.7
10-08 12:03:03.383 I/NpuProbe( 7792): [ggml] ggml-hex: HTP0 profile-op OPBATCH|----|n-ops 2|----|----|----|usec 136 cycles 277563 start 1842182187350 mhz 2040.9
10-08 12:03:03.383 I/NpuProbe( 7792): [ggml] ggml-hex: HTP0 profile-op ROPE|HTP0#Qcur-1#0 x HTP0#leaf_5#0 -> Qcur-1|128:16:128:1 x 128:1 -> 128:16:128:1|f32 x i32 -> f32|4:512:8192:1048576 x 4:512 -> 4:512:8192:1048576|----|usec 47 cycles 98189 start 3936208880 mhz 2089.1
10-08 12:03:03.383 I/NpuProbe( 7792): [ggml] ggml-hex: HTP0 profile-op RMS_NORM+MUL|Qcur-1 x blk.1.attn_q_norm.weight -> Qcur_norm-1|128:16:128:1 x 128:1 -> 128:16:128:1|f32 x f32 -> f32|4:512:8192:1048576 x 4:512 -> 4:512:8192:1048576|row-block vtcm 8376320|usec 66 cycles 136324 start 3936307143 mhz 2065.5
10-08 12:03:03.383 I/NpuProbe( 7792): [ggml] ggml-hex: HTP0 profile-op OPBATCH|----|n-ops 5|----|----|----|usec 301 cycles 614363 start 1842183428108 mhz 2041.1
10-08 12:03:03.383 I/NpuProbe( 7792): [ggml] ggml-hex: HTP0 profile-op ROPE|HTP0#Kcur-1#0 x HTP0#leaf_5#0 -> Kcur-1|128:4:128:1 x 128:1 -> 128:4:128:1|f32 x i32 -> f32|4:512:2048:262144 x 4:512 -> 4:512:2048:262144|----|usec 26 cycles 55010 start 3937450421 mhz 2115.8
10-08 12:03:03.383 I/NpuProbe( 7792): [ggml] ggml-hex: HTP0 profile-op RMS_NORM+MUL|Kcur-1 x blk.1.attn_k_norm.weight -> Kcur_norm-1|128:4:128:1 x 128:1 -> 128:4:128:1|f32 x f32 -> f32|4:512:2048:262144 x 4:512 -> 4:512:2048:262144|row-block vtcm 8376320|usec 20 cycles 41576 start 3937505505 mhz 2078.8
10-08 12:03:03.383 I/NpuProbe( 7792): [ggml] ggml-hex: HTP0 profile-op SET_ROWS|Kcur_norm-1 (view) x HTP0#leaf_10#0 x cache_k_l1 -> cache_k_l1 (view)|512:128 x 128:1 x 512:2048 -> 512:2048|f32 x i64 x f16 -> f16|4:2048 x 8:1024 x 2:1024 -> 2:1024|----|usec 9 cycles 19621 start 3937547107 mhz 2180.1
10-08 12:03:03.383 I/NpuProbe( 7792): [ggml] ggml-hex: HTP0 profile-op SET_ROWS|HTP0#Vcur-1 (view)#0 x HTP0#leaf_12#0 x cache_v_l1 -> cache_v_l1 (view)|512:128 x 128:1 x 512:2048 -> 512:2048|f32 x i64 x f16 -> f16|4:2048 x 8:1024 x 2:1024 -> 2:1024|----|usec 7 cycles 15550 start 3937566754 mhz 2221.4
10-08 12:03:03.383 I/NpuProbe( 7792): [ggml] ggml-hex: HTP0 profile-op FLASH_ATTN_EXT|Qcur_norm-1 (view) (permuted) x cache_k_l1 (view) (permuted) x cache_v_l1 (view) (permuted) x HTP0#attn_inp_kq_mask#0 -> node_60|128:128:16:1 x 128:256:4:1 x 128:256:4:1 x 256:128 -> 128:16:128:1|f32 x f16 x f16 x f16 -> f32|4:8192:512:1048576! x 2:1024:256:2097152! x 2:1024:256:2097152! x 2:512 -> 4:512:8192:1048576|hmx-pipe vtcm 1914368|usec 203 cycles 414658 start 3937582330 mhz 2042.7
10-08 12:03:03.383 I/NpuProbe( 7792): [ggml] ggml-hex: HTP0 profile-op OPBATCH|----|n-ops 2|----|----|----|usec 123 cycles 251155 start 1842185196716 mhz 2041.9
10-08 12:03:03.383 I/NpuProbe( 7792): [ggml] ggml-hex: HTP0 profile-op ADD|HTP0#attn_out-1#0 x l_out-0 -> ffn_inp-1|2048:128 x 2048:128 -> 2048:128|f32 x f32 -> f32|4:8192 x 4:8192 -> 4:8192|----|usec 56 cycles 116158 start 3939218486 mhz 2074.2
10-08 12:03:03.383 I/NpuProbe( 7792): [ggml] ggml-hex: HTP0 profile-op RMS_NORM+MUL|ffn_inp-1 x blk.1.ffn_norm.weight -> ffn_norm-1|2048:128 x 2048:1 -> 2048:128|f32 x f32 -> f32|4:8192 x 4:8192 -> 4:8192|row-block vtcm 8192000|usec 45 cycles 92175 start 3939334705 mhz 2048.3
10-08 12:03:03.383 I/NpuProbe( 7792): [ggml] ggml-hex: HTP0 profile-op OPBATCH|----|n-ops 2|----|----|----|usec 121 cycles 248150 start 1842187805577 mhz 2050.8
10-08 12:03:03.383 I/NpuProbe( 7792): [ggml] ggml-hex: HTP0 profile-op ADD|HTP0#ffn_out-1#0 x ffn_inp-1 -> l_out-1|2048:128 x 2048:128 -> 2048:128|f32 x f32 -> f32|4:8192 x 4:8192 -> 4:8192|----|usec 55 cycles 112536 start 3941831114 mhz 2046.1
10-08 12:03:03.383 I/NpuProbe( 7792): [ggml] ggml-hex: HTP0 profile-op RMS_NORM+MUL|l_out-1 x blk.2.attn_norm.weight -> attn_norm-2|2048:128 x 2048:1 -> 2048:128|f32 x f32 -> f32|4:8192 x 4:8192 -> 4:8192|row-block vtcm 8192000|usec 43 cycles 88432 start 3941943711 mhz 2056.6
10-08 12:03:03.383 I/NpuProbe( 7792): [ggml] ggml-hex: HTP0 profile-op OPBATCH|----|n-ops 2|----|----|----|usec 135 cycles 276663 start 1842189316957 mhz 2049.4
10-08 12:03:03.383 I/NpuProbe( 7792): [ggml] ggml-hex: HTP0 profile-op ROPE|HTP0#Qcur-2#0 x HTP0#leaf_5#0 -> Qcur-2|128:16:128:1 x 128:1 -> 128:16:128:1|f32 x i32 -> f32|4:512:8192:1048576 x 4:512 -> 4:512:8192:1048576|----|usec 46 cycles 95887 start 3943338216 mhz 2084.5
10-08 12:03:03.383 I/NpuProbe( 7792): [ggml] ggml-hex: HTP0 profile-op RMS_NORM+MUL|Qcur-2 x blk.2.attn_q_norm.weight -> Qcur_norm-2|128:16:128:1 x 128:1 -> 128:16:128:1|f32 x f32 -> f32|4:512:8192:1048576 x 4:512 -> 4:512:8192:1048576|row-block vtcm 8376320|usec 67 cycles 138178 start 3943434167 mhz 2062.4
10-08 12:03:03.383 I/NpuProbe( 7792): [ggml] ggml-hex: HTP0 profile-op OPBATCH|----|n-ops 5|----|----|----|usec 297 cycles 607122 start 1842190596279 mhz 2044.2
10-08 12:03:03.383 I/NpuProbe( 7792): [ggml] ggml-hex: HTP0 profile-op ROPE|HTP0#Kcur-2#0 x HTP0#leaf_5#0 -> Kcur-2|128:4:128:1 x 128:1 -> 128:4:128:1|f32 x i32 -> f32|4:512:2048:262144 x 4:512 -> 4:512:2048:262144|----|usec 26 cycles 54121 start 3944622100 mhz 2081.6
10-08 12:03:03.383 I/NpuProbe( 7792): [ggml] ggml-hex: HTP0 profile-op RMS_NORM+MUL|Kcur-2 x blk.2.attn_k_norm.weight -> Kcur_norm-2|128:4:128:1 x 128:1 -> 128:4:128:1|f32 x f32 -> f32|4:512:2048:262144 x 4:512 -> 4:512:2048:262144|row-block vtcm 8376320|usec 20 cycles 41530 start 3944676285 mhz 2076.5
10-08 12:03:03.383 I/NpuProbe( 7792): [ggml] ggml-hex: HTP0 profile-op SET_ROWS|Kcur_norm-2 (view) x HTP0#leaf_10#0 x cache_k_l2 -> cache_k_l2 (view)|512:128 x 128:1 x 512:2048 -> 512:2048|f32 x i64 x f16 -> f16|4:2048 x 8:1024 x 2:1024 -> 2:1024|----|usec 8 cycles 16778 start 3944717841 mhz 2097.2
10-08 12:03:03.383 I/NpuProbe( 7792): [ggml] ggml-hex: HTP0 profile-op SET_ROWS|HTP0#Vcur-2 (view)#0 x HTP0#leaf_12#0 x cache_v_l2 -> cache_v_l2 (view)|512:128 x 128:1 x 512:2048 -> 512:2048|f32 x i64 x f16 -> f16|4:2048 x 8:1024 x 2:1024 -> 2:1024|----|usec 6 cycles 13463 start 3944734645 mhz 2243.8
10-08 12:03:03.383 I/NpuProbe( 7792): [ggml] ggml-hex: HTP0 profile-op FLASH_ATTN_EXT|Qcur_norm-2 (view) (permuted) x cache_k_l2 (view) (permuted) x cache_v_l2 (view) (permuted) x HTP0#attn_inp_kq_mask#0 -> node_95|128:128:16:1 x 128:256:4:1 x 128:256:4:1 x 256:128 -> 128:16:128:1|f32 x f16 x f16 x f16 -> f32|4:8192:512:1048576! x 2:1024:256:2097152! x 2:1024:256:2097152! x 2:512 -> 4:512:8192:1048576|hmx-pipe vtcm 1914368|usec 201 cycles 410983 start 3944748134 mhz 2044.7
10-08 12:03:03.383 I/NpuProbe( 7792): [ggml] ggml-hex: HTP0 profile-op OPBATCH|----|n-ops 2|----|----|----|usec 121 cycles 248963 start 1842192448362 mhz 2057.5
10-08 12:03:03.383 I/NpuProbe( 7792): [ggml] ggml-hex: HTP0 profile-op ADD|HTP0#attn_out-2#0 x l_out-1 -> ffn_inp-2|2048:128 x 2048:128 -> 2048:128|f32 x f32 -> f32|4:8192 x 4:8192 -> 4:8192|----|usec 56 cycles 115094 start 3946471045 mhz 2055.2
10-08 12:03:03.383 I/NpuProbe( 7792): [ggml] ggml-hex: HTP0 profile-op RMS_NORM+MUL|ffn_inp-2 x blk.2.ffn_norm.weight -> ffn_norm-2|2048:128 x 2048:1 -> 2048:128|f32 x f32 -> f32|4:8192 x 4:8192 -> 4:8192|row-block vtcm 8192000|usec 44 cycles 90422 start 3946586203 mhz 2055.0
10-08 12:03:03.383 I/NpuProbe( 7792): [ggml] ggml-hex: HTP0 profile-op OPBATCH|----|n-ops 2|----|----|----|usec 122 cycles 250914 start 1842195046170 mhz 2056.7
10-08 12:03:03.383 I/NpuProbe( 7792): [ggml] ggml-hex: HTP0 profile-op ADD|HTP0#ffn_out-2#0 x ffn_inp-2 -> l_out-2|2048:128 x 2048:128 -> 2048:128|f32 x f32 -> f32|4:8192 x 4:8192 -> 4:8192|----|usec 54 cycles 111707 start 3949071183 mhz 2068.6
10-08 12:03:03.383 I/NpuProbe( 7792): [ggml] ggml-hex: HTP0 profile-op RMS_NORM+MUL|l_out-2 x blk.3.attn_norm.weight -> attn_norm-3|2048:128 x 2048:1 -> 2048:128|f32 x f32 -> f32|4:8192 x 4:8192 -> 4:8192|row-block vtcm 8192000|usec 44 cycles 91350 start 3949182953 mhz 2076.1
10-08 12:03:03.383 I/NpuProbe( 7792): [ggml] ggml-hex: HTP0 profile-op OPBATCH|----|n-ops 2|----|----|----|usec 137 cycles 280457 start 1842196554457 mhz 2047.1
10-08 12:03:03.383 I/NpuProbe( 7792): [ggml] ggml-hex: HTP0 profile-op ROPE|HTP0#Qcur-3#0 x HTP0#leaf_5#0 -> Qcur-3|128:16:128:1 x 128:1 -> 128:16:128:1|f32 x i32 -> f32|4:512:8192:1048576 x 4:512 -> 4:512:8192:1048576|----|usec 47 cycles 97657 start 3950578624 mhz 2077.8
10-08 12:03:03.383 I/NpuProbe( 7792): [ggml] ggml-hex: HTP0 profile-op RMS_NORM+MUL|Qcur-3 x blk.3.attn_q_norm.weight -> Qcur_norm-3|128:16:128:1 x 128:1 -> 128:16:128:1|f32 x f32 -> f32|4:512:8192:1048576 x 4:512 -> 4:512:8192:1048576|row-block vtcm 8376320|usec 67 cycles 137171 start 3950676374 mhz 2047.3
10-08 12:03:03.383 I/NpuProbe( 7792): [ggml] ggml-hex: HTP0 profile-op OPBATCH|----|n-ops 5|----|----|----|usec 302 cycles 615817 start 1842197862034 mhz 2039.1
10-08 12:03:03.383 I/NpuProbe( 7792): [ggml] ggml-hex: HTP0 profile-op ROPE|HTP0#Kcur-3#0 x HTP0#leaf_5#0 -> Kcur-3|128:4:128:1 x 128:1 -> 128:4:128:1|f32 x i32 -> f32|4:512:2048:262144 x 4:512 -> 4:512:2048:262144|----|usec 26 cycles 54884 start 3951886713 mhz 2110.9
10-08 12:03:03.383 I/NpuProbe( 7792): [ggml] ggml-hex: HTP0 profile-op RMS_NORM+MUL|Kcur-3 x blk.3.attn_k_norm.weight -> Kcur_norm-3|128:4:128:1 x 128:1 -> 128:4:128:1|f32 x f32 -> f32|4:512:2048:262144 x 4:512 -> 4:512:2048:262144|row-block vtcm 8376320|usec 20 cycles 42407 start 3951941671 mhz 2120.4
10-08 12:03:03.383 I/NpuProbe( 7792): [ggml] ggml-hex: HTP0 profile-op SET_ROWS|Kcur_norm-3 (view) x HTP0#leaf_10#0 x cache_k_l3 -> cache_k_l3 (view)|512:128 x 128:1 x 512:2048 -> 512:2048|f32 x i64 x f16 -> f16|4:2048 x 8:1024 x 2:1024 -> 2:1024|----|usec 8 cycles 17429 start 3951984104 mhz 2178.6
10-08 12:03:03.383 I/NpuProbe( 7792): [ggml] ggml-hex: HTP0 profile-op SET_ROWS|HTP0#Vcur-3 (view)#0 x HTP0#leaf_12#0 x cache_v_l3 -> cache_v_l3 (view)|512:128 x 128:1 x 512:2048 -> 512:2048|f32 x i64 x f16 -> f16|4:2048 x 8:1024 x 2:1024 -> 2:1024|----|usec 6 cycles 13995 start 3952001563 mhz 2332.5
10-08 12:03:03.383 I/NpuProbe( 7792): [ggml] ggml-hex: HTP0 profile-op FLASH_ATTN_EXT|Qcur_norm-3 (view) (permuted) x cache_k_l3 (view) (permuted) x cache_v_l3 (view) (permuted) x HTP0#attn_inp_kq_mask#0 -> node_130|128:128:16:1 x 128:256:4:1 x 128:256:4:1 x 256:128 -> 128:16:128:1|f32 x f16 x f16 x f16 -> f32|4:8192:512:1048576! x 2:1024:256:2097152! x 2:1024:256:2097152! x 2:512 -> 4:512:8192:1048576|hmx-pipe vtcm 1914368|usec 205 cycles 417658 start 3952015584 mhz 2037.4
10-08 12:03:03.383 I/NpuProbe( 7792): [ggml] ggml-hex: HTP0 profile-op OPBATCH|----|n-ops 2|----|----|----|usec 123 cycles 252553 start 1842199711656 mhz 2053.3
10-08 12:03:03.383 I/NpuProbe( 7792): [ggml] ggml-hex: HTP0 profile-op ADD|HTP0#attn_out-3#0 x l_out-2 -> ffn_inp-3|2048:128 x 2048:128 -> 2048:128|f32 x f32 -> f32|4:8192 x 4:8192 -> 4:8192|----|usec 57 cycles 117358 start 3953735368 mhz 2058.9
10-08 12:03:03.383 I/NpuProbe( 7792): [ggml] ggml-hex: HTP0 profile-op RMS_NORM+MUL|ffn_inp-3 x blk.3.ffn_norm.weight -> ffn_norm-3|2048:128 x 2048:1 -> 2048:128|f32 x f32 -> f32|4:8192 x 4:8192 -> 4:8192|row-block vtcm 8192000|usec 44 cycles 90331 start 3953852797 mhz 2053.0
10-08 12:03:03.383 I/NpuProbe( 7792): [ggml] ggml-hex: HTP0 profile-op OPBATCH|----|n-ops 2|----|----|----|usec 116 cycles 237260 start 1842202316938 mhz 2045.3
10-08 12:03:03.383 I/NpuProbe( 7792): [ggml] ggml-hex: HTP0 profile-op ADD|HTP0#ffn_out-3#0 x ffn_inp-3 -> l_out-3|2048:128 x 2048:128 -> 2048:128|f32 x f32 -> f32|4:8192 x 4:8192 -> 4:8192|----|usec 53 cycles 108374 start 3956340705 mhz 2044.8
10-08 12:03:03.383 I/NpuProbe( 7792): [ggml] ggml-hex: HTP0 profile-op RMS_NORM+MUL|l_out-3 x blk.4.attn_norm.weight -> attn_norm-4|2048:128 x 2048:1 -> 2048:128|f32 x f32 -> f32|4:8192 x 4:8192 -> 4:8192|row-block vtcm 8192000|usec 40 cycles 83253 start 3956449141 mhz 2081.3
10-08 12:03:03.383 I/NpuProbe( 7792): [ggml] ggml-hex: HTP0 profile-op OPBATCH|----|n-ops 2|----|----|----|usec 357 cycles 728893 start 1842203747828 mhz 2041.7
10-08 12:03:03.383 I/NpuProbe( 7792): [ggml] ggml-hex: HTP0 profile-op ROPE|HTP0#Qcur-4#0 x HTP0#leaf_5#0 -> Qcur-4|128:16:128:1 x 128:1 -> 128:16:128:1|f32 x i32 -> f32|4:512:8192:1048576 x 4:512 -> 4:512:8192:1048576|----|usec 249 cycles 507377 start 3957809263 mhz 2037.7
10-08 12:03:03.383 I/NpuProbe( 7792): [ggml] ggml-hex: HTP0 profile-op RMS_NORM+MUL|Qcur-4 x blk.4.attn_q_norm.weight -> Qcur_norm-4|128:16:128:1 x 128:1 -> 128:16:128:1|f32 x f32 -> f32|4:512:8192:1048576 x 4:512 -> 4:512:8192:1048576|row-block vtcm 8376320|usec 67 cycles 137851 start 3958316735 mhz 2057.5
10-08 12:03:03.383 I/NpuProbe( 7792): [ggml] ggml-hex: HTP0 profile-op OPBATCH|----|n-ops 5|----|----|----|usec 297 cycles 607009 start 1842205451490 mhz 2043.8
10-08 12:03:03.383 I/NpuProbe( 7792): [ggml] ggml-hex: HTP0 profile-op ROPE|HTP0#Kcur-4#0 x HTP0#leaf_5#0 -> Kcur-4|128:4:128:1 x 128:1 -> 128:4:128:1|f32 x i32 -> f32|4:512:2048:262144 x 4:512 -> 4:512:2048:262144|----|usec 26 cycles 54303 start 3959474051 mhz 2088.6
10-08 12:03:03.383 I/NpuProbe( 7792): [ggml] ggml-hex: HTP0 profile-op RMS_NORM+MUL|Kcur-4 x blk.4.attn_k_norm.weight -> Kcur_norm-4|128:4:128:1 x 128:1 -> 128:4:128:1|f32 x f32 -> f32|4:512:2048:262144 x 4:512 -> 4:512:2048:262144|row-block vtcm 8376320|usec 20 cycles 41639 start 3959528434 mhz 2081.9
10-08 12:03:03.383 I/NpuProbe( 7792): [ggml] ggml-hex: HTP0 profile-op SET_ROWS|Kcur_norm-4 (view) x HTP0#leaf_10#0 x cache_k_l4 -> cache_k_l4 (view)|512:128 x 128:1 x 512:2048 -> 512:2048|f32 x i64 x f16 -> f16|4:2048 x 8:1024 x 2:1024 -> 2:1024|----|usec 8 cycles 16900 start 3959570114 mhz 2112.5
10-08 12:03:03.383 I/NpuProbe( 7792): [ggml] ggml-hex: HTP0 profile-op SET_ROWS|HTP0#Vcur-4 (view)#0 x HTP0#leaf_12#0 x cache_v_l4 -> cache_v_l4 (view)|512:128 x 128:1 x 512:2048 -> 512:2048|f32 x i64 x f16 -> f16|4:2048 x 8:1024 x 2:1024 -> 2:1024|----|usec 6 cycles 13617 start 3959587040 mhz 2269.5
10-08 12:03:03.383 I/NpuProbe( 7792): [ggml] ggml-hex: HTP0 profile-op FLASH_ATTN_EXT|Qcur_norm-4 (view) (permuted) x cache_k_l4 (view) (permuted) x cache_v_l4 (view) (permuted) x HTP0#attn_inp_kq_mask#0 -> node_165|128:128:16:1 x 128:256:4:1 x 128:256:4:1 x 256:128 -> 128:16:128:1|f32 x f16 x f16 x f16 -> f32|4:8192:512:1048576! x 2:1024:256:2097152! x 2:1024:256:2097152! x 2:512 -> 4:512:8192:1048576|hmx-pipe vtcm 1914368|usec 203 cycles 413566 start 3959600701 mhz 2037.3
10-08 12:03:03.383 I/NpuProbe( 7792): [ggml] ggml-hex: HTP0 profile-op OPBATCH|----|n-ops 2|----|----|----|usec 124 cycles 253308 start 1842207231581 mhz 2042.8
10-08 12:03:03.383 I/NpuProbe( 7792): [ggml] ggml-hex: HTP0 profile-op ADD|HTP0#attn_out-4#0 x l_out-3 -> ffn_inp-4|2048:128 x 2048:128 -> 2048:128|f32 x f32 -> f32|4:8192 x 4:8192 -> 4:8192|----|usec 57 cycles 116660 start 3961253071 mhz 2046.7
10-08 12:03:03.383 I/NpuProbe( 7792): [ggml] ggml-hex: HTP0 profile-op RMS_NORM+MUL|ffn_inp-4 x blk.4.ffn_norm.weight -> ffn_norm-4|2048:128 x 2048:1 -> 2048:128|f32 x f32 -> f32|4:8192 x 4:8192 -> 4:8192|row-block vtcm 8192000|usec 46 cycles 94327 start 3961369795 mhz 2050.6
10-08 12:03:03.383 I/NpuProbe( 7792): [ggml] ggml-hex: HTP0 profile-op OPBATCH|----|n-ops 2|----|----|----|usec 125 cycles 255459 start 1842209640874 mhz 2043.7
10-08 12:03:03.383 I/NpuProbe( 7792): [ggml] ggml-hex: HTP0 profile-op ADD|HTP0#ffn_out-4#0 x ffn_inp-4 -> l_out-4|2048:128 x 2048:128 -> 2048:128|f32 x f32 -> f32|4:8192 x 4:8192 -> 4:8192|----|usec 57 cycles 117576 start 3963665747 mhz 2062.7
10-08 12:03:03.383 I/NpuProbe( 7792): [ggml] ggml-hex: HTP0 profile-op RMS_NORM+MUL|l_out-4 x blk.5.attn_norm.weight -> attn_norm-5|2048:128 x 2048:1 -> 2048:128|f32 x f32 -> f32|4:8192 x 4:8192 -> 4:8192|row-block vtcm 8192000|usec 44 cycles 91319 start 3963783383 mhz 2075.4
10-08 12:03:03.383 I/NpuProbe( 7792): [ggml] ggml-hex: HTP0 profile-op OPBATCH|----|n-ops 2|----|----|----|usec 137 cycles 281376 start 1842211070124 mhz 2053.8
10-08 12:03:03.383 I/NpuProbe( 7792): [ggml] ggml-hex: HTP0 profile-op ROPE|HTP0#Qcur-5#0 x HTP0#leaf_5#0 -> Qcur-5|128:16:128:1 x 128:1 -> 128:16:128:1|f32 x i32 -> f32|4:512:8192:1048576 x 4:512 -> 4:512:8192:1048576|----|usec 47 cycles 97008 start 3965090263 mhz 2064.0
10-08 12:03:03.383 I/NpuProbe( 7792): [ggml] ggml-hex: HTP0 profile-op RMS_NORM+MUL|Qcur-5 x blk.5.attn_q_norm.weight -> Qcur_norm-5|128:16:128:1 x 128:1 -> 128:16:128:1|f32 x f32 -> f32|4:512:8192:1048576 x 4:512 -> 4:512:8192:1048576|row-block vtcm 8376320|usec 70 cycles 142779 start 3965187364 mhz 2039.7
10-08 12:03:03.383 I/NpuProbe( 7792): [ggml] ggml-hex: HTP0 profile-op OPBATCH|----|n-ops 5|----|----|----|usec 299 cycles 610618 start 1842212232285 mhz 2042.2
10-08 12:03:03.383 I/NpuProbe( 7792): [ggml] ggml-hex: HTP0 profile-op ROPE|HTP0#Kcur-5#0 x HTP0#leaf_5#0 -> Kcur-5|128:4:128:1 x 128:1 -> 128:4:128:1|f32 x i32 -> f32|4:512:2048:262144 x 4:512 -> 4:512:2048:262144|----|usec 26 cycles 54469 start 3966255181 mhz 2095.0
10-08 12:03:03.383 I/NpuProbe( 7792): [ggml] ggml-hex: HTP0 profile-op RMS_NORM+MUL|Kcur-5 x blk.5.attn_k_norm.weight -> Kcur_norm-5|128:4:128:1 x 128:1 -> 128:4:128:1|f32 x f32 -> f32|4:512:2048:262144 x 4:512 -> 4:512:2048:262144|row-block vtcm 8376320|usec 20 cycles 41649 start 3966309714 mhz 2082.4
10-08 12:03:03.383 I/NpuProbe( 7792): [ggml] ggml-hex: HTP0 profile-op SET_ROWS|Kcur_norm-5 (view) x HTP0#leaf_10#0 x cache_k_l5 -> cache_k_l5 (view)|512:128 x 128:1 x 512:2048 -> 512:2048|f32 x i64 x f16 -> f16|4:2048 x 8:1024 x 2:1024 -> 2:1024|----|usec 8 cycles 17491 start 3966351389 mhz 2186.4
10-08 12:03:03.383 I/NpuProbe( 7792): [ggml] ggml-hex: HTP0 profile-op SET_ROWS|HTP0#Vcur-5 (view)#0 x HTP0#leaf_12#0 x cache_v_l5 -> cache_v_l5 (view)|512:128 x 128:1 x 512:2048 -> 512:2048|f32 x i64 x f16 -> f16|4:2048 x 8:1024 x 2:1024 -> 2:1024|----|usec 6 cycles 14237 start 3966368906 mhz 2372.8
10-08 12:03:03.383 I/NpuProbe( 7792): [ggml] ggml-hex: HTP0 profile-op FLASH_ATTN_EXT|Qcur_norm-5 (view) (permuted) x cache_k_l5 (view) (permuted) x cache_v_l5 (view) (permuted) x HTP0#attn_inp_kq_mask#0 -> node_200|128:128:16:1 x 128:256:4:1 x 128:256:4:1 x 256:128 -> 128:16:128:1|f32 x f16 x f16 x f16 -> f32|4:8192:512:1048576! x 2:1024:256:2097152! x 2:1024:256:2097152! x 2:512 -> 4:512:8192:1048576|hmx-pipe vtcm 1914368|usec 203 cycles 414780 start 3966383169 mhz 2043.3
10-08 12:03:03.383 I/NpuProbe( 7792): [ggml] ggml-hex: HTP0 profile-op OPBATCH|----|n-ops 2|----|----|----|usec 123 cycles 251804 start 1842214009289 mhz 2047.2
10-08 12:03:03.383 I/NpuProbe( 7792): [ggml] ggml-hex: HTP0 profile-op ADD|HTP0#attn_out-5#0 x l_out-4 -> ffn_inp-5|2048:128 x 2048:128 -> 2048:128|f32 x f32 -> f32|4:8192 x 4:8192 -> 4:8192|----|usec 57 cycles 116535 start 3968030729 mhz 2044.5
10-08 12:03:03.383 I/NpuProbe( 7792): [ggml] ggml-hex: HTP0 profile-op RMS_NORM+MUL|ffn_inp-5 x blk.5.ffn_norm.weight -> ffn_norm-5|2048:128 x 2048:1 -> 2048:128|f32 x f32 -> f32|4:8192 x 4:8192 -> 4:8192|row-block vtcm 8192000|usec 45 cycles 93011 start 3968147328 mhz 2066.9
10-08 12:03:03.383 I/NpuProbe( 7792): [ggml] ggml-hex: HTP0 profile-op OPBATCH|----|n-ops 2|----|----|----|usec 121 cycles 247272 start 1842216445440 mhz 2043.6
10-08 12:03:03.383 I/NpuProbe( 7792): [ggml] ggml-hex: HTP0 profile-op ADD|HTP0#ffn_out-5#0 x ffn_inp-5 -> l_out-5|2048:128 x 2048:128 -> 2048:128|f32 x f32 -> f32|4:8192 x 4:8192 -> 4:8192|----|usec 54 cycles 111794 start 3970469119 mhz 2070.3
10-08 12:03:03.383 I/NpuProbe( 7792): [ggml] ggml-hex: HTP0 profile-op RMS_NORM+MUL|l_out-5 x blk.6.attn_norm.weight -> attn_norm-6|2048:128 x 2048:1 -> 2048:128|f32 x f32 -> f32|4:8192 x 4:8192 -> 4:8192|row-block vtcm 8192000|usec 44 cycles 89782 start 3970580976 mhz 2040.5
10-08 12:03:03.383 I/NpuProbe( 7792): [ggml] ggml-hex: HTP0 profile-op OPBATCH|----|n-ops 2|----|----|----|usec 133 cycles 272680 start 1842217915451 mhz 2050.2
10-08 12:03:03.383 I/NpuProbe( 7792): [ggml] ggml-hex: HTP0 profile-op ROPE|HTP0#Qcur-6#0 x HTP0#leaf_5#0 -> Qcur-6|128:16:128:1 x 128:1 -> 128:16:128:1|f32 x i32 -> f32|4:512:8192:1048576 x 4:512 -> 4:512:8192:1048576|----|usec 45 cycles 93989 start 3971935919 mhz 2088.6
10-08 12:03:03.383 I/NpuProbe( 7792): [ggml] ggml-hex: HTP0 profile-op RMS_NORM+MUL|Qcur-6 x blk.6.attn_q_norm.weight -> Qcur_norm-6|128:16:128:1 x 128:1 -> 128:16:128:1|f32 x f32 -> f32|4:512:8192:1048576 x 4:512 -> 4:512:8192:1048576|row-block vtcm 8376320|usec 67 cycles 137732 start 3972029982 mhz 2055.7
10-08 12:03:03.383 I/NpuProbe( 7792): [ggml] ggml-hex: HTP0 profile-op OPBATCH|----|n-ops 5|----|----|----|usec 649 cycles 1321903 start 1842219354260 mhz 2036.8
10-08 12:03:03.383 I/NpuProbe( 7792): [ggml] ggml-hex: HTP0 profile-op ROPE|HTP0#Kcur-6#0 x HTP0#leaf_5#0 -> Kcur-6|128:4:128:1 x 128:1 -> 128:4:128:1|f32 x i32 -> f32|4:512:2048:262144 x 4:512 -> 4:512:2048:262144|----|usec 78 cycles 159571 start 3973419410 mhz 2045.8
10-08 12:03:03.383 I/NpuProbe( 7792): [ggml] ggml-hex: HTP0 profile-op RMS_NORM+MUL|Kcur-6 x blk.6.attn_k_norm.weight -> Kcur_norm-6|128:4:128:1 x 128:1 -> 128:4:128:1|f32 x f32 -> f32|4:512:2048:262144 x 4:512 -> 4:512:2048:262144|row-block vtcm 8376320|usec 64 cycles 131347 start 3973579057 mhz 2052.3
10-08 12:03:03.383 I/NpuProbe( 7792): [ggml] ggml-hex: HTP0 profile-op SET_ROWS|Kcur_norm-6 (view) x HTP0#leaf_10#0 x cache_k_l6 -> cache_k_l6 (view)|512:128 x 128:1 x 512:2048 -> 512:2048|f32 x i64 x f16 -> f16|4:2048 x 8:1024 x 2:1024 -> 2:1024|----|usec 25 cycles 51786 start 3973710430 mhz 2071.4
10-08 12:03:03.383 I/NpuProbe( 7792): [ggml] ggml-hex: HTP0 profile-op SET_ROWS|HTP0#Vcur-6 (view)#0 x HTP0#leaf_12#0 x cache_v_l6 -> cache_v_l6 (view)|512:128 x 128:1 x 512:2048 -> 512:2048|f32 x i64 x f16 -> f16|4:2048 x 8:1024 x 2:1024 -> 2:1024|----|usec 28 cycles 58472 start 3973762242 mhz 2088.3
10-08 12:03:03.383 I/NpuProbe( 7792): [ggml] ggml-hex: HTP0 profile-op FLASH_ATTN_EXT|Qcur_norm-6 (view) (permuted) x cache_k_l6 (view) (permuted) x cache_v_l6 (view) (permuted) x HTP0#attn_inp_kq_mask#0 -> node_235|128:128:16:1 x 128:256:4:1 x 128:256:4:1 x 256:128 -> 128:16:128:1|f32 x f16 x f16 x f16 -> f32|4:8192:512:1048576! x 2:1024:256:2097152! x 2:1024:256:2097152! x 2:512 -> 4:512:8192:1048576|hmx-pipe vtcm 1914368|usec 339 cycles 690907 start 3973820740 mhz 2038.1
10-08 12:03:03.383 I/NpuProbe( 7792): [ggml] ggml-hex: HTP0 profile-op OPBATCH|----|n-ops 2|----|----|----|usec 123 cycles 252293 start 1842221777745 mhz 2051.2
10-08 12:03:03.383 I/NpuProbe( 7792): [ggml] ggml-hex: HTP0 profile-op ADD|HTP0#attn_out-6#0 x l_out-5 -> ffn_inp-6|2048:128 x 2048:128 -> 2048:128|f32 x f32 -> f32|4:8192 x 4:8192 -> 4:8192|----|usec 57 cycles 116923 start 3975798432 mhz 2051.3
10-08 12:03:03.383 I/NpuProbe( 7792): [ggml] ggml-hex: HTP0 profile-op RMS_NORM+MUL|ffn_inp-6 x blk.6.ffn_norm.weight -> ffn_norm-6|2048:128 x 2048:1 -> 2048:128|f32 x f32 -> f32|4:8192 x 4:8192 -> 4:8192|row-block vtcm 8192000|usec 46 cycles 93884 start 3975915419 mhz 2041.0
10-08 12:03:03.383 I/NpuProbe( 7792): [ggml] ggml-hex: HTP0 profile-op OPBATCH|----|n-ops 2|----|----|----|usec 121 cycles 248145 start 1842224429360 mhz 2050.8
10-08 12:03:03.383 I/NpuProbe( 7792): [ggml] ggml-hex: HTP0 profile-op ADD|HTP0#ffn_out-6#0 x ffn_inp-6 -> l_out-6|2048:128 x 2048:128 -> 2048:128|f32 x f32 -> f32|4:8192 x 4:8192 -> 4:8192|----|usec 55 cycles 112986 start 3978455958 mhz 2054.3
10-08 12:03:03.383 I/NpuProbe( 7792): [ggml] ggml-hex: HTP0 profile-op RMS_NORM+MUL|l_out-6 x blk.7.attn_norm.weight -> attn_norm-7|2048:128 x 2048:1 -> 2048:128|f32 x f32 -> f32|4:8192 x 4:8192 -> 4:8192|row-block vtcm 8192000|usec 41 cycles 85101 start 3978569005 mhz 2075.6
10-08 12:03:03.383 I/NpuProbe( 7792): [ggml] ggml-hex: HTP0 profile-op OPBATCH|----|n-ops 2|----|----|----|usec 138 cycles 283348 start 1842225874134 mhz 2053.2
10-08 12:03:03.383 I/NpuProbe( 7792): [ggml] ggml-hex: HTP0 profile-op ROPE|HTP0#Qcur-7#0 x HTP0#leaf_5#0 -> Qcur-7|128:16:128:1 x 128:1 -> 128:16:128:1|f32 x i32 -> f32|4:512:8192:1048576 x 4:512 -> 4:512:8192:1048576|----|usec 47 cycles 98122 start 3979896892 mhz 2087.7
10-08 12:03:03.383 I/NpuProbe( 7792): [ggml] ggml-hex: HTP0 profile-op RMS_NORM+MUL|Qcur-7 x blk.7.attn_q_norm.weight -> Qcur_norm-7|128:16:128:1 x 128:1 -> 128:16:128:1|f32 x f32 -> f32|4:512:8192:1048576 x 4:512 -> 4:512:8192:1048576|row-block vtcm 8376320|usec 68 cycles 140464 start 3979995108 mhz 2065.6
10-08 12:03:03.383 I/NpuProbe( 7792): [ggml] ggml-hex: HTP0 profile-op OPBATCH|----|n-ops 5|----|----|----|usec 301 cycles 614853 start 1842227037897 mhz 2042.7
10-08 12:03:03.383 I/NpuProbe( 7792): [ggml] ggml-hex: HTP0 profile-op ROPE|HTP0#Kcur-7#0 x HTP0#leaf_5#0 -> Kcur-7|128:4:128:1 x 128:1 -> 128:4:128:1|f32 x i32 -> f32|4:512:2048:262144 x 4:512 -> 4:512:2048:262144|----|usec 28 cycles 58843 start 3981061655 mhz 2101.5
10-08 12:03:03.383 I/NpuProbe( 7792): [ggml] ggml-hex: HTP0 profile-op RMS_NORM+MUL|Kcur-7 x blk.7.attn_k_norm.weight -> Kcur_norm-7|128:4:128:1 x 128:1 -> 128:4:128:1|f32 x f32 -> f32|4:512:2048:262144 x 4:512 -> 4:512:2048:262144|row-block vtcm 8376320|usec 21 cycles 44716 start 3981120562 mhz 2129.3
10-08 12:03:03.383 I/NpuProbe( 7792): [ggml] ggml-hex: HTP0 profile-op SET_ROWS|Kcur_norm-7 (view) x HTP0#leaf_10#0 x cache_k_l7 -> cache_k_l7 (view)|512:128 x 128:1 x 512:2048 -> 512:2048|f32 x i64 x f16 -> f16|4:2048 x 8:1024 x 2:1024 -> 2:1024|----|usec 8 cycles 17221 start 3981165304 mhz 2152.6
10-08 12:03:03.383 I/NpuProbe( 7792): [ggml] ggml-hex: HTP0 profile-op SET_ROWS|HTP0#Vcur-7 (view)#0 x HTP0#leaf_12#0 x cache_v_l7 -> cache_v_l7 (view)|512:128 x 128:1 x 512:2048 -> 512:2048|f32 x i64 x f16 -> f16|4:2048 x 8:1024 x 2:1024 -> 2:1024|----|usec 6 cycles 14158 start 3981182551 mhz 2359.7
10-08 12:03:03.383 I/NpuProbe( 7792): [ggml] ggml-hex: HTP0 profile-op FLASH_ATTN_EXT|Qcur_norm-7 (view) (permuted) x cache_k_l7 (view) (permuted) x cache_v_l7 (view) (permuted) x HTP0#attn_inp_kq_mask#0 -> node_270|128:128:16:1 x 128:256:4:1 x 128:256:4:1 x 256:128 -> 128:16:128:1|f32 x f16 x f16 x f16 -> f32|4:8192:512:1048576! x 2:1024:256:2097152! x 2:1024:256:2097152! x 2:512 -> 4:512:8192:1048576|hmx-pipe vtcm 1914368|usec 203 cycles 413387 start 3981196735 mhz 2036.4
10-08 12:03:03.383 I/NpuProbe( 7792): [ggml] ggml-hex: HTP0 profile-op OPBATCH|----|n-ops 2|----|----|----|usec 122 cycles 250784 start 1842228847990 mhz 2055.6
10-08 12:03:03.383 I/NpuProbe( 7792): [ggml] ggml-hex: HTP0 profile-op ADD|HTP0#attn_out-7#0 x l_out-6 -> ffn_inp-7|2048:128 x 2048:128 -> 2048:128|f32 x f32 -> f32|4:8192 x 4:8192 -> 4:8192|----|usec 56 cycles 115516 start 3982869762 mhz 2062.8
10-08 12:03:03.383 I/NpuProbe( 7792): [ggml] ggml-hex: HTP0 profile-op RMS_NORM+MUL|ffn_inp-7 x blk.7.ffn_norm.weight -> ffn_norm-7|2048:128 x 2048:1 -> 2048:128|f32 x f32 -> f32|4:8192 x 4:8192 -> 4:8192|row-block vtcm 8192000|usec 45 cycles 92811 start 3982985342 mhz 2062.5
10-08 12:03:03.383 I/NpuProbe( 7792): [ggml] ggml-hex: HTP0 profile-op OPBATCH|----|n-ops 2|----|----|----|usec 129 cycles 264599 start 1842231252382 mhz 2051.2
10-08 12:03:03.383 I/NpuProbe( 7792): [ggml] ggml-hex: HTP0 profile-op ADD|HTP0#ffn_out-7#0 x ffn_inp-7 -> l_out-7|2048:128 x 2048:128 -> 2048:128|f32 x f32 -> f32|4:8192 x 4:8192 -> 4:8192|----|usec 59 cycles 120824 start 3985277011 mhz 2047.9
10-08 12:03:03.383 I/NpuProbe( 7792): [ggml] ggml-hex: HTP0 profile-op RMS_NORM+MUL|l_out-7 x blk.8.attn_norm.weight -> attn_norm-8|2048:128 x 2048:1 -> 2048:128|f32 x f32 -> f32|4:8192 x 4:8192 -> 4:8192|row-block vtcm 8192000|usec 47 cycles 97419 start 3985397898 mhz 2072.7
10-08 12:03:03.383 I/NpuProbe( 7792): [ggml] ggml-hex: HTP0 profile-op OPBATCH|----|n-ops 2|----|----|----|usec 139 cycles 283851 start 1842232748408 mhz 2042.1
10-08 12:03:03.383 I/NpuProbe( 7792): [ggml] ggml-hex: HTP0 profile-op ROPE|HTP0#Qcur-8#0 x HTP0#leaf_5#0 -> Qcur-8|128:16:128:1 x 128:1 -> 128:16:128:1|f32 x i32 -> f32|4:512:8192:1048576 x 4:512 -> 4:512:8192:1048576|----|usec 48 cycles 98201 start 3986771774 mhz 2045.9
10-08 12:03:03.383 I/NpuProbe( 7792): [ggml] ggml-hex: HTP0 profile-op RMS_NORM+MUL|Qcur-8 x blk.8.attn_q_norm.weight -> Qcur_norm-8|128:16:128:1 x 128:1 -> 128:16:128:1|f32 x f32 -> f32|4:512:8192:1048576 x 4:512 -> 4:512:8192:1048576|row-block vtcm 8376320|usec 69 cycles 141119 start 3986870049 mhz 2045.2
10-08 12:03:03.383 I/NpuProbe( 7792): [ggml] ggml-hex: HTP0 profile-op OPBATCH|----|n-ops 5|----|----|----|usec 297 cycles 605193 start 1842233948818 mhz 2037.7
10-08 12:03:03.383 I/NpuProbe( 7792): [ggml] ggml-hex: HTP0 profile-op ROPE|HTP0#Kcur-8#0 x HTP0#leaf_5#0 -> Kcur-8|128:4:128:1 x 128:1 -> 128:4:128:1|f32 x i32 -> f32|4:512:2048:262144 x 4:512 -> 4:512:2048:262144|----|usec 26 cycles 54725 start 3987972069 mhz 2104.8
10-08 12:03:03.383 I/NpuProbe( 7792): [ggml] ggml-hex: HTP0 profile-op RMS_NORM+MUL|Kcur-8 x blk.8.attn_k_norm.weight -> Kcur_norm-8|128:4:128:1 x 128:1 -> 128:4:128:1|f32 x f32 -> f32|4:512:2048:262144 x 4:512 -> 4:512:2048:262144|row-block vtcm 8376320|usec 20 cycles 42136 start 3988026868 mhz 2106.8
10-08 12:03:03.383 I/NpuProbe( 7792): [ggml] ggml-hex: HTP0 profile-op SET_ROWS|Kcur_norm-8 (view) x HTP0#leaf_10#0 x cache_k_l8 -> cache_k_l8 (view)|512:128 x 128:1 x 512:2048 -> 512:2048|f32 x i64 x f16 -> f16|4:2048 x 8:1024 x 2:1024 -> 2:1024|----|usec 8 cycles 17854 start 3988069030 mhz 2231.8
10-08 12:03:03.383 I/NpuProbe( 7792): [ggml] ggml-hex: HTP0 profile-op SET_ROWS|HTP0#Vcur-8 (view)#0 x HTP0#leaf_12#0 x cache_v_l8 -> cache_v_l8 (view)|512:128 x 128:1 x 512:2048 -> 512:2048|f32 x i64 x f16 -> f16|4:2048 x 8:1024 x 2:1024 -> 2:1024|----|usec 6 cycles 13723 start 3988086910 mhz 2287.2
10-08 12:03:03.383 I/NpuProbe( 7792): [ggml] ggml-hex: HTP0 profile-op FLASH_ATTN_EXT|Qcur_norm-8 (view) (permuted) x cache_k_l8 (view) (permuted) x cache_v_l8 (view) (permuted) x HTP0#attn_inp_kq_mask#0 -> node_305|128:128:16:1 x 128:256:4:1 x 128:256:4:1 x 256:128 -> 128:16:128:1|f32 x f16 x f16 x f16 -> f32|4:8192:512:1048576! x 2:1024:256:2097152! x 2:1024:256:2097152! x 2:512 -> 4:512:8192:1048576|hmx-pipe vtcm 1914368|usec 201 cycles 410941 start 3988100659 mhz 2044.5
10-08 12:03:03.383 I/NpuProbe( 7792): [ggml] ggml-hex: HTP0 profile-op OPBATCH|----|n-ops 2|----|----|----|usec 124 cycles 254389 start 1842235741442 mhz 2051.5
10-08 12:03:03.383 I/NpuProbe( 7792): [ggml] ggml-hex: HTP0 profile-op ADD|HTP0#attn_out-8#0 x l_out-7 -> ffn_inp-8|2048:128 x 2048:128 -> 2048:128|f32 x f32 -> f32|4:8192 x 4:8192 -> 4:8192|----|usec 56 cycles 114959 start 3989764013 mhz 2052.8
10-08 12:03:03.383 I/NpuProbe( 7792): [ggml] ggml-hex: HTP0 profile-op RMS_NORM+MUL|ffn_inp-8 x blk.8.ffn_norm.weight -> ffn_norm-8|2048:128 x 2048:1 -> 2048:128|f32 x f32 -> f32|4:8192 x 4:8192 -> 4:8192|row-block vtcm 8192000|usec 46 cycles 94068 start 3989879033 mhz 2045.0
10-08 12:03:03.383 I/NpuProbe( 7792): [ggml] ggml-hex: HTP0 profile-op OPBATCH|----|n-ops 2|----|----|----|usec 121 cycles 247017 start 1842238159372 mhz 2041.5
10-08 12:03:03.383 I/NpuProbe( 7792): [ggml] ggml-hex: HTP0 profile-op ADD|HTP0#ffn_out-8#0 x ffn_inp-8 -> l_out-8|2048:128 x 2048:128 -> 2048:128|f32 x f32 -> f32|4:8192 x 4:8192 -> 4:8192|----|usec 53 cycles 109377 start 3992184307 mhz 2063.7
10-08 12:03:03.383 I/NpuProbe( 7792): [ggml] ggml-hex: HTP0 profile-op RMS_NORM+MUL|l_out-8 x blk.9.attn_norm.weight -> attn_norm-9|2048:128 x 2048:1 -> 2048:128|f32 x f32 -> f32|4:8192 x 4:8192 -> 4:8192|row-block vtcm 8192000|usec 44 cycles 90890 start 3992293745 mhz 2065.7
10-08 12:03:03.383 I/NpuProbe( 7792): [ggml] ggml-hex: HTP0 profile-op OPBATCH|----|n-ops 2|----|----|----|usec 135 cycles 276080 start 1842239637486 mhz 2045.0
10-08 12:03:03.383 I/NpuProbe( 7792): [ggml] ggml-hex: HTP0 profile-op ROPE|HTP0#Qcur-9#0 x HTP0#leaf_5#0 -> Qcur-9|128:16:128:1 x 128:1 -> 128:16:128:1|f32 x i32 -> f32|4:512:8192:1048576 x 4:512 -> 4:512:8192:1048576|----|usec 46 cycles 95381 start 3993659656 mhz 2073.5
10-08 12:03:03.383 I/NpuProbe( 7792): [ggml] ggml-hex: HTP0 profile-op RMS_NORM+MUL|Qcur-9 x blk.9.attn_q_norm.weight -> Qcur_norm-9|128:16:128:1 x 128:1 -> 128:16:128:1|f32 x f32 -> f32|4:512:8192:1048576 x 4:512 -> 4:512:8192:1048576|row-block vtcm 8376320|usec 67 cycles 136857 start 3993755111 mhz 2042.6
10-08 12:03:03.383 I/NpuProbe( 7792): [ggml] ggml-hex: HTP0 profile-op OPBATCH|----|n-ops 5|----|----|----|usec 298 cycles 607748 start 1842240906071 mhz 2039.4
10-08 12:03:03.383 I/NpuProbe( 7792): [ggml] ggml-hex: HTP0 profile-op ROPE|HTP0#Kcur-9#0 x HTP0#leaf_5#0 -> Kcur-9|128:4:128:1 x 128:1 -> 128:4:128:1|f32 x i32 -> f32|4:512:2048:262144 x 4:512 -> 4:512:2048:262144|----|usec 26 cycles 54354 start 3994929985 mhz 2090.5
10-08 12:03:03.383 I/NpuProbe( 7792): [ggml] ggml-hex: HTP0 profile-op RMS_NORM+MUL|Kcur-9 x blk.9.attn_k_norm.weight -> Kcur_norm-9|128:4:128:1 x 128:1 -> 128:4:128:1|f32 x f32 -> f32|4:512:2048:262144 x 4:512 -> 4:512:2048:262144|row-block vtcm 8376320|usec 20 cycles 42212 start 3994984413 mhz 2110.6
10-08 12:03:03.383 I/NpuProbe( 7792): [ggml] ggml-hex: HTP0 profile-op SET_ROWS|Kcur_norm-9 (view) x HTP0#leaf_10#0 x cache_k_l9 -> cache_k_l9 (view)|512:128 x 128:1 x 512:2048 -> 512:2048|f32 x i64 x f16 -> f16|4:2048 x 8:1024 x 2:1024 -> 2:1024|----|usec 8 cycles 16752 start 3995026651 mhz 2094.0
10-08 12:03:03.383 I/NpuProbe( 7792): [ggml] ggml-hex: HTP0 profile-op SET_ROWS|HTP0#Vcur-9 (view)#0 x HTP0#leaf_12#0 x cache_v_l9 -> cache_v_l9 (view)|512:128 x 128:1 x 512:2048 -> 512:2048|f32 x i64 x f16 -> f16|4:2048 x 8:1024 x 2:1024 -> 2:1024|----|usec 6 cycles 13415 start 3995043434 mhz 2235.8
10-08 12:03:03.383 I/NpuProbe( 7792): [ggml] ggml-hex: HTP0 profile-op FLASH_ATTN_EXT|Qcur_norm-9 (view) (permuted) x cache_k_l9 (view) (permuted) x cache_v_l9 (view) (permuted) x HTP0#attn_inp_kq_mask#0 -> node_340|128:128:16:1 x 128:256:4:1 x 128:256:4:1 x 256:128 -> 128:16:128:1|f32 x f16 x f16 x f16 -> f32|4:8192:512:1048576! x 2:1024:256:2097152! x 2:1024:256:2097152! x 2:512 -> 4:512:8192:1048576|hmx-pipe vtcm 1914368|usec 202 cycles 411514 start 3995056875 mhz 2037.2
10-08 12:03:03.383 I/NpuProbe( 7792): [ggml] ggml-hex: HTP0 profile-op OPBATCH|----|n-ops 2|----|----|----|usec 128 cycles 262638 start 1842242721278 mhz 2051.9
10-08 12:03:03.383 I/NpuProbe( 7792): [ggml] ggml-hex: HTP0 profile-op ADD|HTP0#attn_out-9#0 x l_out-8 -> ffn_inp-9|2048:128 x 2048:128 -> 2048:128|f32 x f32 -> f32|4:8192 x 4:8192 -> 4:8192|----|usec 58 cycles 120346 start 3996743370 mhz 2074.9
10-08 12:03:03.383 I/NpuProbe( 7792): [ggml] ggml-hex: HTP0 profile-op RMS_NORM+MUL|ffn_inp-9 x blk.9.ffn_norm.weight -> ffn_norm-9|2048:128 x 2048:1 -> 2048:128|f32 x f32 -> f32|4:8192 x 4:8192 -> 4:8192|row-block vtcm 8192000|usec 48 cycles 99510 start 3996863787 mhz 2073.1
10-08 12:03:03.383 I/NpuProbe( 7792): [ggml] ggml-hex: HTP0 profile-op OPBATCH|----|n-ops 2|----|----|----|usec 133 cycles 272082 start 1842245362200 mhz 2045.7
10-08 12:03:03.383 I/NpuProbe( 7792): [ggml] ggml-hex: HTP0 profile-op ADD|HTP0#ffn_out-9#0 x ffn_inp-9 -> l_out-9|2048:128 x 2048:128 -> 2048:128|f32 x f32 -> f32|4:8192 x 4:8192 -> 4:8192|----|usec 61 cycles 125889 start 3999389218 mhz 2063.8
10-08 12:03:03.383 I/NpuProbe( 7792): [ggml] ggml-hex: HTP0 profile-op RMS_NORM+MUL|l_out-9 x blk.10.attn_norm.weight -> attn_norm-10|2048:128 x 2048:1 -> 2048:128|f32 x f32 -> f32|4:8192 x 4:8192 -> 4:8192|row-block vtcm 8192000|usec 47 cycles 97086 start 3999515169 mhz 2065.7
10-08 12:03:03.383 I/NpuProbe( 7792): [ggml] ggml-hex: HTP0 profile-op OPBATCH|----|n-ops 2|----|----|----|usec 137 cycles 280930 start 1842246804309 mhz 2050.6
10-08 12:03:03.383 I/NpuProbe( 7792): [ggml] ggml-hex: HTP0 profile-op ROPE|HTP0#Qcur-10#0 x HTP0#leaf_5#0 -> Qcur-10|128:16:128:1 x 128:1 -> 128:16:128:1|f32 x i32 -> f32|4:512:8192:1048576 x 4:512 -> 4:512:8192:1048576|----|usec 47 cycles 97555 start 4000825850 mhz 2075.6
10-08 12:03:03.383 I/NpuProbe( 7792): [ggml] ggml-hex: HTP0 profile-op RMS_NORM+MUL|Qcur-10 x blk.10.attn_q_norm.weight -> Qcur_norm-10|128:16:128:1 x 128:1 -> 128:16:128:1|f32 x f32 -> f32|4:512:8192:1048576 x 4:512 -> 4:512:8192:1048576|row-block vtcm 8376320|usec 69 cycles 140562 start 4000923498 mhz 2037.1
10-08 12:03:03.383 I/NpuProbe( 7792): [ggml] ggml-hex: HTP0 profile-op OPBATCH|----|n-ops 5|----|----|----|usec 302 cycles 617342 start 1842247945242 mhz 2044.2
10-08 12:03:03.383 I/NpuProbe( 7792): [ggml] ggml-hex: HTP0 profile-op ROPE|HTP0#Kcur-10#0 x HTP0#leaf_5#0 -> Kcur-10|128:4:128:1 x 128:1 -> 128:4:128:1|f32 x i32 -> f32|4:512:2048:262144 x 4:512 -> 4:512:2048:262144|----|usec 28 cycles 58598 start 4001969236 mhz 2092.8
10-08 12:03:03.383 I/NpuProbe( 7792): [ggml] ggml-hex: HTP0 profile-op RMS_NORM+MUL|Kcur-10 x blk.10.attn_k_norm.weight -> Kcur_norm-10|128:4:128:1 x 128:1 -> 128:4:128:1|f32 x f32 -> f32|4:512:2048:262144 x 4:512 -> 4:512:2048:262144|row-block vtcm 8376320|usec 22 cycles 45168 start 4002027900 mhz 2053.1
10-08 12:03:03.383 I/NpuProbe( 7792): [ggml] ggml-hex: HTP0 profile-op SET_ROWS|Kcur_norm-10 (view) x HTP0#leaf_10#0 x cache_k_l10 -> cache_k_l10 (view)|512:128 x 128:1 x 512:2048 -> 512:2048|f32 x i64 x f16 -> f16|4:2048 x 8:1024 x 2:1024 -> 2:1024|----|usec 8 cycles 17726 start 4002073094 mhz 2215.8
10-08 12:03:03.383 I/NpuProbe( 7792): [ggml] ggml-hex: HTP0 profile-op SET_ROWS|HTP0#Vcur-10 (view)#0 x HTP0#leaf_12#0 x cache_v_l10 -> cache_v_l10 (view)|512:128 x 128:1 x 512:2048 -> 512:2048|f32 x i64 x f16 -> f16|4:2048 x 8:1024 x 2:1024 -> 2:1024|----|usec 6 cycles 14292 start 4002090846 mhz 2382.0
10-08 12:03:03.383 I/NpuProbe( 7792): [ggml] ggml-hex: HTP0 profile-op FLASH_ATTN_EXT|Qcur_norm-10 (view) (permuted) x cache_k_l10 (view) (permuted) x cache_v_l10 (view) (permuted) x HTP0#attn_inp_kq_mask#0 -> node_375|128:128:16:1 x 128:256:4:1 x 128:256:4:1 x 256:128 -> 128:16:128:1|f32 x f16 x f16 x f16 -> f32|4:8192:512:1048576! x 2:1024:256:2097152! x 2:1024:256:2097152! x 2:512 -> 4:512:8192:1048576|hmx-pipe vtcm 1914368|usec 203 cycles 414728 start 4002105169 mhz 2043.0
10-08 12:03:03.383 I/NpuProbe( 7792): [ggml] ggml-hex: HTP0 profile-op OPBATCH|----|n-ops 2|----|----|----|usec 133 cycles 273069 start 1842249720575 mhz 2053.2
10-08 12:03:03.383 I/NpuProbe( 7792): [ggml] ggml-hex: HTP0 profile-op ADD|HTP0#attn_out-10#0 x l_out-9 -> ffn_inp-10|2048:128 x 2048:128 -> 2048:128|f32 x f32 -> f32|4:8192 x 4:8192 -> 4:8192|----|usec 61 cycles 126239 start 4003742808 mhz 2069.5
10-08 12:03:03.383 I/NpuProbe( 7792): [ggml] ggml-hex: HTP0 profile-op RMS_NORM+MUL|ffn_inp-10 x blk.10.ffn_norm.weight -> ffn_norm-10|2048:128 x 2048:1 -> 2048:128|f32 x f32 -> f32|4:8192 x 4:8192 -> 4:8192|row-block vtcm 8192000|usec 50 cycles 103658 start 4003869111 mhz 2073.2
10-08 12:03:03.383 I/NpuProbe( 7792): [ggml] ggml-hex: HTP0 profile-op OPBATCH|----|n-ops 2|----|----|----|usec 124 cycles 253846 start 1842252842691 mhz 2047.1
10-08 12:03:03.383 I/NpuProbe( 7792): [ggml] ggml-hex: HTP0 profile-op ADD|HTP0#ffn_out-10#0 x ffn_inp-10 -> l_out-10|2048:128 x 2048:128 -> 2048:128|f32 x f32 -> f32|4:8192 x 4:8192 -> 4:8192|----|usec 58 cycles 118745 start 4006868236 mhz 2047.3
10-08 12:03:03.383 I/NpuProbe( 7792): [ggml] ggml-hex: HTP0 profile-op RMS_NORM+MUL|l_out-10 x blk.11.attn_norm.weight -> attn_norm-11|2048:128 x 2048:1 -> 2048:128|f32 x f32 -> f32|4:8192 x 4:8192 -> 4:8192|row-block vtcm 8192000|usec 43 cycles 87847 start 4006987041 mhz 2043.0
10-08 12:03:03.383 I/NpuProbe( 7792): [ggml] ggml-hex: HTP0 profile-op OPBATCH|----|n-ops 2|----|----|----|usec 136 cycles 279112 start 1842254671489 mhz 2052.3
10-08 12:03:03.383 I/NpuProbe( 7792): [ggml] ggml-hex: HTP0 profile-op ROPE|HTP0#Qcur-11#0 x HTP0#leaf_5#0 -> Qcur-11|128:16:128:1 x 128:1 -> 128:16:128:1|f32 x i32 -> f32|4:512:8192:1048576 x 4:512 -> 4:512:8192:1048576|----|usec 48 cycles 98125 start 4008695590 mhz 2044.3
10-08 12:03:03.383 I/NpuProbe( 7792): [ggml] ggml-hex: HTP0 profile-op RMS_NORM+MUL|Qcur-11 x blk.11.attn_q_norm.weight -> Qcur_norm-11|128:16:128:1 x 128:1 -> 128:16:128:1|f32 x f32 -> f32|4:512:8192:1048576 x 4:512 -> 4:512:8192:1048576|row-block vtcm 8376320|usec 65 cycles 134337 start 4008793785 mhz 2066.7
10-08 12:03:03.383 I/NpuProbe( 7792): [ggml] ggml-hex: HTP0 profile-op OPBATCH|----|n-ops 5|----|----|----|usec 302 cycles 617119 start 1842256047766 mhz 2043.4
10-08 12:03:03.383 I/NpuProbe( 7792): [ggml] ggml-hex: HTP0 profile-op ROPE|HTP0#Kcur-11#0 x HTP0#leaf_5#0 -> Kcur-11|128:4:128:1 x 128:1 -> 128:4:128:1|f32 x i32 -> f32|4:512:2048:262144 x 4:512 -> 4:512:2048:262144|----|usec 26 cycles 54142 start 4010071457 mhz 2082.4
10-08 12:03:03.383 I/NpuProbe( 7792): [ggml] ggml-hex: HTP0 profile-op RMS_NORM+MUL|Kcur-11 x blk.11.attn_k_norm.weight -> Kcur_norm-11|128:4:128:1 x 128:1 -> 128:4:128:1|f32 x f32 -> f32|4:512:2048:262144 x 4:512 -> 4:512:2048:262144|row-block vtcm 8376320|usec 21 cycles 42895 start 4010125673 mhz 2042.6
10-08 12:03:03.383 I/NpuProbe( 7792): [ggml] ggml-hex: HTP0 profile-op SET_ROWS|Kcur_norm-11 (view) x HTP0#leaf_10#0 x cache_k_l11 -> cache_k_l11 (view)|512:128 x 128:1 x 512:2048 -> 512:2048|f32 x i64 x f16 -> f16|4:2048 x 8:1024 x 2:1024 -> 2:1024|----|usec 9 cycles 18981 start 4010168599 mhz 2109.0
10-08 12:03:03.383 I/NpuProbe( 7792): [ggml] ggml-hex: HTP0 profile-op SET_ROWS|HTP0#Vcur-11 (view)#0 x HTP0#leaf_12#0 x cache_v_l11 -> cache_v_l11 (view)|512:128 x 128:1 x 512:2048 -> 512:2048|f32 x i64 x f16 -> f16|4:2048 x 8:1024 x 2:1024 -> 2:1024|----|usec 7 cycles 14778 start 4010187606 mhz 2111.1
10-08 12:03:03.383 I/NpuProbe( 7792): [ggml] ggml-hex: HTP0 profile-op FLASH_ATTN_EXT|Qcur_norm-11 (view) (permuted) x cache_k_l11 (view) (permuted) x cache_v_l11 (view) (permuted) x HTP0#attn_inp_kq_mask#0 -> node_410|128:128:16:1 x 128:256:4:1 x 128:256:4:1 x 256:128 -> 128:16:128:1|f32 x f16 x f16 x f16 -> f32|4:8192:512:1048576! x 2:1024:256:2097152! x 2:1024:256:2097152! x 2:512 -> 4:512:8192:1048576|hmx-pipe vtcm 1914368|usec 205 cycles 418201 start 4010202410 mhz 2040.0
10-08 12:03:03.383 I/NpuProbe( 7792): [ggml] ggml-hex: HTP0 profile-op OPBATCH|----|n-ops 2|----|----|----|usec 126 cycles 257781 start 1842258226436 mhz 2045.9
10-08 12:03:03.383 I/NpuProbe( 7792): [ggml] ggml-hex: HTP0 profile-op ADD|HTP0#attn_out-11#0 x l_out-10 -> ffn_inp-11|2048:128 x 2048:128 -> 2048:128|f32 x f32 -> f32|4:8192 x 4:8192 -> 4:8192|----|usec 58 cycles 119054 start 4012250120 mhz 2052.7
10-08 12:03:03.383 I/NpuProbe( 7792): [ggml] ggml-hex: HTP0 profile-op RMS_NORM+MUL|ffn_inp-11 x blk.11.ffn_norm.weight -> ffn_norm-11|2048:128 x 2048:1 -> 2048:128|f32 x f32 -> f32|4:8192 x 4:8192 -> 4:8192|row-block vtcm 8192000|usec 45 cycles 93254 start 4012369239 mhz 2072.3
10-08 12:03:03.383 I/NpuProbe( 7792): [ggml] ggml-hex: HTP0 profile-op OPBATCH|----|n-ops 2|----|----|----|usec 124 cycles 253066 start 1842261467743 mhz 2040.9
10-08 12:03:03.383 I/NpuProbe( 7792): [ggml] ggml-hex: HTP0 profile-op ADD|HTP0#ffn_out-11#0 x ffn_inp-11 -> l_out-11|2048:128 x 2048:128 -> 2048:128|f32 x f32 -> f32|4:8192 x 4:8192 -> 4:8192|----|usec 54 cycles 112142 start 4015494421 mhz 2076.7
10-08 12:03:03.383 I/NpuProbe( 7792): [ggml] ggml-hex: HTP0 profile-op RMS_NORM+MUL|l_out-11 x blk.12.attn_norm.weight -> attn_norm-12|2048:128 x 2048:1 -> 2048:128|f32 x f32 -> f32|4:8192 x 4:8192 -> 4:8192|row-block vtcm 8192000|usec 45 cycles 92081 start 4015606626 mhz 2046.2
10-08 12:03:03.383 I/NpuProbe( 7792): [ggml] ggml-hex: HTP0 profile-op OPBATCH|----|n-ops 2|----|----|----|usec 142 cycles 291137 start 1842263300756 mhz 2050.3
10-08 12:03:03.383 I/NpuProbe( 7792): [ggml] ggml-hex: HTP0 profile-op ROPE|HTP0#Qcur-12#0 x HTP0#leaf_5#0 -> Qcur-12|128:16:128:1 x 128:1 -> 128:16:128:1|f32 x i32 -> f32|4:512:8192:1048576 x 4:512 -> 4:512:8192:1048576|----|usec 50 cycles 102338 start 4017325971 mhz 2046.8
10-08 12:03:03.383 I/NpuProbe( 7792): [ggml] ggml-hex: HTP0 profile-op RMS_NORM+MUL|Qcur-12 x blk.12.attn_q_norm.weight -> Qcur_norm-12|128:16:128:1 x 128:1 -> 128:16:128:1|f32 x f32 -> f32|4:512:8192:1048576 x 4:512 -> 4:512:8192:1048576|row-block vtcm 8376320|usec 69 cycles 141527 start 4017428399 mhz 2051.1
10-08 12:03:03.383 I/NpuProbe( 7792): [ggml] ggml-hex: HTP0 profile-op OPBATCH|----|n-ops 5|----|----|----|usec 301 cycles 614225 start 1842264829446 mhz 2040.6
10-08 12:03:03.383 I/NpuProbe( 7792): [ggml] ggml-hex: HTP0 profile-op ROPE|HTP0#Kcur-12#0 x HTP0#leaf_5#0 -> Kcur-12|128:4:128:1 x 128:1 -> 128:4:128:1|f32 x i32 -> f32|4:512:2048:262144 x 4:512 -> 4:512:2048:262144|----|usec 27 cycles 55877 start 4018855073 mhz 2069.5
10-08 12:03:03.383 I/NpuProbe( 7792): [ggml] ggml-hex: HTP0 profile-op RMS_NORM+MUL|Kcur-12 x blk.12.attn_k_norm.weight -> Kcur_norm-12|128:4:128:1 x 128:1 -> 128:4:128:1|f32 x f32 -> f32|4:512:2048:262144 x 4:512 -> 4:512:2048:262144|row-block vtcm 8376320|usec 20 cycles 41640 start 4018911024 mhz 2082.0
10-08 12:03:03.383 I/NpuProbe( 7792): [ggml] ggml-hex: HTP0 profile-op SET_ROWS|Kcur_norm-12 (view) x HTP0#leaf_10#0 x cache_k_l12 -> cache_k_l12 (view)|512:128 x 128:1 x 512:2048 -> 512:2048|f32 x i64 x f16 -> f16|4:2048 x 8:1024 x 2:1024 -> 2:1024|----|usec 8 cycles 17931 start 4018952690 mhz 2241.4
10-08 12:03:03.383 I/NpuProbe( 7792): [ggml] ggml-hex: HTP0 profile-op SET_ROWS|HTP0#Vcur-12 (view)#0 x HTP0#leaf_12#0 x cache_v_l12 -> cache_v_l12 (view)|512:128 x 128:1 x 512:2048 -> 512:2048|f32 x i64 x f16 -> f16|4:2048 x 8:1024 x 2:1024 -> 2:1024|----|usec 6 cycles 14214 start 4018970650 mhz 2369.0
10-08 12:03:03.383 I/NpuProbe( 7792): [ggml] ggml-hex: HTP0 profile-op FLASH_ATTN_EXT|Qcur_norm-12 (view) (permuted) x cache_k_l12 (view) (permuted) x cache_v_l12 (view) (permuted) x HTP0#attn_inp_kq_mask#0 -> node_445|128:128:16:1 x 128:256:4:1 x 128:256:4:1 x 256:128 -> 128:16:128:1|f32 x f16 x f16 x f16 -> f32|4:8192:512:1048576! x 2:1024:256:2097152! x 2:1024:256:2097152! x 2:512 -> 4:512:8192:1048576|hmx-pipe vtcm 1914368|usec 202 cycles 413092 start 4018984890 mhz 2045.0
10-08 12:03:03.383 I/NpuProbe( 7792): [ggml] ggml-hex: HTP0 profile-op OPBATCH|----|n-ops 2|----|----|----|usec 126 cycles 258131 start 1842266998531 mhz 2048.7
10-08 12:03:03.383 I/NpuProbe( 7792): [ggml] ggml-hex: HTP0 profile-op ADD|HTP0#attn_out-12#0 x l_out-11 -> ffn_inp-12|2048:128 x 2048:128 -> 2048:128|f32 x f32 -> f32|4:8192 x 4:8192 -> 4:8192|----|usec 58 cycles 119582 start 4021023670 mhz 2061.8
10-08 12:03:03.383 I/NpuProbe( 7792): [ggml] ggml-hex: HTP0 profile-op RMS_NORM+MUL|ffn_inp-12 x blk.12.ffn_norm.weight -> ffn_norm-12|2048:128 x 2048:1 -> 2048:128|f32 x f32 -> f32|4:8192 x 4:8192 -> 4:8192|row-block vtcm 8192000|usec 45 cycles 92013 start 4021143330 mhz 2044.7
10-08 12:03:03.383 I/NpuProbe( 7792): [ggml] ggml-hex: HTP0 profile-op OPBATCH|----|n-ops 2|----|----|----|usec 125 cycles 256983 start 1842270478844 mhz 2055.9
10-08 12:03:03.383 I/NpuProbe( 7792): [ggml] ggml-hex: HTP0 profile-op ADD|HTP0#ffn_out-12#0 x ffn_inp-12 -> l_out-12|2048:128 x 2048:128 -> 2048:128|f32 x f32 -> f32|4:8192 x 4:8192 -> 4:8192|----|usec 56 cycles 116078 start 4024504081 mhz 2072.8
10-08 12:03:03.383 I/NpuProbe( 7792): [ggml] ggml-hex: HTP0 profile-op RMS_NORM+MUL|l_out-12 x blk.13.attn_norm.weight -> attn_norm-13|2048:128 x 2048:1 -> 2048:128|f32 x f32 -> f32|4:8192 x 4:8192 -> 4:8192|row-block vtcm 8192000|usec 45 cycles 93670 start 4024620219 mhz 2081.6
10-08 12:03:03.383 I/NpuProbe( 7792): [ggml] ggml-hex: HTP0 profile-op OPBATCH|----|n-ops 2|----|----|----|usec 140 cycles 287142 start 1842272315706 mhz 2051.0
10-08 12:03:03.383 I/NpuProbe( 7792): [ggml] ggml-hex: HTP0 profile-op ROPE|HTP0#Qcur-13#0 x HTP0#leaf_5#0 -> Qcur-13|128:16:128:1 x 128:1 -> 128:16:128:1|f32 x i32 -> f32|4:512:8192:1048576 x 4:512 -> 4:512:8192:1048576|----|usec 49 cycles 100772 start 4026340717 mhz 2056.6
10-08 12:03:03.383 I/NpuProbe( 7792): [ggml] ggml-hex: HTP0 profile-op RMS_NORM+MUL|Qcur-13 x blk.13.attn_q_norm.weight -> Qcur_norm-13|128:16:128:1 x 128:1 -> 128:16:128:1|f32 x f32 -> f32|4:512:8192:1048576 x 4:512 -> 4:512:8192:1048576|row-block vtcm 8376320|usec 68 cycles 139104 start 4026441559 mhz 2045.6
10-08 12:03:03.383 I/NpuProbe( 7792): [ggml] ggml-hex: HTP0 profile-op OPBATCH|----|n-ops 5|----|----|----|usec 299 cycles 609207 start 1842273701700 mhz 2037.5
10-08 12:03:03.383 I/NpuProbe( 7792): [ggml] ggml-hex: HTP0 profile-op ROPE|HTP0#Kcur-13#0 x HTP0#leaf_5#0 -> Kcur-13|128:4:128:1 x 128:1 -> 128:4:128:1|f32 x i32 -> f32|4:512:2048:262144 x 4:512 -> 4:512:2048:262144|----|usec 26 cycles 54656 start 4027725686 mhz 2102.2
10-08 12:03:03.383 I/NpuProbe( 7792): [ggml] ggml-hex: HTP0 profile-op RMS_NORM+MUL|Kcur-13 x blk.13.attn_k_norm.weight -> Kcur_norm-13|128:4:128:1 x 128:1 -> 128:4:128:1|f32 x f32 -> f32|4:512:2048:262144 x 4:512 -> 4:512:2048:262144|row-block vtcm 8376320|usec 20 cycles 41983 start 4027780416 mhz 2099.1
10-08 12:03:03.383 I/NpuProbe( 7792): [ggml] ggml-hex: HTP0 profile-op SET_ROWS|Kcur_norm-13 (view) x HTP0#leaf_10#0 x cache_k_l13 -> cache_k_l13 (view)|512:128 x 128:1 x 512:2048 -> 512:2048|f32 x i64 x f16 -> f16|4:2048 x 8:1024 x 2:1024 -> 2:1024|----|usec 8 cycles 18268 start 4027822425 mhz 2283.5
10-08 12:03:03.383 I/NpuProbe( 7792): [ggml] ggml-hex: HTP0 profile-op SET_ROWS|HTP0#Vcur-13 (view)#0 x HTP0#leaf_12#0 x cache_v_l13 -> cache_v_l13 (view)|512:128 x 128:1 x 512:2048 -> 512:2048|f32 x i64 x f16 -> f16|4:2048 x 8:1024 x 2:1024 -> 2:1024|----|usec 6 cycles 14138 start 4027840719 mhz 2356.3
10-08 12:03:03.383 I/NpuProbe( 7792): [ggml] ggml-hex: HTP0 profile-op FLASH_ATTN_EXT|Qcur_norm-13 (view) (permuted) x cache_k_l13 (view) (permuted) x cache_v_l13 (view) (permuted) x HTP0#attn_inp_kq_mask#0 -> node_480|128:128:16:1 x 128:256:4:1 x 128:256:4:1 x 256:128 -> 128:16:128:1|f32 x f16 x f16 x f16 -> f32|4:8192:512:1048576! x 2:1024:256:2097152! x 2:1024:256:2097152! x 2:512 -> 4:512:8192:1048576|hmx-pipe vtcm 1914368|usec 202 cycles 411350 start 4027854886 mhz 2036.4
10-08 12:03:03.383 I/NpuProbe( 7792): [ggml] ggml-hex: HTP0 profile-op OPBATCH|----|n-ops 2|----|----|----|usec 126 cycles 257640 start 1842275878137 mhz 2044.8
10-08 12:03:03.383 I/NpuProbe( 7792): [ggml] ggml-hex: HTP0 profile-op ADD|HTP0#attn_out-13#0 x l_out-12 -> ffn_inp-13|2048:128 x 2048:128 -> 2048:128|f32 x f32 -> f32|4:8192 x 4:8192 -> 4:8192|----|usec 57 cycles 117947 start 4029903809 mhz 2069.2
10-08 12:03:03.383 I/NpuProbe( 7792): [ggml] ggml-hex: HTP0 profile-op RMS_NORM+MUL|ffn_inp-13 x blk.13.ffn_norm.weight -> ffn_norm-13|2048:128 x 2048:1 -> 2048:128|f32 x f32 -> f32|4:8192 x 4:8192 -> 4:8192|row-block vtcm 8192000|usec 45 cycles 91815 start 4030021818 mhz 2040.3
10-08 12:03:03.383 I/NpuProbe( 7792): [ggml] ggml-hex: HTP0 profile-op OPBATCH|----|n-ops 2|----|----|----|usec 125 cycles 255294 start 1842279060933 mhz 2042.4
10-08 12:03:03.383 I/NpuProbe( 7792): [ggml] ggml-hex: HTP0 profile-op ADD|HTP0#ffn_out-13#0 x ffn_inp-13 -> l_out-13|2048:128 x 2048:128 -> 2048:128|f32 x f32 -> f32|4:8192 x 4:8192 -> 4:8192|----|usec 58 cycles 119252 start 4033086427 mhz 2056.1
10-08 12:03:03.383 I/NpuProbe( 7792): [ggml] ggml-hex: HTP0 profile-op RMS_NORM+MUL|l_out-13 x blk.14.attn_norm.weight -> attn_norm-14|2048:128 x 2048:1 -> 2048:128|f32 x f32 -> f32|4:8192 x 4:8192 -> 4:8192|row-block vtcm 8192000|usec 43 cycles 88858 start 4033205743 mhz 2066.5
10-08 12:03:03.383 I/NpuProbe( 7792): [ggml] ggml-hex: HTP0 profile-op OPBATCH|----|n-ops 2|----|----|----|usec 138 cycles 282383 start 1842280888744 mhz 2046.3
10-08 12:03:03.383 I/NpuProbe( 7792): [ggml] ggml-hex: HTP0 profile-op ROPE|HTP0#Qcur-14#0 x HTP0#leaf_5#0 -> Qcur-14|128:16:128:1 x 128:1 -> 128:16:128:1|f32 x i32 -> f32|4:512:8192:1048576 x 4:512 -> 4:512:8192:1048576|----|usec 46 cycles 95762 start 4034915509 mhz 2081.8
10-08 12:03:03.383 I/NpuProbe( 7792): [ggml] ggml-hex: HTP0 profile-op RMS_NORM+MUL|Qcur-14 x blk.14.attn_q_norm.weight -> Qcur_norm-14|128:16:128:1 x 128:1 -> 128:16:128:1|f32 x f32 -> f32|4:512:8192:1048576 x 4:512 -> 4:512:8192:1048576|row-block vtcm 8376320|usec 67 cycles 137781 start 4035011346 mhz 2056.4
10-08 12:03:03.383 I/NpuProbe( 7792): [ggml] ggml-hex: HTP0 profile-op OPBATCH|----|n-ops 5|----|----|----|usec 303 cycles 618506 start 1842282227710 mhz 2041.3
10-08 12:03:03.383 I/NpuProbe( 7792): [ggml] ggml-hex: HTP0 profile-op ROPE|HTP0#Kcur-14#0 x HTP0#leaf_5#0 -> Kcur-14|128:4:128:1 x 128:1 -> 128:4:128:1|f32 x i32 -> f32|4:512:2048:262144 x 4:512 -> 4:512:2048:262144|----|usec 28 cycles 59067 start 4036251514 mhz 2109.5
10-08 12:03:03.383 I/NpuProbe( 7792): [ggml] ggml-hex: HTP0 profile-op RMS_NORM+MUL|Kcur-14 x blk.14.attn_k_norm.weight -> Kcur_norm-14|128:4:128:1 x 128:1 -> 128:4:128:1|f32 x f32 -> f32|4:512:2048:262144 x 4:512 -> 4:512:2048:262144|row-block vtcm 8376320|usec 21 cycles 43757 start 4036310652 mhz 2083.7
10-08 12:03:03.383 I/NpuProbe( 7792): [ggml] ggml-hex: HTP0 profile-op SET_ROWS|Kcur_norm-14 (view) x HTP0#leaf_10#0 x cache_k_l14 -> cache_k_l14 (view)|512:128 x 128:1 x 512:2048 -> 512:2048|f32 x i64 x f16 -> f16|4:2048 x 8:1024 x 2:1024 -> 2:1024|----|usec 9 cycles 18377 start 4036354456 mhz 2041.9
10-08 12:03:03.383 I/NpuProbe( 7792): [ggml] ggml-hex: HTP0 profile-op SET_ROWS|HTP0#Vcur-14 (view)#0 x HTP0#leaf_12#0 x cache_v_l14 -> cache_v_l14 (view)|512:128 x 128:1 x 512:2048 -> 512:2048|f32 x i64 x f16 -> f16|4:2048 x 8:1024 x 2:1024 -> 2:1024|----|usec 6 cycles 13823 start 4036372859 mhz 2303.8
10-08 12:03:03.383 I/NpuProbe( 7792): [ggml] ggml-hex: HTP0 profile-op FLASH_ATTN_EXT|Qcur_norm-14 (view) (permuted) x cache_k_l14 (view) (permuted) x cache_v_l14 (view) (permuted) x HTP0#attn_inp_kq_mask#0 -> node_515|128:128:16:1 x 128:256:4:1 x 128:256:4:1 x 256:128 -> 128:16:128:1|f32 x f16 x f16 x f16 -> f32|4:8192:512:1048576! x 2:1024:256:2097152! x 2:1024:256:2097152! x 2:512 -> 4:512:8192:1048576|hmx-pipe vtcm 1914368|usec 203 cycles 415510 start 4036386708 mhz 2046.8
10-08 12:03:03.383 I/NpuProbe( 7792): [ggml] ggml-hex: HTP0 profile-op OPBATCH|----|n-ops 2|----|----|----|usec 127 cycles 260693 start 1842284395291 mhz 2052.7
10-08 12:03:03.383 I/NpuProbe( 7792): [ggml] ggml-hex: HTP0 profile-op ADD|HTP0#attn_out-14#0 x l_out-13 -> ffn_inp-14|2048:128 x 2048:128 -> 2048:128|f32 x f32 -> f32|4:8192 x 4:8192 -> 4:8192|----|usec 58 cycles 119357 start 4038420013 mhz 2057.9
10-08 12:03:03.383 I/NpuProbe( 7792): [ggml] ggml-hex: HTP0 profile-op RMS_NORM+MUL|ffn_inp-14 x blk.14.ffn_norm.weight -> ffn_norm-14|2048:128 x 2048:1 -> 2048:128|f32 x f32 -> f32|4:8192 x 4:8192 -> 4:8192|row-block vtcm 8192000|usec 46 cycles 95105 start 4038539430 mhz 2067.5
10-08 12:03:03.383 I/NpuProbe( 7792): [ggml] ggml-hex: HTP0 profile-op OPBATCH|----|n-ops 2|----|----|----|usec 116 cycles 238564 start 1842287565016 mhz 2056.6
10-08 12:03:03.383 I/NpuProbe( 7792): [ggml] ggml-hex: HTP0 profile-op ADD|HTP0#ffn_out-14#0 x ffn_inp-14 -> l_out-14|2048:128 x 2048:128 -> 2048:128|f32 x f32 -> f32|4:8192 x 4:8192 -> 4:8192|----|usec 53 cycles 108539 start 4041590661 mhz 2047.9
10-08 12:03:03.383 I/NpuProbe( 7792): [ggml] ggml-hex: HTP0 profile-op RMS_NORM+MUL|l_out-14 x blk.15.attn_norm.weight -> attn_norm-15|2048:128 x 2048:1 -> 2048:128|f32 x f32 -> f32|4:8192 x 4:8192 -> 4:8192|row-block vtcm 8192000|usec 40 cycles 82228 start 4041699263 mhz 2055.7
10-08 12:03:03.383 I/NpuProbe( 7792): [ggml] ggml-hex: HTP0 profile-op OPBATCH|----|n-ops 2|----|----|----|usec 139 cycles 285515 start 1842289373152 mhz 2054.1
10-08 12:03:03.383 I/NpuProbe( 7792): [ggml] ggml-hex: HTP0 profile-op ROPE|HTP0#Qcur-15#0 x HTP0#leaf_5#0 -> Qcur-15|128:16:128:1 x 128:1 -> 128:16:128:1|f32 x i32 -> f32|4:512:8192:1048576 x 4:512 -> 4:512:8192:1048576|----|usec 48 cycles 100101 start 4043397462 mhz 2085.4
10-08 12:03:03.383 I/NpuProbe( 7792): [ggml] ggml-hex: HTP0 profile-op RMS_NORM+MUL|Qcur-15 x blk.15.attn_q_norm.weight -> Qcur_norm-15|128:16:128:1 x 128:1 -> 128:16:128:1|f32 x f32 -> f32|4:512:8192:1048576 x 4:512 -> 4:512:8192:1048576|row-block vtcm 8376320|usec 68 cycles 139162 start 4043497634 mhz 2046.5
10-08 12:03:03.383 I/NpuProbe( 7792): [ggml] ggml-hex: HTP0 profile-op OPBATCH|----|n-ops 5|----|----|----|usec 305 cycles 621815 start 1842290874184 mhz 2038.7
10-08 12:03:03.383 I/NpuProbe( 7792): [ggml] ggml-hex: HTP0 profile-op ROPE|HTP0#Kcur-15#0 x HTP0#leaf_5#0 -> Kcur-15|128:4:128:1 x 128:1 -> 128:4:128:1|f32 x i32 -> f32|4:512:2048:262144 x 4:512 -> 4:512:2048:262144|----|usec 27 cycles 57151 start 4044898145 mhz 2116.7
10-08 12:03:03.383 I/NpuProbe( 7792): [ggml] ggml-hex: HTP0 profile-op RMS_NORM+MUL|Kcur-15 x blk.15.attn_k_norm.weight -> Kcur_norm-15|128:4:128:1 x 128:1 -> 128:4:128:1|f32 x f32 -> f32|4:512:2048:262144 x 4:512 -> 4:512:2048:262144|row-block vtcm 8376320|usec 21 cycles 43118 start 4044955370 mhz 2053.2
10-08 12:03:03.383 I/NpuProbe( 7792): [ggml] ggml-hex: HTP0 profile-op SET_ROWS|Kcur_norm-15 (view) x HTP0#leaf_10#0 x cache_k_l15 -> cache_k_l15 (view)|512:128 x 128:1 x 512:2048 -> 512:2048|f32 x i64 x f16 -> f16|4:2048 x 8:1024 x 2:1024 -> 2:1024|----|usec 8 cycles 17758 start 4044998514 mhz 2219.8
10-08 12:03:03.383 I/NpuProbe( 7792): [ggml] ggml-hex: HTP0 profile-op SET_ROWS|HTP0#Vcur-15 (view)#0 x HTP0#leaf_12#0 x cache_v_l15 -> cache_v_l15 (view)|512:128 x 128:1 x 512:2048 -> 512:2048|f32 x i64 x f16 -> f16|4:2048 x 8:1024 x 2:1024 -> 2:1024|----|usec 6 cycles 13989 start 4045016298 mhz 2331.5
10-08 12:03:03.383 I/NpuProbe( 7792): [ggml] ggml-hex: HTP0 profile-op FLASH_ATTN_EXT|Qcur_norm-15 (view) (permuted) x cache_k_l15 (view) (permuted) x cache_v_l15 (view) (permuted) x HTP0#attn_inp_kq_mask#0 -> node_550|128:128:16:1 x 128:256:4:1 x 128:256:4:1 x 256:128 -> 128:16:128:1|f32 x f16 x f16 x f16 -> f32|4:8192:512:1048576! x 2:1024:256:2097152! x 2:1024:256:2097152! x 2:512 -> 4:512:8192:1048576|hmx-pipe vtcm 1914368|usec 206 cycles 421059 start 4045030313 mhz 2044.0
10-08 12:03:03.383 I/NpuProbe( 7792): [ggml] ggml-hex: HTP0 profile-op OPBATCH|----|n-ops 2|----|----|----|usec 126 cycles 258330 start 1842293052852 mhz 2050.2
10-08 12:03:03.383 I/NpuProbe( 7792): [ggml] ggml-hex: HTP0 profile-op ADD|HTP0#attn_out-15#0 x l_out-14 -> ffn_inp-15|2048:128 x 2048:128 -> 2048:128|f32 x f32 -> f32|4:8192 x 4:8192 -> 4:8192|----|usec 58 cycles 119081 start 4047078000 mhz 2053.1
10-08 12:03:03.383 I/NpuProbe( 7792): [ggml] ggml-hex: HTP0 profile-op RMS_NORM+MUL|ffn_inp-15 x blk.15.ffn_norm.weight -> ffn_norm-15|2048:128 x 2048:1 -> 2048:128|f32 x f32 -> f32|4:8192 x 4:8192 -> 4:8192|row-block vtcm 8192000|usec 45 cycles 92132 start 4047197144 mhz 2047.4
10-08 12:03:03.383 I/NpuProbe( 7792): [ggml] ggml-hex: HTP0 profile-op OPBATCH|----|n-ops 2|----|----|----|usec 127 cycles 259877 start 1842296515714 mhz 2046.3
10-08 12:03:03.383 I/NpuProbe( 7792): [ggml] ggml-hex: HTP0 profile-op ADD|HTP0#ffn_out-15#0 x ffn_inp-15 -> l_out-15|2048:128 x 2048:128 -> 2048:128|f32 x f32 -> f32|4:8192 x 4:8192 -> 4:8192|----|usec 59 cycles 120631 start 4050540279 mhz 2044.6
10-08 12:03:03.383 I/NpuProbe( 7792): [ggml] ggml-hex: HTP0 profile-op RMS_NORM+MUL|l_out-15 x blk.16.attn_norm.weight -> attn_norm-16|2048:128 x 2048:1 -> 2048:128|f32 x f32 -> f32|4:8192 x 4:8192 -> 4:8192|row-block vtcm 8192000|usec 45 cycles 92998 start 4050660970 mhz 2066.6
10-08 12:03:03.383 I/NpuProbe( 7792): [ggml] ggml-hex: HTP0 profile-op OPBATCH|----|n-ops 2|----|----|----|usec 141 cycles 288027 start 1842298324405 mhz 2042.7
10-08 12:03:03.383 I/NpuProbe( 7792): [ggml] ggml-hex: HTP0 profile-op ROPE|HTP0#Qcur-16#0 x HTP0#leaf_5#0 -> Qcur-16|128:16:128:1 x 128:1 -> 128:16:128:1|f32 x i32 -> f32|4:512:8192:1048576 x 4:512 -> 4:512:8192:1048576|----|usec 49 cycles 100979 start 4052348250 mhz 2060.8
10-08 12:03:03.383 I/NpuProbe( 7792): [ggml] ggml-hex: HTP0 profile-op RMS_NORM+MUL|Qcur-16 x blk.16.attn_q_norm.weight -> Qcur_norm-16|128:16:128:1 x 128:1 -> 128:16:128:1|f32 x f32 -> f32|4:512:8192:1048576 x 4:512 -> 4:512:8192:1048576|row-block vtcm 8376320|usec 69 cycles 140936 start 4052449319 mhz 2042.6
10-08 12:03:03.383 I/NpuProbe( 7792): [ggml] ggml-hex: HTP0 profile-op OPBATCH|----|n-ops 5|----|----|----|usec 306 cycles 624676 start 1842299725094 mhz 2041.4
10-08 12:03:03.383 I/NpuProbe( 7792): [ggml] ggml-hex: HTP0 profile-op ROPE|HTP0#Kcur-16#0 x HTP0#leaf_5#0 -> Kcur-16|128:4:128:1 x 128:1 -> 128:4:128:1|f32 x i32 -> f32|4:512:2048:262144 x 4:512 -> 4:512:2048:262144|----|usec 26 cycles 54942 start 4053749192 mhz 2113.2
10-08 12:03:03.383 I/NpuProbe( 7792): [ggml] ggml-hex: HTP0 profile-op RMS_NORM+MUL|Kcur-16 x blk.16.attn_k_norm.weight -> Kcur_norm-16|128:4:128:1 x 128:1 -> 128:4:128:1|f32 x f32 -> f32|4:512:2048:262144 x 4:512 -> 4:512:2048:262144|row-block vtcm 8376320|usec 20 cycles 41696 start 4053804208 mhz 2084.8
10-08 12:03:03.384 I/NpuProbe( 7792): [ggml] ggml-hex: HTP0 profile-op SET_ROWS|Kcur_norm-16 (view) x HTP0#leaf_10#0 x cache_k_l16 -> cache_k_l16 (view)|512:128 x 128:1 x 512:2048 -> 512:2048|f32 x i64 x f16 -> f16|4:2048 x 8:1024 x 2:1024 -> 2:1024|----|usec 9 cycles 18577 start 4053845930 mhz 2064.1
10-08 12:03:03.384 I/NpuProbe( 7792): [ggml] ggml-hex: HTP0 profile-op SET_ROWS|HTP0#Vcur-16 (view)#0 x HTP0#leaf_12#0 x cache_v_l16 -> cache_v_l16 (view)|512:128 x 128:1 x 512:2048 -> 512:2048|f32 x i64 x f16 -> f16|4:2048 x 8:1024 x 2:1024 -> 2:1024|----|usec 9 cycles 18588 start 4053864534 mhz 2065.3
10-08 12:03:03.384 I/NpuProbe( 7792): [ggml] ggml-hex: HTP0 profile-op FLASH_ATTN_EXT|Qcur_norm-16 (view) (permuted) x cache_k_l16 (view) (permuted) x cache_v_l16 (view) (permuted) x HTP0#attn_inp_kq_mask#0 -> node_585|128:128:16:1 x 128:256:4:1 x 128:256:4:1 x 256:128 -> 128:16:128:1|f32 x f16 x f16 x f16 -> f32|4:8192:512:1048576! x 2:1024:256:2097152! x 2:1024:256:2097152! x 2:512 -> 4:512:8192:1048576|hmx-pipe vtcm 1914368|usec 207 cycles 422518 start 4053883148 mhz 2041.1
10-08 12:03:03.384 I/NpuProbe( 7792): [ggml] ggml-hex: HTP0 profile-op OPBATCH|----|n-ops 2|----|----|----|usec 126 cycles 257329 start 1842301898836 mhz 2042.3
10-08 12:03:03.384 I/NpuProbe( 7792): [ggml] ggml-hex: HTP0 profile-op ADD|HTP0#attn_out-16#0 x l_out-15 -> ffn_inp-16|2048:128 x 2048:128 -> 2048:128|f32 x f32 -> f32|4:8192 x 4:8192 -> 4:8192|----|usec 58 cycles 118730 start 4055923097 mhz 2047.1
10-08 12:03:03.384 I/NpuProbe( 7792): [ggml] ggml-hex: HTP0 profile-op RMS_NORM+MUL|ffn_inp-16 x blk.16.ffn_norm.weight -> ffn_norm-16|2048:128 x 2048:1 -> 2048:128|f32 x f32 -> f32|4:8192 x 4:8192 -> 4:8192|row-block vtcm 8192000|usec 45 cycles 91781 start 4056041897 mhz 2039.6
10-08 12:03:03.384 I/NpuProbe( 7792): [ggml] ggml-hex: HTP0 profile-op OPBATCH|----|n-ops 2|----|----|----|usec 119 cycles 243287 start 1842305080295 mhz 2044.4
10-08 12:03:03.384 I/NpuProbe( 7792): [ggml] ggml-hex: HTP0 profile-op ADD|HTP0#ffn_out-16#0 x ffn_inp-16 -> l_out-16|2048:128 x 2048:128 -> 2048:128|f32 x f32 -> f32|4:8192 x 4:8192 -> 4:8192|----|usec 53 cycles 109373 start 4059105304 mhz 2063.6
10-08 12:03:03.384 I/NpuProbe( 7792): [ggml] ggml-hex: HTP0 profile-op RMS_NORM+MUL|l_out-16 x blk.17.attn_norm.weight -> attn_norm-17|2048:128 x 2048:1 -> 2048:128|f32 x f32 -> f32|4:8192 x 4:8192 -> 4:8192|row-block vtcm 8192000|usec 42 cycles 87175 start 4059214738 mhz 2075.6
10-08 12:03:03.384 I/NpuProbe( 7792): [ggml] ggml-hex: HTP0 profile-op OPBATCH|----|n-ops 2|----|----|----|usec 536 cycles 1091737 start 1842306862148 mhz 2036.8
10-08 12:03:03.384 I/NpuProbe( 7792): [ggml] ggml-hex: HTP0 profile-op ROPE|HTP0#Qcur-17#0 x HTP0#leaf_5#0 -> Qcur-17|128:16:128:1 x 128:1 -> 128:16:128:1|f32 x i32 -> f32|4:512:8192:1048576 x 4:512 -> 4:512:8192:1048576|----|usec 258 cycles 526197 start 4060928054 mhz 2039.5
10-08 12:03:03.384 I/NpuProbe( 7792): [ggml] ggml-hex: HTP0 profile-op RMS_NORM+MUL|Qcur-17 x blk.17.attn_q_norm.weight -> Qcur_norm-17|128:16:128:1 x 128:1 -> 128:16:128:1|f32 x f32 -> f32|4:512:8192:1048576 x 4:512 -> 4:512:8192:1048576|row-block vtcm 8376320|usec 229 cycles 467431 start 4061454321 mhz 2041.2
10-08 12:03:03.384 I/NpuProbe( 7792): [ggml] ggml-hex: HTP0 profile-op OPBATCH|----|n-ops 5|----|----|----|usec 305 cycles 621450 start 1842309011311 mhz 2037.5
10-08 12:03:03.384 I/NpuProbe( 7792): [ggml] ggml-hex: HTP0 profile-op ROPE|HTP0#Kcur-17#0 x HTP0#leaf_5#0 -> Kcur-17|128:4:128:1 x 128:1 -> 128:4:128:1|f32 x i32 -> f32|4:512:2048:262144 x 4:512 -> 4:512:2048:262144|----|usec 26 cycles 54317 start 4063034893 mhz 2089.1
10-08 12:03:03.384 I/NpuProbe( 7792): [ggml] ggml-hex: HTP0 profile-op RMS_NORM+MUL|Kcur-17 x blk.17.attn_k_norm.weight -> Kcur_norm-17|128:4:128:1 x 128:1 -> 128:4:128:1|f32 x f32 -> f32|4:512:2048:262144 x 4:512 -> 4:512:2048:262144|row-block vtcm 8376320|usec 22 cycles 45567 start 4063089274 mhz 2071.2
10-08 12:03:03.384 I/NpuProbe( 7792): [ggml] ggml-hex: HTP0 profile-op SET_ROWS|Kcur_norm-17 (view) x HTP0#leaf_10#0 x cache_k_l17 -> cache_k_l17 (view)|512:128 x 128:1 x 512:2048 -> 512:2048|f32 x i64 x f16 -> f16|4:2048 x 8:1024 x 2:1024 -> 2:1024|----|usec 8 cycles 18160 start 4063134888 mhz 2270.0
10-08 12:03:03.384 I/NpuProbe( 7792): [ggml] ggml-hex: HTP0 profile-op SET_ROWS|HTP0#Vcur-17 (view)#0 x HTP0#leaf_12#0 x cache_v_l17 -> cache_v_l17 (view)|512:128 x 128:1 x 512:2048 -> 512:2048|f32 x i64 x f16 -> f16|4:2048 x 8:1024 x 2:1024 -> 2:1024|----|usec 7 cycles 14278 start 4063153094 mhz 2039.7
10-08 12:03:03.384 I/NpuProbe( 7792): [ggml] ggml-hex: HTP0 profile-op FLASH_ATTN_EXT|Qcur_norm-17 (view) (permuted) x cache_k_l17 (view) (permuted) x cache_v_l17 (view) (permuted) x HTP0#attn_inp_kq_mask#0 -> node_620|128:128:16:1 x 128:256:4:1 x 128:256:4:1 x 256:128 -> 128:16:128:1|f32 x f16 x f16 x f16 -> f32|4:8192:512:1048576! x 2:1024:256:2097152! x 2:1024:256:2097152! x 2:512 -> 4:512:8192:1048576|hmx-pipe vtcm 1914368|usec 206 cycles 419771 start 4063167401 mhz 2037.7
10-08 12:03:03.384 I/NpuProbe( 7792): [ggml] ggml-hex: HTP0 profile-op OPBATCH|----|n-ops 2|----|----|----|usec 128 cycles 262723 start 1842311195952 mhz 2052.5
10-08 12:03:03.384 I/NpuProbe( 7792): [ggml] ggml-hex: HTP0 profile-op ADD|HTP0#attn_out-17#0 x l_out-16 -> ffn_inp-17|2048:128 x 2048:128 -> 2048:128|f32 x f32 -> f32|4:8192 x 4:8192 -> 4:8192|----|usec 59 cycles 121412 start 4065219995 mhz 2057.8
10-08 12:03:03.384 I/NpuProbe( 7792): [ggml] ggml-hex: HTP0 profile-op RMS_NORM+MUL|ffn_inp-17 x blk.17.ffn_norm.weight -> ffn_norm-17|2048:128 x 2048:1 -> 2048:128|f32 x f32 -> f32|4:8192 x 4:8192 -> 4:8192|row-block vtcm 8192000|usec 47 cycles 95685 start 4065341482 mhz 2035.9
10-08 12:03:03.384 I/NpuProbe( 7792): [ggml] ggml-hex: HTP0 profile-op OPBATCH|----|n-ops 2|----|----|----|usec 123 cycles 252910 start 1842314356982 mhz 2056.2
10-08 12:03:03.384 I/NpuProbe( 7792): [ggml] ggml-hex: HTP0 profile-op ADD|HTP0#ffn_out-17#0 x ffn_inp-17 -> l_out-17|2048:128 x 2048:128 -> 2048:128|f32 x f32 -> f32|4:8192 x 4:8192 -> 4:8192|----|usec 56 cycles 115225 start 4068381436 mhz 2057.6
10-08 12:03:03.384 I/NpuProbe( 7792): [ggml] ggml-hex: HTP0 profile-op RMS_NORM+MUL|l_out-17 x blk.18.attn_norm.weight -> attn_norm-18|2048:128 x 2048:1 -> 2048:128|f32 x f32 -> f32|4:8192 x 4:8192 -> 4:8192|row-block vtcm 8192000|usec 44 cycles 91371 start 4068496721 mhz 2076.6
10-08 12:03:03.384 I/NpuProbe( 7792): [ggml] ggml-hex: HTP0 profile-op OPBATCH|----|n-ops 2|----|----|----|usec 137 cycles 280995 start 1842316194203 mhz 2051.1
10-08 12:03:03.384 I/NpuProbe( 7792): [ggml] ggml-hex: HTP0 profile-op ROPE|HTP0#Qcur-18#0 x HTP0#leaf_5#0 -> Qcur-18|128:16:128:1 x 128:1 -> 128:16:128:1|f32 x i32 -> f32|4:512:8192:1048576 x 4:512 -> 4:512:8192:1048576|----|usec 47 cycles 98056 start 4070217919 mhz 2086.3
10-08 12:03:03.384 I/NpuProbe( 7792): [ggml] ggml-hex: HTP0 profile-op RMS_NORM+MUL|Qcur-18 x blk.18.attn_q_norm.weight -> Qcur_norm-18|128:16:128:1 x 128:1 -> 128:16:128:1|f32 x f32 -> f32|4:512:8192:1048576 x 4:512 -> 4:512:8192:1048576|row-block vtcm 8376320|usec 67 cycles 137275 start 4070316070 mhz 2048.9
10-08 12:03:03.384 I/NpuProbe( 7792): [ggml] ggml-hex: HTP0 profile-op OPBATCH|----|n-ops 5|----|----|----|usec 641 cycles 1307222 start 1842317727158 mhz 2039.3
10-08 12:03:03.384 I/NpuProbe( 7792): [ggml] ggml-hex: HTP0 profile-op ROPE|HTP0#Kcur-18#0 x HTP0#leaf_5#0 -> Kcur-18|128:4:128:1 x 128:1 -> 128:4:128:1|f32 x i32 -> f32|4:512:2048:262144 x 4:512 -> 4:512:2048:262144|----|usec 76 cycles 156996 start 4071790451 mhz 2065.7
10-08 12:03:03.384 I/NpuProbe( 7792): [ggml] ggml-hex: HTP0 profile-op RMS_NORM+MUL|Kcur-18 x blk.18.attn_k_norm.weight -> Kcur_norm-18|128:4:128:1 x 128:1 -> 128:4:128:1|f32 x f32 -> f32|4:512:2048:262144 x 4:512 -> 4:512:2048:262144|row-block vtcm 8376320|usec 64 cycles 130756 start 4071947521 mhz 2043.1
10-08 12:03:03.384 I/NpuProbe( 7792): [ggml] ggml-hex: HTP0 profile-op SET_ROWS|Kcur_norm-18 (view) x HTP0#leaf_10#0 x cache_k_l18 -> cache_k_l18 (view)|512:128 x 128:1 x 512:2048 -> 512:2048|f32 x i64 x f16 -> f16|4:2048 x 8:1024 x 2:1024 -> 2:1024|----|usec 25 cycles 51061 start 4072078303 mhz 2042.4
10-08 12:03:03.384 I/NpuProbe( 7792): [ggml] ggml-hex: HTP0 profile-op SET_ROWS|HTP0#Vcur-18 (view)#0 x HTP0#leaf_12#0 x cache_v_l18 -> cache_v_l18 (view)|512:128 x 128:1 x 512:2048 -> 512:2048|f32 x i64 x f16 -> f16|4:2048 x 8:1024 x 2:1024 -> 2:1024|----|usec 28 cycles 58172 start 4072129390 mhz 2077.6
10-08 12:03:03.384 I/NpuProbe( 7792): [ggml] ggml-hex: HTP0 profile-op FLASH_ATTN_EXT|Qcur_norm-18 (view) (permuted) x cache_k_l18 (view) (permuted) x cache_v_l18 (view) (permuted) x HTP0#attn_inp_kq_mask#0 -> node_655|128:128:16:1 x 128:256:4:1 x 128:256:4:1 x 256:128 -> 128:16:128:1|f32 x f16 x f16 x f16 -> f32|4:8192:512:1048576! x 2:1024:256:2097152! x 2:1024:256:2097152! x 2:512 -> 4:512:8192:1048576|hmx-pipe vtcm 1914368|usec 333 cycles 678305 start 4072187588 mhz 2037.0
10-08 12:03:03.384 I/NpuProbe( 7792): [ggml] ggml-hex: HTP0 profile-op OPBATCH|----|n-ops 2|----|----|----|usec 126 cycles 257459 start 1842320475904 mhz 2043.3
10-08 12:03:03.384 I/NpuProbe( 7792): [ggml] ggml-hex: HTP0 profile-op ADD|HTP0#attn_out-18#0 x l_out-17 -> ffn_inp-18|2048:128 x 2048:128 -> 2048:128|f32 x f32 -> f32|4:8192 x 4:8192 -> 4:8192|----|usec 58 cycles 118744 start 4074499954 mhz 2047.3
10-08 12:03:03.384 I/NpuProbe( 7792): [ggml] ggml-hex: HTP0 profile-op RMS_NORM+MUL|ffn_inp-18 x blk.18.ffn_norm.weight -> ffn_norm-18|2048:128 x 2048:1 -> 2048:128|f32 x f32 -> f32|4:8192 x 4:8192 -> 4:8192|row-block vtcm 8192000|usec 45 cycles 92983 start 4074618762 mhz 2066.3
10-08 12:03:08.268 I/NpuProbe( 7792): SESS[1] puro:htp puro: ok=1 pieces=26 prefill=1261.38ms gen=3467.50ms pp1=0.62ms wall=4729.3ms
10-08 12:03:08.268 I/NpuProbe( 7792): SESS[1] puro:htp puro texto_len=77 (integral no JSON)
10-08 12:03:08.268 I/NpuProbe( 7792): SESS[1] puro:htp lifecycle: load=0ms reset=1.80ms wall=4729.3ms
10-08 12:03:08.268 I/NpuProbe( 7792): SESS[1] puro:htp RESULTADO: PURO-EXECUTADO
10-08 12:03:08.268 I/NpuProbe( 7792): [ggml] ggml-hex: HTP0 profile-op OPBATCH|----|n-ops 1|----|----|----|usec 42 cycles 87146 start 1870974415640 mhz 2074.9
10-08 12:03:08.268 I/NpuProbe( 7792): [ggml] ggml-hex: HTP0 profile-op RMS_NORM+MUL|HTP0#embd#0 x blk.0.attn_norm.weight -> attn_norm-0|2048:27 x 2048:1 -> 2048:27|f32 x f32 -> f32|4:8192 x 4:8192 -> 4:8192|row-block vtcm 8192000|usec 20 cycles 41870 start 2663669513 mhz 2093.5
10-08 12:03:08.268 I/NpuProbe( 7792): [ggml] ggml-hex: HTP0 profile-op OPBATCH|----|n-ops 2|----|----|----|usec 165 cycles 337200 start 1870975602262 mhz 2043.6
10-08 12:03:08.268 I/NpuProbe( 7792): [ggml] ggml-hex: HTP0 profile-op ROPE|HTP0#Qcur-0#0 x HTP0#leaf_5#0 -> Qcur-0|128:16:27:1 x 27:1 -> 128:16:27:1|f32 x i32 -> f32|4:512:8192:221184 x 4:108 -> 4:512:8192:221184|----|usec 66 cycles 136191 start 2664892198 mhz 2063.5
10-08 12:03:08.268 I/NpuProbe( 7792): [ggml] ggml-hex: HTP0 profile-op RMS_NORM+MUL|Qcur-0 x blk.0.attn_q_norm.weight -> Qcur_norm-0|128:16:27:1 x 128:1 -> 128:16:27:1|f32 x f32 -> f32|4:512:8192:221184 x 4:512 -> 4:512:8192:221184|row-block vtcm 8376320|usec 56 cycles 115269 start 2665028454 mhz 2058.4
10-08 12:03:08.268 I/NpuProbe( 7792): [ggml] ggml-hex: HTP0 profile-op OPBATCH|----|n-ops 5|----|----|----|usec 289 cycles 590356 start 1870976952014 mhz 2042.8
10-08 12:03:08.268 I/NpuProbe( 7792): [ggml] ggml-hex: HTP0 profile-op ROPE|HTP0#Kcur-0#0 x HTP0#leaf_5#0 -> Kcur-0|128:4:27:1 x 27:1 -> 128:4:27:1|f32 x i32 -> f32|4:512:2048:55296 x 4:108 -> 4:512:2048:55296|----|usec 17 cycles 36656 start 2666204317 mhz 2156.2
10-08 12:03:08.268 I/NpuProbe( 7792): [ggml] ggml-hex: HTP0 profile-op RMS_NORM+MUL|Kcur-0 x blk.0.attn_k_norm.weight -> Kcur_norm-0|128:4:27:1 x 128:1 -> 128:4:27:1|f32 x f32 -> f32|4:512:2048:55296 x 4:512 -> 4:512:2048:55296|row-block vtcm 8376320|usec 9 cycles 19404 start 2666241051 mhz 2156.0
10-08 12:03:08.268 I/NpuProbe( 7792): [ggml] ggml-hex: HTP0 profile-op SET_ROWS|Kcur_norm-0 (view) x HTP0#leaf_10#0 x cache_k_l0 -> cache_k_l0 (view)|512:27 x 27:1 x 512:2048 -> 512:2048|f32 x i64 x f16 -> f16|4:2048 x 8:216 x 2:1024 -> 2:1024|----|usec 4 cycles 10074 start 2666260482 mhz 2518.5
10-08 12:03:08.268 I/NpuProbe( 7792): [ggml] ggml-hex: HTP0 profile-op SET_ROWS|HTP0#Vcur-0 (view)#0 x HTP0#leaf_12#0 x cache_v_l0 -> cache_v_l0 (view)|512:27 x 27:1 x 512:2048 -> 512:2048|f32 x i64 x f16 -> f16|4:2048 x 8:216 x 2:1024 -> 2:1024|----|usec 3 cycles 6177 start 2666270585 mhz 2059.0
10-08 12:03:08.268 I/NpuProbe( 7792): [ggml] ggml-hex: HTP0 profile-op FLASH_ATTN_EXT|Qcur_norm-0 (view) (permuted) x cache_k_l0 (view) (permuted) x cache_v_l0 (view) (permuted) x HTP0#attn_inp_kq_mask#0 -> node_25|128:27:16:1 x 128:256:4:1 x 128:256:4:1 x 256:27 -> 128:16:27:1|f32 x f16 x f16 x f16 -> f32|4:8192:512:221184! x 2:1024:256:2097152! x 2:1024:256:2097152! x 2:512 -> 4:512:8192:221184|hmx-pipe vtcm 310016|usec 229 cycles 466878 start 2666276795 mhz 2038.8
10-08 12:03:08.268 I/NpuProbe( 7792): [ggml] ggml-hex: HTP0 profile-op OPBATCH|----|n-ops 2|----|----|----|usec 58 cycles 119884 start 1870978543684 mhz 2067.0
10-08 12:03:08.268 I/NpuProbe( 7792): [ggml] ggml-hex: HTP0 profile-op ADD|HTP0#attn_out-0#0 x HTP0#embd#0 -> ffn_inp-0|2048:27 x 2048:27 -> 2048:27|f32 x f32 -> f32|4:8192 x 4:8192 -> 4:8192|----|usec 22 cycles 45877 start 2667793676 mhz 2085.3
10-08 12:03:08.268 I/NpuProbe( 7792): [ggml] ggml-hex: HTP0 profile-op RMS_NORM+MUL|ffn_inp-0 x blk.0.ffn_norm.weight -> ffn_norm-0|2048:27 x 2048:1 -> 2048:27|f32 x f32 -> f32|4:8192 x 4:8192 -> 4:8192|row-block vtcm 8192000|usec 15 cycles 32331 start 2667839614 mhz 2155.4
10-08 12:03:08.268 I/NpuProbe( 7792): [ggml] ggml-hex: HTP0 profile-op OPBATCH|----|n-ops 2|----|----|----|usec 53 cycles 109646 start 1870980642838 mhz 2068.8
10-08 12:03:08.268 I/NpuProbe( 7792): [ggml] ggml-hex: HTP0 profile-op ADD|HTP0#ffn_out-0#0 x ffn_inp-0 -> l_out-0|2048:27 x 2048:27 -> 2048:27|f32 x f32 -> f32|4:8192 x 4:8192 -> 4:8192|----|usec 17 cycles 36137 start 2669895610 mhz 2125.7
10-08 12:03:08.268 I/NpuProbe( 7792): [ggml] ggml-hex: HTP0 profile-op RMS_NORM+MUL|l_out-0 x blk.1.attn_norm.weight -> attn_norm-1|2048:27 x 2048:1 -> 2048:27|f32 x f32 -> f32|4:8192 x 4:8192 -> 4:8192|row-block vtcm 8192000|usec 13 cycles 28102 start 2669931799 mhz 2161.7
10-08 12:03:08.268 I/NpuProbe( 7792): [ggml] ggml-hex: HTP0 profile-op OPBATCH|----|n-ops 2|----|----|----|usec 62 cycles 127427 start 1870981535059 mhz 2055.3
10-08 12:03:08.268 I/NpuProbe( 7792): [ggml] ggml-hex: HTP0 profile-op ROPE|HTP0#Qcur-1#0 x HTP0#leaf_5#0 -> Qcur-1|128:16:27:1 x 27:1 -> 128:16:27:1|f32 x i32 -> f32|4:512:8192:221184 x 4:108 -> 4:512:8192:221184|----|usec 23 cycles 47454 start 2670784552 mhz 2063.2
10-08 12:03:08.268 I/NpuProbe( 7792): [ggml] ggml-hex: HTP0 profile-op RMS_NORM+MUL|Qcur-1 x blk.1.attn_q_norm.weight -> Qcur_norm-1|128:16:27:1 x 128:1 -> 128:16:27:1|f32 x f32 -> f32|4:512:8192:221184 x 4:512 -> 4:512:8192:221184|row-block vtcm 8376320|usec 19 cycles 38779 start 2670832080 mhz 2041.0
10-08 12:03:08.268 I/NpuProbe( 7792): [ggml] ggml-hex: HTP0 profile-op OPBATCH|----|n-ops 5|----|----|----|usec 286 cycles 584066 start 1870982372394 mhz 2042.2
10-08 12:03:08.268 I/NpuProbe( 7792): [ggml] ggml-hex: HTP0 profile-op ROPE|HTP0#Kcur-1#0 x HTP0#leaf_5#0 -> Kcur-1|128:4:27:1 x 27:1 -> 128:4:27:1|f32 x i32 -> f32|4:512:2048:55296 x 4:108 -> 4:512:2048:55296|----|usec 17 cycles 37190 start 2671625167 mhz 2187.6
10-08 12:03:08.268 I/NpuProbe( 7792): [ggml] ggml-hex: HTP0 profile-op RMS_NORM+MUL|Kcur-1 x blk.1.attn_k_norm.weight -> Kcur_norm-1|128:4:27:1 x 128:1 -> 128:4:27:1|f32 x f32 -> f32|4:512:2048:55296 x 4:512 -> 4:512:2048:55296|row-block vtcm 8376320|usec 9 cycles 19362 start 2671662421 mhz 2151.3
10-08 12:03:08.268 I/NpuProbe( 7792): [ggml] ggml-hex: HTP0 profile-op SET_ROWS|Kcur_norm-1 (view) x HTP0#leaf_10#0 x cache_k_l1 -> cache_k_l1 (view)|512:27 x 27:1 x 512:2048 -> 512:2048|f32 x i64 x f16 -> f16|4:2048 x 8:216 x 2:1024 -> 2:1024|----|usec 4 cycles 8498 start 2671681809 mhz 2124.5
10-08 12:03:08.268 I/NpuProbe( 7792): [ggml] ggml-hex: HTP0 profile-op SET_ROWS|HTP0#Vcur-1 (view)#0 x HTP0#leaf_12#0 x cache_v_l1 -> cache_v_l1 (view)|512:27 x 27:1 x 512:2048 -> 512:2048|f32 x i64 x f16 -> f16|4:2048 x 8:216 x 2:1024 -> 2:1024|----|usec 2 cycles 5402 start 2671690338 mhz 2701.0
10-08 12:03:08.268 I/NpuProbe( 7792): [ggml] ggml-hex: HTP0 profile-op FLASH_ATTN_EXT|Qcur_norm-1 (view) (permuted) x cache_k_l1 (view) (permuted) x cache_v_l1 (view) (permuted) x HTP0#attn_inp_kq_mask#0 -> node_60|128:27:16:1 x 128:256:4:1 x 128:256:4:1 x 256:27 -> 128:16:27:1|f32 x f16 x f16 x f16 -> f32|4:8192:512:221184! x 2:1024:256:2097152! x 2:1024:256:2097152! x 2:512 -> 4:512:8192:221184|hmx-pipe vtcm 310016|usec 227 cycles 462921 start 2671695766 mhz 2039.3
10-08 12:03:08.268 I/NpuProbe( 7792): [ggml] ggml-hex: HTP0 profile-op OPBATCH|----|n-ops 2|----|----|----|usec 56 cycles 114657 start 1870983732731 mhz 2047.4
10-08 12:03:08.268 I/NpuProbe( 7792): [ggml] ggml-hex: HTP0 profile-op ADD|HTP0#attn_out-1#0 x l_out-0 -> ffn_inp-1|2048:27 x 2048:27 -> 2048:27|f32 x f32 -> f32|4:8192 x 4:8192 -> 4:8192|----|usec 20 cycles 42541 start 2672982709 mhz 2127.1
10-08 12:03:08.269 I/NpuProbe( 7792): [ggml] ggml-hex: HTP0 profile-op RMS_NORM+MUL|ffn_inp-1 x blk.1.ffn_norm.weight -> ffn_norm-1|2048:27 x 2048:1 -> 2048:27|f32 x f32 -> f32|4:8192 x 4:8192 -> 4:8192|row-block vtcm 8192000|usec 15 cycles 30754 start 2673025311 mhz 2050.3
10-08 12:03:08.269 I/NpuProbe( 7792): [ggml] ggml-hex: HTP0 profile-op OPBATCH|----|n-ops 2|----|----|----|usec 54 cycles 111706 start 1870985653667 mhz 2068.6
10-08 12:03:08.269 I/NpuProbe( 7792): [ggml] ggml-hex: HTP0 profile-op ADD|HTP0#ffn_out-1#0 x ffn_inp-1 -> l_out-1|2048:27 x 2048:27 -> 2048:27|f32 x f32 -> f32|4:8192 x 4:8192 -> 4:8192|----|usec 18 cycles 37323 start 2674907954 mhz 2073.5
10-08 12:03:08.269 I/NpuProbe( 7792): [ggml] ggml-hex: HTP0 profile-op RMS_NORM+MUL|l_out-1 x blk.2.attn_norm.weight -> attn_norm-2|2048:27 x 2048:1 -> 2048:27|f32 x f32 -> f32|4:8192 x 4:8192 -> 4:8192|row-block vtcm 8192000|usec 13 cycles 27121 start 2674945326 mhz 2086.2
10-08 12:03:08.269 I/NpuProbe( 7792): [ggml] ggml-hex: HTP0 profile-op OPBATCH|----|n-ops 2|----|----|----|usec 60 cycles 123978 start 1870986554503 mhz 2066.3
10-08 12:03:08.269 I/NpuProbe( 7792): [ggml] ggml-hex: HTP0 profile-op ROPE|HTP0#Qcur-2#0 x HTP0#leaf_5#0 -> Qcur-2|128:16:27:1 x 27:1 -> 128:16:27:1|f32 x i32 -> f32|4:512:8192:221184 x 4:108 -> 4:512:8192:221184|----|usec 22 cycles 45342 start 2675803449 mhz 2061.0
10-08 12:03:08.269 I/NpuProbe( 7792): [ggml] ggml-hex: HTP0 profile-op RMS_NORM+MUL|Qcur-2 x blk.2.attn_q_norm.weight -> Qcur_norm-2|128:16:27:1 x 128:1 -> 128:16:27:1|f32 x f32 -> f32|4:512:8192:221184 x 4:512 -> 4:512:8192:221184|row-block vtcm 8376320|usec 18 cycles 38473 start 2675848855 mhz 2137.4
10-08 12:03:08.269 I/NpuProbe( 7792): [ggml] ggml-hex: HTP0 profile-op OPBATCH|----|n-ops 5|----|----|----|usec 280 cycles 571161 start 1870987696179 mhz 2039.9
10-08 12:03:08.269 I/NpuProbe( 7792): [ggml] ggml-hex: HTP0 profile-op ROPE|HTP0#Kcur-2#0 x HTP0#leaf_5#0 -> Kcur-2|128:4:27:1 x 27:1 -> 128:4:27:1|f32 x i32 -> f32|4:512:2048:55296 x 4:108 -> 4:512:2048:55296|----|usec 17 cycles 37095 start 2676948469 mhz 2182.1
10-08 12:03:08.269 I/NpuProbe( 7792): [ggml] ggml-hex: HTP0 profile-op RMS_NORM+MUL|Kcur-2 x blk.2.attn_k_norm.weight -> Kcur_norm-2|128:4:27:1 x 128:1 -> 128:4:27:1|f32 x f32 -> f32|4:512:2048:55296 x 4:512 -> 4:512:2048:55296|row-block vtcm 8376320|usec 9 cycles 19375 start 2676985628 mhz 2152.8
10-08 12:03:08.269 I/NpuProbe( 7792): [ggml] ggml-hex: HTP0 profile-op SET_ROWS|Kcur_norm-2 (view) x HTP0#leaf_10#0 x cache_k_l2 -> cache_k_l2 (view)|512:27 x 27:1 x 512:2048 -> 512:2048|f32 x i64 x f16 -> f16|4:2048 x 8:216 x 2:1024 -> 2:1024|----|usec 3 cycles 8133 start 2677005029 mhz 2711.0
10-08 12:03:08.269 I/NpuProbe( 7792): [ggml] ggml-hex: HTP0 profile-op SET_ROWS|HTP0#Vcur-2 (view)#0 x HTP0#leaf_12#0 x cache_v_l2 -> cache_v_l2 (view)|512:27 x 27:1 x 512:2048 -> 512:2048|f32 x i64 x f16 -> f16|4:2048 x 8:216 x 2:1024 -> 2:1024|----|usec 2 cycles 5266 start 2677013188 mhz 2633.0
10-08 12:03:08.269 I/NpuProbe( 7792): [ggml] ggml-hex: HTP0 profile-op FLASH_ATTN_EXT|Qcur_norm-2 (view) (permuted) x cache_k_l2 (view) (permuted) x cache_v_l2 (view) (permuted) x HTP0#attn_inp_kq_mask#0 -> node_95|128:27:16:1 x 128:256:4:1 x 128:256:4:1 x 256:27 -> 128:16:27:1|f32 x f16 x f16 x f16 -> f32|4:8192:512:221184! x 2:1024:256:2097152! x 2:1024:256:2097152! x 2:512 -> 4:512:8192:221184|hmx-pipe vtcm 310016|usec 221 cycles 450806 start 2677018480 mhz 2039.8
10-08 12:03:08.269 I/NpuProbe( 7792): [ggml] ggml-hex: HTP0 profile-op OPBATCH|----|n-ops 2|----|----|----|usec 55 cycles 113431 start 1870989042330 mhz 2062.4
10-08 12:03:08.269 I/NpuProbe( 7792): [ggml] ggml-hex: HTP0 profile-op ADD|HTP0#attn_out-2#0 x l_out-1 -> ffn_inp-2|2048:27 x 2048:27 -> 2048:27|f32 x f32 -> f32|4:8192 x 4:8192 -> 4:8192|----|usec 20 cycles 42597 start 2678292211 mhz 2129.9
10-08 12:03:08.269 I/NpuProbe( 7792): [ggml] ggml-hex: HTP0 profile-op RMS_NORM+MUL|ffn_inp-2 x blk.2.ffn_norm.weight -> ffn_norm-2|2048:27 x 2048:1 -> 2048:27|f32 x f32 -> f32|4:8192 x 4:8192 -> 4:8192|row-block vtcm 8192000|usec 14 cycles 29278 start 2678334872 mhz 2091.3
10-08 12:03:08.269 I/NpuProbe( 7792): [ggml] ggml-hex: HTP0 profile-op OPBATCH|----|n-ops 2|----|----|----|usec 54 cycles 112519 start 1870990960433 mhz 2083.7
10-08 12:03:08.269 I/NpuProbe( 7792): [ggml] ggml-hex: HTP0 profile-op ADD|HTP0#ffn_out-2#0 x ffn_inp-2 -> l_out-2|2048:27 x 2048:27 -> 2048:27|f32 x f32 -> f32|4:8192 x 4:8192 -> 4:8192|----|usec 18 cycles 37921 start 2680212981 mhz 2106.7
10-08 12:03:08.269 I/NpuProbe( 7792): [ggml] ggml-hex: HTP0 profile-op RMS_NORM+MUL|l_out-2 x blk.3.attn_norm.weight -> attn_norm-3|2048:27 x 2048:1 -> 2048:27|f32 x f32 -> f32|4:8192 x 4:8192 -> 4:8192|row-block vtcm 8192000|usec 14 cycles 29477 start 2680250954 mhz 2105.5
10-08 12:03:08.269 I/NpuProbe( 7792): [ggml] ggml-hex: HTP0 profile-op OPBATCH|----|n-ops 2|----|----|----|usec 62 cycles 128806 start 1870991949441 mhz 2077.5
10-08 12:03:08.269 I/NpuProbe( 7792): [ggml] ggml-hex: HTP0 profile-op ROPE|HTP0#Qcur-3#0 x HTP0#leaf_5#0 -> Qcur-3|128:16:27:1 x 27:1 -> 128:16:27:1|f32 x i32 -> f32|4:512:8192:221184 x 4:108 -> 4:512:8192:221184|----|usec 22 cycles 46590 start 2681199159 mhz 2117.7
10-08 12:03:08.269 I/NpuProbe( 7792): [ggml] ggml-hex: HTP0 profile-op RMS_NORM+MUL|Qcur-3 x blk.3.attn_q_norm.weight -> Qcur_norm-3|128:16:27:1 x 128:1 -> 128:16:27:1|f32 x f32 -> f32|4:512:8192:221184 x 4:512 -> 4:512:8192:221184|row-block vtcm 8376320|usec 19 cycles 40304 start 2681245810 mhz 2121.3
10-08 12:03:08.269 I/NpuProbe( 7792): [ggml] ggml-hex: HTP0 profile-op OPBATCH|----|n-ops 5|----|----|----|usec 280 cycles 571247 start 1870992769158 mhz 2040.2
10-08 12:03:08.269 I/NpuProbe( 7792): [ggml] ggml-hex: HTP0 profile-op ROPE|HTP0#Kcur-3#0 x HTP0#leaf_5#0 -> Kcur-3|128:4:27:1 x 27:1 -> 128:4:27:1|f32 x i32 -> f32|4:512:2048:55296 x 4:108 -> 4:512:2048:55296|----|usec 18 cycles 38107 start 2682022123 mhz 2117.1
10-08 12:03:08.269 I/NpuProbe( 7792): [ggml] ggml-hex: HTP0 profile-op RMS_NORM+MUL|Kcur-3 x blk.3.attn_k_norm.weight -> Kcur_norm-3|128:4:27:1 x 128:1 -> 128:4:27:1|f32 x f32 -> f32|4:512:2048:55296 x 4:512 -> 4:512:2048:55296|row-block vtcm 8376320|usec 10 cycles 21089 start 2682060310 mhz 2108.9
10-08 12:03:08.269 I/NpuProbe( 7792): [ggml] ggml-hex: HTP0 profile-op SET_ROWS|Kcur_norm-3 (view) x HTP0#leaf_10#0 x cache_k_l3 -> cache_k_l3 (view)|512:27 x 27:1 x 512:2048 -> 512:2048|f32 x i64 x f16 -> f16|4:2048 x 8:216 x 2:1024 -> 2:1024|----|usec 4 cycles 8250 start 2682081425 mhz 2062.5
10-08 12:03:08.269 I/NpuProbe( 7792): [ggml] ggml-hex: HTP0 profile-op SET_ROWS|HTP0#Vcur-3 (view)#0 x HTP0#leaf_12#0 x cache_v_l3 -> cache_v_l3 (view)|512:27 x 27:1 x 512:2048 -> 512:2048|f32 x i64 x f16 -> f16|4:2048 x 8:216 x 2:1024 -> 2:1024|----|usec 2 cycles 5440 start 2682089702 mhz 2720.0
10-08 12:03:08.269 I/NpuProbe( 7792): [ggml] ggml-hex: HTP0 profile-op FLASH_ATTN_EXT|Qcur_norm-3 (view) (permuted) x cache_k_l3 (view) (permuted) x cache_v_l3 (view) (permuted) x HTP0#attn_inp_kq_mask#0 -> node_130|128:27:16:1 x 128:256:4:1 x 128:256:4:1 x 256:27 -> 128:16:27:1|f32 x f16 x f16 x f16 -> f32|4:8192:512:221184! x 2:1024:256:2097152! x 2:1024:256:2097152! x 2:512 -> 4:512:8192:221184|hmx-pipe vtcm 310016|usec 220 cycles 448048 start 2682095168 mhz 2036.6
10-08 12:03:08.269 I/NpuProbe( 7792): [ggml] ggml-hex: HTP0 profile-op OPBATCH|----|n-ops 2|----|----|----|usec 57 cycles 117345 start 1870994131050 mhz 2058.7
10-08 12:03:08.269 I/NpuProbe( 7792): [ggml] ggml-hex: HTP0 profile-op ADD|HTP0#attn_out-3#0 x l_out-2 -> ffn_inp-3|2048:27 x 2048:27 -> 2048:27|f32 x f32 -> f32|4:8192 x 4:8192 -> 4:8192|----|usec 21 cycles 44539 start 2683381099 mhz 2120.9
10-08 12:03:08.269 I/NpuProbe( 7792): [ggml] ggml-hex: HTP0 profile-op RMS_NORM+MUL|ffn_inp-3 x blk.3.ffn_norm.weight -> ffn_norm-3|2048:27 x 2048:1 -> 2048:27|f32 x f32 -> f32|4:8192 x 4:8192 -> 4:8192|row-block vtcm 8192000|usec 15 cycles 31022 start 2683425699 mhz 2068.1
10-08 12:03:08.269 I/NpuProbe( 7792): [ggml] ggml-hex: HTP0 profile-op OPBATCH|----|n-ops 2|----|----|----|usec 57 cycles 117870 start 1870996071809 mhz 2067.9
10-08 12:03:08.269 I/NpuProbe( 7792): [ggml] ggml-hex: HTP0 profile-op ADD|HTP0#ffn_out-3#0 x ffn_inp-3 -> l_out-3|2048:27 x 2048:27 -> 2048:27|f32 x f32 -> f32|4:8192 x 4:8192 -> 4:8192|----|usec 19 cycles 39730 start 2685325311 mhz 2091.1
10-08 12:03:08.269 I/NpuProbe( 7792): [ggml] ggml-hex: HTP0 profile-op RMS_NORM+MUL|l_out-3 x blk.4.attn_norm.weight -> attn_norm-4|2048:27 x 2048:1 -> 2048:27|f32 x f32 -> f32|4:8192 x 4:8192 -> 4:8192|row-block vtcm 8192000|usec 15 cycles 31133 start 2685365092 mhz 2075.5
10-08 12:03:08.269 I/NpuProbe( 7792): [ggml] ggml-hex: HTP0 profile-op OPBATCH|----|n-ops 2|----|----|----|usec 61 cycles 126404 start 1870996979440 mhz 2072.2
10-08 12:03:08.269 I/NpuProbe( 7792): [ggml] ggml-hex: HTP0 profile-op ROPE|HTP0#Qcur-4#0 x HTP0#leaf_5#0 -> Qcur-4|128:16:27:1 x 27:1 -> 128:16:27:1|f32 x i32 -> f32|4:512:8192:221184 x 4:108 -> 4:512:8192:221184|----|usec 22 cycles 47214 start 2686228696 mhz 2146.1
10-08 12:03:08.269 I/NpuProbe( 7792): [ggml] ggml-hex: HTP0 profile-op RMS_NORM+MUL|Qcur-4 x blk.4.attn_q_norm.weight -> Qcur_norm-4|128:16:27:1 x 128:1 -> 128:16:27:1|f32 x f32 -> f32|4:512:8192:221184 x 4:512 -> 4:512:8192:221184|row-block vtcm 8376320|usec 18 cycles 38596 start 2686275974 mhz 2144.2
10-08 12:03:08.269 I/NpuProbe( 7792): [ggml] ggml-hex: HTP0 profile-op OPBATCH|----|n-ops 5|----|----|----|usec 282 cycles 576507 start 1870997788443 mhz 2044.4
10-08 12:03:08.269 I/NpuProbe( 7792): [ggml] ggml-hex: HTP0 profile-op ROPE|HTP0#Kcur-4#0 x HTP0#leaf_5#0 -> Kcur-4|128:4:27:1 x 27:1 -> 128:4:27:1|f32 x i32 -> f32|4:512:2048:55296 x 4:108 -> 4:512:2048:55296|----|usec 17 cycles 36485 start 2687040999 mhz 2146.2
10-08 12:03:08.269 I/NpuProbe( 7792): [ggml] ggml-hex: HTP0 profile-op RMS_NORM+MUL|Kcur-4 x blk.4.attn_k_norm.weight -> Kcur_norm-4|128:4:27:1 x 128:1 -> 128:4:27:1|f32 x f32 -> f32|4:512:2048:55296 x 4:512 -> 4:512:2048:55296|row-block vtcm 8376320|usec 9 cycles 19638 start 2687077548 mhz 2182.0
10-08 12:03:08.269 I/NpuProbe( 7792): [ggml] ggml-hex: HTP0 profile-op SET_ROWS|Kcur_norm-4 (view) x HTP0#leaf_10#0 x cache_k_l4 -> cache_k_l4 (view)|512:27 x 27:1 x 512:2048 -> 512:2048|f32 x i64 x f16 -> f16|4:2048 x 8:216 x 2:1024 -> 2:1024|----|usec 4 cycles 8465 start 2687097212 mhz 2116.2
10-08 12:03:08.269 I/NpuProbe( 7792): [ggml] ggml-hex: HTP0 profile-op SET_ROWS|HTP0#Vcur-4 (view)#0 x HTP0#leaf_12#0 x cache_v_l4 -> cache_v_l4 (view)|512:27 x 27:1 x 512:2048 -> 512:2048|f32 x i64 x f16 -> f16|4:2048 x 8:216 x 2:1024 -> 2:1024|----|usec 2 cycles 5386 start 2687105703 mhz 2693.0
10-08 12:03:08.269 I/NpuProbe( 7792): [ggml] ggml-hex: HTP0 profile-op FLASH_ATTN_EXT|Qcur_norm-4 (view) (permuted) x cache_k_l4 (view) (permuted) x cache_v_l4 (view) (permuted) x HTP0#attn_inp_kq_mask#0 -> node_165|128:27:16:1 x 128:256:4:1 x 128:256:4:1 x 256:27 -> 128:16:27:1|f32 x f16 x f16 x f16 -> f32|4:8192:512:221184! x 2:1024:256:2097152! x 2:1024:256:2097152! x 2:512 -> 4:512:8192:221184|hmx-pipe vtcm 310016|usec 224 cycles 456482 start 2687111115 mhz 2037.9
10-08 12:03:08.269 I/NpuProbe( 7792): [ggml] ggml-hex: HTP0 profile-op OPBATCH|----|n-ops 2|----|----|----|usec 56 cycles 116661 start 1870999134693 mhz 2083.2
10-08 12:03:08.269 I/NpuProbe( 7792): [ggml] ggml-hex: HTP0 profile-op ADD|HTP0#attn_out-4#0 x l_out-3 -> ffn_inp-4|2048:27 x 2048:27 -> 2048:27|f32 x f32 -> f32|4:8192 x 4:8192 -> 4:8192|----|usec 20 cycles 42890 start 2688385214 mhz 2144.5
10-08 12:03:08.269 I/NpuProbe( 7792): [ggml] ggml-hex: HTP0 profile-op RMS_NORM+MUL|ffn_inp-4 x blk.4.ffn_norm.weight -> ffn_norm-4|2048:27 x 2048:1 -> 2048:27|f32 x f32 -> f32|4:8192 x 4:8192 -> 4:8192|row-block vtcm 8192000|usec 15 cycles 31231 start 2688428167 mhz 2082.1
10-08 12:03:08.269 I/NpuProbe( 7792): [ggml] ggml-hex: HTP0 profile-op OPBATCH|----|n-ops 2|----|----|----|usec 54 cycles 111117 start 1871000997187 mhz 2057.7
10-08 12:03:08.269 I/NpuProbe( 7792): [ggml] ggml-hex: HTP0 profile-op ADD|HTP0#ffn_out-4#0 x ffn_inp-4 -> l_out-4|2048:27 x 2048:27 -> 2048:27|f32 x f32 -> f32|4:8192 x 4:8192 -> 4:8192|----|usec 18 cycles 38725 start 2690250060 mhz 2151.4
10-08 12:03:08.269 I/NpuProbe( 7792): [ggml] ggml-hex: HTP0 profile-op RMS_NORM+MUL|l_out-4 x blk.5.attn_norm.weight -> attn_norm-5|2048:27 x 2048:1 -> 2048:27|f32 x f32 -> f32|4:8192 x 4:8192 -> 4:8192|row-block vtcm 8192000|usec 13 cycles 27376 start 2690288844 mhz 2105.8
10-08 12:03:08.269 I/NpuProbe( 7792): [ggml] ggml-hex: HTP0 profile-op OPBATCH|----|n-ops 2|----|----|----|usec 61 cycles 124752 start 1871001899588 mhz 2045.1
10-08 12:03:08.269 I/NpuProbe( 7792): [ggml] ggml-hex: HTP0 profile-op ROPE|HTP0#Qcur-5#0 x HTP0#leaf_5#0 -> Qcur-5|128:16:27:1 x 27:1 -> 128:16:27:1|f32 x i32 -> f32|4:512:8192:221184 x 4:108 -> 4:512:8192:221184|----|usec 22 cycles 45673 start 2691149074 mhz 2076.0
10-08 12:03:08.269 I/NpuProbe( 7792): [ggml] ggml-hex: HTP0 profile-op RMS_NORM+MUL|Qcur-5 x blk.5.attn_q_norm.weight -> Qcur_norm-5|128:16:27:1 x 128:1 -> 128:16:27:1|f32 x f32 -> f32|4:512:8192:221184 x 4:512 -> 4:512:8192:221184|row-block vtcm 8376320|usec 18 cycles 38637 start 2691194811 mhz 2146.5
10-08 12:03:08.269 I/NpuProbe( 7792): [ggml] ggml-hex: HTP0 profile-op OPBATCH|----|n-ops 5|----|----|----|usec 286 cycles 584219 start 1871002672303 mhz 2042.7
10-08 12:03:08.269 I/NpuProbe( 7792): [ggml] ggml-hex: HTP0 profile-op ROPE|HTP0#Kcur-5#0 x HTP0#leaf_5#0 -> Kcur-5|128:4:27:1 x 27:1 -> 128:4:27:1|f32 x i32 -> f32|4:512:2048:55296 x 4:108 -> 4:512:2048:55296|----|usec 18 cycles 38688 start 2691924826 mhz 2149.3
10-08 12:03:08.269 I/NpuProbe( 7792): [ggml] ggml-hex: HTP0 profile-op RMS_NORM+MUL|Kcur-5 x blk.5.attn_k_norm.weight -> Kcur_norm-5|128:4:27:1 x 128:1 -> 128:4:27:1|f32 x f32 -> f32|4:512:2048:55296 x 4:512 -> 4:512:2048:55296|row-block vtcm 8376320|usec 10 cycles 22089 start 2691963578 mhz 2208.9
10-08 12:03:08.269 I/NpuProbe( 7792): [ggml] ggml-hex: HTP0 profile-op SET_ROWS|Kcur_norm-5 (view) x HTP0#leaf_10#0 x cache_k_l5 -> cache_k_l5 (view)|512:27 x 27:1 x 512:2048 -> 512:2048|f32 x i64 x f16 -> f16|4:2048 x 8:216 x 2:1024 -> 2:1024|----|usec 4 cycles 8296 start 2691985693 mhz 2074.0
10-08 12:03:08.269 I/NpuProbe( 7792): [ggml] ggml-hex: HTP0 profile-op SET_ROWS|HTP0#Vcur-5 (view)#0 x HTP0#leaf_12#0 x cache_v_l5 -> cache_v_l5 (view)|512:27 x 27:1 x 512:2048 -> 512:2048|f32 x i64 x f16 -> f16|4:2048 x 8:216 x 2:1024 -> 2:1024|----|usec 2 cycles 5312 start 2691994023 mhz 2656.0
10-08 12:03:08.269 I/NpuProbe( 7792): [ggml] ggml-hex: HTP0 profile-op FLASH_ATTN_EXT|Qcur_norm-5 (view) (permuted) x cache_k_l5 (view) (permuted) x cache_v_l5 (view) (permuted) x HTP0#attn_inp_kq_mask#0 -> node_200|128:27:16:1 x 128:256:4:1 x 128:256:4:1 x 256:27 -> 128:16:27:1|f32 x f16 x f16 x f16 -> f32|4:8192:512:221184! x 2:1024:256:2097152! x 2:1024:256:2097152! x 2:512 -> 4:512:8192:221184|hmx-pipe vtcm 310016|usec 225 cycles 459349 start 2691999361 mhz 2041.6
10-08 12:03:08.269 I/NpuProbe( 7792): [ggml] ggml-hex: HTP0 profile-op OPBATCH|----|n-ops 2|----|----|----|usec 56 cycles 116278 start 1871004052813 mhz 2076.4
10-08 12:03:08.269 I/NpuProbe( 7792): [ggml] ggml-hex: HTP0 profile-op ADD|HTP0#attn_out-5#0 x l_out-4 -> ffn_inp-5|2048:27 x 2048:27 -> 2048:27|f32 x f32 -> f32|4:8192 x 4:8192 -> 4:8192|----|usec 21 cycles 43768 start 2693302752 mhz 2084.2
10-08 12:03:08.269 I/NpuProbe( 7792): [ggml] ggml-hex: HTP0 profile-op RMS_NORM+MUL|ffn_inp-5 x blk.5.ffn_norm.weight -> ffn_norm-5|2048:27 x 2048:1 -> 2048:27|f32 x f32 -> f32|4:8192 x 4:8192 -> 4:8192|row-block vtcm 8192000|usec 15 cycles 30709 start 2693346583 mhz 2047.3
10-08 12:03:08.269 I/NpuProbe( 7792): [ggml] ggml-hex: HTP0 profile-op OPBATCH|----|n-ops 2|----|----|----|usec 55 cycles 112746 start 1871005942156 mhz 2049.9
10-08 12:03:08.269 I/NpuProbe( 7792): [ggml] ggml-hex: HTP0 profile-op ADD|HTP0#ffn_out-5#0 x ffn_inp-5 -> l_out-5|2048:27 x 2048:27 -> 2048:27|f32 x f32 -> f32|4:8192 x 4:8192 -> 4:8192|----|usec 18 cycles 38251 start 2695194624 mhz 2125.1
10-08 12:03:08.269 I/NpuProbe( 7792): [ggml] ggml-hex: HTP0 profile-op RMS_NORM+MUL|l_out-5 x blk.6.attn_norm.weight -> attn_norm-6|2048:27 x 2048:1 -> 2048:27|f32 x f32 -> f32|4:8192 x 4:8192 -> 4:8192|row-block vtcm 8192000|usec 14 cycles 29703 start 2695232923 mhz 2121.6
10-08 12:03:08.269 I/NpuProbe( 7792): [ggml] ggml-hex: HTP0 profile-op OPBATCH|----|n-ops 2|----|----|----|usec 63 cycles 130156 start 1871006857115 mhz 2066.0
10-08 12:03:08.269 I/NpuProbe( 7792): [ggml] ggml-hex: HTP0 profile-op ROPE|HTP0#Qcur-6#0 x HTP0#leaf_5#0 -> Qcur-6|128:16:27:1 x 27:1 -> 128:16:27:1|f32 x i32 -> f32|4:512:8192:221184 x 4:108 -> 4:512:8192:221184|----|usec 23 cycles 47426 start 2696107176 mhz 2062.0
10-08 12:03:08.269 I/NpuProbe( 7792): [ggml] ggml-hex: HTP0 profile-op RMS_NORM+MUL|Qcur-6 x blk.6.attn_q_norm.weight -> Qcur_norm-6|128:16:27:1 x 128:1 -> 128:16:27:1|f32 x f32 -> f32|4:512:8192:221184 x 4:512 -> 4:512:8192:221184|row-block vtcm 8376320|usec 19 cycles 40662 start 2696154676 mhz 2140.1
10-08 12:03:08.269 I/NpuProbe( 7792): [ggml] ggml-hex: HTP0 profile-op OPBATCH|----|n-ops 5|----|----|----|usec 280 cycles 571534 start 1871007675724 mhz 2041.2
10-08 12:03:08.269 I/NpuProbe( 7792): [ggml] ggml-hex: HTP0 profile-op ROPE|HTP0#Kcur-6#0 x HTP0#leaf_5#0 -> Kcur-6|128:4:27:1 x 27:1 -> 128:4:27:1|f32 x i32 -> f32|4:512:2048:55296 x 4:108 -> 4:512:2048:55296|----|usec 18 cycles 37383 start 2696927967 mhz 2076.8
10-08 12:03:08.269 I/NpuProbe( 7792): [ggml] ggml-hex: HTP0 profile-op RMS_NORM+MUL|Kcur-6 x blk.6.attn_k_norm.weight -> Kcur_norm-6|128:4:27:1 x 128:1 -> 128:4:27:1|f32 x f32 -> f32|4:512:2048:55296 x 4:512 -> 4:512:2048:55296|row-block vtcm 8376320|usec 9 cycles 19614 start 2696965414 mhz 2179.3
10-08 12:03:08.269 I/NpuProbe( 7792): [ggml] ggml-hex: HTP0 profile-op SET_ROWS|Kcur_norm-6 (view) x HTP0#leaf_10#0 x cache_k_l6 -> cache_k_l6 (view)|512:27 x 27:1 x 512:2048 -> 512:2048|f32 x i64 x f16 -> f16|4:2048 x 8:216 x 2:1024 -> 2:1024|----|usec 3 cycles 8140 start 2696985066 mhz 2713.3
10-08 12:03:08.269 I/NpuProbe( 7792): [ggml] ggml-hex: HTP0 profile-op SET_ROWS|HTP0#Vcur-6 (view)#0 x HTP0#leaf_12#0 x cache_v_l6 -> cache_v_l6 (view)|512:27 x 27:1 x 512:2048 -> 512:2048|f32 x i64 x f16 -> f16|4:2048 x 8:216 x 2:1024 -> 2:1024|----|usec 2 cycles 5280 start 2696993232 mhz 2640.0
10-08 12:03:08.269 I/NpuProbe( 7792): [ggml] ggml-hex: HTP0 profile-op FLASH_ATTN_EXT|Qcur_norm-6 (view) (permuted) x cache_k_l6 (view) (permuted) x cache_v_l6 (view) (permuted) x HTP0#attn_inp_kq_mask#0 -> node_235|128:27:16:1 x 128:256:4:1 x 128:256:4:1 x 256:27 -> 128:16:27:1|f32 x f16 x f16 x f16 -> f32|4:8192:512:221184! x 2:1024:256:2097152! x 2:1024:256:2097152! x 2:512 -> 4:512:8192:221184|hmx-pipe vtcm 310016|usec 221 cycles 451738 start 2696998538 mhz 2044.1
10-08 12:03:08.269 I/NpuProbe( 7792): [ggml] ggml-hex: HTP0 profile-op OPBATCH|----|n-ops 2|----|----|----|usec 55 cycles 113801 start 1871009037579 mhz 2069.1
10-08 12:03:08.269 I/NpuProbe( 7792): [ggml] ggml-hex: HTP0 profile-op ADD|HTP0#attn_out-6#0 x l_out-5 -> ffn_inp-6|2048:27 x 2048:27 -> 2048:27|f32 x f32 -> f32|4:8192 x 4:8192 -> 4:8192|----|usec 19 cycles 40957 start 2698287514 mhz 2155.6
10-08 12:03:08.269 I/NpuProbe( 7792): [ggml] ggml-hex: HTP0 profile-op RMS_NORM+MUL|ffn_inp-6 x blk.6.ffn_norm.weight -> ffn_norm-6|2048:27 x 2048:1 -> 2048:27|f32 x f32 -> f32|4:8192 x 4:8192 -> 4:8192|row-block vtcm 8192000|usec 15 cycles 31071 start 2698328532 mhz 2071.4
10-08 12:03:08.269 I/NpuProbe( 7792): [ggml] ggml-hex: HTP0 profile-op OPBATCH|----|n-ops 2|----|----|----|usec 55 cycles 113666 start 1871010943395 mhz 2066.7
10-08 12:03:08.269 I/NpuProbe( 7792): [ggml] ggml-hex: HTP0 profile-op ADD|HTP0#ffn_out-6#0 x ffn_inp-6 -> l_out-6|2048:27 x 2048:27 -> 2048:27|f32 x f32 -> f32|4:8192 x 4:8192 -> 4:8192|----|usec 19 cycles 39355 start 2700195886 mhz 2071.3
10-08 12:03:08.269 I/NpuProbe( 7792): [ggml] ggml-hex: HTP0 profile-op RMS_NORM+MUL|l_out-6 x blk.7.attn_norm.weight -> attn_norm-7|2048:27 x 2048:1 -> 2048:27|f32 x f32 -> f32|4:8192 x 4:8192 -> 4:8192|row-block vtcm 8192000|usec 14 cycles 29473 start 2700235294 mhz 2105.2
10-08 12:03:08.269 I/NpuProbe( 7792): [ggml] ggml-hex: HTP0 profile-op OPBATCH|----|n-ops 2|----|----|----|usec 60 cycles 124087 start 1871011854516 mhz 2068.1
10-08 12:03:08.269 I/NpuProbe( 7792): [ggml] ggml-hex: HTP0 profile-op ROPE|HTP0#Qcur-7#0 x HTP0#leaf_5#0 -> Qcur-7|128:16:27:1 x 27:1 -> 128:16:27:1|f32 x i32 -> f32|4:512:8192:221184 x 4:108 -> 4:512:8192:221184|----|usec 22 cycles 45541 start 2701104250 mhz 2070.0
10-08 12:03:08.269 I/NpuProbe( 7792): [ggml] ggml-hex: HTP0 profile-op RMS_NORM+MUL|Qcur-7 x blk.7.attn_q_norm.weight -> Qcur_norm-7|128:16:27:1 x 128:1 -> 128:16:27:1|f32 x f32 -> f32|4:512:8192:221184 x 4:512 -> 4:512:8192:221184|row-block vtcm 8376320|usec 18 cycles 37902 start 2701149855 mhz 2105.7
10-08 12:03:08.269 I/NpuProbe( 7792): [ggml] ggml-hex: HTP0 profile-op OPBATCH|----|n-ops 5|----|----|----|usec 282 cycles 574934 start 1871012660793 mhz 2038.8
10-08 12:03:08.269 I/NpuProbe( 7792): [ggml] ggml-hex: HTP0 profile-op ROPE|HTP0#Kcur-7#0 x HTP0#leaf_5#0 -> Kcur-7|128:4:27:1 x 27:1 -> 128:4:27:1|f32 x i32 -> f32|4:512:2048:55296 x 4:108 -> 4:512:2048:55296|----|usec 17 cycles 36082 start 2701913485 mhz 2122.5
10-08 12:03:08.269 I/NpuProbe( 7792): [ggml] ggml-hex: HTP0 profile-op RMS_NORM+MUL|Kcur-7 x blk.7.attn_k_norm.weight -> Kcur_norm-7|128:4:27:1 x 128:1 -> 128:4:27:1|f32 x f32 -> f32|4:512:2048:55296 x 4:512 -> 4:512:2048:55296|row-block vtcm 8376320|usec 10 cycles 20426 start 2701949631 mhz 2042.6
10-08 12:03:08.269 I/NpuProbe( 7792): [ggml] ggml-hex: HTP0 profile-op SET_ROWS|Kcur_norm-7 (view) x HTP0#leaf_10#0 x cache_k_l7 -> cache_k_l7 (view)|512:27 x 27:1 x 512:2048 -> 512:2048|f32 x i64 x f16 -> f16|4:2048 x 8:216 x 2:1024 -> 2:1024|----|usec 3 cycles 8001 start 2701970083 mhz 2667.0
10-08 12:03:08.269 I/NpuProbe( 7792): [ggml] ggml-hex: HTP0 profile-op SET_ROWS|HTP0#Vcur-7 (view)#0 x HTP0#leaf_12#0 x cache_v_l7 -> cache_v_l7 (view)|512:27 x 27:1 x 512:2048 -> 512:2048|f32 x i64 x f16 -> f16|4:2048 x 8:216 x 2:1024 -> 2:1024|----|usec 2 cycles 5382 start 2701978110 mhz 2691.0
10-08 12:03:08.269 I/NpuProbe( 7792): [ggml] ggml-hex: HTP0 profile-op FLASH_ATTN_EXT|Qcur_norm-7 (view) (permuted) x cache_k_l7 (view) (permuted) x cache_v_l7 (view) (permuted) x HTP0#attn_inp_kq_mask#0 -> node_270|128:27:16:1 x 128:256:4:1 x 128:256:4:1 x 256:27 -> 128:16:27:1|f32 x f16 x f16 x f16 -> f32|4:8192:512:221184! x 2:1024:256:2097152! x 2:1024:256:2097152! x 2:512 -> 4:512:8192:221184|hmx-pipe vtcm 310016|usec 223 cycles 454723 start 2701983518 mhz 2039.1
10-08 12:03:08.269 I/NpuProbe( 7792): [ggml] ggml-hex: HTP0 profile-op OPBATCH|----|n-ops 2|----|----|----|usec 56 cycles 115123 start 1871014039291 mhz 2055.8
10-08 12:03:08.269 I/NpuProbe( 7792): [ggml] ggml-hex: HTP0 profile-op ADD|HTP0#attn_out-7#0 x l_out-6 -> ffn_inp-7|2048:27 x 2048:27 -> 2048:27|f32 x f32 -> f32|4:8192 x 4:8192 -> 4:8192|----|usec 20 cycles 42639 start 2703289321 mhz 2131.9
10-08 12:03:08.269 I/NpuProbe( 7792): [ggml] ggml-hex: HTP0 profile-op RMS_NORM+MUL|ffn_inp-7 x blk.7.ffn_norm.weight -> ffn_norm-7|2048:27 x 2048:1 -> 2048:27|f32 x f32 -> f32|4:8192 x 4:8192 -> 4:8192|row-block vtcm 8192000|usec 14 cycles 30433 start 2703332024 mhz 2173.8
10-08 12:03:08.269 I/NpuProbe( 7792): [ggml] ggml-hex: HTP0 profile-op OPBATCH|----|n-ops 2|----|----|----|usec 54 cycles 111276 start 1871015921885 mhz 2060.7
10-08 12:03:08.269 I/NpuProbe( 7792): [ggml] ggml-hex: HTP0 profile-op ADD|HTP0#ffn_out-7#0 x ffn_inp-7 -> l_out-7|2048:27 x 2048:27 -> 2048:27|f32 x f32 -> f32|4:8192 x 4:8192 -> 4:8192|----|usec 17 cycles 36517 start 2705175747 mhz 2148.1
10-08 12:03:08.269 I/NpuProbe( 7792): [ggml] ggml-hex: HTP0 profile-op RMS_NORM+MUL|l_out-7 x blk.8.attn_norm.weight -> attn_norm-8|2048:27 x 2048:1 -> 2048:27|f32 x f32 -> f32|4:8192 x 4:8192 -> 4:8192|row-block vtcm 8192000|usec 13 cycles 28019 start 2705212326 mhz 2155.3
10-08 12:03:08.269 I/NpuProbe( 7792): [ggml] ggml-hex: HTP0 profile-op OPBATCH|----|n-ops 2|----|----|----|usec 62 cycles 128809 start 1871016824340 mhz 2077.6
10-08 12:03:08.269 I/NpuProbe( 7792): [ggml] ggml-hex: HTP0 profile-op ROPE|HTP0#Qcur-8#0 x HTP0#leaf_5#0 -> Qcur-8|128:16:27:1 x 27:1 -> 128:16:27:1|f32 x i32 -> f32|4:512:8192:221184 x 4:108 -> 4:512:8192:221184|----|usec 22 cycles 46703 start 2706073990 mhz 2122.9
10-08 12:03:08.269 I/NpuProbe( 7792): [ggml] ggml-hex: HTP0 profile-op RMS_NORM+MUL|Qcur-8 x blk.8.attn_q_norm.weight -> Qcur_norm-8|128:16:27:1 x 128:1 -> 128:16:27:1|f32 x f32 -> f32|4:512:8192:221184 x 4:512 -> 4:512:8192:221184|row-block vtcm 8376320|usec 19 cycles 40638 start 2706120757 mhz 2138.8
10-08 12:03:08.269 I/NpuProbe( 7792): [ggml] ggml-hex: HTP0 profile-op OPBATCH|----|n-ops 5|----|----|----|usec 281 cycles 574537 start 1871017635634 mhz 2044.6
10-08 12:03:08.269 I/NpuProbe( 7792): [ggml] ggml-hex: HTP0 profile-op ROPE|HTP0#Kcur-8#0 x HTP0#leaf_5#0 -> Kcur-8|128:4:27:1 x 27:1 -> 128:4:27:1|f32 x i32 -> f32|4:512:2048:55296 x 4:108 -> 4:512:2048:55296|----|usec 18 cycles 37792 start 2706888283 mhz 2099.6
10-08 12:03:08.269 I/NpuProbe( 7792): [ggml] ggml-hex: HTP0 profile-op RMS_NORM+MUL|Kcur-8 x blk.8.attn_k_norm.weight -> Kcur_norm-8|128:4:27:1 x 128:1 -> 128:4:27:1|f32 x f32 -> f32|4:512:2048:55296 x 4:512 -> 4:512:2048:55296|row-block vtcm 8376320|usec 9 cycles 18836 start 2706926153 mhz 2092.9
10-08 12:03:08.269 I/NpuProbe( 7792): [ggml] ggml-hex: HTP0 profile-op SET_ROWS|Kcur_norm-8 (view) x HTP0#leaf_10#0 x cache_k_l8 -> cache_k_l8 (view)|512:27 x 27:1 x 512:2048 -> 512:2048|f32 x i64 x f16 -> f16|4:2048 x 8:216 x 2:1024 -> 2:1024|----|usec 4 cycles 8472 start 2706945015 mhz 2118.0
10-08 12:03:08.269 I/NpuProbe( 7792): [ggml] ggml-hex: HTP0 profile-op SET_ROWS|HTP0#Vcur-8 (view)#0 x HTP0#leaf_12#0 x cache_v_l8 -> cache_v_l8 (view)|512:27 x 27:1 x 512:2048 -> 512:2048|f32 x i64 x f16 -> f16|4:2048 x 8:216 x 2:1024 -> 2:1024|----|usec 2 cycles 6087 start 2706953513 mhz 3043.5
10-08 12:03:08.269 I/NpuProbe( 7792): [ggml] ggml-hex: HTP0 profile-op FLASH_ATTN_EXT|Qcur_norm-8 (view) (permuted) x cache_k_l8 (view) (permuted) x cache_v_l8 (view) (permuted) x HTP0#attn_inp_kq_mask#0 -> node_305|128:27:16:1 x 128:256:4:1 x 128:256:4:1 x 256:27 -> 128:16:27:1|f32 x f16 x f16 x f16 -> f32|4:8192:512:221184! x 2:1024:256:2097152! x 2:1024:256:2097152! x 2:512 -> 4:512:8192:221184|hmx-pipe vtcm 310016|usec 222 cycles 452812 start 2706959626 mhz 2039.7
10-08 12:03:08.269 I/NpuProbe( 7792): [ggml] ggml-hex: HTP0 profile-op OPBATCH|----|n-ops 2|----|----|----|usec 58 cycles 119534 start 1871019012474 mhz 2060.9
10-08 12:03:08.269 I/NpuProbe( 7792): [ggml] ggml-hex: HTP0 profile-op ADD|HTP0#attn_out-8#0 x l_out-7 -> ffn_inp-8|2048:27 x 2048:27 -> 2048:27|f32 x f32 -> f32|4:8192 x 4:8192 -> 4:8192|----|usec 21 cycles 44077 start 2708264702 mhz 2098.9
10-08 12:03:08.269 I/NpuProbe( 7792): [ggml] ggml-hex: HTP0 profile-op RMS_NORM+MUL|ffn_inp-8 x blk.8.ffn_norm.weight -> ffn_norm-8|2048:27 x 2048:1 -> 2048:27|f32 x f32 -> f32|4:8192 x 4:8192 -> 4:8192|row-block vtcm 8192000|usec 15 cycles 31744 start 2708308840 mhz 2116.3
10-08 12:03:08.269 I/NpuProbe( 7792): [ggml] ggml-hex: HTP0 profile-op OPBATCH|----|n-ops 2|----|----|----|usec 55 cycles 113712 start 1871020869134 mhz 2067.5
10-08 12:03:08.269 I/NpuProbe( 7792): [ggml] ggml-hex: HTP0 profile-op ADD|HTP0#ffn_out-8#0 x ffn_inp-8 -> l_out-8|2048:27 x 2048:27 -> 2048:27|f32 x f32 -> f32|4:8192 x 4:8192 -> 4:8192|----|usec 18 cycles 38771 start 2710121766 mhz 2153.9
10-08 12:03:08.269 I/NpuProbe( 7792): [ggml] ggml-hex: HTP0 profile-op RMS_NORM+MUL|l_out-8 x blk.9.attn_norm.weight -> attn_norm-9|2048:27 x 2048:1 -> 2048:27|f32 x f32 -> f32|4:8192 x 4:8192 -> 4:8192|row-block vtcm 8192000|usec 14 cycles 29781 start 2710160585 mhz 2127.2
10-08 12:03:08.269 I/NpuProbe( 7792): [ggml] ggml-hex: HTP0 profile-op OPBATCH|----|n-ops 2|----|----|----|usec 61 cycles 124987 start 1871021753201 mhz 2049.0
10-08 12:03:08.269 I/NpuProbe( 7792): [ggml] ggml-hex: HTP0 profile-op ROPE|HTP0#Qcur-9#0 x HTP0#leaf_5#0 -> Qcur-9|128:16:27:1 x 27:1 -> 128:16:27:1|f32 x i32 -> f32|4:512:8192:221184 x 4:108 -> 4:512:8192:221184|----|usec 22 cycles 46079 start 2711003283 mhz 2094.5
10-08 12:03:08.269 I/NpuProbe( 7792): [ggml] ggml-hex: HTP0 profile-op RMS_NORM+MUL|Qcur-9 x blk.9.attn_q_norm.weight -> Qcur_norm-9|128:16:27:1 x 128:1 -> 128:16:27:1|f32 x f32 -> f32|4:512:8192:221184 x 4:512 -> 4:512:8192:221184|row-block vtcm 8376320|usec 18 cycles 37090 start 2711049436 mhz 2060.6
10-08 12:03:08.269 I/NpuProbe( 7792): [ggml] ggml-hex: HTP0 profile-op OPBATCH|----|n-ops 5|----|----|----|usec 280 cycles 571935 start 1871022587797 mhz 2042.6
10-08 12:03:08.269 I/NpuProbe( 7792): [ggml] ggml-hex: HTP0 profile-op ROPE|HTP0#Kcur-9#0 x HTP0#leaf_5#0 -> Kcur-9|128:4:27:1 x 27:1 -> 128:4:27:1|f32 x i32 -> f32|4:512:2048:55296 x 4:108 -> 4:512:2048:55296|----|usec 16 cycles 34990 start 2711840460 mhz 2186.9
10-08 12:03:08.269 I/NpuProbe( 7792): [ggml] ggml-hex: HTP0 profile-op RMS_NORM+MUL|Kcur-9 x blk.9.attn_k_norm.weight -> Kcur_norm-9|128:4:27:1 x 128:1 -> 128:4:27:1|f32 x f32 -> f32|4:512:2048:55296 x 4:512 -> 4:512:2048:55296|row-block vtcm 8376320|usec 9 cycles 19238 start 2711875515 mhz 2137.6
10-08 12:03:08.269 I/NpuProbe( 7792): [ggml] ggml-hex: HTP0 profile-op SET_ROWS|Kcur_norm-9 (view) x HTP0#leaf_10#0 x cache_k_l9 -> cache_k_l9 (view)|512:27 x 27:1 x 512:2048 -> 512:2048|f32 x i64 x f16 -> f16|4:2048 x 8:216 x 2:1024 -> 2:1024|----|usec 3 cycles 8013 start 2711894779 mhz 2671.0
10-08 12:03:08.269 I/NpuProbe( 7792): [ggml] ggml-hex: HTP0 profile-op SET_ROWS|HTP0#Vcur-9 (view)#0 x HTP0#leaf_12#0 x cache_v_l9 -> cache_v_l9 (view)|512:27 x 27:1 x 512:2048 -> 512:2048|f32 x i64 x f16 -> f16|4:2048 x 8:216 x 2:1024 -> 2:1024|----|usec 2 cycles 5182 start 2711902818 mhz 2591.0
10-08 12:03:08.269 I/NpuProbe( 7792): [ggml] ggml-hex: HTP0 profile-op FLASH_ATTN_EXT|Qcur_norm-9 (view) (permuted) x cache_k_l9 (view) (permuted) x cache_v_l9 (view) (permuted) x HTP0#attn_inp_kq_mask#0 -> node_340|128:27:16:1 x 128:256:4:1 x 128:256:4:1 x 256:27 -> 128:16:27:1|f32 x f16 x f16 x f16 -> f32|4:8192:512:221184! x 2:1024:256:2097152! x 2:1024:256:2097152! x 2:512 -> 4:512:8192:221184|hmx-pipe vtcm 310016|usec 223 cycles 454621 start 2711908027 mhz 2038.7
10-08 12:03:08.269 I/NpuProbe( 7792): [ggml] ggml-hex: HTP0 profile-op OPBATCH|----|n-ops 2|----|----|----|usec 55 cycles 114795 start 1871023963362 mhz 2087.2
10-08 12:03:08.269 I/NpuProbe( 7792): [ggml] ggml-hex: HTP0 profile-op ADD|HTP0#attn_out-9#0 x l_out-8 -> ffn_inp-9|2048:27 x 2048:27 -> 2048:27|f32 x f32 -> f32|4:8192 x 4:8192 -> 4:8192|----|usec 20 cycles 42268 start 2713213372 mhz 2113.4
10-08 12:03:08.269 I/NpuProbe( 7792): [ggml] ggml-hex: HTP0 profile-op RMS_NORM+MUL|ffn_inp-9 x blk.9.ffn_norm.weight -> ffn_norm-9|2048:27 x 2048:1 -> 2048:27|f32 x f32 -> f32|4:8192 x 4:8192 -> 4:8192|row-block vtcm 8192000|usec 15 cycles 30789 start 2713255700 mhz 2052.6
10-08 12:03:08.269 I/NpuProbe( 7792): [ggml] ggml-hex: HTP0 profile-op OPBATCH|----|n-ops 2|----|----|----|usec 54 cycles 112220 start 1871025906025 mhz 2078.1
10-08 12:03:08.269 I/NpuProbe( 7792): [ggml] ggml-hex: HTP0 profile-op ADD|HTP0#ffn_out-9#0 x ffn_inp-9 -> l_out-9|2048:27 x 2048:27 -> 2048:27|f32 x f32 -> f32|4:8192 x 4:8192 -> 4:8192|----|usec 18 cycles 38428 start 2715159207 mhz 2134.9
10-08 12:03:08.269 I/NpuProbe( 7792): [ggml] ggml-hex: HTP0 profile-op RMS_NORM+MUL|l_out-9 x blk.10.attn_norm.weight -> attn_norm-10|2048:27 x 2048:1 -> 2048:27|f32 x f32 -> f32|4:8192 x 4:8192 -> 4:8192|row-block vtcm 8192000|usec 13 cycles 28025 start 2715197687 mhz 2155.8
10-08 12:03:08.269 I/NpuProbe( 7792): [ggml] ggml-hex: HTP0 profile-op OPBATCH|----|n-ops 2|----|----|----|usec 61 cycles 126129 start 1871026833727 mhz 2067.7
10-08 12:03:08.269 I/NpuProbe( 7792): [ggml] ggml-hex: HTP0 profile-op ROPE|HTP0#Qcur-10#0 x HTP0#leaf_5#0 -> Qcur-10|128:16:27:1 x 27:1 -> 128:16:27:1|f32 x i32 -> f32|4:512:8192:221184 x 4:108 -> 4:512:8192:221184|----|usec 22 cycles 46069 start 2716083327 mhz 2094.0
10-08 12:03:08.269 I/NpuProbe( 7792): [ggml] ggml-hex: HTP0 profile-op RMS_NORM+MUL|Qcur-10 x blk.10.attn_q_norm.weight -> Qcur_norm-10|128:16:27:1 x 128:1 -> 128:16:27:1|f32 x f32 -> f32|4:512:8192:221184 x 4:512 -> 4:512:8192:221184|row-block vtcm 8376320|usec 19 cycles 38808 start 2716129460 mhz 2042.5
10-08 12:03:08.269 I/NpuProbe( 7792): [ggml] ggml-hex: HTP0 profile-op OPBATCH|----|n-ops 5|----|----|----|usec 281 cycles 573509 start 1871027628723 mhz 2041.0
10-08 12:03:08.269 I/NpuProbe( 7792): [ggml] ggml-hex: HTP0 profile-op ROPE|HTP0#Kcur-10#0 x HTP0#leaf_5#0 -> Kcur-10|128:4:27:1 x 27:1 -> 128:4:27:1|f32 x i32 -> f32|4:512:2048:55296 x 4:108 -> 4:512:2048:55296|----|usec 17 cycles 35287 start 2716881277 mhz 2075.7
10-08 12:03:08.269 I/NpuProbe( 7792): [ggml] ggml-hex: HTP0 profile-op RMS_NORM+MUL|Kcur-10 x blk.10.attn_k_norm.weight -> Kcur_norm-10|128:4:27:1 x 128:1 -> 128:4:27:1|f32 x f32 -> f32|4:512:2048:55296 x 4:512 -> 4:512:2048:55296|row-block vtcm 8376320|usec 9 cycles 19371 start 2716916612 mhz 2152.3
10-08 12:03:08.269 I/NpuProbe( 7792): [ggml] ggml-hex: HTP0 profile-op SET_ROWS|Kcur_norm-10 (view) x HTP0#leaf_10#0 x cache_k_l10 -> cache_k_l10 (view)|512:27 x 27:1 x 512:2048 -> 512:2048|f32 x i64 x f16 -> f16|4:2048 x 8:216 x 2:1024 -> 2:1024|----|usec 3 cycles 7951 start 2716936037 mhz 2650.3
10-08 12:03:08.269 I/NpuProbe( 7792): [ggml] ggml-hex: HTP0 profile-op SET_ROWS|HTP0#Vcur-10 (view)#0 x HTP0#leaf_12#0 x cache_v_l10 -> cache_v_l10 (view)|512:27 x 27:1 x 512:2048 -> 512:2048|f32 x i64 x f16 -> f16|4:2048 x 8:216 x 2:1024 -> 2:1024|----|usec 2 cycles 5668 start 2716944014 mhz 2834.0
10-08 12:03:08.269 I/NpuProbe( 7792): [ggml] ggml-hex: HTP0 profile-op FLASH_ATTN_EXT|Qcur_norm-10 (view) (permuted) x cache_k_l10 (view) (permuted) x cache_v_l10 (view) (permuted) x HTP0#attn_inp_kq_mask#0 -> node_375|128:27:16:1 x 128:256:4:1 x 128:256:4:1 x 256:27 -> 128:16:27:1|f32 x f16 x f16 x f16 -> f32|4:8192:512:221184! x 2:1024:256:2097152! x 2:1024:256:2097152! x 2:512 -> 4:512:8192:221184|hmx-pipe vtcm 310016|usec 223 cycles 454096 start 2716949718 mhz 2036.3
10-08 12:03:08.269 I/NpuProbe( 7792): [ggml] ggml-hex: HTP0 profile-op OPBATCH|----|n-ops 2|----|----|----|usec 56 cycles 115187 start 1871028985749 mhz 2056.9
10-08 12:03:08.269 I/NpuProbe( 7792): [ggml] ggml-hex: HTP0 profile-op ADD|HTP0#attn_out-10#0 x l_out-9 -> ffn_inp-10|2048:27 x 2048:27 -> 2048:27|f32 x f32 -> f32|4:8192 x 4:8192 -> 4:8192|----|usec 20 cycles 41393 start 2718235665 mhz 2069.6
10-08 12:03:08.269 I/NpuProbe( 7792): [ggml] ggml-hex: HTP0 profile-op RMS_NORM+MUL|ffn_inp-10 x blk.10.ffn_norm.weight -> ffn_norm-10|2048:27 x 2048:1 -> 2048:27|f32 x f32 -> f32|4:8192 x 4:8192 -> 4:8192|row-block vtcm 8192000|usec 15 cycles 32135 start 2718277119 mhz 2142.3
10-08 12:03:08.269 I/NpuProbe( 7792): [ggml] ggml-hex: HTP0 profile-op OPBATCH|----|n-ops 2|----|----|----|usec 53 cycles 109599 start 1871030839116 mhz 2067.9
10-08 12:03:08.269 I/NpuProbe( 7792): [ggml] ggml-hex: HTP0 profile-op ADD|HTP0#ffn_out-10#0 x ffn_inp-10 -> l_out-10|2048:27 x 2048:27 -> 2048:27|f32 x f32 -> f32|4:8192 x 4:8192 -> 4:8192|----|usec 18 cycles 37391 start 2720091976 mhz 2077.3
10-08 12:03:08.269 I/NpuProbe( 7792): [ggml] ggml-hex: HTP0 profile-op RMS_NORM+MUL|l_out-10 x blk.11.attn_norm.weight -> attn_norm-11|2048:27 x 2048:1 -> 2048:27|f32 x f32 -> f32|4:8192 x 4:8192 -> 4:8192|row-block vtcm 8192000|usec 13 cycles 26857 start 2720129434 mhz 2065.9
10-08 12:03:08.269 I/NpuProbe( 7792): [ggml] ggml-hex: HTP0 profile-op OPBATCH|----|n-ops 2|----|----|----|usec 61 cycles 126250 start 1871031740905 mhz 2069.7
10-08 12:03:08.269 I/NpuProbe( 7792): [ggml] ggml-hex: HTP0 profile-op ROPE|HTP0#Qcur-11#0 x HTP0#leaf_5#0 -> Qcur-11|128:16:27:1 x 27:1 -> 128:16:27:1|f32 x i32 -> f32|4:512:8192:221184 x 4:108 -> 4:512:8192:221184|----|usec 22 cycles 46163 start 2720990408 mhz 2098.3
10-08 12:03:08.269 I/NpuProbe( 7792): [ggml] ggml-hex: HTP0 profile-op RMS_NORM+MUL|Qcur-11 x blk.11.attn_q_norm.weight -> Qcur_norm-11|128:16:27:1 x 128:1 -> 128:16:27:1|f32 x f32 -> f32|4:512:8192:221184 x 4:512 -> 4:512:8192:221184|row-block vtcm 8376320|usec 19 cycles 39186 start 2721036635 mhz 2062.4
10-08 12:03:08.269 I/NpuProbe( 7792): [ggml] ggml-hex: HTP0 profile-op OPBATCH|----|n-ops 5|----|----|----|usec 279 cycles 570449 start 1871032549338 mhz 2044.6
10-08 12:03:08.269 I/NpuProbe( 7792): [ggml] ggml-hex: HTP0 profile-op ROPE|HTP0#Kcur-11#0 x HTP0#leaf_5#0 -> Kcur-11|128:4:27:1 x 27:1 -> 128:4:27:1|f32 x i32 -> f32|4:512:2048:55296 x 4:108 -> 4:512:2048:55296|----|usec 17 cycles 35380 start 2721801614 mhz 2081.2
10-08 12:03:08.269 I/NpuProbe( 7792): [ggml] ggml-hex: HTP0 profile-op RMS_NORM+MUL|Kcur-11 x blk.11.attn_k_norm.weight -> Kcur_norm-11|128:4:27:1 x 128:1 -> 128:4:27:1|f32 x f32 -> f32|4:512:2048:55296 x 4:512 -> 4:512:2048:55296|row-block vtcm 8376320|usec 9 cycles 18829 start 2721837058 mhz 2092.1
10-08 12:03:08.269 I/NpuProbe( 7792): [ggml] ggml-hex: HTP0 profile-op SET_ROWS|Kcur_norm-11 (view) x HTP0#leaf_10#0 x cache_k_l11 -> cache_k_l11 (view)|512:27 x 27:1 x 512:2048 -> 512:2048|f32 x i64 x f16 -> f16|4:2048 x 8:216 x 2:1024 -> 2:1024|----|usec 3 cycles 7884 start 2721855913 mhz 2628.0
10-08 12:03:08.269 I/NpuProbe( 7792): [ggml] ggml-hex: HTP0 profile-op SET_ROWS|HTP0#Vcur-11 (view)#0 x HTP0#leaf_12#0 x cache_v_l11 -> cache_v_l11 (view)|512:27 x 27:1 x 512:2048 -> 512:2048|f32 x i64 x f16 -> f16|4:2048 x 8:216 x 2:1024 -> 2:1024|----|usec 2 cycles 5187 start 2721863823 mhz 2593.5
10-08 12:03:08.269 I/NpuProbe( 7792): [ggml] ggml-hex: HTP0 profile-op FLASH_ATTN_EXT|Qcur_norm-11 (view) (permuted) x cache_k_l11 (view) (permuted) x cache_v_l11 (view) (permuted) x HTP0#attn_inp_kq_mask#0 -> node_410|128:27:16:1 x 128:256:4:1 x 128:256:4:1 x 256:27 -> 128:16:27:1|f32 x f16 x f16 x f16 -> f32|4:8192:512:221184! x 2:1024:256:2097152! x 2:1024:256:2097152! x 2:512 -> 4:512:8192:221184|hmx-pipe vtcm 310016|usec 222 cycles 452894 start 2721869036 mhz 2040.1
10-08 12:03:08.269 I/NpuProbe( 7792): [ggml] ggml-hex: HTP0 profile-op OPBATCH|----|n-ops 2|----|----|----|usec 56 cycles 116328 start 1871033929757 mhz 2077.3
10-08 12:03:08.269 I/NpuProbe( 7792): [ggml] ggml-hex: HTP0 profile-op ADD|HTP0#attn_out-11#0 x l_out-10 -> ffn_inp-11|2048:27 x 2048:27 -> 2048:27|f32 x f32 -> f32|4:8192 x 4:8192 -> 4:8192|----|usec 20 cycles 42955 start 2723180227 mhz 2147.8
10-08 12:03:08.269 I/NpuProbe( 7792): [ggml] ggml-hex: HTP0 profile-op RMS_NORM+MUL|ffn_inp-11 x blk.11.ffn_norm.weight -> ffn_norm-11|2048:27 x 2048:1 -> 2048:27|f32 x f32 -> f32|4:8192 x 4:8192 -> 4:8192|row-block vtcm 8192000|usec 15 cycles 31994 start 2723223246 mhz 2132.9
10-08 12:03:08.269 I/NpuProbe( 7792): [ggml] ggml-hex: HTP0 profile-op OPBATCH|----|n-ops 2|----|----|----|usec 55 cycles 113653 start 1871035793939 mhz 2066.4
10-08 12:03:08.269 I/NpuProbe( 7792): [ggml] ggml-hex: HTP0 profile-op ADD|HTP0#ffn_out-11#0 x ffn_inp-11 -> l_out-11|2048:27 x 2048:27 -> 2048:27|f32 x f32 -> f32|4:8192 x 4:8192 -> 4:8192|----|usec 19 cycles 39926 start 2725046745 mhz 2101.4
10-08 12:03:08.269 I/NpuProbe( 7792): [ggml] ggml-hex: HTP0 profile-op RMS_NORM+MUL|l_out-11 x blk.12.attn_norm.weight -> attn_norm-12|2048:27 x 2048:1 -> 2048:27|f32 x f32 -> f32|4:8192 x 4:8192 -> 4:8192|row-block vtcm 8192000|usec 13 cycles 28204 start 2725086722 mhz 2169.5
10-08 12:03:08.269 I/NpuProbe( 7792): [ggml] ggml-hex: HTP0 profile-op OPBATCH|----|n-ops 2|----|----|----|usec 62 cycles 127511 start 1871036698945 mhz 2056.6
10-08 12:03:08.269 I/NpuProbe( 7792): [ggml] ggml-hex: HTP0 profile-op ROPE|HTP0#Qcur-12#0 x HTP0#leaf_5#0 -> Qcur-12|128:16:27:1 x 27:1 -> 128:16:27:1|f32 x i32 -> f32|4:512:8192:221184 x 4:108 -> 4:512:8192:221184|----|usec 22 cycles 46623 start 2725948799 mhz 2119.2
10-08 12:03:08.269 I/NpuProbe( 7792): [ggml] ggml-hex: HTP0 profile-op RMS_NORM+MUL|Qcur-12 x blk.12.attn_q_norm.weight -> Qcur_norm-12|128:16:27:1 x 128:1 -> 128:16:27:1|f32 x f32 -> f32|4:512:8192:221184 x 4:512 -> 4:512:8192:221184|row-block vtcm 8376320|usec 19 cycles 39406 start 2725995496 mhz 2074.0
10-08 12:03:08.269 I/NpuProbe( 7792): [ggml] ggml-hex: HTP0 profile-op OPBATCH|----|n-ops 5|----|----|----|usec 281 cycles 574486 start 1871037514002 mhz 2044.4
10-08 12:03:08.269 I/NpuProbe( 7792): [ggml] ggml-hex: HTP0 profile-op ROPE|HTP0#Kcur-12#0 x HTP0#leaf_5#0 -> Kcur-12|128:4:27:1 x 27:1 -> 128:4:27:1|f32 x i32 -> f32|4:512:2048:55296 x 4:108 -> 4:512:2048:55296|----|usec 17 cycles 35677 start 2726766665 mhz 2098.6
10-08 12:03:08.269 I/NpuProbe( 7792): [ggml] ggml-hex: HTP0 profile-op RMS_NORM+MUL|Kcur-12 x blk.12.attn_k_norm.weight -> Kcur_norm-12|128:4:27:1 x 128:1 -> 128:4:27:1|f32 x f32 -> f32|4:512:2048:55296 x 4:512 -> 4:512:2048:55296|row-block vtcm 8376320|usec 9 cycles 19763 start 2726802416 mhz 2195.9
10-08 12:03:08.269 I/NpuProbe( 7792): [ggml] ggml-hex: HTP0 profile-op SET_ROWS|Kcur_norm-12 (view) x HTP0#leaf_10#0 x cache_k_l12 -> cache_k_l12 (view)|512:27 x 27:1 x 512:2048 -> 512:2048|f32 x i64 x f16 -> f16|4:2048 x 8:216 x 2:1024 -> 2:1024|----|usec 4 cycles 8236 start 2726822205 mhz 2059.0
10-08 12:03:08.269 I/NpuProbe( 7792): [ggml] ggml-hex: HTP0 profile-op SET_ROWS|HTP0#Vcur-12 (view)#0 x HTP0#leaf_12#0 x cache_v_l12 -> cache_v_l12 (view)|512:27 x 27:1 x 512:2048 -> 512:2048|f32 x i64 x f16 -> f16|4:2048 x 8:216 x 2:1024 -> 2:1024|----|usec 2 cycles 5205 start 2726830467 mhz 2602.5
10-08 12:03:08.269 I/NpuProbe( 7792): [ggml] ggml-hex: HTP0 profile-op FLASH_ATTN_EXT|Qcur_norm-12 (view) (permuted) x cache_k_l12 (view) (permuted) x cache_v_l12 (view) (permuted) x HTP0#attn_inp_kq_mask#0 -> node_445|128:27:16:1 x 128:256:4:1 x 128:256:4:1 x 256:27 -> 128:16:27:1|f32 x f16 x f16 x f16 -> f32|4:8192:512:221184! x 2:1024:256:2097152! x 2:1024:256:2097152! x 2:512 -> 4:512:8192:221184|hmx-pipe vtcm 310016|usec 223 cycles 454137 start 2726835704 mhz 2036.5
10-08 12:03:08.269 I/NpuProbe( 7792): [ggml] ggml-hex: HTP0 profile-op OPBATCH|----|n-ops 2|----|----|----|usec 56 cycles 116269 start 1871038878022 mhz 2076.2
10-08 12:03:08.269 I/NpuProbe( 7792): [ggml] ggml-hex: HTP0 profile-op ADD|HTP0#attn_out-12#0 x l_out-11 -> ffn_inp-12|2048:27 x 2048:27 -> 2048:27|f32 x f32 -> f32|4:8192 x 4:8192 -> 4:8192|----|usec 20 cycles 42560 start 2728128416 mhz 2128.0
10-08 12:03:08.269 I/NpuProbe( 7792): [ggml] ggml-hex: HTP0 profile-op RMS_NORM+MUL|ffn_inp-12 x blk.12.ffn_norm.weight -> ffn_norm-12|2048:27 x 2048:1 -> 2048:27|f32 x f32 -> f32|4:8192 x 4:8192 -> 4:8192|row-block vtcm 8192000|usec 15 cycles 31486 start 2728171040 mhz 2099.1
10-08 12:03:08.269 I/NpuProbe( 7792): [ggml] ggml-hex: HTP0 profile-op OPBATCH|----|n-ops 2|----|----|----|usec 57 cycles 117709 start 1871040767328 mhz 2065.1
10-08 12:03:08.269 I/NpuProbe( 7792): [ggml] ggml-hex: HTP0 profile-op ADD|HTP0#ffn_out-12#0 x ffn_inp-12 -> l_out-12|2048:27 x 2048:27 -> 2048:27|f32 x f32 -> f32|4:8192 x 4:8192 -> 4:8192|----|usec 20 cycles 42543 start 2730020029 mhz 2127.1
10-08 12:03:08.269 I/NpuProbe( 7792): [ggml] ggml-hex: HTP0 profile-op RMS_NORM+MUL|l_out-12 x blk.13.attn_norm.weight -> attn_norm-13|2048:27 x 2048:1 -> 2048:27|f32 x f32 -> f32|4:8192 x 4:8192 -> 4:8192|row-block vtcm 8192000|usec 14 cycles 29942 start 2730062635 mhz 2138.7
10-08 12:03:08.269 I/NpuProbe( 7792): [ggml] ggml-hex: HTP0 profile-op OPBATCH|----|n-ops 2|----|----|----|usec 62 cycles 127454 start 1871041669191 mhz 2055.7
10-08 12:03:08.269 I/NpuProbe( 7792): [ggml] ggml-hex: HTP0 profile-op ROPE|HTP0#Qcur-13#0 x HTP0#leaf_5#0 -> Qcur-13|128:16:27:1 x 27:1 -> 128:16:27:1|f32 x i32 -> f32|4:512:8192:221184 x 4:108 -> 4:512:8192:221184|----|usec 22 cycles 46795 start 2730918854 mhz 2127.0
10-08 12:03:08.269 I/NpuProbe( 7792): [ggml] ggml-hex: HTP0 profile-op RMS_NORM+MUL|Qcur-13 x blk.13.attn_q_norm.weight -> Qcur_norm-13|128:16:27:1 x 128:1 -> 128:16:27:1|f32 x f32 -> f32|4:512:8192:221184 x 4:512 -> 4:512:8192:221184|row-block vtcm 8376320|usec 19 cycles 39206 start 2730965710 mhz 2063.5
10-08 12:03:08.269 I/NpuProbe( 7792): [ggml] ggml-hex: HTP0 profile-op OPBATCH|----|n-ops 5|----|----|----|usec 285 cycles 581641 start 1871042585793 mhz 2040.8
10-08 12:03:08.269 I/NpuProbe( 7792): [ggml] ggml-hex: HTP0 profile-op ROPE|HTP0#Kcur-13#0 x HTP0#leaf_5#0 -> Kcur-13|128:4:27:1 x 27:1 -> 128:4:27:1|f32 x i32 -> f32|4:512:2048:55296 x 4:108 -> 4:512:2048:55296|----|usec 17 cycles 35617 start 2731838246 mhz 2095.1
10-08 12:03:08.269 I/NpuProbe( 7792): [ggml] ggml-hex: HTP0 profile-op RMS_NORM+MUL|Kcur-13 x blk.13.attn_k_norm.weight -> Kcur_norm-13|128:4:27:1 x 128:1 -> 128:4:27:1|f32 x f32 -> f32|4:512:2048:55296 x 4:512 -> 4:512:2048:55296|row-block vtcm 8376320|usec 9 cycles 18857 start 2731873927 mhz 2095.2
10-08 12:03:08.269 I/NpuProbe( 7792): [ggml] ggml-hex: HTP0 profile-op SET_ROWS|Kcur_norm-13 (view) x HTP0#leaf_10#0 x cache_k_l13 -> cache_k_l13 (view)|512:27 x 27:1 x 512:2048 -> 512:2048|f32 x i64 x f16 -> f16|4:2048 x 8:216 x 2:1024 -> 2:1024|----|usec 3 cycles 7778 start 2731892825 mhz 2592.7
10-08 12:03:08.269 I/NpuProbe( 7792): [ggml] ggml-hex: HTP0 profile-op SET_ROWS|HTP0#Vcur-13 (view)#0 x HTP0#leaf_12#0 x cache_v_l13 -> cache_v_l13 (view)|512:27 x 27:1 x 512:2048 -> 512:2048|f32 x i64 x f16 -> f16|4:2048 x 8:216 x 2:1024 -> 2:1024|----|usec 2 cycles 5762 start 2731900631 mhz 2881.0
10-08 12:03:08.269 I/NpuProbe( 7792): [ggml] ggml-hex: HTP0 profile-op FLASH_ATTN_EXT|Qcur_norm-13 (view) (permuted) x cache_k_l13 (view) (permuted) x cache_v_l13 (view) (permuted) x HTP0#attn_inp_kq_mask#0 -> node_480|128:27:16:1 x 128:256:4:1 x 128:256:4:1 x 256:27 -> 128:16:27:1|f32 x f16 x f16 x f16 -> f32|4:8192:512:221184! x 2:1024:256:2097152! x 2:1024:256:2097152! x 2:512 -> 4:512:8192:221184|hmx-pipe vtcm 310016|usec 227 cycles 463855 start 2731906429 mhz 2043.4
10-08 12:03:08.269 I/NpuProbe( 7792): [ggml] ggml-hex: HTP0 profile-op OPBATCH|----|n-ops 2|----|----|----|usec 56 cycles 116490 start 1871043952016 mhz 2080.2
10-08 12:03:08.269 I/NpuProbe( 7792): [ggml] ggml-hex: HTP0 profile-op ADD|HTP0#attn_out-13#0 x l_out-12 -> ffn_inp-13|2048:27 x 2048:27 -> 2048:27|f32 x f32 -> f32|4:8192 x 4:8192 -> 4:8192|----|usec 21 cycles 43376 start 2733201932 mhz 2065.5
10-08 12:03:08.269 I/NpuProbe( 7792): [ggml] ggml-hex: HTP0 profile-op RMS_NORM+MUL|ffn_inp-13 x blk.13.ffn_norm.weight -> ffn_norm-13|2048:27 x 2048:1 -> 2048:27|f32 x f32 -> f32|4:8192 x 4:8192 -> 4:8192|row-block vtcm 8192000|usec 15 cycles 31716 start 2733245369 mhz 2114.4
10-08 12:03:08.269 I/NpuProbe( 7792): [ggml] ggml-hex: HTP0 profile-op OPBATCH|----|n-ops 2|----|----|----|usec 52 cycles 108236 start 1871045822771 mhz 2081.5
10-08 12:03:08.269 I/NpuProbe( 7792): [ggml] ggml-hex: HTP0 profile-op ADD|HTP0#ffn_out-13#0 x ffn_inp-13 -> l_out-13|2048:27 x 2048:27 -> 2048:27|f32 x f32 -> f32|4:8192 x 4:8192 -> 4:8192|----|usec 17 cycles 36763 start 2735075111 mhz 2162.5
10-08 12:03:08.269 I/NpuProbe( 7792): [ggml] ggml-hex: HTP0 profile-op RMS_NORM+MUL|l_out-13 x blk.14.attn_norm.weight -> attn_norm-14|2048:27 x 2048:1 -> 2048:27|f32 x f32 -> f32|4:8192 x 4:8192 -> 4:8192|row-block vtcm 8192000|usec 13 cycles 26583 start 2735111922 mhz 2044.8
10-08 12:03:08.269 I/NpuProbe( 7792): [ggml] ggml-hex: HTP0 profile-op OPBATCH|----|n-ops 2|----|----|----|usec 60 cycles 123514 start 1871046721644 mhz 2058.6
10-08 12:03:08.269 I/NpuProbe( 7792): [ggml] ggml-hex: HTP0 profile-op ROPE|HTP0#Qcur-14#0 x HTP0#leaf_5#0 -> Qcur-14|128:16:27:1 x 27:1 -> 128:16:27:1|f32 x i32 -> f32|4:512:8192:221184 x 4:108 -> 4:512:8192:221184|----|usec 22 cycles 45914 start 2735971418 mhz 2087.0
10-08 12:03:08.269 I/NpuProbe( 7792): [ggml] ggml-hex: HTP0 profile-op RMS_NORM+MUL|Qcur-14 x blk.14.attn_q_norm.weight -> Qcur_norm-14|128:16:27:1 x 128:1 -> 128:16:27:1|f32 x f32 -> f32|4:512:8192:221184 x 4:512 -> 4:512:8192:221184|row-block vtcm 8376320|usec 18 cycles 37044 start 2736017406 mhz 2058.0
10-08 12:03:08.269 I/NpuProbe( 7792): [ggml] ggml-hex: HTP0 profile-op OPBATCH|----|n-ops 5|----|----|----|usec 280 cycles 572038 start 1871047529013 mhz 2043.0
10-08 12:03:08.269 I/NpuProbe( 7792): [ggml] ggml-hex: HTP0 profile-op ROPE|HTP0#Kcur-14#0 x HTP0#leaf_5#0 -> Kcur-14|128:4:27:1 x 27:1 -> 128:4:27:1|f32 x i32 -> f32|4:512:2048:55296 x 4:108 -> 4:512:2048:55296|----|usec 17 cycles 35911 start 2736781355 mhz 2112.4
10-08 12:03:08.269 I/NpuProbe( 7792): [ggml] ggml-hex: HTP0 profile-op RMS_NORM+MUL|Kcur-14 x blk.14.attn_k_norm.weight -> Kcur_norm-14|128:4:27:1 x 128:1 -> 128:4:27:1|f32 x f32 -> f32|4:512:2048:55296 x 4:512 -> 4:512:2048:55296|row-block vtcm 8376320|usec 9 cycles 20040 start 2736817329 mhz 2226.7
10-08 12:03:08.269 I/NpuProbe( 7792): [ggml] ggml-hex: HTP0 profile-op SET_ROWS|Kcur_norm-14 (view) x HTP0#leaf_10#0 x cache_k_l14 -> cache_k_l14 (view)|512:27 x 27:1 x 512:2048 -> 512:2048|f32 x i64 x f16 -> f16|4:2048 x 8:216 x 2:1024 -> 2:1024|----|usec 4 cycles 8185 start 2736837397 mhz 2046.2
10-08 12:03:08.269 I/NpuProbe( 7792): [ggml] ggml-hex: HTP0 profile-op SET_ROWS|HTP0#Vcur-14 (view)#0 x HTP0#leaf_12#0 x cache_v_l14 -> cache_v_l14 (view)|512:27 x 27:1 x 512:2048 -> 512:2048|f32 x i64 x f16 -> f16|4:2048 x 8:216 x 2:1024 -> 2:1024|----|usec 2 cycles 5092 start 2736845608 mhz 2546.0
10-08 12:03:08.269 I/NpuProbe( 7792): [ggml] ggml-hex: HTP0 profile-op FLASH_ATTN_EXT|Qcur_norm-14 (view) (permuted) x cache_k_l14 (view) (permuted) x cache_v_l14 (view) (permuted) x HTP0#attn_inp_kq_mask#0 -> node_515|128:27:16:1 x 128:256:4:1 x 128:256:4:1 x 256:27 -> 128:16:27:1|f32 x f16 x f16 x f16 -> f32|4:8192:512:221184! x 2:1024:256:2097152! x 2:1024:256:2097152! x 2:512 -> 4:512:8192:221184|hmx-pipe vtcm 310016|usec 222 cycles 452804 start 2736850732 mhz 2039.7
10-08 12:03:08.269 I/NpuProbe( 7792): [ggml] ggml-hex: HTP0 profile-op OPBATCH|----|n-ops 2|----|----|----|usec 56 cycles 116289 start 1871048904134 mhz 2076.6
10-08 12:03:08.269 I/NpuProbe( 7792): [ggml] ggml-hex: HTP0 profile-op ADD|HTP0#attn_out-14#0 x l_out-13 -> ffn_inp-14|2048:27 x 2048:27 -> 2048:27|f32 x f32 -> f32|4:8192 x 4:8192 -> 4:8192|----|usec 20 cycles 42240 start 2738154420 mhz 2112.0
10-08 12:03:08.269 I/NpuProbe( 7792): [ggml] ggml-hex: HTP0 profile-op RMS_NORM+MUL|ffn_inp-14 x blk.14.ffn_norm.weight -> ffn_norm-14|2048:27 x 2048:1 -> 2048:27|f32 x f32 -> f32|4:8192 x 4:8192 -> 4:8192|row-block vtcm 8192000|usec 15 cycles 31895 start 2738196724 mhz 2126.3
10-08 12:03:08.269 I/NpuProbe( 7792): [ggml] ggml-hex: HTP0 profile-op OPBATCH|----|n-ops 2|----|----|----|usec 55 cycles 114087 start 1871050757989 mhz 2074.3
10-08 12:03:08.269 I/NpuProbe( 7792): [ggml] ggml-hex: HTP0 profile-op ADD|HTP0#ffn_out-14#0 x ffn_inp-14 -> l_out-14|2048:27 x 2048:27 -> 2048:27|f32 x f32 -> f32|4:8192 x 4:8192 -> 4:8192|----|usec 18 cycles 38865 start 2740012655 mhz 2159.2
10-08 12:03:08.269 I/NpuProbe( 7792): [ggml] ggml-hex: HTP0 profile-op RMS_NORM+MUL|l_out-14 x blk.15.attn_norm.weight -> attn_norm-15|2048:27 x 2048:1 -> 2048:27|f32 x f32 -> f32|4:8192 x 4:8192 -> 4:8192|row-block vtcm 8192000|usec 13 cycles 28200 start 2740051571 mhz 2169.2
10-08 12:03:08.269 I/NpuProbe( 7792): [ggml] ggml-hex: HTP0 profile-op OPBATCH|----|n-ops 2|----|----|----|usec 61 cycles 126595 start 1871051661933 mhz 2075.3
10-08 12:03:08.269 I/NpuProbe( 7792): [ggml] ggml-hex: HTP0 profile-op ROPE|HTP0#Qcur-15#0 x HTP0#leaf_5#0 -> Qcur-15|128:16:27:1 x 27:1 -> 128:16:27:1|f32 x i32 -> f32|4:512:8192:221184 x 4:108 -> 4:512:8192:221184|----|usec 22 cycles 46878 start 2740911320 mhz 2130.8
10-08 12:03:08.269 I/NpuProbe( 7792): [ggml] ggml-hex: HTP0 profile-op RMS_NORM+MUL|Qcur-15 x blk.15.attn_q_norm.weight -> Qcur_norm-15|128:16:27:1 x 128:1 -> 128:16:27:1|f32 x f32 -> f32|4:512:8192:221184 x 4:512 -> 4:512:8192:221184|row-block vtcm 8376320|usec 19 cycles 38847 start 2740958262 mhz 2044.6
10-08 12:03:08.269 I/NpuProbe( 7792): [ggml] ggml-hex: HTP0 profile-op OPBATCH|----|n-ops 5|----|----|----|usec 283 cycles 577084 start 1871052476473 mhz 2039.2
10-08 12:03:08.269 I/NpuProbe( 7792): [ggml] ggml-hex: HTP0 profile-op ROPE|HTP0#Kcur-15#0 x HTP0#leaf_5#0 -> Kcur-15|128:4:27:1 x 27:1 -> 128:4:27:1|f32 x i32 -> f32|4:512:2048:55296 x 4:108 -> 4:512:2048:55296|----|usec 18 cycles 38104 start 2741728595 mhz 2116.9
10-08 12:03:08.269 I/NpuProbe( 7792): [ggml] ggml-hex: HTP0 profile-op RMS_NORM+MUL|Kcur-15 x blk.15.attn_k_norm.weight -> Kcur_norm-15|128:4:27:1 x 128:1 -> 128:4:27:1|f32 x f32 -> f32|4:512:2048:55296 x 4:512 -> 4:512:2048:55296|row-block vtcm 8376320|usec 10 cycles 20736 start 2741766763 mhz 2073.6
10-08 12:03:08.269 I/NpuProbe( 7792): [ggml] ggml-hex: HTP0 profile-op SET_ROWS|Kcur_norm-15 (view) x HTP0#leaf_10#0 x cache_k_l15 -> cache_k_l15 (view)|512:27 x 27:1 x 512:2048 -> 512:2048|f32 x i64 x f16 -> f16|4:2048 x 8:216 x 2:1024 -> 2:1024|----|usec 4 cycles 8171 start 2741787525 mhz 2042.8
10-08 12:03:08.269 I/NpuProbe( 7792): [ggml] ggml-hex: HTP0 profile-op SET_ROWS|HTP0#Vcur-15 (view)#0 x HTP0#leaf_12#0 x cache_v_l15 -> cache_v_l15 (view)|512:27 x 27:1 x 512:2048 -> 512:2048|f32 x i64 x f16 -> f16|4:2048 x 8:216 x 2:1024 -> 2:1024|----|usec 2 cycles 6032 start 2741795722 mhz 3016.0
10-08 12:03:08.269 I/NpuProbe( 7792): [ggml] ggml-hex: HTP0 profile-op FLASH_ATTN_EXT|Qcur_norm-15 (view) (permuted) x cache_k_l15 (view) (permuted) x cache_v_l15 (view) (permuted) x HTP0#attn_inp_kq_mask#0 -> node_550|128:27:16:1 x 128:256:4:1 x 128:256:4:1 x 256:27 -> 128:16:27:1|f32 x f16 x f16 x f16 -> f32|4:8192:512:221184! x 2:1024:256:2097152! x 2:1024:256:2097152! x 2:512 -> 4:512:8192:221184|hmx-pipe vtcm 310016|usec 223 cycles 454106 start 2741801780 mhz 2036.3
10-08 12:03:08.269 I/NpuProbe( 7792): [ggml] ggml-hex: HTP0 profile-op OPBATCH|----|n-ops 2|----|----|----|usec 56 cycles 114943 start 1871053843183 mhz 2052.6
10-08 12:03:08.269 I/NpuProbe( 7792): [ggml] ggml-hex: HTP0 profile-op ADD|HTP0#attn_out-15#0 x l_out-14 -> ffn_inp-15|2048:27 x 2048:27 -> 2048:27|f32 x f32 -> f32|4:8192 x 4:8192 -> 4:8192|----|usec 20 cycles 41784 start 2743093180 mhz 2089.2
10-08 12:03:08.269 I/NpuProbe( 7792): [ggml] ggml-hex: HTP0 profile-op RMS_NORM+MUL|ffn_inp-15 x blk.15.ffn_norm.weight -> ffn_norm-15|2048:27 x 2048:1 -> 2048:27|f32 x f32 -> f32|4:8192 x 4:8192 -> 4:8192|row-block vtcm 8192000|usec 15 cycles 31825 start 2743135025 mhz 2121.7
10-08 12:03:08.269 I/NpuProbe( 7792): [ggml] ggml-hex: HTP0 profile-op OPBATCH|----|n-ops 2|----|----|----|usec 168 cycles 342886 start 1871055745967 mhz 2041.0
10-08 12:03:08.269 I/NpuProbe( 7792): [ggml] ggml-hex: HTP0 profile-op ADD|HTP0#ffn_out-15#0 x ffn_inp-15 -> l_out-15|2048:27 x 2048:27 -> 2048:27|f32 x f32 -> f32|4:8192 x 4:8192 -> 4:8192|----|usec 70 cycles 143720 start 2745042103 mhz 2053.1
10-08 12:03:08.269 I/NpuProbe( 7792): [ggml] ggml-hex: HTP0 profile-op RMS_NORM+MUL|l_out-15 x blk.16.attn_norm.weight -> attn_norm-16|2048:27 x 2048:1 -> 2048:27|f32 x f32 -> f32|4:8192 x 4:8192 -> 4:8192|row-block vtcm 8192000|usec 53 cycles 108009 start 2745185875 mhz 2037.9
10-08 12:03:08.269 I/NpuProbe( 7792): [ggml] ggml-hex: HTP0 profile-op OPBATCH|----|n-ops 2|----|----|----|usec 62 cycles 127624 start 1871056855954 mhz 2058.5
10-08 12:03:08.269 I/NpuProbe( 7792): [ggml] ggml-hex: HTP0 profile-op ROPE|HTP0#Qcur-16#0 x HTP0#leaf_5#0 -> Qcur-16|128:16:27:1 x 27:1 -> 128:16:27:1|f32 x i32 -> f32|4:512:8192:221184 x 4:108 -> 4:512:8192:221184|----|usec 22 cycles 46847 start 2746105739 mhz 2129.4
10-08 12:03:08.269 I/NpuProbe( 7792): [ggml] ggml-hex: HTP0 profile-op RMS_NORM+MUL|Qcur-16 x blk.16.attn_q_norm.weight -> Qcur_norm-16|128:16:27:1 x 128:1 -> 128:16:27:1|f32 x f32 -> f32|4:512:8192:221184 x 4:512 -> 4:512:8192:221184|row-block vtcm 8376320|usec 19 cycles 39180 start 2746152650 mhz 2062.1
10-08 12:03:08.269 I/NpuProbe( 7792): [ggml] ggml-hex: HTP0 profile-op OPBATCH|----|n-ops 5|----|----|----|usec 283 cycles 578012 start 1871057846514 mhz 2042.4
10-08 12:03:08.269 I/NpuProbe( 7792): [ggml] ggml-hex: HTP0 profile-op ROPE|HTP0#Kcur-16#0 x HTP0#leaf_5#0 -> Kcur-16|128:4:27:1 x 27:1 -> 128:4:27:1|f32 x i32 -> f32|4:512:2048:55296 x 4:108 -> 4:512:2048:55296|----|usec 17 cycles 37187 start 2747099423 mhz 2187.5
10-08 12:03:08.269 I/NpuProbe( 7792): [ggml] ggml-hex: HTP0 profile-op RMS_NORM+MUL|Kcur-16 x blk.16.attn_k_norm.weight -> Kcur_norm-16|128:4:27:1 x 128:1 -> 128:4:27:1|f32 x f32 -> f32|4:512:2048:55296 x 4:512 -> 4:512:2048:55296|row-block vtcm 8376320|usec 9 cycles 19334 start 2747136684 mhz 2148.2
10-08 12:03:08.269 I/NpuProbe( 7792): [ggml] ggml-hex: HTP0 profile-op SET_ROWS|Kcur_norm-16 (view) x HTP0#leaf_10#0 x cache_k_l16 -> cache_k_l16 (view)|512:27 x 27:1 x 512:2048 -> 512:2048|f32 x i64 x f16 -> f16|4:2048 x 8:216 x 2:1024 -> 2:1024|----|usec 4 cycles 8288 start 2747156044 mhz 2072.0
10-08 12:03:08.269 I/NpuProbe( 7792): [ggml] ggml-hex: HTP0 profile-op SET_ROWS|HTP0#Vcur-16 (view)#0 x HTP0#leaf_12#0 x cache_v_l16 -> cache_v_l16 (view)|512:27 x 27:1 x 512:2048 -> 512:2048|f32 x i64 x f16 -> f16|4:2048 x 8:216 x 2:1024 -> 2:1024|----|usec 2 cycles 5312 start 2747164361 mhz 2656.0
10-08 12:03:08.269 I/NpuProbe( 7792): [ggml] ggml-hex: HTP0 profile-op FLASH_ATTN_EXT|Qcur_norm-16 (view) (permuted) x cache_k_l16 (view) (permuted) x cache_v_l16 (view) (permuted) x HTP0#attn_inp_kq_mask#0 -> node_585|128:27:16:1 x 128:256:4:1 x 128:256:4:1 x 256:27 -> 128:16:27:1|f32 x f16 x f16 x f16 -> f32|4:8192:512:221184! x 2:1024:256:2097152! x 2:1024:256:2097152! x 2:512 -> 4:512:8192:221184|hmx-pipe vtcm 310016|usec 224 cycles 457181 start 2747169699 mhz 2041.0
10-08 12:03:08.269 I/NpuProbe( 7792): [ggml] ggml-hex: HTP0 profile-op OPBATCH|----|n-ops 2|----|----|----|usec 57 cycles 117772 start 1871059193358 mhz 2066.2
10-08 12:03:08.269 I/NpuProbe( 7792): [ggml] ggml-hex: HTP0 profile-op ADD|HTP0#attn_out-16#0 x l_out-15 -> ffn_inp-16|2048:27 x 2048:27 -> 2048:27|f32 x f32 -> f32|4:8192 x 4:8192 -> 4:8192|----|usec 21 cycles 43768 start 2748444137 mhz 2084.2
10-08 12:03:08.269 I/NpuProbe( 7792): [ggml] ggml-hex: HTP0 profile-op RMS_NORM+MUL|ffn_inp-16 x blk.16.ffn_norm.weight -> ffn_norm-16|2048:27 x 2048:1 -> 2048:27|f32 x f32 -> f32|4:8192 x 4:8192 -> 4:8192|row-block vtcm 8192000|usec 15 cycles 31684 start 2748487966 mhz 2112.3
10-08 12:03:08.269 I/NpuProbe( 7792): [ggml] ggml-hex: HTP0 profile-op OPBATCH|----|n-ops 2|----|----|----|usec 54 cycles 111034 start 1871061053237 mhz 2056.2
10-08 12:03:08.269 I/NpuProbe( 7792): [ggml] ggml-hex: HTP0 profile-op ADD|HTP0#ffn_out-16#0 x ffn_inp-16 -> l_out-16|2048:27 x 2048:27 -> 2048:27|f32 x f32 -> f32|4:8192 x 4:8192 -> 4:8192|----|usec 18 cycles 36999 start 2750305841 mhz 2055.5
10-08 12:03:08.269 I/NpuProbe( 7792): [ggml] ggml-hex: HTP0 profile-op RMS_NORM+MUL|l_out-16 x blk.17.attn_norm.weight -> attn_norm-17|2048:27 x 2048:1 -> 2048:27|f32 x f32 -> f32|4:8192 x 4:8192 -> 4:8192|row-block vtcm 8192000|usec 13 cycles 28359 start 2750342905 mhz 2181.5
10-08 12:03:08.269 I/NpuProbe( 7792): [ggml] ggml-hex: HTP0 profile-op OPBATCH|----|n-ops 2|----|----|----|usec 64 cycles 130974 start 1871061933006 mhz 2046.5
10-08 12:03:08.269 I/NpuProbe( 7792): [ggml] ggml-hex: HTP0 profile-op ROPE|HTP0#Qcur-17#0 x HTP0#leaf_5#0 -> Qcur-17|128:16:27:1 x 27:1 -> 128:16:27:1|f32 x i32 -> f32|4:512:8192:221184 x 4:108 -> 4:512:8192:221184|----|usec 23 cycles 47981 start 2751182749 mhz 2086.1
10-08 12:03:08.269 I/NpuProbe( 7792): [ggml] ggml-hex: HTP0 profile-op RMS_NORM+MUL|Qcur-17 x blk.17.attn_q_norm.weight -> Qcur_norm-17|128:16:27:1 x 128:1 -> 128:16:27:1|f32 x f32 -> f32|4:512:8192:221184 x 4:512 -> 4:512:8192:221184|row-block vtcm 8376320|usec 19 cycles 40424 start 2751230794 mhz 2127.6
10-08 12:03:08.269 I/NpuProbe( 7792): [ggml] ggml-hex: HTP0 profile-op OPBATCH|----|n-ops 5|----|----|----|usec 284 cycles 579547 start 1871062745031 mhz 2040.7
10-08 12:03:08.269 I/NpuProbe( 7792): [ggml] ggml-hex: HTP0 profile-op ROPE|HTP0#Kcur-17#0 x HTP0#leaf_5#0 -> Kcur-17|128:4:27:1 x 27:1 -> 128:4:27:1|f32 x i32 -> f32|4:512:2048:55296 x 4:108 -> 4:512:2048:55296|----|usec 17 cycles 35956 start 2751998579 mhz 2115.1
10-08 12:03:08.269 I/NpuProbe( 7792): [ggml] ggml-hex: HTP0 profile-op RMS_NORM+MUL|Kcur-17 x blk.17.attn_k_norm.weight -> Kcur_norm-17|128:4:27:1 x 128:1 -> 128:4:27:1|f32 x f32 -> f32|4:512:2048:55296 x 4:512 -> 4:512:2048:55296|row-block vtcm 8376320|usec 9 cycles 19378 start 2752034583 mhz 2153.1
10-08 12:03:08.269 I/NpuProbe( 7792): [ggml] ggml-hex: HTP0 profile-op SET_ROWS|Kcur_norm-17 (view) x HTP0#leaf_10#0 x cache_k_l17 -> cache_k_l17 (view)|512:27 x 27:1 x 512:2048 -> 512:2048|f32 x i64 x f16 -> f16|4:2048 x 8:216 x 2:1024 -> 2:1024|----|usec 3 cycles 7909 start 2752054000 mhz 2636.3
10-08 12:03:08.269 I/NpuProbe( 7792): [ggml] ggml-hex: HTP0 profile-op SET_ROWS|HTP0#Vcur-17 (view)#0 x HTP0#leaf_12#0 x cache_v_l17 -> cache_v_l17 (view)|512:27 x 27:1 x 512:2048 -> 512:2048|f32 x i64 x f16 -> f16|4:2048 x 8:216 x 2:1024 -> 2:1024|----|usec 2 cycles 5242 start 2752061935 mhz 2621.0
10-08 12:03:08.269 I/NpuProbe( 7792): [ggml] ggml-hex: HTP0 profile-op FLASH_ATTN_EXT|Qcur_norm-17 (view) (permuted) x cache_k_l17 (view) (permuted) x cache_v_l17 (view) (permuted) x HTP0#attn_inp_kq_mask#0 -> node_620|128:27:16:1 x 128:256:4:1 x 128:256:4:1 x 256:27 -> 128:16:27:1|f32 x f16 x f16 x f16 -> f32|4:8192:512:221184! x 2:1024:256:2097152! x 2:1024:256:2097152! x 2:512 -> 4:512:8192:221184|hmx-pipe vtcm 310016|usec 225 cycles 458748 start 2752067203 mhz 2038.9
10-08 12:03:08.269 I/NpuProbe( 7792): [ggml] ggml-hex: HTP0 profile-op OPBATCH|----|n-ops 2|----|----|----|usec 56 cycles 116058 start 1871064113822 mhz 2072.5
10-08 12:03:08.269 I/NpuProbe( 7792): [ggml] ggml-hex: HTP0 profile-op ADD|HTP0#attn_out-17#0 x l_out-16 -> ffn_inp-17|2048:27 x 2048:27 -> 2048:27|f32 x f32 -> f32|4:8192 x 4:8192 -> 4:8192|----|usec 20 cycles 43217 start 2753363386 mhz 2160.9
10-08 12:03:08.269 I/NpuProbe( 7792): [ggml] ggml-hex: HTP0 profile-op RMS_NORM+MUL|ffn_inp-17 x blk.17.ffn_norm.weight -> ffn_norm-17|2048:27 x 2048:1 -> 2048:27|f32 x f32 -> f32|4:8192 x 4:8192 -> 4:8192|row-block vtcm 8192000|usec 15 cycles 30794 start 2753406667 mhz 2052.9
10-08 12:03:08.269 I/NpuProbe( 7792): [ggml] ggml-hex: HTP0 profile-op OPBATCH|----|n-ops 2|----|----|----|usec 55 cycles 113242 start 1871065960760 mhz 2058.9
10-08 12:03:08.269 I/NpuProbe( 7792): [ggml] ggml-hex: HTP0 profile-op ADD|HTP0#ffn_out-17#0 x ffn_inp-17 -> l_out-17|2048:27 x 2048:27 -> 2048:27|f32 x f32 -> f32|4:8192 x 4:8192 -> 4:8192|----|usec 18 cycles 38932 start 2755213239 mhz 2162.9
10-08 12:03:08.269 I/NpuProbe( 7792): [ggml] ggml-hex: HTP0 profile-op RMS_NORM+MUL|l_out-17 x blk.18.attn_norm.weight -> attn_norm-18|2048:27 x 2048:1 -> 2048:27|f32 x f32 -> f32|4:8192 x 4:8192 -> 4:8192|row-block vtcm 8192000|usec 14 cycles 28545 start 2755252223 mhz 2038.9
10-08 12:03:08.269 I/NpuProbe( 7792): [ggml] ggml-hex: HTP0 profile-op OPBATCH|----|n-ops 2|----|----|----|usec 60 cycles 124703 start 1871066856306 mhz 2078.4
10-08 12:03:08.269 I/NpuProbe( 7792): [ggml] ggml-hex: HTP0 profile-op ROPE|HTP0#Qcur-18#0 x HTP0#leaf_5#0 -> Qcur-18|128:16:27:1 x 27:1 -> 128:16:27:1|f32 x i32 -> f32|4:512:8192:221184 x 4:108 -> 4:512:8192:221184|----|usec 21 cycles 45133 start 2756105875 mhz 2149.2
10-08 12:03:08.269 I/NpuProbe( 7792): [ggml] ggml-hex: HTP0 profile-op RMS_NORM+MUL|Qcur-18 x blk.18.attn_q_norm.weight -> Qcur_norm-18|128:16:27:1 x 128:1 -> 128:16:27:1|f32 x f32 -> f32|4:512:8192:221184 x 4:512 -> 4:512:8192:221184|row-block vtcm 8376320|usec 19 cycles 38832 start 2756151072 mhz 2043.8
10-08 12:03:08.269 I/NpuProbe( 7792): [ggml] ggml-hex: HTP0 profile-op OPBATCH|----|n-ops 5|----|----|----|usec 283 cycles 576829 start 1871067690216 mhz 2038.3
10-08 12:03:08.269 I/NpuProbe( 7792): [ggml] ggml-hex: HTP0 profile-op ROPE|HTP0#Kcur-18#0 x HTP0#leaf_5#0 -> Kcur-18|128:4:27:1 x 27:1 -> 128:4:27:1|f32 x i32 -> f32|4:512:2048:55296 x 4:108 -> 4:512:2048:55296|----|usec 17 cycles 35328 start 2756943118 mhz 2078.1
10-08 12:03:08.269 I/NpuProbe( 7792): [ggml] ggml-hex: HTP0 profile-op RMS_NORM+MUL|Kcur-18 x blk.18.attn_k_norm.weight -> Kcur_norm-18|128:4:27:1 x 128:1 -> 128:4:27:1|f32 x f32 -> f32|4:512:2048:55296 x 4:512 -> 4:512:2048:55296|row-block vtcm 8376320|usec 9 cycles 19233 start 2756978510 mhz 2137.0
10-08 12:03:08.269 I/NpuProbe( 7792): [ggml] ggml-hex: HTP0 profile-op SET_ROWS|Kcur_norm-18 (view) x HTP0#leaf_10#0 x cache_k_l18 -> cache_k_l18 (view)|512:27 x 27:1 x 512:2048 -> 512:2048|f32 x i64 x f16 -> f16|4:2048 x 8:216 x 2:1024 -> 2:1024|----|usec 3 cycles 7777 start 2756997769 mhz 2592.3
10-08 12:03:08.269 I/NpuProbe( 7792): [ggml] ggml-hex: HTP0 profile-op SET_ROWS|HTP0#Vcur-18 (view)#0 x HTP0#leaf_12#0 x cache_v_l18 -> cache_v_l18 (view)|512:27 x 27:1 x 512:2048 -> 512:2048|f32 x i64 x f16 -> f16|4:2048 x 8:216 x 2:1024 -> 2:1024|----|usec 2 cycles 4940 start 2757005572 mhz 2470.0
10-08 12:03:08.269 I/NpuProbe( 7792): [ggml] ggml-hex: HTP0 profile-op FLASH_ATTN_EXT|Qcur_norm-18 (view) (permuted) x cache_k_l18 (view) (permuted) x cache_v_l18 (view) (permuted) x HTP0#attn_inp_kq_mask#0 -> node_655|128:27:16:1 x 128:256:4:1 x 128:256:4:1 x 256:27 -> 128:16:27:1|f32 x f16 x f16 x f16 -> f32|4:8192:512:221184! x 2:1024:256:2097152! x 2:1024:256:2097152! x 2:512 -> 4:512:8192:221184|hmx-pipe vtcm 310016|usec 225 cycles 458739 start 2757010543 mhz 2038.8
10-08 12:03:08.269 I/NpuProbe( 7792): [ggml] ggml-hex: HTP0 profile-op OPBATCH|----|n-ops 2|----|----|----|usec 57 cycles 116726 start 1871069056655 mhz 2047.8
10-08 12:03:08.269 I/NpuProbe( 7792): [ggml] ggml-hex: HTP0 profile-op ADD|HTP0#attn_out-18#0 x l_out-17 -> ffn_inp-18|2048:27 x 2048:27 -> 2048:27|f32 x f32 -> f32|4:8192 x 4:8192 -> 4:8192|----|usec 20 cycles 42888 start 2758306836 mhz 2144.4
10-08 12:03:08.269 I/NpuProbe( 7792): [ggml] ggml-hex: HTP0 profile-op RMS_NORM+MUL|ffn_inp-18 x blk.18.ffn_norm.weight -> ffn_norm-18|2048:27 x 2048:1 -> 2048:27|f32 x f32 -> f32|4:8192 x 4:8192 -> 4:8192|row-block vtcm 8192000|usec 15 cycles 31548 start 2758349788 mhz 2103.2
10-08 12:03:08.269 I/NpuProbe( 7792): [ggml] ggml-hex: HTP0 profile-op OPBATCH|----|n-ops 2|----|----|----|usec 57 cycles 118403 start 1871070976264 mhz 2077.2
10-08 12:03:08.269 I/NpuProbe( 7792): [ggml] ggml-hex: HTP0 profile-op ADD|HTP0#ffn_out-18#0 x ffn_inp-18 -> l_out-18|2048:27 x 2048:27 -> 2048:27|f32 x f32 -> f32|4:8192 x 4:8192 -> 4:8192|----|usec 20 cycles 42493 start 2760229102 mhz 2124.6
10-08 12:03:08.269 I/NpuProbe( 7792): [ggml] ggml-hex: HTP0 profile-op RMS_NORM+MUL|l_out-18 x blk.19.attn_norm.weight -> attn_norm-19|2048:27 x 2048:1 -> 2048:27|f32 x f32 -> f32|4:8192 x 4:8192 -> 4:8192|row-block vtcm 8192000|usec 15 cycles 30740 start 2760271645 mhz 2049.3
10-08 12:03:08.269 I/NpuProbe( 7792): [ggml] ggml-hex: HTP0 profile-op OPBATCH|----|n-ops 2|----|----|----|usec 61 cycles 125497 start 1871071864971 mhz 2057.3
10-08 12:03:08.269 I/NpuProbe( 7792): [ggml] ggml-hex: HTP0 profile-op ROPE|HTP0#Qcur-19#0 x HTP0#leaf_5#0 -> Qcur-19|128:16:27:1 x 27:1 -> 128:16:27:1|f32 x i32 -> f32|4:512:8192:221184 x 4:108 -> 4:512:8192:221184|----|usec 22 cycles 45880 start 2761114577 mhz 2085.5
10-08 12:03:08.269 I/NpuProbe( 7792): [ggml] ggml-hex: HTP0 profile-op RMS_NORM+MUL|Qcur-19 x blk.19.attn_q_norm.weight -> Qcur_norm-19|128:16:27:1 x 128:1 -> 128:16:27:1|f32 x f32 -> f32|4:512:8192:221184 x 4:512 -> 4:512:8192:221184|row-block vtcm 8376320|usec 18 cycles 38602 start 2761160528 mhz 2144.6
10-08 12:03:08.269 I/NpuProbe( 7792): [ggml] ggml-hex: HTP0 profile-op OPBATCH|----|n-ops 5|----|----|----|usec 284 cycles 579590 start 1871072725368 mhz 2040.8
10-08 12:03:08.269 I/NpuProbe( 7792): [ggml] ggml-hex: HTP0 profile-op ROPE|HTP0#Kcur-19#0 x HTP0#leaf_5#0 -> Kcur-19|128:4:27:1 x 27:1 -> 128:4:27:1|f32 x i32 -> f32|4:512:2048:55296 x 4:108 -> 4:512:2048:55296|----|usec 17 cycles 36631 start 2761977276 mhz 2154.8
10-08 12:03:08.269 I/NpuProbe( 7792): [ggml] ggml-hex: HTP0 profile-op RMS_NORM+MUL|Kcur-19 x blk.19.attn_k_norm.weight -> Kcur_norm-19|128:4:27:1 x 128:1 -> 128:4:27:1|f32 x f32 -> f32|4:512:2048:55296 x 4:512 -> 4:512:2048:55296|row-block vtcm 8376320|usec 9 cycles 19272 start 2762013971 mhz 2141.3
10-08 12:03:08.269 I/NpuProbe( 7792): [ggml] ggml-hex: HTP0 profile-op SET_ROWS|Kcur_norm-19 (view) x HTP0#leaf_10#0 x cache_k_l19 -> cache_k_l19 (view)|512:27 x 27:1 x 512:2048 -> 512:2048|f32 x i64 x f16 -> f16|4:2048 x 8:216 x 2:1024 -> 2:1024|----|usec 3 cycles 8043 start 2762033269 mhz 2681.0
10-08 12:03:08.269 I/NpuProbe( 7792): [ggml] ggml-hex: HTP0 profile-op SET_ROWS|HTP0#Vcur-19 (view)#0 x HTP0#leaf_12#0 x cache_v_l19 -> cache_v_l19 (view)|512:27 x 27:1 x 512:2048 -> 512:2048|f32 x i64 x f16 -> f16|4:2048 x 8:216 x 2:1024 -> 2:1024|----|usec 2 cycles 5947 start 2762041338 mhz 2973.5
10-08 12:03:08.269 I/NpuProbe( 7792): [ggml] ggml-hex: HTP0 profile-op FLASH_ATTN_EXT|Qcur_norm-19 (view) (permuted) x cache_k_l19 (view) (permuted) x cache_v_l19 (view) (permuted) x HTP0#attn_inp_kq_mask#0 -> node_690|128:27:16:1 x 128:256:4:1 x 128:256:4:1 x 256:27 -> 128:16:27:1|f32 x f16 x f16 x f16 -> f32|4:8192:512:221184! x 2:1024:256:2097152! x 2:1024:256:2097152! x 2:512 -> 4:512:8192:221184|hmx-pipe vtcm 310016|usec 225 cycles 459817 start 2762047311 mhz 2043.6
10-08 12:03:08.269 I/NpuProbe( 7792): [ggml] ggml-hex: HTP0 profile-op OPBATCH|----|n-ops 2|----|----|----|usec 56 cycles 115825 start 1871074094709 mhz 2068.3
10-08 12:03:14.021 I/NpuProbe( 6091): nativeLibraryDir=/data/app/~~k-sqWv1b76V8LmSKmdVxqA==/br.gov.sp.pcsp.npuprobe-9joaf9k9VohDWEFgEww73A==/lib/arm64
10-08 12:03:14.021 I/NpuProbe( 6091): runProbe PULADO (p4-auto presente; preinit do tune)
10-08 12:03:14.021 I/NpuProbe( 6091): REPORT:
10-08 12:03:14.021 I/NpuProbe( 6091): (runProbe PULADO: p4-auto presente; evita init Hexagon pre-tune - R8)
10-08 12:03:14.021 I/NpuProbe( 6091): AUTO-GATILHO='smart:sessao'
10-08 12:03:14.022 I/NpuProbe( 6091): SMART iniciando rota=sessao com /data/local/tmp/hymt2_app.gguf
10-08 12:03:14.022 I/NpuProbe( 6091): SMARTv2 rota='sessao' mutante=(none)
10-08 12:03:14.096 I/NpuProbe( 6091): SESSAO(9361aa2): 2 requests na mesma sessao (roles separados; JSON nativo em files/r6-sess.jsonl)
10-08 12:03:14.098 I/NpuProbe( 6091): PROMPT[0]: arquivo proprio (len=1101)
--------- beginning of main
10-08 12:03:08.268 I/NpuProbe( 7792): SESS[1] puro:htp puro: ok=1 pieces=26 prefill=1261.38ms gen=3467.50ms pp1=0.62ms wall=4729.3ms
10-08 12:03:08.268 I/NpuProbe( 7792): SESS[1] puro:htp puro texto_len=77 (integral no JSON)
10-08 12:03:08.268 I/NpuProbe( 7792): SESS[1] puro:htp lifecycle: load=0ms reset=1.80ms wall=4729.3ms
10-08 12:03:08.268 I/NpuProbe( 7792): SESS[1] puro:htp RESULTADO: PURO-EXECUTADO
10-08 12:03:08.268 I/NpuProbe( 7792): [ggml] ggml-hex: HTP0 profile-op OPBATCH|----|n-ops 1|----|----|----|usec 42 cycles 87146 start 1870974415640 mhz 2074.9
10-08 12:03:08.268 I/NpuProbe( 7792): [ggml] ggml-hex: HTP0 profile-op RMS_NORM+MUL|HTP0#embd#0 x blk.0.attn_norm.weight -> attn_norm-0|2048:27 x 2048:1 -> 2048:27|f32 x f32 -> f32|4:8192 x 4:8192 -> 4:8192|row-block vtcm 8192000|usec 20 cycles 41870 start 2663669513 mhz 2093.5
10-08 12:03:08.268 I/NpuProbe( 7792): [ggml] ggml-hex: HTP0 profile-op OPBATCH|----|n-ops 2|----|----|----|usec 165 cycles 337200 start 1870975602262 mhz 2043.6
10-08 12:03:08.268 I/NpuProbe( 7792): [ggml] ggml-hex: HTP0 profile-op ROPE|HTP0#Qcur-0#0 x HTP0#leaf_5#0 -> Qcur-0|128:16:27:1 x 27:1 -> 128:16:27:1|f32 x i32 -> f32|4:512:8192:221184 x 4:108 -> 4:512:8192:221184|----|usec 66 cycles 136191 start 2664892198 mhz 2063.5
10-08 12:03:08.268 I/NpuProbe( 7792): [ggml] ggml-hex: HTP0 profile-op RMS_NORM+MUL|Qcur-0 x blk.0.attn_q_norm.weight -> Qcur_norm-0|128:16:27:1 x 128:1 -> 128:16:27:1|f32 x f32 -> f32|4:512:8192:221184 x 4:512 -> 4:512:8192:221184|row-block vtcm 8376320|usec 56 cycles 115269 start 2665028454 mhz 2058.4
10-08 12:03:08.268 I/NpuProbe( 7792): [ggml] ggml-hex: HTP0 profile-op OPBATCH|----|n-ops 5|----|----|----|usec 289 cycles 590356 start 1870976952014 mhz 2042.8
10-08 12:03:08.268 I/NpuProbe( 7792): [ggml] ggml-hex: HTP0 profile-op ROPE|HTP0#Kcur-0#0 x HTP0#leaf_5#0 -> Kcur-0|128:4:27:1 x 27:1 -> 128:4:27:1|f32 x i32 -> f32|4:512:2048:55296 x 4:108 -> 4:512:2048:55296|----|usec 17 cycles 36656 start 2666204317 mhz 2156.2
10-08 12:03:08.268 I/NpuProbe( 7792): [ggml] ggml-hex: HTP0 profile-op RMS_NORM+MUL|Kcur-0 x blk.0.attn_k_norm.weight -> Kcur_norm-0|128:4:27:1 x 128:1 -> 128:4:27:1|f32 x f32 -> f32|4:512:2048:55296 x 4:512 -> 4:512:2048:55296|row-block vtcm 8376320|usec 9 cycles 19404 start 2666241051 mhz 2156.0
10-08 12:03:08.268 I/NpuProbe( 7792): [ggml] ggml-hex: HTP0 profile-op SET_ROWS|Kcur_norm-0 (view) x HTP0#leaf_10#0 x cache_k_l0 -> cache_k_l0 (view)|512:27 x 27:1 x 512:2048 -> 512:2048|f32 x i64 x f16 -> f16|4:2048 x 8:216 x 2:1024 -> 2:1024|----|usec 4 cycles 10074 start 2666260482 mhz 2518.5
10-08 12:03:08.268 I/NpuProbe( 7792): [ggml] ggml-hex: HTP0 profile-op SET_ROWS|HTP0#Vcur-0 (view)#0 x HTP0#leaf_12#0 x cache_v_l0 -> cache_v_l0 (view)|512:27 x 27:1 x 512:2048 -> 512:2048|f32 x i64 x f16 -> f16|4:2048 x 8:216 x 2:1024 -> 2:1024|----|usec 3 cycles 6177 start 2666270585 mhz 2059.0
10-08 12:03:08.268 I/NpuProbe( 7792): [ggml] ggml-hex: HTP0 profile-op FLASH_ATTN_EXT|Qcur_norm-0 (view) (permuted) x cache_k_l0 (view) (permuted) x cache_v_l0 (view) (permuted) x HTP0#attn_inp_kq_mask#0 -> node_25|128:27:16:1 x 128:256:4:1 x 128:256:4:1 x 256:27 -> 128:16:27:1|f32 x f16 x f16 x f16 -> f32|4:8192:512:221184! x 2:1024:256:2097152! x 2:1024:256:2097152! x 2:512 -> 4:512:8192:221184|hmx-pipe vtcm 310016|usec 229 cycles 466878 start 2666276795 mhz 2038.8
10-08 12:03:08.268 I/NpuProbe( 7792): [ggml] ggml-hex: HTP0 profile-op OPBATCH|----|n-ops 2|----|----|----|usec 58 cycles 119884 start 1870978543684 mhz 2067.0
10-08 12:03:08.268 I/NpuProbe( 7792): [ggml] ggml-hex: HTP0 profile-op ADD|HTP0#attn_out-0#0 x HTP0#embd#0 -> ffn_inp-0|2048:27 x 2048:27 -> 2048:27|f32 x f32 -> f32|4:8192 x 4:8192 -> 4:8192|----|usec 22 cycles 45877 start 2667793676 mhz 2085.3
10-08 12:03:08.268 I/NpuProbe( 7792): [ggml] ggml-hex: HTP0 profile-op RMS_NORM+MUL|ffn_inp-0 x blk.0.ffn_norm.weight -> ffn_norm-0|2048:27 x 2048:1 -> 2048:27|f32 x f32 -> f32|4:8192 x 4:8192 -> 4:8192|row-block vtcm 8192000|usec 15 cycles 32331 start 2667839614 mhz 2155.4
10-08 12:03:08.268 I/NpuProbe( 7792): [ggml] ggml-hex: HTP0 profile-op OPBATCH|----|n-ops 2|----|----|----|usec 53 cycles 109646 start 1870980642838 mhz 2068.8
10-08 12:03:08.268 I/NpuProbe( 7792): [ggml] ggml-hex: HTP0 profile-op ADD|HTP0#ffn_out-0#0 x ffn_inp-0 -> l_out-0|2048:27 x 2048:27 -> 2048:27|f32 x f32 -> f32|4:8192 x 4:8192 -> 4:8192|----|usec 17 cycles 36137 start 2669895610 mhz 2125.7
10-08 12:03:08.268 I/NpuProbe( 7792): [ggml] ggml-hex: HTP0 profile-op RMS_NORM+MUL|l_out-0 x blk.1.attn_norm.weight -> attn_norm-1|2048:27 x 2048:1 -> 2048:27|f32 x f32 -> f32|4:8192 x 4:8192 -> 4:8192|row-block vtcm 8192000|usec 13 cycles 28102 start 2669931799 mhz 2161.7
10-08 12:03:08.268 I/NpuProbe( 7792): [ggml] ggml-hex: HTP0 profile-op OPBATCH|----|n-ops 2|----|----|----|usec 62 cycles 127427 start 1870981535059 mhz 2055.3
10-08 12:03:08.268 I/NpuProbe( 7792): [ggml] ggml-hex: HTP0 profile-op ROPE|HTP0#Qcur-1#0 x HTP0#leaf_5#0 -> Qcur-1|128:16:27:1 x 27:1 -> 128:16:27:1|f32 x i32 -> f32|4:512:8192:221184 x 4:108 -> 4:512:8192:221184|----|usec 23 cycles 47454 start 2670784552 mhz 2063.2
10-08 12:03:08.268 I/NpuProbe( 7792): [ggml] ggml-hex: HTP0 profile-op RMS_NORM+MUL|Qcur-1 x blk.1.attn_q_norm.weight -> Qcur_norm-1|128:16:27:1 x 128:1 -> 128:16:27:1|f32 x f32 -> f32|4:512:8192:221184 x 4:512 -> 4:512:8192:221184|row-block vtcm 8376320|usec 19 cycles 38779 start 2670832080 mhz 2041.0
10-08 12:03:08.268 I/NpuProbe( 7792): [ggml] ggml-hex: HTP0 profile-op OPBATCH|----|n-ops 5|----|----|----|usec 286 cycles 584066 start 1870982372394 mhz 2042.2
10-08 12:03:08.268 I/NpuProbe( 7792): [ggml] ggml-hex: HTP0 profile-op ROPE|HTP0#Kcur-1#0 x HTP0#leaf_5#0 -> Kcur-1|128:4:27:1 x 27:1 -> 128:4:27:1|f32 x i32 -> f32|4:512:2048:55296 x 4:108 -> 4:512:2048:55296|----|usec 17 cycles 37190 start 2671625167 mhz 2187.6
10-08 12:03:08.268 I/NpuProbe( 7792): [ggml] ggml-hex: HTP0 profile-op RMS_NORM+MUL|Kcur-1 x blk.1.attn_k_norm.weight -> Kcur_norm-1|128:4:27:1 x 128:1 -> 128:4:27:1|f32 x f32 -> f32|4:512:2048:55296 x 4:512 -> 4:512:2048:55296|row-block vtcm 8376320|usec 9 cycles 19362 start 2671662421 mhz 2151.3
10-08 12:03:08.268 I/NpuProbe( 7792): [ggml] ggml-hex: HTP0 profile-op SET_ROWS|Kcur_norm-1 (view) x HTP0#leaf_10#0 x cache_k_l1 -> cache_k_l1 (view)|512:27 x 27:1 x 512:2048 -> 512:2048|f32 x i64 x f16 -> f16|4:2048 x 8:216 x 2:1024 -> 2:1024|----|usec 4 cycles 8498 start 2671681809 mhz 2124.5
10-08 12:03:08.268 I/NpuProbe( 7792): [ggml] ggml-hex: HTP0 profile-op SET_ROWS|HTP0#Vcur-1 (view)#0 x HTP0#leaf_12#0 x cache_v_l1 -> cache_v_l1 (view)|512:27 x 27:1 x 512:2048 -> 512:2048|f32 x i64 x f16 -> f16|4:2048 x 8:216 x 2:1024 -> 2:1024|----|usec 2 cycles 5402 start 2671690338 mhz 2701.0
10-08 12:03:08.268 I/NpuProbe( 7792): [ggml] ggml-hex: HTP0 profile-op FLASH_ATTN_EXT|Qcur_norm-1 (view) (permuted) x cache_k_l1 (view) (permuted) x cache_v_l1 (view) (permuted) x HTP0#attn_inp_kq_mask#0 -> node_60|128:27:16:1 x 128:256:4:1 x 128:256:4:1 x 256:27 -> 128:16:27:1|f32 x f16 x f16 x f16 -> f32|4:8192:512:221184! x 2:1024:256:2097152! x 2:1024:256:2097152! x 2:512 -> 4:512:8192:221184|hmx-pipe vtcm 310016|usec 227 cycles 462921 start 2671695766 mhz 2039.3
10-08 12:03:08.268 I/NpuProbe( 7792): [ggml] ggml-hex: HTP0 profile-op OPBATCH|----|n-ops 2|----|----|----|usec 56 cycles 114657 start 1870983732731 mhz 2047.4
10-08 12:03:08.268 I/NpuProbe( 7792): [ggml] ggml-hex: HTP0 profile-op ADD|HTP0#attn_out-1#0 x l_out-0 -> ffn_inp-1|2048:27 x 2048:27 -> 2048:27|f32 x f32 -> f32|4:8192 x 4:8192 -> 4:8192|----|usec 20 cycles 42541 start 2672982709 mhz 2127.1
10-08 12:03:08.269 I/NpuProbe( 7792): [ggml] ggml-hex: HTP0 profile-op RMS_NORM+MUL|ffn_inp-1 x blk.1.ffn_norm.weight -> ffn_norm-1|2048:27 x 2048:1 -> 2048:27|f32 x f32 -> f32|4:8192 x 4:8192 -> 4:8192|row-block vtcm 8192000|usec 15 cycles 30754 start 2673025311 mhz 2050.3
10-08 12:03:08.269 I/NpuProbe( 7792): [ggml] ggml-hex: HTP0 profile-op OPBATCH|----|n-ops 2|----|----|----|usec 54 cycles 111706 start 1870985653667 mhz 2068.6
10-08 12:03:08.269 I/NpuProbe( 7792): [ggml] ggml-hex: HTP0 profile-op ADD|HTP0#ffn_out-1#0 x ffn_inp-1 -> l_out-1|2048:27 x 2048:27 -> 2048:27|f32 x f32 -> f32|4:8192 x 4:8192 -> 4:8192|----|usec 18 cycles 37323 start 2674907954 mhz 2073.5
10-08 12:03:08.269 I/NpuProbe( 7792): [ggml] ggml-hex: HTP0 profile-op RMS_NORM+MUL|l_out-1 x blk.2.attn_norm.weight -> attn_norm-2|2048:27 x 2048:1 -> 2048:27|f32 x f32 -> f32|4:8192 x 4:8192 -> 4:8192|row-block vtcm 8192000|usec 13 cycles 27121 start 2674945326 mhz 2086.2
10-08 12:03:08.269 I/NpuProbe( 7792): [ggml] ggml-hex: HTP0 profile-op OPBATCH|----|n-ops 2|----|----|----|usec 60 cycles 123978 start 1870986554503 mhz 2066.3
10-08 12:03:08.269 I/NpuProbe( 7792): [ggml] ggml-hex: HTP0 profile-op ROPE|HTP0#Qcur-2#0 x HTP0#leaf_5#0 -> Qcur-2|128:16:27:1 x 27:1 -> 128:16:27:1|f32 x i32 -> f32|4:512:8192:221184 x 4:108 -> 4:512:8192:221184|----|usec 22 cycles 45342 start 2675803449 mhz 2061.0
10-08 12:03:08.269 I/NpuProbe( 7792): [ggml] ggml-hex: HTP0 profile-op RMS_NORM+MUL|Qcur-2 x blk.2.attn_q_norm.weight -> Qcur_norm-2|128:16:27:1 x 128:1 -> 128:16:27:1|f32 x f32 -> f32|4:512:8192:221184 x 4:512 -> 4:512:8192:221184|row-block vtcm 8376320|usec 18 cycles 38473 start 2675848855 mhz 2137.4
10-08 12:03:08.269 I/NpuProbe( 7792): [ggml] ggml-hex: HTP0 profile-op OPBATCH|----|n-ops 5|----|----|----|usec 280 cycles 571161 start 1870987696179 mhz 2039.9
10-08 12:03:08.269 I/NpuProbe( 7792): [ggml] ggml-hex: HTP0 profile-op ROPE|HTP0#Kcur-2#0 x HTP0#leaf_5#0 -> Kcur-2|128:4:27:1 x 27:1 -> 128:4:27:1|f32 x i32 -> f32|4:512:2048:55296 x 4:108 -> 4:512:2048:55296|----|usec 17 cycles 37095 start 2676948469 mhz 2182.1
10-08 12:03:08.269 I/NpuProbe( 7792): [ggml] ggml-hex: HTP0 profile-op RMS_NORM+MUL|Kcur-2 x blk.2.attn_k_norm.weight -> Kcur_norm-2|128:4:27:1 x 128:1 -> 128:4:27:1|f32 x f32 -> f32|4:512:2048:55296 x 4:512 -> 4:512:2048:55296|row-block vtcm 8376320|usec 9 cycles 19375 start 2676985628 mhz 2152.8
10-08 12:03:08.269 I/NpuProbe( 7792): [ggml] ggml-hex: HTP0 profile-op SET_ROWS|Kcur_norm-2 (view) x HTP0#leaf_10#0 x cache_k_l2 -> cache_k_l2 (view)|512:27 x 27:1 x 512:2048 -> 512:2048|f32 x i64 x f16 -> f16|4:2048 x 8:216 x 2:1024 -> 2:1024|----|usec 3 cycles 8133 start 2677005029 mhz 2711.0
10-08 12:03:08.269 I/NpuProbe( 7792): [ggml] ggml-hex: HTP0 profile-op SET_ROWS|HTP0#Vcur-2 (view)#0 x HTP0#leaf_12#0 x cache_v_l2 -> cache_v_l2 (view)|512:27 x 27:1 x 512:2048 -> 512:2048|f32 x i64 x f16 -> f16|4:2048 x 8:216 x 2:1024 -> 2:1024|----|usec 2 cycles 5266 start 2677013188 mhz 2633.0
10-08 12:03:08.269 I/NpuProbe( 7792): [ggml] ggml-hex: HTP0 profile-op FLASH_ATTN_EXT|Qcur_norm-2 (view) (permuted) x cache_k_l2 (view) (permuted) x cache_v_l2 (view) (permuted) x HTP0#attn_inp_kq_mask#0 -> node_95|128:27:16:1 x 128:256:4:1 x 128:256:4:1 x 256:27 -> 128:16:27:1|f32 x f16 x f16 x f16 -> f32|4:8192:512:221184! x 2:1024:256:2097152! x 2:1024:256:2097152! x 2:512 -> 4:512:8192:221184|hmx-pipe vtcm 310016|usec 221 cycles 450806 start 2677018480 mhz 2039.8
10-08 12:03:08.269 I/NpuProbe( 7792): [ggml] ggml-hex: HTP0 profile-op OPBATCH|----|n-ops 2|----|----|----|usec 55 cycles 113431 start 1870989042330 mhz 2062.4
10-08 12:03:08.269 I/NpuProbe( 7792): [ggml] ggml-hex: HTP0 profile-op ADD|HTP0#attn_out-2#0 x l_out-1 -> ffn_inp-2|2048:27 x 2048:27 -> 2048:27|f32 x f32 -> f32|4:8192 x 4:8192 -> 4:8192|----|usec 20 cycles 42597 start 2678292211 mhz 2129.9
10-08 12:03:08.269 I/NpuProbe( 7792): [ggml] ggml-hex: HTP0 profile-op RMS_NORM+MUL|ffn_inp-2 x blk.2.ffn_norm.weight -> ffn_norm-2|2048:27 x 2048:1 -> 2048:27|f32 x f32 -> f32|4:8192 x 4:8192 -> 4:8192|row-block vtcm 8192000|usec 14 cycles 29278 start 2678334872 mhz 2091.3
10-08 12:03:08.269 I/NpuProbe( 7792): [ggml] ggml-hex: HTP0 profile-op OPBATCH|----|n-ops 2|----|----|----|usec 54 cycles 112519 start 1870990960433 mhz 2083.7
10-08 12:03:08.269 I/NpuProbe( 7792): [ggml] ggml-hex: HTP0 profile-op ADD|HTP0#ffn_out-2#0 x ffn_inp-2 -> l_out-2|2048:27 x 2048:27 -> 2048:27|f32 x f32 -> f32|4:8192 x 4:8192 -> 4:8192|----|usec 18 cycles 37921 start 2680212981 mhz 2106.7
10-08 12:03:08.269 I/NpuProbe( 7792): [ggml] ggml-hex: HTP0 profile-op RMS_NORM+MUL|l_out-2 x blk.3.attn_norm.weight -> attn_norm-3|2048:27 x 2048:1 -> 2048:27|f32 x f32 -> f32|4:8192 x 4:8192 -> 4:8192|row-block vtcm 8192000|usec 14 cycles 29477 start 2680250954 mhz 2105.5
10-08 12:03:08.269 I/NpuProbe( 7792): [ggml] ggml-hex: HTP0 profile-op OPBATCH|----|n-ops 2|----|----|----|usec 62 cycles 128806 start 1870991949441 mhz 2077.5
10-08 12:03:08.269 I/NpuProbe( 7792): [ggml] ggml-hex: HTP0 profile-op ROPE|HTP0#Qcur-3#0 x HTP0#leaf_5#0 -> Qcur-3|128:16:27:1 x 27:1 -> 128:16:27:1|f32 x i32 -> f32|4:512:8192:221184 x 4:108 -> 4:512:8192:221184|----|usec 22 cycles 46590 start 2681199159 mhz 2117.7
10-08 12:03:08.269 I/NpuProbe( 7792): [ggml] ggml-hex: HTP0 profile-op RMS_NORM+MUL|Qcur-3 x blk.3.attn_q_norm.weight -> Qcur_norm-3|128:16:27:1 x 128:1 -> 128:16:27:1|f32 x f32 -> f32|4:512:8192:221184 x 4:512 -> 4:512:8192:221184|row-block vtcm 8376320|usec 19 cycles 40304 start 2681245810 mhz 2121.3
10-08 12:03:08.269 I/NpuProbe( 7792): [ggml] ggml-hex: HTP0 profile-op OPBATCH|----|n-ops 5|----|----|----|usec 280 cycles 571247 start 1870992769158 mhz 2040.2
10-08 12:03:08.269 I/NpuProbe( 7792): [ggml] ggml-hex: HTP0 profile-op ROPE|HTP0#Kcur-3#0 x HTP0#leaf_5#0 -> Kcur-3|128:4:27:1 x 27:1 -> 128:4:27:1|f32 x i32 -> f32|4:512:2048:55296 x 4:108 -> 4:512:2048:55296|----|usec 18 cycles 38107 start 2682022123 mhz 2117.1
10-08 12:03:08.269 I/NpuProbe( 7792): [ggml] ggml-hex: HTP0 profile-op RMS_NORM+MUL|Kcur-3 x blk.3.attn_k_norm.weight -> Kcur_norm-3|128:4:27:1 x 128:1 -> 128:4:27:1|f32 x f32 -> f32|4:512:2048:55296 x 4:512 -> 4:512:2048:55296|row-block vtcm 8376320|usec 10 cycles 21089 start 2682060310 mhz 2108.9
10-08 12:03:08.269 I/NpuProbe( 7792): [ggml] ggml-hex: HTP0 profile-op SET_ROWS|Kcur_norm-3 (view) x HTP0#leaf_10#0 x cache_k_l3 -> cache_k_l3 (view)|512:27 x 27:1 x 512:2048 -> 512:2048|f32 x i64 x f16 -> f16|4:2048 x 8:216 x 2:1024 -> 2:1024|----|usec 4 cycles 8250 start 2682081425 mhz 2062.5
10-08 12:03:08.269 I/NpuProbe( 7792): [ggml] ggml-hex: HTP0 profile-op SET_ROWS|HTP0#Vcur-3 (view)#0 x HTP0#leaf_12#0 x cache_v_l3 -> cache_v_l3 (view)|512:27 x 27:1 x 512:2048 -> 512:2048|f32 x i64 x f16 -> f16|4:2048 x 8:216 x 2:1024 -> 2:1024|----|usec 2 cycles 5440 start 2682089702 mhz 2720.0
10-08 12:03:08.269 I/NpuProbe( 7792): [ggml] ggml-hex: HTP0 profile-op FLASH_ATTN_EXT|Qcur_norm-3 (view) (permuted) x cache_k_l3 (view) (permuted) x cache_v_l3 (view) (permuted) x HTP0#attn_inp_kq_mask#0 -> node_130|128:27:16:1 x 128:256:4:1 x 128:256:4:1 x 256:27 -> 128:16:27:1|f32 x f16 x f16 x f16 -> f32|4:8192:512:221184! x 2:1024:256:2097152! x 2:1024:256:2097152! x 2:512 -> 4:512:8192:221184|hmx-pipe vtcm 310016|usec 220 cycles 448048 start 2682095168 mhz 2036.6
10-08 12:03:08.269 I/NpuProbe( 7792): [ggml] ggml-hex: HTP0 profile-op OPBATCH|----|n-ops 2|----|----|----|usec 57 cycles 117345 start 1870994131050 mhz 2058.7
10-08 12:03:08.269 I/NpuProbe( 7792): [ggml] ggml-hex: HTP0 profile-op ADD|HTP0#attn_out-3#0 x l_out-2 -> ffn_inp-3|2048:27 x 2048:27 -> 2048:27|f32 x f32 -> f32|4:8192 x 4:8192 -> 4:8192|----|usec 21 cycles 44539 start 2683381099 mhz 2120.9
10-08 12:03:08.269 I/NpuProbe( 7792): [ggml] ggml-hex: HTP0 profile-op RMS_NORM+MUL|ffn_inp-3 x blk.3.ffn_norm.weight -> ffn_norm-3|2048:27 x 2048:1 -> 2048:27|f32 x f32 -> f32|4:8192 x 4:8192 -> 4:8192|row-block vtcm 8192000|usec 15 cycles 31022 start 2683425699 mhz 2068.1
10-08 12:03:08.269 I/NpuProbe( 7792): [ggml] ggml-hex: HTP0 profile-op OPBATCH|----|n-ops 2|----|----|----|usec 57 cycles 117870 start 1870996071809 mhz 2067.9
10-08 12:03:08.269 I/NpuProbe( 7792): [ggml] ggml-hex: HTP0 profile-op ADD|HTP0#ffn_out-3#0 x ffn_inp-3 -> l_out-3|2048:27 x 2048:27 -> 2048:27|f32 x f32 -> f32|4:8192 x 4:8192 -> 4:8192|----|usec 19 cycles 39730 start 2685325311 mhz 2091.1
10-08 12:03:08.269 I/NpuProbe( 7792): [ggml] ggml-hex: HTP0 profile-op RMS_NORM+MUL|l_out-3 x blk.4.attn_norm.weight -> attn_norm-4|2048:27 x 2048:1 -> 2048:27|f32 x f32 -> f32|4:8192 x 4:8192 -> 4:8192|row-block vtcm 8192000|usec 15 cycles 31133 start 2685365092 mhz 2075.5
10-08 12:03:08.269 I/NpuProbe( 7792): [ggml] ggml-hex: HTP0 profile-op OPBATCH|----|n-ops 2|----|----|----|usec 61 cycles 126404 start 1870996979440 mhz 2072.2
10-08 12:03:08.269 I/NpuProbe( 7792): [ggml] ggml-hex: HTP0 profile-op ROPE|HTP0#Qcur-4#0 x HTP0#leaf_5#0 -> Qcur-4|128:16:27:1 x 27:1 -> 128:16:27:1|f32 x i32 -> f32|4:512:8192:221184 x 4:108 -> 4:512:8192:221184|----|usec 22 cycles 47214 start 2686228696 mhz 2146.1
10-08 12:03:08.269 I/NpuProbe( 7792): [ggml] ggml-hex: HTP0 profile-op RMS_NORM+MUL|Qcur-4 x blk.4.attn_q_norm.weight -> Qcur_norm-4|128:16:27:1 x 128:1 -> 128:16:27:1|f32 x f32 -> f32|4:512:8192:221184 x 4:512 -> 4:512:8192:221184|row-block vtcm 8376320|usec 18 cycles 38596 start 2686275974 mhz 2144.2
10-08 12:03:08.269 I/NpuProbe( 7792): [ggml] ggml-hex: HTP0 profile-op OPBATCH|----|n-ops 5|----|----|----|usec 282 cycles 576507 start 1870997788443 mhz 2044.4
10-08 12:03:08.269 I/NpuProbe( 7792): [ggml] ggml-hex: HTP0 profile-op ROPE|HTP0#Kcur-4#0 x HTP0#leaf_5#0 -> Kcur-4|128:4:27:1 x 27:1 -> 128:4:27:1|f32 x i32 -> f32|4:512:2048:55296 x 4:108 -> 4:512:2048:55296|----|usec 17 cycles 36485 start 2687040999 mhz 2146.2
10-08 12:03:08.269 I/NpuProbe( 7792): [ggml] ggml-hex: HTP0 profile-op RMS_NORM+MUL|Kcur-4 x blk.4.attn_k_norm.weight -> Kcur_norm-4|128:4:27:1 x 128:1 -> 128:4:27:1|f32 x f32 -> f32|4:512:2048:55296 x 4:512 -> 4:512:2048:55296|row-block vtcm 8376320|usec 9 cycles 19638 start 2687077548 mhz 2182.0
10-08 12:03:08.269 I/NpuProbe( 7792): [ggml] ggml-hex: HTP0 profile-op SET_ROWS|Kcur_norm-4 (view) x HTP0#leaf_10#0 x cache_k_l4 -> cache_k_l4 (view)|512:27 x 27:1 x 512:2048 -> 512:2048|f32 x i64 x f16 -> f16|4:2048 x 8:216 x 2:1024 -> 2:1024|----|usec 4 cycles 8465 start 2687097212 mhz 2116.2
10-08 12:03:08.269 I/NpuProbe( 7792): [ggml] ggml-hex: HTP0 profile-op SET_ROWS|HTP0#Vcur-4 (view)#0 x HTP0#leaf_12#0 x cache_v_l4 -> cache_v_l4 (view)|512:27 x 27:1 x 512:2048 -> 512:2048|f32 x i64 x f16 -> f16|4:2048 x 8:216 x 2:1024 -> 2:1024|----|usec 2 cycles 5386 start 2687105703 mhz 2693.0
10-08 12:03:08.269 I/NpuProbe( 7792): [ggml] ggml-hex: HTP0 profile-op FLASH_ATTN_EXT|Qcur_norm-4 (view) (permuted) x cache_k_l4 (view) (permuted) x cache_v_l4 (view) (permuted) x HTP0#attn_inp_kq_mask#0 -> node_165|128:27:16:1 x 128:256:4:1 x 128:256:4:1 x 256:27 -> 128:16:27:1|f32 x f16 x f16 x f16 -> f32|4:8192:512:221184! x 2:1024:256:2097152! x 2:1024:256:2097152! x 2:512 -> 4:512:8192:221184|hmx-pipe vtcm 310016|usec 224 cycles 456482 start 2687111115 mhz 2037.9
10-08 12:03:08.269 I/NpuProbe( 7792): [ggml] ggml-hex: HTP0 profile-op OPBATCH|----|n-ops 2|----|----|----|usec 56 cycles 116661 start 1870999134693 mhz 2083.2
10-08 12:03:08.269 I/NpuProbe( 7792): [ggml] ggml-hex: HTP0 profile-op ADD|HTP0#attn_out-4#0 x l_out-3 -> ffn_inp-4|2048:27 x 2048:27 -> 2048:27|f32 x f32 -> f32|4:8192 x 4:8192 -> 4:8192|----|usec 20 cycles 42890 start 2688385214 mhz 2144.5
10-08 12:03:08.269 I/NpuProbe( 7792): [ggml] ggml-hex: HTP0 profile-op RMS_NORM+MUL|ffn_inp-4 x blk.4.ffn_norm.weight -> ffn_norm-4|2048:27 x 2048:1 -> 2048:27|f32 x f32 -> f32|4:8192 x 4:8192 -> 4:8192|row-block vtcm 8192000|usec 15 cycles 31231 start 2688428167 mhz 2082.1
10-08 12:03:08.269 I/NpuProbe( 7792): [ggml] ggml-hex: HTP0 profile-op OPBATCH|----|n-ops 2|----|----|----|usec 54 cycles 111117 start 1871000997187 mhz 2057.7
10-08 12:03:08.269 I/NpuProbe( 7792): [ggml] ggml-hex: HTP0 profile-op ADD|HTP0#ffn_out-4#0 x ffn_inp-4 -> l_out-4|2048:27 x 2048:27 -> 2048:27|f32 x f32 -> f32|4:8192 x 4:8192 -> 4:8192|----|usec 18 cycles 38725 start 2690250060 mhz 2151.4
10-08 12:03:08.269 I/NpuProbe( 7792): [ggml] ggml-hex: HTP0 profile-op RMS_NORM+MUL|l_out-4 x blk.5.attn_norm.weight -> attn_norm-5|2048:27 x 2048:1 -> 2048:27|f32 x f32 -> f32|4:8192 x 4:8192 -> 4:8192|row-block vtcm 8192000|usec 13 cycles 27376 start 2690288844 mhz 2105.8
10-08 12:03:08.269 I/NpuProbe( 7792): [ggml] ggml-hex: HTP0 profile-op OPBATCH|----|n-ops 2|----|----|----|usec 61 cycles 124752 start 1871001899588 mhz 2045.1
10-08 12:03:08.269 I/NpuProbe( 7792): [ggml] ggml-hex: HTP0 profile-op ROPE|HTP0#Qcur-5#0 x HTP0#leaf_5#0 -> Qcur-5|128:16:27:1 x 27:1 -> 128:16:27:1|f32 x i32 -> f32|4:512:8192:221184 x 4:108 -> 4:512:8192:221184|----|usec 22 cycles 45673 start 2691149074 mhz 2076.0
10-08 12:03:08.269 I/NpuProbe( 7792): [ggml] ggml-hex: HTP0 profile-op RMS_NORM+MUL|Qcur-5 x blk.5.attn_q_norm.weight -> Qcur_norm-5|128:16:27:1 x 128:1 -> 128:16:27:1|f32 x f32 -> f32|4:512:8192:221184 x 4:512 -> 4:512:8192:221184|row-block vtcm 8376320|usec 18 cycles 38637 start 2691194811 mhz 2146.5
10-08 12:03:08.269 I/NpuProbe( 7792): [ggml] ggml-hex: HTP0 profile-op OPBATCH|----|n-ops 5|----|----|----|usec 286 cycles 584219 start 1871002672303 mhz 2042.7
10-08 12:03:08.269 I/NpuProbe( 7792): [ggml] ggml-hex: HTP0 profile-op ROPE|HTP0#Kcur-5#0 x HTP0#leaf_5#0 -> Kcur-5|128:4:27:1 x 27:1 -> 128:4:27:1|f32 x i32 -> f32|4:512:2048:55296 x 4:108 -> 4:512:2048:55296|----|usec 18 cycles 38688 start 2691924826 mhz 2149.3
10-08 12:03:08.269 I/NpuProbe( 7792): [ggml] ggml-hex: HTP0 profile-op RMS_NORM+MUL|Kcur-5 x blk.5.attn_k_norm.weight -> Kcur_norm-5|128:4:27:1 x 128:1 -> 128:4:27:1|f32 x f32 -> f32|4:512:2048:55296 x 4:512 -> 4:512:2048:55296|row-block vtcm 8376320|usec 10 cycles 22089 start 2691963578 mhz 2208.9
10-08 12:03:08.269 I/NpuProbe( 7792): [ggml] ggml-hex: HTP0 profile-op SET_ROWS|Kcur_norm-5 (view) x HTP0#leaf_10#0 x cache_k_l5 -> cache_k_l5 (view)|512:27 x 27:1 x 512:2048 -> 512:2048|f32 x i64 x f16 -> f16|4:2048 x 8:216 x 2:1024 -> 2:1024|----|usec 4 cycles 8296 start 2691985693 mhz 2074.0
10-08 12:03:08.269 I/NpuProbe( 7792): [ggml] ggml-hex: HTP0 profile-op SET_ROWS|HTP0#Vcur-5 (view)#0 x HTP0#leaf_12#0 x cache_v_l5 -> cache_v_l5 (view)|512:27 x 27:1 x 512:2048 -> 512:2048|f32 x i64 x f16 -> f16|4:2048 x 8:216 x 2:1024 -> 2:1024|----|usec 2 cycles 5312 start 2691994023 mhz 2656.0
10-08 12:03:08.269 I/NpuProbe( 7792): [ggml] ggml-hex: HTP0 profile-op FLASH_ATTN_EXT|Qcur_norm-5 (view) (permuted) x cache_k_l5 (view) (permuted) x cache_v_l5 (view) (permuted) x HTP0#attn_inp_kq_mask#0 -> node_200|128:27:16:1 x 128:256:4:1 x 128:256:4:1 x 256:27 -> 128:16:27:1|f32 x f16 x f16 x f16 -> f32|4:8192:512:221184! x 2:1024:256:2097152! x 2:1024:256:2097152! x 2:512 -> 4:512:8192:221184|hmx-pipe vtcm 310016|usec 225 cycles 459349 start 2691999361 mhz 2041.6
10-08 12:03:08.269 I/NpuProbe( 7792): [ggml] ggml-hex: HTP0 profile-op OPBATCH|----|n-ops 2|----|----|----|usec 56 cycles 116278 start 1871004052813 mhz 2076.4
10-08 12:03:08.269 I/NpuProbe( 7792): [ggml] ggml-hex: HTP0 profile-op ADD|HTP0#attn_out-5#0 x l_out-4 -> ffn_inp-5|2048:27 x 2048:27 -> 2048:27|f32 x f32 -> f32|4:8192 x 4:8192 -> 4:8192|----|usec 21 cycles 43768 start 2693302752 mhz 2084.2
10-08 12:03:08.269 I/NpuProbe( 7792): [ggml] ggml-hex: HTP0 profile-op RMS_NORM+MUL|ffn_inp-5 x blk.5.ffn_norm.weight -> ffn_norm-5|2048:27 x 2048:1 -> 2048:27|f32 x f32 -> f32|4:8192 x 4:8192 -> 4:8192|row-block vtcm 8192000|usec 15 cycles 30709 start 2693346583 mhz 2047.3
10-08 12:03:08.269 I/NpuProbe( 7792): [ggml] ggml-hex: HTP0 profile-op OPBATCH|----|n-ops 2|----|----|----|usec 55 cycles 112746 start 1871005942156 mhz 2049.9
10-08 12:03:08.269 I/NpuProbe( 7792): [ggml] ggml-hex: HTP0 profile-op ADD|HTP0#ffn_out-5#0 x ffn_inp-5 -> l_out-5|2048:27 x 2048:27 -> 2048:27|f32 x f32 -> f32|4:8192 x 4:8192 -> 4:8192|----|usec 18 cycles 38251 start 2695194624 mhz 2125.1
10-08 12:03:08.269 I/NpuProbe( 7792): [ggml] ggml-hex: HTP0 profile-op RMS_NORM+MUL|l_out-5 x blk.6.attn_norm.weight -> attn_norm-6|2048:27 x 2048:1 -> 2048:27|f32 x f32 -> f32|4:8192 x 4:8192 -> 4:8192|row-block vtcm 8192000|usec 14 cycles 29703 start 2695232923 mhz 2121.6
10-08 12:03:08.269 I/NpuProbe( 7792): [ggml] ggml-hex: HTP0 profile-op OPBATCH|----|n-ops 2|----|----|----|usec 63 cycles 130156 start 1871006857115 mhz 2066.0
10-08 12:03:08.269 I/NpuProbe( 7792): [ggml] ggml-hex: HTP0 profile-op ROPE|HTP0#Qcur-6#0 x HTP0#leaf_5#0 -> Qcur-6|128:16:27:1 x 27:1 -> 128:16:27:1|f32 x i32 -> f32|4:512:8192:221184 x 4:108 -> 4:512:8192:221184|----|usec 23 cycles 47426 start 2696107176 mhz 2062.0
10-08 12:03:08.269 I/NpuProbe( 7792): [ggml] ggml-hex: HTP0 profile-op RMS_NORM+MUL|Qcur-6 x blk.6.attn_q_norm.weight -> Qcur_norm-6|128:16:27:1 x 128:1 -> 128:16:27:1|f32 x f32 -> f32|4:512:8192:221184 x 4:512 -> 4:512:8192:221184|row-block vtcm 8376320|usec 19 cycles 40662 start 2696154676 mhz 2140.1
10-08 12:03:08.269 I/NpuProbe( 7792): [ggml] ggml-hex: HTP0 profile-op OPBATCH|----|n-ops 5|----|----|----|usec 280 cycles 571534 start 1871007675724 mhz 2041.2
10-08 12:03:08.269 I/NpuProbe( 7792): [ggml] ggml-hex: HTP0 profile-op ROPE|HTP0#Kcur-6#0 x HTP0#leaf_5#0 -> Kcur-6|128:4:27:1 x 27:1 -> 128:4:27:1|f32 x i32 -> f32|4:512:2048:55296 x 4:108 -> 4:512:2048:55296|----|usec 18 cycles 37383 start 2696927967 mhz 2076.8
10-08 12:03:08.269 I/NpuProbe( 7792): [ggml] ggml-hex: HTP0 profile-op RMS_NORM+MUL|Kcur-6 x blk.6.attn_k_norm.weight -> Kcur_norm-6|128:4:27:1 x 128:1 -> 128:4:27:1|f32 x f32 -> f32|4:512:2048:55296 x 4:512 -> 4:512:2048:55296|row-block vtcm 8376320|usec 9 cycles 19614 start 2696965414 mhz 2179.3
10-08 12:03:08.269 I/NpuProbe( 7792): [ggml] ggml-hex: HTP0 profile-op SET_ROWS|Kcur_norm-6 (view) x HTP0#leaf_10#0 x cache_k_l6 -> cache_k_l6 (view)|512:27 x 27:1 x 512:2048 -> 512:2048|f32 x i64 x f16 -> f16|4:2048 x 8:216 x 2:1024 -> 2:1024|----|usec 3 cycles 8140 start 2696985066 mhz 2713.3
10-08 12:03:08.269 I/NpuProbe( 7792): [ggml] ggml-hex: HTP0 profile-op SET_ROWS|HTP0#Vcur-6 (view)#0 x HTP0#leaf_12#0 x cache_v_l6 -> cache_v_l6 (view)|512:27 x 27:1 x 512:2048 -> 512:2048|f32 x i64 x f16 -> f16|4:2048 x 8:216 x 2:1024 -> 2:1024|----|usec 2 cycles 5280 start 2696993232 mhz 2640.0
10-08 12:03:08.269 I/NpuProbe( 7792): [ggml] ggml-hex: HTP0 profile-op FLASH_ATTN_EXT|Qcur_norm-6 (view) (permuted) x cache_k_l6 (view) (permuted) x cache_v_l6 (view) (permuted) x HTP0#attn_inp_kq_mask#0 -> node_235|128:27:16:1 x 128:256:4:1 x 128:256:4:1 x 256:27 -> 128:16:27:1|f32 x f16 x f16 x f16 -> f32|4:8192:512:221184! x 2:1024:256:2097152! x 2:1024:256:2097152! x 2:512 -> 4:512:8192:221184|hmx-pipe vtcm 310016|usec 221 cycles 451738 start 2696998538 mhz 2044.1
10-08 12:03:08.269 I/NpuProbe( 7792): [ggml] ggml-hex: HTP0 profile-op OPBATCH|----|n-ops 2|----|----|----|usec 55 cycles 113801 start 1871009037579 mhz 2069.1
10-08 12:03:08.269 I/NpuProbe( 7792): [ggml] ggml-hex: HTP0 profile-op ADD|HTP0#attn_out-6#0 x l_out-5 -> ffn_inp-6|2048:27 x 2048:27 -> 2048:27|f32 x f32 -> f32|4:8192 x 4:8192 -> 4:8192|----|usec 19 cycles 40957 start 2698287514 mhz 2155.6
10-08 12:03:08.269 I/NpuProbe( 7792): [ggml] ggml-hex: HTP0 profile-op RMS_NORM+MUL|ffn_inp-6 x blk.6.ffn_norm.weight -> ffn_norm-6|2048:27 x 2048:1 -> 2048:27|f32 x f32 -> f32|4:8192 x 4:8192 -> 4:8192|row-block vtcm 8192000|usec 15 cycles 31071 start 2698328532 mhz 2071.4
10-08 12:03:08.269 I/NpuProbe( 7792): [ggml] ggml-hex: HTP0 profile-op OPBATCH|----|n-ops 2|----|----|----|usec 55 cycles 113666 start 1871010943395 mhz 2066.7
10-08 12:03:08.269 I/NpuProbe( 7792): [ggml] ggml-hex: HTP0 profile-op ADD|HTP0#ffn_out-6#0 x ffn_inp-6 -> l_out-6|2048:27 x 2048:27 -> 2048:27|f32 x f32 -> f32|4:8192 x 4:8192 -> 4:8192|----|usec 19 cycles 39355 start 2700195886 mhz 2071.3
10-08 12:03:08.269 I/NpuProbe( 7792): [ggml] ggml-hex: HTP0 profile-op RMS_NORM+MUL|l_out-6 x blk.7.attn_norm.weight -> attn_norm-7|2048:27 x 2048:1 -> 2048:27|f32 x f32 -> f32|4:8192 x 4:8192 -> 4:8192|row-block vtcm 8192000|usec 14 cycles 29473 start 2700235294 mhz 2105.2
10-08 12:03:08.269 I/NpuProbe( 7792): [ggml] ggml-hex: HTP0 profile-op OPBATCH|----|n-ops 2|----|----|----|usec 60 cycles 124087 start 1871011854516 mhz 2068.1
10-08 12:03:08.269 I/NpuProbe( 7792): [ggml] ggml-hex: HTP0 profile-op ROPE|HTP0#Qcur-7#0 x HTP0#leaf_5#0 -> Qcur-7|128:16:27:1 x 27:1 -> 128:16:27:1|f32 x i32 -> f32|4:512:8192:221184 x 4:108 -> 4:512:8192:221184|----|usec 22 cycles 45541 start 2701104250 mhz 2070.0
10-08 12:03:08.269 I/NpuProbe( 7792): [ggml] ggml-hex: HTP0 profile-op RMS_NORM+MUL|Qcur-7 x blk.7.attn_q_norm.weight -> Qcur_norm-7|128:16:27:1 x 128:1 -> 128:16:27:1|f32 x f32 -> f32|4:512:8192:221184 x 4:512 -> 4:512:8192:221184|row-block vtcm 8376320|usec 18 cycles 37902 start 2701149855 mhz 2105.7
10-08 12:03:08.269 I/NpuProbe( 7792): [ggml] ggml-hex: HTP0 profile-op OPBATCH|----|n-ops 5|----|----|----|usec 282 cycles 574934 start 1871012660793 mhz 2038.8
10-08 12:03:08.269 I/NpuProbe( 7792): [ggml] ggml-hex: HTP0 profile-op ROPE|HTP0#Kcur-7#0 x HTP0#leaf_5#0 -> Kcur-7|128:4:27:1 x 27:1 -> 128:4:27:1|f32 x i32 -> f32|4:512:2048:55296 x 4:108 -> 4:512:2048:55296|----|usec 17 cycles 36082 start 2701913485 mhz 2122.5
10-08 12:03:08.269 I/NpuProbe( 7792): [ggml] ggml-hex: HTP0 profile-op RMS_NORM+MUL|Kcur-7 x blk.7.attn_k_norm.weight -> Kcur_norm-7|128:4:27:1 x 128:1 -> 128:4:27:1|f32 x f32 -> f32|4:512:2048:55296 x 4:512 -> 4:512:2048:55296|row-block vtcm 8376320|usec 10 cycles 20426 start 2701949631 mhz 2042.6
10-08 12:03:08.269 I/NpuProbe( 7792): [ggml] ggml-hex: HTP0 profile-op SET_ROWS|Kcur_norm-7 (view) x HTP0#leaf_10#0 x cache_k_l7 -> cache_k_l7 (view)|512:27 x 27:1 x 512:2048 -> 512:2048|f32 x i64 x f16 -> f16|4:2048 x 8:216 x 2:1024 -> 2:1024|----|usec 3 cycles 8001 start 2701970083 mhz 2667.0
10-08 12:03:08.269 I/NpuProbe( 7792): [ggml] ggml-hex: HTP0 profile-op SET_ROWS|HTP0#Vcur-7 (view)#0 x HTP0#leaf_12#0 x cache_v_l7 -> cache_v_l7 (view)|512:27 x 27:1 x 512:2048 -> 512:2048|f32 x i64 x f16 -> f16|4:2048 x 8:216 x 2:1024 -> 2:1024|----|usec 2 cycles 5382 start 2701978110 mhz 2691.0
10-08 12:03:08.269 I/NpuProbe( 7792): [ggml] ggml-hex: HTP0 profile-op FLASH_ATTN_EXT|Qcur_norm-7 (view) (permuted) x cache_k_l7 (view) (permuted) x cache_v_l7 (view) (permuted) x HTP0#attn_inp_kq_mask#0 -> node_270|128:27:16:1 x 128:256:4:1 x 128:256:4:1 x 256:27 -> 128:16:27:1|f32 x f16 x f16 x f16 -> f32|4:8192:512:221184! x 2:1024:256:2097152! x 2:1024:256:2097152! x 2:512 -> 4:512:8192:221184|hmx-pipe vtcm 310016|usec 223 cycles 454723 start 2701983518 mhz 2039.1
10-08 12:03:08.269 I/NpuProbe( 7792): [ggml] ggml-hex: HTP0 profile-op OPBATCH|----|n-ops 2|----|----|----|usec 56 cycles 115123 start 1871014039291 mhz 2055.8
10-08 12:03:08.269 I/NpuProbe( 7792): [ggml] ggml-hex: HTP0 profile-op ADD|HTP0#attn_out-7#0 x l_out-6 -> ffn_inp-7|2048:27 x 2048:27 -> 2048:27|f32 x f32 -> f32|4:8192 x 4:8192 -> 4:8192|----|usec 20 cycles 42639 start 2703289321 mhz 2131.9
10-08 12:03:08.269 I/NpuProbe( 7792): [ggml] ggml-hex: HTP0 profile-op RMS_NORM+MUL|ffn_inp-7 x blk.7.ffn_norm.weight -> ffn_norm-7|2048:27 x 2048:1 -> 2048:27|f32 x f32 -> f32|4:8192 x 4:8192 -> 4:8192|row-block vtcm 8192000|usec 14 cycles 30433 start 2703332024 mhz 2173.8
10-08 12:03:08.269 I/NpuProbe( 7792): [ggml] ggml-hex: HTP0 profile-op OPBATCH|----|n-ops 2|----|----|----|usec 54 cycles 111276 start 1871015921885 mhz 2060.7
10-08 12:03:08.269 I/NpuProbe( 7792): [ggml] ggml-hex: HTP0 profile-op ADD|HTP0#ffn_out-7#0 x ffn_inp-7 -> l_out-7|2048:27 x 2048:27 -> 2048:27|f32 x f32 -> f32|4:8192 x 4:8192 -> 4:8192|----|usec 17 cycles 36517 start 2705175747 mhz 2148.1
10-08 12:03:08.269 I/NpuProbe( 7792): [ggml] ggml-hex: HTP0 profile-op RMS_NORM+MUL|l_out-7 x blk.8.attn_norm.weight -> attn_norm-8|2048:27 x 2048:1 -> 2048:27|f32 x f32 -> f32|4:8192 x 4:8192 -> 4:8192|row-block vtcm 8192000|usec 13 cycles 28019 start 2705212326 mhz 2155.3
10-08 12:03:08.269 I/NpuProbe( 7792): [ggml] ggml-hex: HTP0 profile-op OPBATCH|----|n-ops 2|----|----|----|usec 62 cycles 128809 start 1871016824340 mhz 2077.6
10-08 12:03:08.269 I/NpuProbe( 7792): [ggml] ggml-hex: HTP0 profile-op ROPE|HTP0#Qcur-8#0 x HTP0#leaf_5#0 -> Qcur-8|128:16:27:1 x 27:1 -> 128:16:27:1|f32 x i32 -> f32|4:512:8192:221184 x 4:108 -> 4:512:8192:221184|----|usec 22 cycles 46703 start 2706073990 mhz 2122.9
10-08 12:03:08.269 I/NpuProbe( 7792): [ggml] ggml-hex: HTP0 profile-op RMS_NORM+MUL|Qcur-8 x blk.8.attn_q_norm.weight -> Qcur_norm-8|128:16:27:1 x 128:1 -> 128:16:27:1|f32 x f32 -> f32|4:512:8192:221184 x 4:512 -> 4:512:8192:221184|row-block vtcm 8376320|usec 19 cycles 40638 start 2706120757 mhz 2138.8
10-08 12:03:08.269 I/NpuProbe( 7792): [ggml] ggml-hex: HTP0 profile-op OPBATCH|----|n-ops 5|----|----|----|usec 281 cycles 574537 start 1871017635634 mhz 2044.6
10-08 12:03:08.269 I/NpuProbe( 7792): [ggml] ggml-hex: HTP0 profile-op ROPE|HTP0#Kcur-8#0 x HTP0#leaf_5#0 -> Kcur-8|128:4:27:1 x 27:1 -> 128:4:27:1|f32 x i32 -> f32|4:512:2048:55296 x 4:108 -> 4:512:2048:55296|----|usec 18 cycles 37792 start 2706888283 mhz 2099.6
10-08 12:03:08.269 I/NpuProbe( 7792): [ggml] ggml-hex: HTP0 profile-op RMS_NORM+MUL|Kcur-8 x blk.8.attn_k_norm.weight -> Kcur_norm-8|128:4:27:1 x 128:1 -> 128:4:27:1|f32 x f32 -> f32|4:512:2048:55296 x 4:512 -> 4:512:2048:55296|row-block vtcm 8376320|usec 9 cycles 18836 start 2706926153 mhz 2092.9
10-08 12:03:08.269 I/NpuProbe( 7792): [ggml] ggml-hex: HTP0 profile-op SET_ROWS|Kcur_norm-8 (view) x HTP0#leaf_10#0 x cache_k_l8 -> cache_k_l8 (view)|512:27 x 27:1 x 512:2048 -> 512:2048|f32 x i64 x f16 -> f16|4:2048 x 8:216 x 2:1024 -> 2:1024|----|usec 4 cycles 8472 start 2706945015 mhz 2118.0
10-08 12:03:08.269 I/NpuProbe( 7792): [ggml] ggml-hex: HTP0 profile-op SET_ROWS|HTP0#Vcur-8 (view)#0 x HTP0#leaf_12#0 x cache_v_l8 -> cache_v_l8 (view)|512:27 x 27:1 x 512:2048 -> 512:2048|f32 x i64 x f16 -> f16|4:2048 x 8:216 x 2:1024 -> 2:1024|----|usec 2 cycles 6087 start 2706953513 mhz 3043.5
10-08 12:03:08.269 I/NpuProbe( 7792): [ggml] ggml-hex: HTP0 profile-op FLASH_ATTN_EXT|Qcur_norm-8 (view) (permuted) x cache_k_l8 (view) (permuted) x cache_v_l8 (view) (permuted) x HTP0#attn_inp_kq_mask#0 -> node_305|128:27:16:1 x 128:256:4:1 x 128:256:4:1 x 256:27 -> 128:16:27:1|f32 x f16 x f16 x f16 -> f32|4:8192:512:221184! x 2:1024:256:2097152! x 2:1024:256:2097152! x 2:512 -> 4:512:8192:221184|hmx-pipe vtcm 310016|usec 222 cycles 452812 start 2706959626 mhz 2039.7
10-08 12:03:08.269 I/NpuProbe( 7792): [ggml] ggml-hex: HTP0 profile-op OPBATCH|----|n-ops 2|----|----|----|usec 58 cycles 119534 start 1871019012474 mhz 2060.9
10-08 12:03:08.269 I/NpuProbe( 7792): [ggml] ggml-hex: HTP0 profile-op ADD|HTP0#attn_out-8#0 x l_out-7 -> ffn_inp-8|2048:27 x 2048:27 -> 2048:27|f32 x f32 -> f32|4:8192 x 4:8192 -> 4:8192|----|usec 21 cycles 44077 start 2708264702 mhz 2098.9
10-08 12:03:08.269 I/NpuProbe( 7792): [ggml] ggml-hex: HTP0 profile-op RMS_NORM+MUL|ffn_inp-8 x blk.8.ffn_norm.weight -> ffn_norm-8|2048:27 x 2048:1 -> 2048:27|f32 x f32 -> f32|4:8192 x 4:8192 -> 4:8192|row-block vtcm 8192000|usec 15 cycles 31744 start 2708308840 mhz 2116.3
10-08 12:03:08.269 I/NpuProbe( 7792): [ggml] ggml-hex: HTP0 profile-op OPBATCH|----|n-ops 2|----|----|----|usec 55 cycles 113712 start 1871020869134 mhz 2067.5
10-08 12:03:08.269 I/NpuProbe( 7792): [ggml] ggml-hex: HTP0 profile-op ADD|HTP0#ffn_out-8#0 x ffn_inp-8 -> l_out-8|2048:27 x 2048:27 -> 2048:27|f32 x f32 -> f32|4:8192 x 4:8192 -> 4:8192|----|usec 18 cycles 38771 start 2710121766 mhz 2153.9
10-08 12:03:08.269 I/NpuProbe( 7792): [ggml] ggml-hex: HTP0 profile-op RMS_NORM+MUL|l_out-8 x blk.9.attn_norm.weight -> attn_norm-9|2048:27 x 2048:1 -> 2048:27|f32 x f32 -> f32|4:8192 x 4:8192 -> 4:8192|row-block vtcm 8192000|usec 14 cycles 29781 start 2710160585 mhz 2127.2
10-08 12:03:08.269 I/NpuProbe( 7792): [ggml] ggml-hex: HTP0 profile-op OPBATCH|----|n-ops 2|----|----|----|usec 61 cycles 124987 start 1871021753201 mhz 2049.0
10-08 12:03:08.269 I/NpuProbe( 7792): [ggml] ggml-hex: HTP0 profile-op ROPE|HTP0#Qcur-9#0 x HTP0#leaf_5#0 -> Qcur-9|128:16:27:1 x 27:1 -> 128:16:27:1|f32 x i32 -> f32|4:512:8192:221184 x 4:108 -> 4:512:8192:221184|----|usec 22 cycles 46079 start 2711003283 mhz 2094.5
10-08 12:03:08.269 I/NpuProbe( 7792): [ggml] ggml-hex: HTP0 profile-op RMS_NORM+MUL|Qcur-9 x blk.9.attn_q_norm.weight -> Qcur_norm-9|128:16:27:1 x 128:1 -> 128:16:27:1|f32 x f32 -> f32|4:512:8192:221184 x 4:512 -> 4:512:8192:221184|row-block vtcm 8376320|usec 18 cycles 37090 start 2711049436 mhz 2060.6
10-08 12:03:08.269 I/NpuProbe( 7792): [ggml] ggml-hex: HTP0 profile-op OPBATCH|----|n-ops 5|----|----|----|usec 280 cycles 571935 start 1871022587797 mhz 2042.6
10-08 12:03:08.269 I/NpuProbe( 7792): [ggml] ggml-hex: HTP0 profile-op ROPE|HTP0#Kcur-9#0 x HTP0#leaf_5#0 -> Kcur-9|128:4:27:1 x 27:1 -> 128:4:27:1|f32 x i32 -> f32|4:512:2048:55296 x 4:108 -> 4:512:2048:55296|----|usec 16 cycles 34990 start 2711840460 mhz 2186.9
10-08 12:03:08.269 I/NpuProbe( 7792): [ggml] ggml-hex: HTP0 profile-op RMS_NORM+MUL|Kcur-9 x blk.9.attn_k_norm.weight -> Kcur_norm-9|128:4:27:1 x 128:1 -> 128:4:27:1|f32 x f32 -> f32|4:512:2048:55296 x 4:512 -> 4:512:2048:55296|row-block vtcm 8376320|usec 9 cycles 19238 start 2711875515 mhz 2137.6
10-08 12:03:08.269 I/NpuProbe( 7792): [ggml] ggml-hex: HTP0 profile-op SET_ROWS|Kcur_norm-9 (view) x HTP0#leaf_10#0 x cache_k_l9 -> cache_k_l9 (view)|512:27 x 27:1 x 512:2048 -> 512:2048|f32 x i64 x f16 -> f16|4:2048 x 8:216 x 2:1024 -> 2:1024|----|usec 3 cycles 8013 start 2711894779 mhz 2671.0
10-08 12:03:08.269 I/NpuProbe( 7792): [ggml] ggml-hex: HTP0 profile-op SET_ROWS|HTP0#Vcur-9 (view)#0 x HTP0#leaf_12#0 x cache_v_l9 -> cache_v_l9 (view)|512:27 x 27:1 x 512:2048 -> 512:2048|f32 x i64 x f16 -> f16|4:2048 x 8:216 x 2:1024 -> 2:1024|----|usec 2 cycles 5182 start 2711902818 mhz 2591.0
10-08 12:03:08.269 I/NpuProbe( 7792): [ggml] ggml-hex: HTP0 profile-op FLASH_ATTN_EXT|Qcur_norm-9 (view) (permuted) x cache_k_l9 (view) (permuted) x cache_v_l9 (view) (permuted) x HTP0#attn_inp_kq_mask#0 -> node_340|128:27:16:1 x 128:256:4:1 x 128:256:4:1 x 256:27 -> 128:16:27:1|f32 x f16 x f16 x f16 -> f32|4:8192:512:221184! x 2:1024:256:2097152! x 2:1024:256:2097152! x 2:512 -> 4:512:8192:221184|hmx-pipe vtcm 310016|usec 223 cycles 454621 start 2711908027 mhz 2038.7
10-08 12:03:08.269 I/NpuProbe( 7792): [ggml] ggml-hex: HTP0 profile-op OPBATCH|----|n-ops 2|----|----|----|usec 55 cycles 114795 start 1871023963362 mhz 2087.2
10-08 12:03:08.269 I/NpuProbe( 7792): [ggml] ggml-hex: HTP0 profile-op ADD|HTP0#attn_out-9#0 x l_out-8 -> ffn_inp-9|2048:27 x 2048:27 -> 2048:27|f32 x f32 -> f32|4:8192 x 4:8192 -> 4:8192|----|usec 20 cycles 42268 start 2713213372 mhz 2113.4
10-08 12:03:08.269 I/NpuProbe( 7792): [ggml] ggml-hex: HTP0 profile-op RMS_NORM+MUL|ffn_inp-9 x blk.9.ffn_norm.weight -> ffn_norm-9|2048:27 x 2048:1 -> 2048:27|f32 x f32 -> f32|4:8192 x 4:8192 -> 4:8192|row-block vtcm 8192000|usec 15 cycles 30789 start 2713255700 mhz 2052.6
10-08 12:03:08.269 I/NpuProbe( 7792): [ggml] ggml-hex: HTP0 profile-op OPBATCH|----|n-ops 2|----|----|----|usec 54 cycles 112220 start 1871025906025 mhz 2078.1
10-08 12:03:08.269 I/NpuProbe( 7792): [ggml] ggml-hex: HTP0 profile-op ADD|HTP0#ffn_out-9#0 x ffn_inp-9 -> l_out-9|2048:27 x 2048:27 -> 2048:27|f32 x f32 -> f32|4:8192 x 4:8192 -> 4:8192|----|usec 18 cycles 38428 start 2715159207 mhz 2134.9
10-08 12:03:08.269 I/NpuProbe( 7792): [ggml] ggml-hex: HTP0 profile-op RMS_NORM+MUL|l_out-9 x blk.10.attn_norm.weight -> attn_norm-10|2048:27 x 2048:1 -> 2048:27|f32 x f32 -> f32|4:8192 x 4:8192 -> 4:8192|row-block vtcm 8192000|usec 13 cycles 28025 start 2715197687 mhz 2155.8
10-08 12:03:08.269 I/NpuProbe( 7792): [ggml] ggml-hex: HTP0 profile-op OPBATCH|----|n-ops 2|----|----|----|usec 61 cycles 126129 start 1871026833727 mhz 2067.7
10-08 12:03:08.269 I/NpuProbe( 7792): [ggml] ggml-hex: HTP0 profile-op ROPE|HTP0#Qcur-10#0 x HTP0#leaf_5#0 -> Qcur-10|128:16:27:1 x 27:1 -> 128:16:27:1|f32 x i32 -> f32|4:512:8192:221184 x 4:108 -> 4:512:8192:221184|----|usec 22 cycles 46069 start 2716083327 mhz 2094.0
10-08 12:03:08.269 I/NpuProbe( 7792): [ggml] ggml-hex: HTP0 profile-op RMS_NORM+MUL|Qcur-10 x blk.10.attn_q_norm.weight -> Qcur_norm-10|128:16:27:1 x 128:1 -> 128:16:27:1|f32 x f32 -> f32|4:512:8192:221184 x 4:512 -> 4:512:8192:221184|row-block vtcm 8376320|usec 19 cycles 38808 start 2716129460 mhz 2042.5
10-08 12:03:08.269 I/NpuProbe( 7792): [ggml] ggml-hex: HTP0 profile-op OPBATCH|----|n-ops 5|----|----|----|usec 281 cycles 573509 start 1871027628723 mhz 2041.0
10-08 12:03:08.269 I/NpuProbe( 7792): [ggml] ggml-hex: HTP0 profile-op ROPE|HTP0#Kcur-10#0 x HTP0#leaf_5#0 -> Kcur-10|128:4:27:1 x 27:1 -> 128:4:27:1|f32 x i32 -> f32|4:512:2048:55296 x 4:108 -> 4:512:2048:55296|----|usec 17 cycles 35287 start 2716881277 mhz 2075.7
10-08 12:03:08.269 I/NpuProbe( 7792): [ggml] ggml-hex: HTP0 profile-op RMS_NORM+MUL|Kcur-10 x blk.10.attn_k_norm.weight -> Kcur_norm-10|128:4:27:1 x 128:1 -> 128:4:27:1|f32 x f32 -> f32|4:512:2048:55296 x 4:512 -> 4:512:2048:55296|row-block vtcm 8376320|usec 9 cycles 19371 start 2716916612 mhz 2152.3
10-08 12:03:08.269 I/NpuProbe( 7792): [ggml] ggml-hex: HTP0 profile-op SET_ROWS|Kcur_norm-10 (view) x HTP0#leaf_10#0 x cache_k_l10 -> cache_k_l10 (view)|512:27 x 27:1 x 512:2048 -> 512:2048|f32 x i64 x f16 -> f16|4:2048 x 8:216 x 2:1024 -> 2:1024|----|usec 3 cycles 7951 start 2716936037 mhz 2650.3
10-08 12:03:08.269 I/NpuProbe( 7792): [ggml] ggml-hex: HTP0 profile-op SET_ROWS|HTP0#Vcur-10 (view)#0 x HTP0#leaf_12#0 x cache_v_l10 -> cache_v_l10 (view)|512:27 x 27:1 x 512:2048 -> 512:2048|f32 x i64 x f16 -> f16|4:2048 x 8:216 x 2:1024 -> 2:1024|----|usec 2 cycles 5668 start 2716944014 mhz 2834.0
10-08 12:03:08.269 I/NpuProbe( 7792): [ggml] ggml-hex: HTP0 profile-op FLASH_ATTN_EXT|Qcur_norm-10 (view) (permuted) x cache_k_l10 (view) (permuted) x cache_v_l10 (view) (permuted) x HTP0#attn_inp_kq_mask#0 -> node_375|128:27:16:1 x 128:256:4:1 x 128:256:4:1 x 256:27 -> 128:16:27:1|f32 x f16 x f16 x f16 -> f32|4:8192:512:221184! x 2:1024:256:2097152! x 2:1024:256:2097152! x 2:512 -> 4:512:8192:221184|hmx-pipe vtcm 310016|usec 223 cycles 454096 start 2716949718 mhz 2036.3
10-08 12:03:08.269 I/NpuProbe( 7792): [ggml] ggml-hex: HTP0 profile-op OPBATCH|----|n-ops 2|----|----|----|usec 56 cycles 115187 start 1871028985749 mhz 2056.9
10-08 12:03:08.269 I/NpuProbe( 7792): [ggml] ggml-hex: HTP0 profile-op ADD|HTP0#attn_out-10#0 x l_out-9 -> ffn_inp-10|2048:27 x 2048:27 -> 2048:27|f32 x f32 -> f32|4:8192 x 4:8192 -> 4:8192|----|usec 20 cycles 41393 start 2718235665 mhz 2069.6
10-08 12:03:08.269 I/NpuProbe( 7792): [ggml] ggml-hex: HTP0 profile-op RMS_NORM+MUL|ffn_inp-10 x blk.10.ffn_norm.weight -> ffn_norm-10|2048:27 x 2048:1 -> 2048:27|f32 x f32 -> f32|4:8192 x 4:8192 -> 4:8192|row-block vtcm 8192000|usec 15 cycles 32135 start 2718277119 mhz 2142.3
10-08 12:03:08.269 I/NpuProbe( 7792): [ggml] ggml-hex: HTP0 profile-op OPBATCH|----|n-ops 2|----|----|----|usec 53 cycles 109599 start 1871030839116 mhz 2067.9
10-08 12:03:08.269 I/NpuProbe( 7792): [ggml] ggml-hex: HTP0 profile-op ADD|HTP0#ffn_out-10#0 x ffn_inp-10 -> l_out-10|2048:27 x 2048:27 -> 2048:27|f32 x f32 -> f32|4:8192 x 4:8192 -> 4:8192|----|usec 18 cycles 37391 start 2720091976 mhz 2077.3
10-08 12:03:08.269 I/NpuProbe( 7792): [ggml] ggml-hex: HTP0 profile-op RMS_NORM+MUL|l_out-10 x blk.11.attn_norm.weight -> attn_norm-11|2048:27 x 2048:1 -> 2048:27|f32 x f32 -> f32|4:8192 x 4:8192 -> 4:8192|row-block vtcm 8192000|usec 13 cycles 26857 start 2720129434 mhz 2065.9
10-08 12:03:08.269 I/NpuProbe( 7792): [ggml] ggml-hex: HTP0 profile-op OPBATCH|----|n-ops 2|----|----|----|usec 61 cycles 126250 start 1871031740905 mhz 2069.7
10-08 12:03:08.269 I/NpuProbe( 7792): [ggml] ggml-hex: HTP0 profile-op ROPE|HTP0#Qcur-11#0 x HTP0#leaf_5#0 -> Qcur-11|128:16:27:1 x 27:1 -> 128:16:27:1|f32 x i32 -> f32|4:512:8192:221184 x 4:108 -> 4:512:8192:221184|----|usec 22 cycles 46163 start 2720990408 mhz 2098.3
10-08 12:03:08.269 I/NpuProbe( 7792): [ggml] ggml-hex: HTP0 profile-op RMS_NORM+MUL|Qcur-11 x blk.11.attn_q_norm.weight -> Qcur_norm-11|128:16:27:1 x 128:1 -> 128:16:27:1|f32 x f32 -> f32|4:512:8192:221184 x 4:512 -> 4:512:8192:221184|row-block vtcm 8376320|usec 19 cycles 39186 start 2721036635 mhz 2062.4
10-08 12:03:08.269 I/NpuProbe( 7792): [ggml] ggml-hex: HTP0 profile-op OPBATCH|----|n-ops 5|----|----|----|usec 279 cycles 570449 start 1871032549338 mhz 2044.6
10-08 12:03:08.269 I/NpuProbe( 7792): [ggml] ggml-hex: HTP0 profile-op ROPE|HTP0#Kcur-11#0 x HTP0#leaf_5#0 -> Kcur-11|128:4:27:1 x 27:1 -> 128:4:27:1|f32 x i32 -> f32|4:512:2048:55296 x 4:108 -> 4:512:2048:55296|----|usec 17 cycles 35380 start 2721801614 mhz 2081.2
10-08 12:03:08.269 I/NpuProbe( 7792): [ggml] ggml-hex: HTP0 profile-op RMS_NORM+MUL|Kcur-11 x blk.11.attn_k_norm.weight -> Kcur_norm-11|128:4:27:1 x 128:1 -> 128:4:27:1|f32 x f32 -> f32|4:512:2048:55296 x 4:512 -> 4:512:2048:55296|row-block vtcm 8376320|usec 9 cycles 18829 start 2721837058 mhz 2092.1
10-08 12:03:08.269 I/NpuProbe( 7792): [ggml] ggml-hex: HTP0 profile-op SET_ROWS|Kcur_norm-11 (view) x HTP0#leaf_10#0 x cache_k_l11 -> cache_k_l11 (view)|512:27 x 27:1 x 512:2048 -> 512:2048|f32 x i64 x f16 -> f16|4:2048 x 8:216 x 2:1024 -> 2:1024|----|usec 3 cycles 7884 start 2721855913 mhz 2628.0
10-08 12:03:08.269 I/NpuProbe( 7792): [ggml] ggml-hex: HTP0 profile-op SET_ROWS|HTP0#Vcur-11 (view)#0 x HTP0#leaf_12#0 x cache_v_l11 -> cache_v_l11 (view)|512:27 x 27:1 x 512:2048 -> 512:2048|f32 x i64 x f16 -> f16|4:2048 x 8:216 x 2:1024 -> 2:1024|----|usec 2 cycles 5187 start 2721863823 mhz 2593.5
10-08 12:03:08.269 I/NpuProbe( 7792): [ggml] ggml-hex: HTP0 profile-op FLASH_ATTN_EXT|Qcur_norm-11 (view) (permuted) x cache_k_l11 (view) (permuted) x cache_v_l11 (view) (permuted) x HTP0#attn_inp_kq_mask#0 -> node_410|128:27:16:1 x 128:256:4:1 x 128:256:4:1 x 256:27 -> 128:16:27:1|f32 x f16 x f16 x f16 -> f32|4:8192:512:221184! x 2:1024:256:2097152! x 2:1024:256:2097152! x 2:512 -> 4:512:8192:221184|hmx-pipe vtcm 310016|usec 222 cycles 452894 start 2721869036 mhz 2040.1
10-08 12:03:08.269 I/NpuProbe( 7792): [ggml] ggml-hex: HTP0 profile-op OPBATCH|----|n-ops 2|----|----|----|usec 56 cycles 116328 start 1871033929757 mhz 2077.3
10-08 12:03:08.269 I/NpuProbe( 7792): [ggml] ggml-hex: HTP0 profile-op ADD|HTP0#attn_out-11#0 x l_out-10 -> ffn_inp-11|2048:27 x 2048:27 -> 2048:27|f32 x f32 -> f32|4:8192 x 4:8192 -> 4:8192|----|usec 20 cycles 42955 start 2723180227 mhz 2147.8
10-08 12:03:08.269 I/NpuProbe( 7792): [ggml] ggml-hex: HTP0 profile-op RMS_NORM+MUL|ffn_inp-11 x blk.11.ffn_norm.weight -> ffn_norm-11|2048:27 x 2048:1 -> 2048:27|f32 x f32 -> f32|4:8192 x 4:8192 -> 4:8192|row-block vtcm 8192000|usec 15 cycles 31994 start 2723223246 mhz 2132.9
10-08 12:03:08.269 I/NpuProbe( 7792): [ggml] ggml-hex: HTP0 profile-op OPBATCH|----|n-ops 2|----|----|----|usec 55 cycles 113653 start 1871035793939 mhz 2066.4
10-08 12:03:08.269 I/NpuProbe( 7792): [ggml] ggml-hex: HTP0 profile-op ADD|HTP0#ffn_out-11#0 x ffn_inp-11 -> l_out-11|2048:27 x 2048:27 -> 2048:27|f32 x f32 -> f32|4:8192 x 4:8192 -> 4:8192|----|usec 19 cycles 39926 start 2725046745 mhz 2101.4
10-08 12:03:08.269 I/NpuProbe( 7792): [ggml] ggml-hex: HTP0 profile-op RMS_NORM+MUL|l_out-11 x blk.12.attn_norm.weight -> attn_norm-12|2048:27 x 2048:1 -> 2048:27|f32 x f32 -> f32|4:8192 x 4:8192 -> 4:8192|row-block vtcm 8192000|usec 13 cycles 28204 start 2725086722 mhz 2169.5
10-08 12:03:08.269 I/NpuProbe( 7792): [ggml] ggml-hex: HTP0 profile-op OPBATCH|----|n-ops 2|----|----|----|usec 62 cycles 127511 start 1871036698945 mhz 2056.6
10-08 12:03:08.269 I/NpuProbe( 7792): [ggml] ggml-hex: HTP0 profile-op ROPE|HTP0#Qcur-12#0 x HTP0#leaf_5#0 -> Qcur-12|128:16:27:1 x 27:1 -> 128:16:27:1|f32 x i32 -> f32|4:512:8192:221184 x 4:108 -> 4:512:8192:221184|----|usec 22 cycles 46623 start 2725948799 mhz 2119.2
10-08 12:03:08.269 I/NpuProbe( 7792): [ggml] ggml-hex: HTP0 profile-op RMS_NORM+MUL|Qcur-12 x blk.12.attn_q_norm.weight -> Qcur_norm-12|128:16:27:1 x 128:1 -> 128:16:27:1|f32 x f32 -> f32|4:512:8192:221184 x 4:512 -> 4:512:8192:221184|row-block vtcm 8376320|usec 19 cycles 39406 start 2725995496 mhz 2074.0
10-08 12:03:08.269 I/NpuProbe( 7792): [ggml] ggml-hex: HTP0 profile-op OPBATCH|----|n-ops 5|----|----|----|usec 281 cycles 574486 start 1871037514002 mhz 2044.4
10-08 12:03:08.269 I/NpuProbe( 7792): [ggml] ggml-hex: HTP0 profile-op ROPE|HTP0#Kcur-12#0 x HTP0#leaf_5#0 -> Kcur-12|128:4:27:1 x 27:1 -> 128:4:27:1|f32 x i32 -> f32|4:512:2048:55296 x 4:108 -> 4:512:2048:55296|----|usec 17 cycles 35677 start 2726766665 mhz 2098.6
10-08 12:03:08.269 I/NpuProbe( 7792): [ggml] ggml-hex: HTP0 profile-op RMS_NORM+MUL|Kcur-12 x blk.12.attn_k_norm.weight -> Kcur_norm-12|128:4:27:1 x 128:1 -> 128:4:27:1|f32 x f32 -> f32|4:512:2048:55296 x 4:512 -> 4:512:2048:55296|row-block vtcm 8376320|usec 9 cycles 19763 start 2726802416 mhz 2195.9
10-08 12:03:08.269 I/NpuProbe( 7792): [ggml] ggml-hex: HTP0 profile-op SET_ROWS|Kcur_norm-12 (view) x HTP0#leaf_10#0 x cache_k_l12 -> cache_k_l12 (view)|512:27 x 27:1 x 512:2048 -> 512:2048|f32 x i64 x f16 -> f16|4:2048 x 8:216 x 2:1024 -> 2:1024|----|usec 4 cycles 8236 start 2726822205 mhz 2059.0
10-08 12:03:08.269 I/NpuProbe( 7792): [ggml] ggml-hex: HTP0 profile-op SET_ROWS|HTP0#Vcur-12 (view)#0 x HTP0#leaf_12#0 x cache_v_l12 -> cache_v_l12 (view)|512:27 x 27:1 x 512:2048 -> 512:2048|f32 x i64 x f16 -> f16|4:2048 x 8:216 x 2:1024 -> 2:1024|----|usec 2 cycles 5205 start 2726830467 mhz 2602.5
10-08 12:03:08.269 I/NpuProbe( 7792): [ggml] ggml-hex: HTP0 profile-op FLASH_ATTN_EXT|Qcur_norm-12 (view) (permuted) x cache_k_l12 (view) (permuted) x cache_v_l12 (view) (permuted) x HTP0#attn_inp_kq_mask#0 -> node_445|128:27:16:1 x 128:256:4:1 x 128:256:4:1 x 256:27 -> 128:16:27:1|f32 x f16 x f16 x f16 -> f32|4:8192:512:221184! x 2:1024:256:2097152! x 2:1024:256:2097152! x 2:512 -> 4:512:8192:221184|hmx-pipe vtcm 310016|usec 223 cycles 454137 start 2726835704 mhz 2036.5
10-08 12:03:08.269 I/NpuProbe( 7792): [ggml] ggml-hex: HTP0 profile-op OPBATCH|----|n-ops 2|----|----|----|usec 56 cycles 116269 start 1871038878022 mhz 2076.2
10-08 12:03:08.269 I/NpuProbe( 7792): [ggml] ggml-hex: HTP0 profile-op ADD|HTP0#attn_out-12#0 x l_out-11 -> ffn_inp-12|2048:27 x 2048:27 -> 2048:27|f32 x f32 -> f32|4:8192 x 4:8192 -> 4:8192|----|usec 20 cycles 42560 start 2728128416 mhz 2128.0
10-08 12:03:08.269 I/NpuProbe( 7792): [ggml] ggml-hex: HTP0 profile-op RMS_NORM+MUL|ffn_inp-12 x blk.12.ffn_norm.weight -> ffn_norm-12|2048:27 x 2048:1 -> 2048:27|f32 x f32 -> f32|4:8192 x 4:8192 -> 4:8192|row-block vtcm 8192000|usec 15 cycles 31486 start 2728171040 mhz 2099.1
10-08 12:03:08.269 I/NpuProbe( 7792): [ggml] ggml-hex: HTP0 profile-op OPBATCH|----|n-ops 2|----|----|----|usec 57 cycles 117709 start 1871040767328 mhz 2065.1
10-08 12:03:08.269 I/NpuProbe( 7792): [ggml] ggml-hex: HTP0 profile-op ADD|HTP0#ffn_out-12#0 x ffn_inp-12 -> l_out-12|2048:27 x 2048:27 -> 2048:27|f32 x f32 -> f32|4:8192 x 4:8192 -> 4:8192|----|usec 20 cycles 42543 start 2730020029 mhz 2127.1
10-08 12:03:08.269 I/NpuProbe( 7792): [ggml] ggml-hex: HTP0 profile-op RMS_NORM+MUL|l_out-12 x blk.13.attn_norm.weight -> attn_norm-13|2048:27 x 2048:1 -> 2048:27|f32 x f32 -> f32|4:8192 x 4:8192 -> 4:8192|row-block vtcm 8192000|usec 14 cycles 29942 start 2730062635 mhz 2138.7
10-08 12:03:08.269 I/NpuProbe( 7792): [ggml] ggml-hex: HTP0 profile-op OPBATCH|----|n-ops 2|----|----|----|usec 62 cycles 127454 start 1871041669191 mhz 2055.7
10-08 12:03:08.269 I/NpuProbe( 7792): [ggml] ggml-hex: HTP0 profile-op ROPE|HTP0#Qcur-13#0 x HTP0#leaf_5#0 -> Qcur-13|128:16:27:1 x 27:1 -> 128:16:27:1|f32 x i32 -> f32|4:512:8192:221184 x 4:108 -> 4:512:8192:221184|----|usec 22 cycles 46795 start 2730918854 mhz 2127.0
10-08 12:03:08.269 I/NpuProbe( 7792): [ggml] ggml-hex: HTP0 profile-op RMS_NORM+MUL|Qcur-13 x blk.13.attn_q_norm.weight -> Qcur_norm-13|128:16:27:1 x 128:1 -> 128:16:27:1|f32 x f32 -> f32|4:512:8192:221184 x 4:512 -> 4:512:8192:221184|row-block vtcm 8376320|usec 19 cycles 39206 start 2730965710 mhz 2063.5
10-08 12:03:08.269 I/NpuProbe( 7792): [ggml] ggml-hex: HTP0 profile-op OPBATCH|----|n-ops 5|----|----|----|usec 285 cycles 581641 start 1871042585793 mhz 2040.8
10-08 12:03:08.269 I/NpuProbe( 7792): [ggml] ggml-hex: HTP0 profile-op ROPE|HTP0#Kcur-13#0 x HTP0#leaf_5#0 -> Kcur-13|128:4:27:1 x 27:1 -> 128:4:27:1|f32 x i32 -> f32|4:512:2048:55296 x 4:108 -> 4:512:2048:55296|----|usec 17 cycles 35617 start 2731838246 mhz 2095.1
10-08 12:03:08.269 I/NpuProbe( 7792): [ggml] ggml-hex: HTP0 profile-op RMS_NORM+MUL|Kcur-13 x blk.13.attn_k_norm.weight -> Kcur_norm-13|128:4:27:1 x 128:1 -> 128:4:27:1|f32 x f32 -> f32|4:512:2048:55296 x 4:512 -> 4:512:2048:55296|row-block vtcm 8376320|usec 9 cycles 18857 start 2731873927 mhz 2095.2
10-08 12:03:08.269 I/NpuProbe( 7792): [ggml] ggml-hex: HTP0 profile-op SET_ROWS|Kcur_norm-13 (view) x HTP0#leaf_10#0 x cache_k_l13 -> cache_k_l13 (view)|512:27 x 27:1 x 512:2048 -> 512:2048|f32 x i64 x f16 -> f16|4:2048 x 8:216 x 2:1024 -> 2:1024|----|usec 3 cycles 7778 start 2731892825 mhz 2592.7
10-08 12:03:08.269 I/NpuProbe( 7792): [ggml] ggml-hex: HTP0 profile-op SET_ROWS|HTP0#Vcur-13 (view)#0 x HTP0#leaf_12#0 x cache_v_l13 -> cache_v_l13 (view)|512:27 x 27:1 x 512:2048 -> 512:2048|f32 x i64 x f16 -> f16|4:2048 x 8:216 x 2:1024 -> 2:1024|----|usec 2 cycles 5762 start 2731900631 mhz 2881.0
10-08 12:03:08.269 I/NpuProbe( 7792): [ggml] ggml-hex: HTP0 profile-op FLASH_ATTN_EXT|Qcur_norm-13 (view) (permuted) x cache_k_l13 (view) (permuted) x cache_v_l13 (view) (permuted) x HTP0#attn_inp_kq_mask#0 -> node_480|128:27:16:1 x 128:256:4:1 x 128:256:4:1 x 256:27 -> 128:16:27:1|f32 x f16 x f16 x f16 -> f32|4:8192:512:221184! x 2:1024:256:2097152! x 2:1024:256:2097152! x 2:512 -> 4:512:8192:221184|hmx-pipe vtcm 310016|usec 227 cycles 463855 start 2731906429 mhz 2043.4
10-08 12:03:08.269 I/NpuProbe( 7792): [ggml] ggml-hex: HTP0 profile-op OPBATCH|----|n-ops 2|----|----|----|usec 56 cycles 116490 start 1871043952016 mhz 2080.2
10-08 12:03:08.269 I/NpuProbe( 7792): [ggml] ggml-hex: HTP0 profile-op ADD|HTP0#attn_out-13#0 x l_out-12 -> ffn_inp-13|2048:27 x 2048:27 -> 2048:27|f32 x f32 -> f32|4:8192 x 4:8192 -> 4:8192|----|usec 21 cycles 43376 start 2733201932 mhz 2065.5
10-08 12:03:08.269 I/NpuProbe( 7792): [ggml] ggml-hex: HTP0 profile-op RMS_NORM+MUL|ffn_inp-13 x blk.13.ffn_norm.weight -> ffn_norm-13|2048:27 x 2048:1 -> 2048:27|f32 x f32 -> f32|4:8192 x 4:8192 -> 4:8192|row-block vtcm 8192000|usec 15 cycles 31716 start 2733245369 mhz 2114.4
10-08 12:03:08.269 I/NpuProbe( 7792): [ggml] ggml-hex: HTP0 profile-op OPBATCH|----|n-ops 2|----|----|----|usec 52 cycles 108236 start 1871045822771 mhz 2081.5
10-08 12:03:08.269 I/NpuProbe( 7792): [ggml] ggml-hex: HTP0 profile-op ADD|HTP0#ffn_out-13#0 x ffn_inp-13 -> l_out-13|2048:27 x 2048:27 -> 2048:27|f32 x f32 -> f32|4:8192 x 4:8192 -> 4:8192|----|usec 17 cycles 36763 start 2735075111 mhz 2162.5
10-08 12:03:08.269 I/NpuProbe( 7792): [ggml] ggml-hex: HTP0 profile-op RMS_NORM+MUL|l_out-13 x blk.14.attn_norm.weight -> attn_norm-14|2048:27 x 2048:1 -> 2048:27|f32 x f32 -> f32|4:8192 x 4:8192 -> 4:8192|row-block vtcm 8192000|usec 13 cycles 26583 start 2735111922 mhz 2044.8
10-08 12:03:08.269 I/NpuProbe( 7792): [ggml] ggml-hex: HTP0 profile-op OPBATCH|----|n-ops 2|----|----|----|usec 60 cycles 123514 start 1871046721644 mhz 2058.6
10-08 12:03:08.269 I/NpuProbe( 7792): [ggml] ggml-hex: HTP0 profile-op ROPE|HTP0#Qcur-14#0 x HTP0#leaf_5#0 -> Qcur-14|128:16:27:1 x 27:1 -> 128:16:27:1|f32 x i32 -> f32|4:512:8192:221184 x 4:108 -> 4:512:8192:221184|----|usec 22 cycles 45914 start 2735971418 mhz 2087.0
10-08 12:03:08.269 I/NpuProbe( 7792): [ggml] ggml-hex: HTP0 profile-op RMS_NORM+MUL|Qcur-14 x blk.14.attn_q_norm.weight -> Qcur_norm-14|128:16:27:1 x 128:1 -> 128:16:27:1|f32 x f32 -> f32|4:512:8192:221184 x 4:512 -> 4:512:8192:221184|row-block vtcm 8376320|usec 18 cycles 37044 start 2736017406 mhz 2058.0
10-08 12:03:08.269 I/NpuProbe( 7792): [ggml] ggml-hex: HTP0 profile-op OPBATCH|----|n-ops 5|----|----|----|usec 280 cycles 572038 start 1871047529013 mhz 2043.0
10-08 12:03:08.269 I/NpuProbe( 7792): [ggml] ggml-hex: HTP0 profile-op ROPE|HTP0#Kcur-14#0 x HTP0#leaf_5#0 -> Kcur-14|128:4:27:1 x 27:1 -> 128:4:27:1|f32 x i32 -> f32|4:512:2048:55296 x 4:108 -> 4:512:2048:55296|----|usec 17 cycles 35911 start 2736781355 mhz 2112.4
10-08 12:03:08.269 I/NpuProbe( 7792): [ggml] ggml-hex: HTP0 profile-op RMS_NORM+MUL|Kcur-14 x blk.14.attn_k_norm.weight -> Kcur_norm-14|128:4:27:1 x 128:1 -> 128:4:27:1|f32 x f32 -> f32|4:512:2048:55296 x 4:512 -> 4:512:2048:55296|row-block vtcm 8376320|usec 9 cycles 20040 start 2736817329 mhz 2226.7
10-08 12:03:08.269 I/NpuProbe( 7792): [ggml] ggml-hex: HTP0 profile-op SET_ROWS|Kcur_norm-14 (view) x HTP0#leaf_10#0 x cache_k_l14 -> cache_k_l14 (view)|512:27 x 27:1 x 512:2048 -> 512:2048|f32 x i64 x f16 -> f16|4:2048 x 8:216 x 2:1024 -> 2:1024|----|usec 4 cycles 8185 start 2736837397 mhz 2046.2
10-08 12:03:08.269 I/NpuProbe( 7792): [ggml] ggml-hex: HTP0 profile-op SET_ROWS|HTP0#Vcur-14 (view)#0 x HTP0#leaf_12#0 x cache_v_l14 -> cache_v_l14 (view)|512:27 x 27:1 x 512:2048 -> 512:2048|f32 x i64 x f16 -> f16|4:2048 x 8:216 x 2:1024 -> 2:1024|----|usec 2 cycles 5092 start 2736845608 mhz 2546.0
10-08 12:03:08.269 I/NpuProbe( 7792): [ggml] ggml-hex: HTP0 profile-op FLASH_ATTN_EXT|Qcur_norm-14 (view) (permuted) x cache_k_l14 (view) (permuted) x cache_v_l14 (view) (permuted) x HTP0#attn_inp_kq_mask#0 -> node_515|128:27:16:1 x 128:256:4:1 x 128:256:4:1 x 256:27 -> 128:16:27:1|f32 x f16 x f16 x f16 -> f32|4:8192:512:221184! x 2:1024:256:2097152! x 2:1024:256:2097152! x 2:512 -> 4:512:8192:221184|hmx-pipe vtcm 310016|usec 222 cycles 452804 start 2736850732 mhz 2039.7
10-08 12:03:08.269 I/NpuProbe( 7792): [ggml] ggml-hex: HTP0 profile-op OPBATCH|----|n-ops 2|----|----|----|usec 56 cycles 116289 start 1871048904134 mhz 2076.6
10-08 12:03:08.269 I/NpuProbe( 7792): [ggml] ggml-hex: HTP0 profile-op ADD|HTP0#attn_out-14#0 x l_out-13 -> ffn_inp-14|2048:27 x 2048:27 -> 2048:27|f32 x f32 -> f32|4:8192 x 4:8192 -> 4:8192|----|usec 20 cycles 42240 start 2738154420 mhz 2112.0
10-08 12:03:08.269 I/NpuProbe( 7792): [ggml] ggml-hex: HTP0 profile-op RMS_NORM+MUL|ffn_inp-14 x blk.14.ffn_norm.weight -> ffn_norm-14|2048:27 x 2048:1 -> 2048:27|f32 x f32 -> f32|4:8192 x 4:8192 -> 4:8192|row-block vtcm 8192000|usec 15 cycles 31895 start 2738196724 mhz 2126.3
10-08 12:03:08.269 I/NpuProbe( 7792): [ggml] ggml-hex: HTP0 profile-op OPBATCH|----|n-ops 2|----|----|----|usec 55 cycles 114087 start 1871050757989 mhz 2074.3
10-08 12:03:08.269 I/NpuProbe( 7792): [ggml] ggml-hex: HTP0 profile-op ADD|HTP0#ffn_out-14#0 x ffn_inp-14 -> l_out-14|2048:27 x 2048:27 -> 2048:27|f32 x f32 -> f32|4:8192 x 4:8192 -> 4:8192|----|usec 18 cycles 38865 start 2740012655 mhz 2159.2
10-08 12:03:08.269 I/NpuProbe( 7792): [ggml] ggml-hex: HTP0 profile-op RMS_NORM+MUL|l_out-14 x blk.15.attn_norm.weight -> attn_norm-15|2048:27 x 2048:1 -> 2048:27|f32 x f32 -> f32|4:8192 x 4:8192 -> 4:8192|row-block vtcm 8192000|usec 13 cycles 28200 start 2740051571 mhz 2169.2
10-08 12:03:08.269 I/NpuProbe( 7792): [ggml] ggml-hex: HTP0 profile-op OPBATCH|----|n-ops 2|----|----|----|usec 61 cycles 126595 start 1871051661933 mhz 2075.3
10-08 12:03:08.269 I/NpuProbe( 7792): [ggml] ggml-hex: HTP0 profile-op ROPE|HTP0#Qcur-15#0 x HTP0#leaf_5#0 -> Qcur-15|128:16:27:1 x 27:1 -> 128:16:27:1|f32 x i32 -> f32|4:512:8192:221184 x 4:108 -> 4:512:8192:221184|----|usec 22 cycles 46878 start 2740911320 mhz 2130.8
10-08 12:03:08.269 I/NpuProbe( 7792): [ggml] ggml-hex: HTP0 profile-op RMS_NORM+MUL|Qcur-15 x blk.15.attn_q_norm.weight -> Qcur_norm-15|128:16:27:1 x 128:1 -> 128:16:27:1|f32 x f32 -> f32|4:512:8192:221184 x 4:512 -> 4:512:8192:221184|row-block vtcm 8376320|usec 19 cycles 38847 start 2740958262 mhz 2044.6
10-08 12:03:08.269 I/NpuProbe( 7792): [ggml] ggml-hex: HTP0 profile-op OPBATCH|----|n-ops 5|----|----|----|usec 283 cycles 577084 start 1871052476473 mhz 2039.2
10-08 12:03:08.269 I/NpuProbe( 7792): [ggml] ggml-hex: HTP0 profile-op ROPE|HTP0#Kcur-15#0 x HTP0#leaf_5#0 -> Kcur-15|128:4:27:1 x 27:1 -> 128:4:27:1|f32 x i32 -> f32|4:512:2048:55296 x 4:108 -> 4:512:2048:55296|----|usec 18 cycles 38104 start 2741728595 mhz 2116.9
10-08 12:03:08.269 I/NpuProbe( 7792): [ggml] ggml-hex: HTP0 profile-op RMS_NORM+MUL|Kcur-15 x blk.15.attn_k_norm.weight -> Kcur_norm-15|128:4:27:1 x 128:1 -> 128:4:27:1|f32 x f32 -> f32|4:512:2048:55296 x 4:512 -> 4:512:2048:55296|row-block vtcm 8376320|usec 10 cycles 20736 start 2741766763 mhz 2073.6
10-08 12:03:08.269 I/NpuProbe( 7792): [ggml] ggml-hex: HTP0 profile-op SET_ROWS|Kcur_norm-15 (view) x HTP0#leaf_10#0 x cache_k_l15 -> cache_k_l15 (view)|512:27 x 27:1 x 512:2048 -> 512:2048|f32 x i64 x f16 -> f16|4:2048 x 8:216 x 2:1024 -> 2:1024|----|usec 4 cycles 8171 start 2741787525 mhz 2042.8
10-08 12:03:08.269 I/NpuProbe( 7792): [ggml] ggml-hex: HTP0 profile-op SET_ROWS|HTP0#Vcur-15 (view)#0 x HTP0#leaf_12#0 x cache_v_l15 -> cache_v_l15 (view)|512:27 x 27:1 x 512:2048 -> 512:2048|f32 x i64 x f16 -> f16|4:2048 x 8:216 x 2:1024 -> 2:1024|----|usec 2 cycles 6032 start 2741795722 mhz 3016.0
10-08 12:03:08.269 I/NpuProbe( 7792): [ggml] ggml-hex: HTP0 profile-op FLASH_ATTN_EXT|Qcur_norm-15 (view) (permuted) x cache_k_l15 (view) (permuted) x cache_v_l15 (view) (permuted) x HTP0#attn_inp_kq_mask#0 -> node_550|128:27:16:1 x 128:256:4:1 x 128:256:4:1 x 256:27 -> 128:16:27:1|f32 x f16 x f16 x f16 -> f32|4:8192:512:221184! x 2:1024:256:2097152! x 2:1024:256:2097152! x 2:512 -> 4:512:8192:221184|hmx-pipe vtcm 310016|usec 223 cycles 454106 start 2741801780 mhz 2036.3
10-08 12:03:08.269 I/NpuProbe( 7792): [ggml] ggml-hex: HTP0 profile-op OPBATCH|----|n-ops 2|----|----|----|usec 56 cycles 114943 start 1871053843183 mhz 2052.6
10-08 12:03:08.269 I/NpuProbe( 7792): [ggml] ggml-hex: HTP0 profile-op ADD|HTP0#attn_out-15#0 x l_out-14 -> ffn_inp-15|2048:27 x 2048:27 -> 2048:27|f32 x f32 -> f32|4:8192 x 4:8192 -> 4:8192|----|usec 20 cycles 41784 start 2743093180 mhz 2089.2
10-08 12:03:08.269 I/NpuProbe( 7792): [ggml] ggml-hex: HTP0 profile-op RMS_NORM+MUL|ffn_inp-15 x blk.15.ffn_norm.weight -> ffn_norm-15|2048:27 x 2048:1 -> 2048:27|f32 x f32 -> f32|4:8192 x 4:8192 -> 4:8192|row-block vtcm 8192000|usec 15 cycles 31825 start 2743135025 mhz 2121.7
10-08 12:03:08.269 I/NpuProbe( 7792): [ggml] ggml-hex: HTP0 profile-op OPBATCH|----|n-ops 2|----|----|----|usec 168 cycles 342886 start 1871055745967 mhz 2041.0
10-08 12:03:08.269 I/NpuProbe( 7792): [ggml] ggml-hex: HTP0 profile-op ADD|HTP0#ffn_out-15#0 x ffn_inp-15 -> l_out-15|2048:27 x 2048:27 -> 2048:27|f32 x f32 -> f32|4:8192 x 4:8192 -> 4:8192|----|usec 70 cycles 143720 start 2745042103 mhz 2053.1
10-08 12:03:08.269 I/NpuProbe( 7792): [ggml] ggml-hex: HTP0 profile-op RMS_NORM+MUL|l_out-15 x blk.16.attn_norm.weight -> attn_norm-16|2048:27 x 2048:1 -> 2048:27|f32 x f32 -> f32|4:8192 x 4:8192 -> 4:8192|row-block vtcm 8192000|usec 53 cycles 108009 start 2745185875 mhz 2037.9
10-08 12:03:08.269 I/NpuProbe( 7792): [ggml] ggml-hex: HTP0 profile-op OPBATCH|----|n-ops 2|----|----|----|usec 62 cycles 127624 start 1871056855954 mhz 2058.5
10-08 12:03:08.269 I/NpuProbe( 7792): [ggml] ggml-hex: HTP0 profile-op ROPE|HTP0#Qcur-16#0 x HTP0#leaf_5#0 -> Qcur-16|128:16:27:1 x 27:1 -> 128:16:27:1|f32 x i32 -> f32|4:512:8192:221184 x 4:108 -> 4:512:8192:221184|----|usec 22 cycles 46847 start 2746105739 mhz 2129.4
10-08 12:03:08.269 I/NpuProbe( 7792): [ggml] ggml-hex: HTP0 profile-op RMS_NORM+MUL|Qcur-16 x blk.16.attn_q_norm.weight -> Qcur_norm-16|128:16:27:1 x 128:1 -> 128:16:27:1|f32 x f32 -> f32|4:512:8192:221184 x 4:512 -> 4:512:8192:221184|row-block vtcm 8376320|usec 19 cycles 39180 start 2746152650 mhz 2062.1
10-08 12:03:08.269 I/NpuProbe( 7792): [ggml] ggml-hex: HTP0 profile-op OPBATCH|----|n-ops 5|----|----|----|usec 283 cycles 578012 start 1871057846514 mhz 2042.4
10-08 12:03:08.269 I/NpuProbe( 7792): [ggml] ggml-hex: HTP0 profile-op ROPE|HTP0#Kcur-16#0 x HTP0#leaf_5#0 -> Kcur-16|128:4:27:1 x 27:1 -> 128:4:27:1|f32 x i32 -> f32|4:512:2048:55296 x 4:108 -> 4:512:2048:55296|----|usec 17 cycles 37187 start 2747099423 mhz 2187.5
10-08 12:03:08.269 I/NpuProbe( 7792): [ggml] ggml-hex: HTP0 profile-op RMS_NORM+MUL|Kcur-16 x blk.16.attn_k_norm.weight -> Kcur_norm-16|128:4:27:1 x 128:1 -> 128:4:27:1|f32 x f32 -> f32|4:512:2048:55296 x 4:512 -> 4:512:2048:55296|row-block vtcm 8376320|usec 9 cycles 19334 start 2747136684 mhz 2148.2
10-08 12:03:08.269 I/NpuProbe( 7792): [ggml] ggml-hex: HTP0 profile-op SET_ROWS|Kcur_norm-16 (view) x HTP0#leaf_10#0 x cache_k_l16 -> cache_k_l16 (view)|512:27 x 27:1 x 512:2048 -> 512:2048|f32 x i64 x f16 -> f16|4:2048 x 8:216 x 2:1024 -> 2:1024|----|usec 4 cycles 8288 start 2747156044 mhz 2072.0
10-08 12:03:08.269 I/NpuProbe( 7792): [ggml] ggml-hex: HTP0 profile-op SET_ROWS|HTP0#Vcur-16 (view)#0 x HTP0#leaf_12#0 x cache_v_l16 -> cache_v_l16 (view)|512:27 x 27:1 x 512:2048 -> 512:2048|f32 x i64 x f16 -> f16|4:2048 x 8:216 x 2:1024 -> 2:1024|----|usec 2 cycles 5312 start 2747164361 mhz 2656.0
10-08 12:03:08.269 I/NpuProbe( 7792): [ggml] ggml-hex: HTP0 profile-op FLASH_ATTN_EXT|Qcur_norm-16 (view) (permuted) x cache_k_l16 (view) (permuted) x cache_v_l16 (view) (permuted) x HTP0#attn_inp_kq_mask#0 -> node_585|128:27:16:1 x 128:256:4:1 x 128:256:4:1 x 256:27 -> 128:16:27:1|f32 x f16 x f16 x f16 -> f32|4:8192:512:221184! x 2:1024:256:2097152! x 2:1024:256:2097152! x 2:512 -> 4:512:8192:221184|hmx-pipe vtcm 310016|usec 224 cycles 457181 start 2747169699 mhz 2041.0
10-08 12:03:08.269 I/NpuProbe( 7792): [ggml] ggml-hex: HTP0 profile-op OPBATCH|----|n-ops 2|----|----|----|usec 57 cycles 117772 start 1871059193358 mhz 2066.2
10-08 12:03:08.269 I/NpuProbe( 7792): [ggml] ggml-hex: HTP0 profile-op ADD|HTP0#attn_out-16#0 x l_out-15 -> ffn_inp-16|2048:27 x 2048:27 -> 2048:27|f32 x f32 -> f32|4:8192 x 4:8192 -> 4:8192|----|usec 21 cycles 43768 start 2748444137 mhz 2084.2
10-08 12:03:08.269 I/NpuProbe( 7792): [ggml] ggml-hex: HTP0 profile-op RMS_NORM+MUL|ffn_inp-16 x blk.16.ffn_norm.weight -> ffn_norm-16|2048:27 x 2048:1 -> 2048:27|f32 x f32 -> f32|4:8192 x 4:8192 -> 4:8192|row-block vtcm 8192000|usec 15 cycles 31684 start 2748487966 mhz 2112.3
10-08 12:03:08.269 I/NpuProbe( 7792): [ggml] ggml-hex: HTP0 profile-op OPBATCH|----|n-ops 2|----|----|----|usec 54 cycles 111034 start 1871061053237 mhz 2056.2
10-08 12:03:08.269 I/NpuProbe( 7792): [ggml] ggml-hex: HTP0 profile-op ADD|HTP0#ffn_out-16#0 x ffn_inp-16 -> l_out-16|2048:27 x 2048:27 -> 2048:27|f32 x f32 -> f32|4:8192 x 4:8192 -> 4:8192|----|usec 18 cycles 36999 start 2750305841 mhz 2055.5
10-08 12:03:08.269 I/NpuProbe( 7792): [ggml] ggml-hex: HTP0 profile-op RMS_NORM+MUL|l_out-16 x blk.17.attn_norm.weight -> attn_norm-17|2048:27 x 2048:1 -> 2048:27|f32 x f32 -> f32|4:8192 x 4:8192 -> 4:8192|row-block vtcm 8192000|usec 13 cycles 28359 start 2750342905 mhz 2181.5
10-08 12:03:08.269 I/NpuProbe( 7792): [ggml] ggml-hex: HTP0 profile-op OPBATCH|----|n-ops 2|----|----|----|usec 64 cycles 130974 start 1871061933006 mhz 2046.5
10-08 12:03:08.269 I/NpuProbe( 7792): [ggml] ggml-hex: HTP0 profile-op ROPE|HTP0#Qcur-17#0 x HTP0#leaf_5#0 -> Qcur-17|128:16:27:1 x 27:1 -> 128:16:27:1|f32 x i32 -> f32|4:512:8192:221184 x 4:108 -> 4:512:8192:221184|----|usec 23 cycles 47981 start 2751182749 mhz 2086.1
10-08 12:03:08.269 I/NpuProbe( 7792): [ggml] ggml-hex: HTP0 profile-op RMS_NORM+MUL|Qcur-17 x blk.17.attn_q_norm.weight -> Qcur_norm-17|128:16:27:1 x 128:1 -> 128:16:27:1|f32 x f32 -> f32|4:512:8192:221184 x 4:512 -> 4:512:8192:221184|row-block vtcm 8376320|usec 19 cycles 40424 start 2751230794 mhz 2127.6
10-08 12:03:08.269 I/NpuProbe( 7792): [ggml] ggml-hex: HTP0 profile-op OPBATCH|----|n-ops 5|----|----|----|usec 284 cycles 579547 start 1871062745031 mhz 2040.7
10-08 12:03:08.269 I/NpuProbe( 7792): [ggml] ggml-hex: HTP0 profile-op ROPE|HTP0#Kcur-17#0 x HTP0#leaf_5#0 -> Kcur-17|128:4:27:1 x 27:1 -> 128:4:27:1|f32 x i32 -> f32|4:512:2048:55296 x 4:108 -> 4:512:2048:55296|----|usec 17 cycles 35956 start 2751998579 mhz 2115.1
10-08 12:03:08.269 I/NpuProbe( 7792): [ggml] ggml-hex: HTP0 profile-op RMS_NORM+MUL|Kcur-17 x blk.17.attn_k_norm.weight -> Kcur_norm-17|128:4:27:1 x 128:1 -> 128:4:27:1|f32 x f32 -> f32|4:512:2048:55296 x 4:512 -> 4:512:2048:55296|row-block vtcm 8376320|usec 9 cycles 19378 start 2752034583 mhz 2153.1
10-08 12:03:08.269 I/NpuProbe( 7792): [ggml] ggml-hex: HTP0 profile-op SET_ROWS|Kcur_norm-17 (view) x HTP0#leaf_10#0 x cache_k_l17 -> cache_k_l17 (view)|512:27 x 27:1 x 512:2048 -> 512:2048|f32 x i64 x f16 -> f16|4:2048 x 8:216 x 2:1024 -> 2:1024|----|usec 3 cycles 7909 start 2752054000 mhz 2636.3
10-08 12:03:08.269 I/NpuProbe( 7792): [ggml] ggml-hex: HTP0 profile-op SET_ROWS|HTP0#Vcur-17 (view)#0 x HTP0#leaf_12#0 x cache_v_l17 -> cache_v_l17 (view)|512:27 x 27:1 x 512:2048 -> 512:2048|f32 x i64 x f16 -> f16|4:2048 x 8:216 x 2:1024 -> 2:1024|----|usec 2 cycles 5242 start 2752061935 mhz 2621.0
10-08 12:03:08.269 I/NpuProbe( 7792): [ggml] ggml-hex: HTP0 profile-op FLASH_ATTN_EXT|Qcur_norm-17 (view) (permuted) x cache_k_l17 (view) (permuted) x cache_v_l17 (view) (permuted) x HTP0#attn_inp_kq_mask#0 -> node_620|128:27:16:1 x 128:256:4:1 x 128:256:4:1 x 256:27 -> 128:16:27:1|f32 x f16 x f16 x f16 -> f32|4:8192:512:221184! x 2:1024:256:2097152! x 2:1024:256:2097152! x 2:512 -> 4:512:8192:221184|hmx-pipe vtcm 310016|usec 225 cycles 458748 start 2752067203 mhz 2038.9
10-08 12:03:08.269 I/NpuProbe( 7792): [ggml] ggml-hex: HTP0 profile-op OPBATCH|----|n-ops 2|----|----|----|usec 56 cycles 116058 start 1871064113822 mhz 2072.5
10-08 12:03:08.269 I/NpuProbe( 7792): [ggml] ggml-hex: HTP0 profile-op ADD|HTP0#attn_out-17#0 x l_out-16 -> ffn_inp-17|2048:27 x 2048:27 -> 2048:27|f32 x f32 -> f32|4:8192 x 4:8192 -> 4:8192|----|usec 20 cycles 43217 start 2753363386 mhz 2160.9
10-08 12:03:08.269 I/NpuProbe( 7792): [ggml] ggml-hex: HTP0 profile-op RMS_NORM+MUL|ffn_inp-17 x blk.17.ffn_norm.weight -> ffn_norm-17|2048:27 x 2048:1 -> 2048:27|f32 x f32 -> f32|4:8192 x 4:8192 -> 4:8192|row-block vtcm 8192000|usec 15 cycles 30794 start 2753406667 mhz 2052.9
10-08 12:03:08.269 I/NpuProbe( 7792): [ggml] ggml-hex: HTP0 profile-op OPBATCH|----|n-ops 2|----|----|----|usec 55 cycles 113242 start 1871065960760 mhz 2058.9
10-08 12:03:08.269 I/NpuProbe( 7792): [ggml] ggml-hex: HTP0 profile-op ADD|HTP0#ffn_out-17#0 x ffn_inp-17 -> l_out-17|2048:27 x 2048:27 -> 2048:27|f32 x f32 -> f32|4:8192 x 4:8192 -> 4:8192|----|usec 18 cycles 38932 start 2755213239 mhz 2162.9
10-08 12:03:08.269 I/NpuProbe( 7792): [ggml] ggml-hex: HTP0 profile-op RMS_NORM+MUL|l_out-17 x blk.18.attn_norm.weight -> attn_norm-18|2048:27 x 2048:1 -> 2048:27|f32 x f32 -> f32|4:8192 x 4:8192 -> 4:8192|row-block vtcm 8192000|usec 14 cycles 28545 start 2755252223 mhz 2038.9
10-08 12:03:08.269 I/NpuProbe( 7792): [ggml] ggml-hex: HTP0 profile-op OPBATCH|----|n-ops 2|----|----|----|usec 60 cycles 124703 start 1871066856306 mhz 2078.4
10-08 12:03:08.269 I/NpuProbe( 7792): [ggml] ggml-hex: HTP0 profile-op ROPE|HTP0#Qcur-18#0 x HTP0#leaf_5#0 -> Qcur-18|128:16:27:1 x 27:1 -> 128:16:27:1|f32 x i32 -> f32|4:512:8192:221184 x 4:108 -> 4:512:8192:221184|----|usec 21 cycles 45133 start 2756105875 mhz 2149.2
10-08 12:03:08.269 I/NpuProbe( 7792): [ggml] ggml-hex: HTP0 profile-op RMS_NORM+MUL|Qcur-18 x blk.18.attn_q_norm.weight -> Qcur_norm-18|128:16:27:1 x 128:1 -> 128:16:27:1|f32 x f32 -> f32|4:512:8192:221184 x 4:512 -> 4:512:8192:221184|row-block vtcm 8376320|usec 19 cycles 38832 start 2756151072 mhz 2043.8
10-08 12:03:08.269 I/NpuProbe( 7792): [ggml] ggml-hex: HTP0 profile-op OPBATCH|----|n-ops 5|----|----|----|usec 283 cycles 576829 start 1871067690216 mhz 2038.3
10-08 12:03:08.269 I/NpuProbe( 7792): [ggml] ggml-hex: HTP0 profile-op ROPE|HTP0#Kcur-18#0 x HTP0#leaf_5#0 -> Kcur-18|128:4:27:1 x 27:1 -> 128:4:27:1|f32 x i32 -> f32|4:512:2048:55296 x 4:108 -> 4:512:2048:55296|----|usec 17 cycles 35328 start 2756943118 mhz 2078.1
10-08 12:03:08.269 I/NpuProbe( 7792): [ggml] ggml-hex: HTP0 profile-op RMS_NORM+MUL|Kcur-18 x blk.18.attn_k_norm.weight -> Kcur_norm-18|128:4:27:1 x 128:1 -> 128:4:27:1|f32 x f32 -> f32|4:512:2048:55296 x 4:512 -> 4:512:2048:55296|row-block vtcm 8376320|usec 9 cycles 19233 start 2756978510 mhz 2137.0
10-08 12:03:08.269 I/NpuProbe( 7792): [ggml] ggml-hex: HTP0 profile-op SET_ROWS|Kcur_norm-18 (view) x HTP0#leaf_10#0 x cache_k_l18 -> cache_k_l18 (view)|512:27 x 27:1 x 512:2048 -> 512:2048|f32 x i64 x f16 -> f16|4:2048 x 8:216 x 2:1024 -> 2:1024|----|usec 3 cycles 7777 start 2756997769 mhz 2592.3
10-08 12:03:08.269 I/NpuProbe( 7792): [ggml] ggml-hex: HTP0 profile-op SET_ROWS|HTP0#Vcur-18 (view)#0 x HTP0#leaf_12#0 x cache_v_l18 -> cache_v_l18 (view)|512:27 x 27:1 x 512:2048 -> 512:2048|f32 x i64 x f16 -> f16|4:2048 x 8:216 x 2:1024 -> 2:1024|----|usec 2 cycles 4940 start 2757005572 mhz 2470.0
10-08 12:03:08.269 I/NpuProbe( 7792): [ggml] ggml-hex: HTP0 profile-op FLASH_ATTN_EXT|Qcur_norm-18 (view) (permuted) x cache_k_l18 (view) (permuted) x cache_v_l18 (view) (permuted) x HTP0#attn_inp_kq_mask#0 -> node_655|128:27:16:1 x 128:256:4:1 x 128:256:4:1 x 256:27 -> 128:16:27:1|f32 x f16 x f16 x f16 -> f32|4:8192:512:221184! x 2:1024:256:2097152! x 2:1024:256:2097152! x 2:512 -> 4:512:8192:221184|hmx-pipe vtcm 310016|usec 225 cycles 458739 start 2757010543 mhz 2038.8
10-08 12:03:08.269 I/NpuProbe( 7792): [ggml] ggml-hex: HTP0 profile-op OPBATCH|----|n-ops 2|----|----|----|usec 57 cycles 116726 start 1871069056655 mhz 2047.8
10-08 12:03:08.269 I/NpuProbe( 7792): [ggml] ggml-hex: HTP0 profile-op ADD|HTP0#attn_out-18#0 x l_out-17 -> ffn_inp-18|2048:27 x 2048:27 -> 2048:27|f32 x f32 -> f32|4:8192 x 4:8192 -> 4:8192|----|usec 20 cycles 42888 start 2758306836 mhz 2144.4
10-08 12:03:08.269 I/NpuProbe( 7792): [ggml] ggml-hex: HTP0 profile-op RMS_NORM+MUL|ffn_inp-18 x blk.18.ffn_norm.weight -> ffn_norm-18|2048:27 x 2048:1 -> 2048:27|f32 x f32 -> f32|4:8192 x 4:8192 -> 4:8192|row-block vtcm 8192000|usec 15 cycles 31548 start 2758349788 mhz 2103.2
10-08 12:03:08.269 I/NpuProbe( 7792): [ggml] ggml-hex: HTP0 profile-op OPBATCH|----|n-ops 2|----|----|----|usec 57 cycles 118403 start 1871070976264 mhz 2077.2
10-08 12:03:08.269 I/NpuProbe( 7792): [ggml] ggml-hex: HTP0 profile-op ADD|HTP0#ffn_out-18#0 x ffn_inp-18 -> l_out-18|2048:27 x 2048:27 -> 2048:27|f32 x f32 -> f32|4:8192 x 4:8192 -> 4:8192|----|usec 20 cycles 42493 start 2760229102 mhz 2124.6
10-08 12:03:08.269 I/NpuProbe( 7792): [ggml] ggml-hex: HTP0 profile-op RMS_NORM+MUL|l_out-18 x blk.19.attn_norm.weight -> attn_norm-19|2048:27 x 2048:1 -> 2048:27|f32 x f32 -> f32|4:8192 x 4:8192 -> 4:8192|row-block vtcm 8192000|usec 15 cycles 30740 start 2760271645 mhz 2049.3
10-08 12:03:08.269 I/NpuProbe( 7792): [ggml] ggml-hex: HTP0 profile-op OPBATCH|----|n-ops 2|----|----|----|usec 61 cycles 125497 start 1871071864971 mhz 2057.3
10-08 12:03:08.269 I/NpuProbe( 7792): [ggml] ggml-hex: HTP0 profile-op ROPE|HTP0#Qcur-19#0 x HTP0#leaf_5#0 -> Qcur-19|128:16:27:1 x 27:1 -> 128:16:27:1|f32 x i32 -> f32|4:512:8192:221184 x 4:108 -> 4:512:8192:221184|----|usec 22 cycles 45880 start 2761114577 mhz 2085.5
10-08 12:03:08.269 I/NpuProbe( 7792): [ggml] ggml-hex: HTP0 profile-op RMS_NORM+MUL|Qcur-19 x blk.19.attn_q_norm.weight -> Qcur_norm-19|128:16:27:1 x 128:1 -> 128:16:27:1|f32 x f32 -> f32|4:512:8192:221184 x 4:512 -> 4:512:8192:221184|row-block vtcm 8376320|usec 18 cycles 38602 start 2761160528 mhz 2144.6
10-08 12:03:08.269 I/NpuProbe( 7792): [ggml] ggml-hex: HTP0 profile-op OPBATCH|----|n-ops 5|----|----|----|usec 284 cycles 579590 start 1871072725368 mhz 2040.8
10-08 12:03:08.269 I/NpuProbe( 7792): [ggml] ggml-hex: HTP0 profile-op ROPE|HTP0#Kcur-19#0 x HTP0#leaf_5#0 -> Kcur-19|128:4:27:1 x 27:1 -> 128:4:27:1|f32 x i32 -> f32|4:512:2048:55296 x 4:108 -> 4:512:2048:55296|----|usec 17 cycles 36631 start 2761977276 mhz 2154.8
10-08 12:03:08.269 I/NpuProbe( 7792): [ggml] ggml-hex: HTP0 profile-op RMS_NORM+MUL|Kcur-19 x blk.19.attn_k_norm.weight -> Kcur_norm-19|128:4:27:1 x 128:1 -> 128:4:27:1|f32 x f32 -> f32|4:512:2048:55296 x 4:512 -> 4:512:2048:55296|row-block vtcm 8376320|usec 9 cycles 19272 start 2762013971 mhz 2141.3
10-08 12:03:08.269 I/NpuProbe( 7792): [ggml] ggml-hex: HTP0 profile-op SET_ROWS|Kcur_norm-19 (view) x HTP0#leaf_10#0 x cache_k_l19 -> cache_k_l19 (view)|512:27 x 27:1 x 512:2048 -> 512:2048|f32 x i64 x f16 -> f16|4:2048 x 8:216 x 2:1024 -> 2:1024|----|usec 3 cycles 8043 start 2762033269 mhz 2681.0
10-08 12:03:08.269 I/NpuProbe( 7792): [ggml] ggml-hex: HTP0 profile-op SET_ROWS|HTP0#Vcur-19 (view)#0 x HTP0#leaf_12#0 x cache_v_l19 -> cache_v_l19 (view)|512:27 x 27:1 x 512:2048 -> 512:2048|f32 x i64 x f16 -> f16|4:2048 x 8:216 x 2:1024 -> 2:1024|----|usec 2 cycles 5947 start 2762041338 mhz 2973.5
10-08 12:03:08.269 I/NpuProbe( 7792): [ggml] ggml-hex: HTP0 profile-op FLASH_ATTN_EXT|Qcur_norm-19 (view) (permuted) x cache_k_l19 (view) (permuted) x cache_v_l19 (view) (permuted) x HTP0#attn_inp_kq_mask#0 -> node_690|128:27:16:1 x 128:256:4:1 x 128:256:4:1 x 256:27 -> 128:16:27:1|f32 x f16 x f16 x f16 -> f32|4:8192:512:221184! x 2:1024:256:2097152! x 2:1024:256:2097152! x 2:512 -> 4:512:8192:221184|hmx-pipe vtcm 310016|usec 225 cycles 459817 start 2762047311 mhz 2043.6
10-08 12:03:08.269 I/NpuProbe( 7792): [ggml] ggml-hex: HTP0 profile-op OPBATCH|----|n-ops 2|----|----|----|usec 56 cycles 115825 start 1871074094709 mhz 2068.3
10-08 12:03:14.021 I/NpuProbe( 6091): nativeLibraryDir=/data/app/~~k-sqWv1b76V8LmSKmdVxqA==/br.gov.sp.pcsp.npuprobe-9joaf9k9VohDWEFgEww73A==/lib/arm64
10-08 12:03:14.021 I/NpuProbe( 6091): runProbe PULADO (p4-auto presente; preinit do tune)
10-08 12:03:14.021 I/NpuProbe( 6091): REPORT:
10-08 12:03:14.021 I/NpuProbe( 6091): (runProbe PULADO: p4-auto presente; evita init Hexagon pre-tune - R8)
10-08 12:03:14.021 I/NpuProbe( 6091): AUTO-GATILHO='smart:sessao'
10-08 12:03:14.022 I/NpuProbe( 6091): SMART iniciando rota=sessao com /data/local/tmp/hymt2_app.gguf
10-08 12:03:14.022 I/NpuProbe( 6091): SMARTv2 rota='sessao' mutante=(none)
10-08 12:03:14.096 I/NpuProbe( 6091): SESSAO(9361aa2): 2 requests na mesma sessao (roles separados; JSON nativo em files/r6-sess.jsonl)
10-08 12:03:14.098 I/NpuProbe( 6091): PROMPT[0]: arquivo proprio (len=1101)
--------- beginning of main
10-08 12:03:14.021 I/NpuProbe( 6091): nativeLibraryDir=/data/app/~~k-sqWv1b76V8LmSKmdVxqA==/br.gov.sp.pcsp.npuprobe-9joaf9k9VohDWEFgEww73A==/lib/arm64
10-08 12:03:14.021 I/NpuProbe( 6091): runProbe PULADO (p4-auto presente; preinit do tune)
10-08 12:03:14.021 I/NpuProbe( 6091): REPORT:
10-08 12:03:14.021 I/NpuProbe( 6091): (runProbe PULADO: p4-auto presente; evita init Hexagon pre-tune - R8)
10-08 12:03:14.021 I/NpuProbe( 6091): AUTO-GATILHO='smart:sessao'
10-08 12:03:14.022 I/NpuProbe( 6091): SMART iniciando rota=sessao com /data/local/tmp/hymt2_app.gguf
10-08 12:03:14.022 I/NpuProbe( 6091): SMARTv2 rota='sessao' mutante=(none)
10-08 12:03:14.096 I/NpuProbe( 6091): SESSAO(9361aa2): 2 requests na mesma sessao (roles separados; JSON nativo em files/r6-sess.jsonl)
10-08 12:03:14.098 I/NpuProbe( 6091): PROMPT[0]: arquivo proprio (len=1101)
10-08 12:03:59.072 I/NpuProbe( 6091): SESS[0] puro:htp puro: ok=1 pieces=305 prefill=6540.49ms gen=38158.84ms pp1=0.61ms wall=44700.9ms
10-08 12:03:59.072 I/NpuProbe( 6091): SESS[0] puro:htp puro texto_len=1069 (integral no JSON)
10-08 12:03:59.072 I/NpuProbe( 6091): SESS[0] puro:htp lifecycle: load=271ms reset=2.13ms wall=44700.9ms
10-08 12:03:59.072 I/NpuProbe( 6091): SESS[0] puro:htp RESULTADO: PURO-EXECUTADO
10-08 12:03:59.072 I/NpuProbe( 6091): [ggml] ggml_vulkan: Found 1 Vulkan devices:
10-08 12:03:59.072 I/NpuProbe( 6091): [ggml] ggml_vulkan: 0 = Adreno (TM) 840 (Qualcomm Technologies Inc. Adreno Vulkan Driver) | uma: 1 | fp16: 1 | bf16: 0 | fp4: 0 | warp size: 64 | shared memory: 32768 | int dot: 0 | matrix cores: none
10-08 12:03:59.072 I/NpuProbe( 6091): [ggml] ggml_opencl: selected platform: 'QUALCOMM Snapdragon(TM)'
10-08 12:03:59.072 I/NpuProbe( 6091): [ggml] 
10-08 12:03:59.072 I/NpuProbe( 6091): ggml_opencl: device: 'QUALCOMM Adreno(TM) 840 (OpenCL 3.0 Adreno(TM) 840)'
10-08 12:03:59.072 I/NpuProbe( 6091): [ggml] ggml_opencl: default device: 'QUALCOMM Adreno(TM) 840 (OpenCL 3.0 Adreno(TM) 840)'
10-08 12:03:59.072 I/NpuProbe( 6091): [ggml] ggml-hex: Loading driver libcdsprpc.so
10-08 12:03:59.072 I/NpuProbe( 6091): [ggml] ggml-hex: Hexagon backend (experimental) : allocating new registry : ndev 1
10-08 12:03:59.072 I/NpuProbe( 6091): [ggml] ggml-hex: Hexagon Arch version v81
10-08 12:03:59.072 I/NpuProbe( 6091): [ggml] ggml-hex: HTP0 allocating new session
10-08 12:03:59.072 I/NpuProbe( 6091): [ggml] ggml-hex: HTP0 hwinfo: threads 8, hvx 8, hmx 1, vtcm 8 MB
10-08 12:03:59.072 I/NpuProbe( 6091): [ggml] ggml-hex: HTP0 new session : session-id 0 domain-id 3 uri file:///libggml-htp-v81.so?htp_iface_skel_handle_invoke&_modver=1.0&_dom=cdsp&_session=0 handle 0xb4000077d52ef580
10-08 12:03:59.072 I/NpuProbe( 6091): [ggml] ggml-hex: HTP0 op batching: n-bufs 16 n-tensors 7168 n-ops 1024 vmem 3355443200
10-08 12:03:59.077 I/NpuProbe( 6091): PROMPT[1]: arquivo proprio (len=205)
10-08 12:04:03.729 I/NpuProbe( 6091): SESS[1] puro:htp puro: ok=1 pieces=26 prefill=1221.46ms gen=3429.01ms pp1=0.62ms wall=4650.9ms
10-08 12:04:03.730 I/NpuProbe( 6091): SESS[1] puro:htp puro texto_len=77 (integral no JSON)
10-08 12:04:03.730 I/NpuProbe( 6091): SESS[1] puro:htp lifecycle: load=0ms reset=1.99ms wall=4650.9ms
10-08 12:04:03.730 I/NpuProbe( 6091): SESS[1] puro:htp RESULTADO: PURO-EXECUTADO
10-08 12:04:03.814 I/NpuProbe( 6091): SESSAO(9361aa2): fim (2 requests)
10-08 12:04:03.814 I/NpuProbe( 6091): SMART REPORT:
10-08 12:04:03.814 I/NpuProbe( 6091): SMART (sessao)
10-08 12:04:03.814 I/NpuProbe( 6091): 
10-08 12:04:03.814 I/NpuProbe( 6091): SMARTv2 rota='sessao' mutante=(none)
10-08 12:04:03.814 I/NpuProbe( 6091): SESSAO(9361aa2): 2 requests na mesma sessao (roles separados; JSON nativo em files/r6-sess.jsonl)
10-08 12:04:03.814 I/NpuProbe( 6091): PROMPT[0]: arquivo proprio (len=1101)
10-08 12:04:03.814 I/NpuProbe( 6091): SESS[0] puro:htp puro: ok=1 pieces=305 prefill=6540.49ms gen=38158.84ms pp1=0.61ms wall=44700.9ms
10-08 12:04:03.814 I/NpuProbe( 6091): SESS[0] puro:htp puro texto_len=1069 (integral no JSON)
10-08 12:04:03.814 I/NpuProbe( 6091): SESS[0] puro:htp lifecycle: load=271ms reset=2.13ms wall=44700.9ms
10-08 12:04:03.814 I/NpuProbe( 6091): SESS[0] puro:htp RESULTADO: PURO-EXECUTADO
10-08 12:04:03.814 I/NpuProbe( 6091): PROMPT[1]: arquivo proprio (len=205)
10-08 12:04:03.814 I/NpuProbe( 6091): SESS[1] puro:htp puro: ok=1 pieces=26 prefill=1221.46ms gen=3429.01ms pp1=0.62ms wall=4650.9ms
10-08 12:04:03.814 I/NpuProbe( 6091): SESS[1] puro:htp puro texto_len=77 (integral no JSON)
10-08 12:04:03.814 I/NpuProbe( 6091): SESS[1] puro:htp lifecycle: load=0ms reset=1.99ms wall=4650.9ms
10-08 12:04:03.814 I/NpuProbe( 6091): SESS[1] puro:htp RESULTADO: PURO-EXECUTADO
10-08 12:04:03.814 I/NpuProbe( 6091): SESSAO(9361aa2): fim (2 requests)
--------- beginning of main
10-08 12:03:59.072 I/NpuProbe( 6091): SESS[0] puro:htp puro: ok=1 pieces=305 prefill=6540.49ms gen=38158.84ms pp1=0.61ms wall=44700.9ms
10-08 12:03:59.072 I/NpuProbe( 6091): SESS[0] puro:htp puro texto_len=1069 (integral no JSON)
10-08 12:03:59.072 I/NpuProbe( 6091): SESS[0] puro:htp lifecycle: load=271ms reset=2.13ms wall=44700.9ms
10-08 12:03:59.072 I/NpuProbe( 6091): SESS[0] puro:htp RESULTADO: PURO-EXECUTADO
10-08 12:03:59.072 I/NpuProbe( 6091): [ggml] ggml_vulkan: Found 1 Vulkan devices:
10-08 12:03:59.072 I/NpuProbe( 6091): [ggml] ggml_vulkan: 0 = Adreno (TM) 840 (Qualcomm Technologies Inc. Adreno Vulkan Driver) | uma: 1 | fp16: 1 | bf16: 0 | fp4: 0 | warp size: 64 | shared memory: 32768 | int dot: 0 | matrix cores: none
10-08 12:03:59.072 I/NpuProbe( 6091): [ggml] ggml_opencl: selected platform: 'QUALCOMM Snapdragon(TM)'
10-08 12:03:59.072 I/NpuProbe( 6091): [ggml] 
10-08 12:03:59.072 I/NpuProbe( 6091): ggml_opencl: device: 'QUALCOMM Adreno(TM) 840 (OpenCL 3.0 Adreno(TM) 840)'
10-08 12:03:59.072 I/NpuProbe( 6091): [ggml] ggml_opencl: default device: 'QUALCOMM Adreno(TM) 840 (OpenCL 3.0 Adreno(TM) 840)'
10-08 12:03:59.072 I/NpuProbe( 6091): [ggml] ggml-hex: Loading driver libcdsprpc.so
10-08 12:03:59.072 I/NpuProbe( 6091): [ggml] ggml-hex: Hexagon backend (experimental) : allocating new registry : ndev 1
10-08 12:03:59.072 I/NpuProbe( 6091): [ggml] ggml-hex: Hexagon Arch version v81
10-08 12:03:59.072 I/NpuProbe( 6091): [ggml] ggml-hex: HTP0 allocating new session
10-08 12:03:59.072 I/NpuProbe( 6091): [ggml] ggml-hex: HTP0 hwinfo: threads 8, hvx 8, hmx 1, vtcm 8 MB
10-08 12:03:59.072 I/NpuProbe( 6091): [ggml] ggml-hex: HTP0 new session : session-id 0 domain-id 3 uri file:///libggml-htp-v81.so?htp_iface_skel_handle_invoke&_modver=1.0&_dom=cdsp&_session=0 handle 0xb4000077d52ef580
10-08 12:03:59.072 I/NpuProbe( 6091): [ggml] ggml-hex: HTP0 op batching: n-bufs 16 n-tensors 7168 n-ops 1024 vmem 3355443200
10-08 12:03:59.077 I/NpuProbe( 6091): PROMPT[1]: arquivo proprio (len=205)
10-08 12:04:03.729 I/NpuProbe( 6091): SESS[1] puro:htp puro: ok=1 pieces=26 prefill=1221.46ms gen=3429.01ms pp1=0.62ms wall=4650.9ms
10-08 12:04:03.730 I/NpuProbe( 6091): SESS[1] puro:htp puro texto_len=77 (integral no JSON)
10-08 12:04:03.730 I/NpuProbe( 6091): SESS[1] puro:htp lifecycle: load=0ms reset=1.99ms wall=4650.9ms
10-08 12:04:03.730 I/NpuProbe( 6091): SESS[1] puro:htp RESULTADO: PURO-EXECUTADO
10-08 12:04:03.814 I/NpuProbe( 6091): SESSAO(9361aa2): fim (2 requests)
10-08 12:04:03.814 I/NpuProbe( 6091): SMART REPORT:
10-08 12:04:03.814 I/NpuProbe( 6091): SMART (sessao)
10-08 12:04:03.814 I/NpuProbe( 6091): 
10-08 12:04:03.814 I/NpuProbe( 6091): SMARTv2 rota='sessao' mutante=(none)
10-08 12:04:03.814 I/NpuProbe( 6091): SESSAO(9361aa2): 2 requests na mesma sessao (roles separados; JSON nativo em files/r6-sess.jsonl)
10-08 12:04:03.814 I/NpuProbe( 6091): PROMPT[0]: arquivo proprio (len=1101)
10-08 12:04:03.814 I/NpuProbe( 6091): SESS[0] puro:htp puro: ok=1 pieces=305 prefill=6540.49ms gen=38158.84ms pp1=0.61ms wall=44700.9ms
10-08 12:04:03.814 I/NpuProbe( 6091): SESS[0] puro:htp puro texto_len=1069 (integral no JSON)
10-08 12:04:03.814 I/NpuProbe( 6091): SESS[0] puro:htp lifecycle: load=271ms reset=2.13ms wall=44700.9ms
10-08 12:04:03.814 I/NpuProbe( 6091): SESS[0] puro:htp RESULTADO: PURO-EXECUTADO
10-08 12:04:03.814 I/NpuProbe( 6091): PROMPT[1]: arquivo proprio (len=205)
10-08 12:04:03.814 I/NpuProbe( 6091): SESS[1] puro:htp puro: ok=1 pieces=26 prefill=1221.46ms gen=3429.01ms pp1=0.62ms wall=4650.9ms
10-08 12:04:03.814 I/NpuProbe( 6091): SESS[1] puro:htp puro texto_len=77 (integral no JSON)
10-08 12:04:03.814 I/NpuProbe( 6091): SESS[1] puro:htp lifecycle: load=0ms reset=1.99ms wall=4650.9ms
10-08 12:04:03.814 I/NpuProbe( 6091): SESS[1] puro:htp RESULTADO: PURO-EXECUTADO
10-08 12:04:03.814 I/NpuProbe( 6091): SESSAO(9361aa2): fim (2 requests)
--------- beginning of main
10-08 12:03:59.072 I/NpuProbe( 6091): SESS[0] puro:htp puro: ok=1 pieces=305 prefill=6540.49ms gen=38158.84ms pp1=0.61ms wall=44700.9ms
10-08 12:03:59.072 I/NpuProbe( 6091): SESS[0] puro:htp puro texto_len=1069 (integral no JSON)
10-08 12:03:59.072 I/NpuProbe( 6091): SESS[0] puro:htp lifecycle: load=271ms reset=2.13ms wall=44700.9ms
10-08 12:03:59.072 I/NpuProbe( 6091): SESS[0] puro:htp RESULTADO: PURO-EXECUTADO
10-08 12:03:59.072 I/NpuProbe( 6091): [ggml] ggml_vulkan: Found 1 Vulkan devices:
10-08 12:03:59.072 I/NpuProbe( 6091): [ggml] ggml_vulkan: 0 = Adreno (TM) 840 (Qualcomm Technologies Inc. Adreno Vulkan Driver) | uma: 1 | fp16: 1 | bf16: 0 | fp4: 0 | warp size: 64 | shared memory: 32768 | int dot: 0 | matrix cores: none
10-08 12:03:59.072 I/NpuProbe( 6091): [ggml] ggml_opencl: selected platform: 'QUALCOMM Snapdragon(TM)'
10-08 12:03:59.072 I/NpuProbe( 6091): [ggml] 
10-08 12:03:59.072 I/NpuProbe( 6091): ggml_opencl: device: 'QUALCOMM Adreno(TM) 840 (OpenCL 3.0 Adreno(TM) 840)'
10-08 12:03:59.072 I/NpuProbe( 6091): [ggml] ggml_opencl: default device: 'QUALCOMM Adreno(TM) 840 (OpenCL 3.0 Adreno(TM) 840)'
10-08 12:03:59.072 I/NpuProbe( 6091): [ggml] ggml-hex: Loading driver libcdsprpc.so
10-08 12:03:59.072 I/NpuProbe( 6091): [ggml] ggml-hex: Hexagon backend (experimental) : allocating new registry : ndev 1
10-08 12:03:59.072 I/NpuProbe( 6091): [ggml] ggml-hex: Hexagon Arch version v81
10-08 12:03:59.072 I/NpuProbe( 6091): [ggml] ggml-hex: HTP0 allocating new session
10-08 12:03:59.072 I/NpuProbe( 6091): [ggml] ggml-hex: HTP0 hwinfo: threads 8, hvx 8, hmx 1, vtcm 8 MB
10-08 12:03:59.072 I/NpuProbe( 6091): [ggml] ggml-hex: HTP0 new session : session-id 0 domain-id 3 uri file:///libggml-htp-v81.so?htp_iface_skel_handle_invoke&_modver=1.0&_dom=cdsp&_session=0 handle 0xb4000077d52ef580
10-08 12:03:59.072 I/NpuProbe( 6091): [ggml] ggml-hex: HTP0 op batching: n-bufs 16 n-tensors 7168 n-ops 1024 vmem 3355443200
10-08 12:03:59.077 I/NpuProbe( 6091): PROMPT[1]: arquivo proprio (len=205)
10-08 12:04:03.729 I/NpuProbe( 6091): SESS[1] puro:htp puro: ok=1 pieces=26 prefill=1221.46ms gen=3429.01ms pp1=0.62ms wall=4650.9ms
10-08 12:04:03.730 I/NpuProbe( 6091): SESS[1] puro:htp puro texto_len=77 (integral no JSON)
10-08 12:04:03.730 I/NpuProbe( 6091): SESS[1] puro:htp lifecycle: load=0ms reset=1.99ms wall=4650.9ms
10-08 12:04:03.730 I/NpuProbe( 6091): SESS[1] puro:htp RESULTADO: PURO-EXECUTADO
10-08 12:04:03.814 I/NpuProbe( 6091): SESSAO(9361aa2): fim (2 requests)
10-08 12:04:03.814 I/NpuProbe( 6091): SMART REPORT:
10-08 12:04:03.814 I/NpuProbe( 6091): SMART (sessao)
10-08 12:04:03.814 I/NpuProbe( 6091): 
10-08 12:04:03.814 I/NpuProbe( 6091): SMARTv2 rota='sessao' mutante=(none)
10-08 12:04:03.814 I/NpuProbe( 6091): SESSAO(9361aa2): 2 requests na mesma sessao (roles separados; JSON nativo em files/r6-sess.jsonl)
10-08 12:04:03.814 I/NpuProbe( 6091): PROMPT[0]: arquivo proprio (len=1101)
10-08 12:04:03.814 I/NpuProbe( 6091): SESS[0] puro:htp puro: ok=1 pieces=305 prefill=6540.49ms gen=38158.84ms pp1=0.61ms wall=44700.9ms
10-08 12:04:03.814 I/NpuProbe( 6091): SESS[0] puro:htp puro texto_len=1069 (integral no JSON)
10-08 12:04:03.814 I/NpuProbe( 6091): SESS[0] puro:htp lifecycle: load=271ms reset=2.13ms wall=44700.9ms
10-08 12:04:03.814 I/NpuProbe( 6091): SESS[0] puro:htp RESULTADO: PURO-EXECUTADO
10-08 12:04:03.814 I/NpuProbe( 6091): PROMPT[1]: arquivo proprio (len=205)
10-08 12:04:03.814 I/NpuProbe( 6091): SESS[1] puro:htp puro: ok=1 pieces=26 prefill=1221.46ms gen=3429.01ms pp1=0.62ms wall=4650.9ms
10-08 12:04:03.814 I/NpuProbe( 6091): SESS[1] puro:htp puro texto_len=77 (integral no JSON)
10-08 12:04:03.814 I/NpuProbe( 6091): SESS[1] puro:htp lifecycle: load=0ms reset=1.99ms wall=4650.9ms
10-08 12:04:03.814 I/NpuProbe( 6091): SESS[1] puro:htp RESULTADO: PURO-EXECUTADO
10-08 12:04:03.814 I/NpuProbe( 6091): SESSAO(9361aa2): fim (2 requests)
10-08 12:05:16.603 I/NpuProbe(11469): nativeLibraryDir=/data/app/~~k-sqWv1b76V8LmSKmdVxqA==/br.gov.sp.pcsp.npuprobe-9joaf9k9VohDWEFgEww73A==/lib/arm64
10-08 12:05:16.603 I/NpuProbe(11469): runProbe PULADO (p4-auto presente; preinit do tune)
10-08 12:05:16.603 I/NpuProbe(11469): REPORT:
10-08 12:05:16.603 I/NpuProbe(11469): (runProbe PULADO: p4-auto presente; evita init Hexagon pre-tune - R8)
10-08 12:05:16.603 I/NpuProbe(11469): AUTO-GATILHO='smart:sessao'
10-08 12:05:16.603 I/NpuProbe(11469): SMART iniciando rota=sessao com /data/local/tmp/hymt2_app.gguf
10-08 12:05:16.603 I/NpuProbe(11469): SMARTv2 rota='sessao' mutante=(none)
10-08 12:05:16.664 I/NpuProbe(11469): SESSAO(937f96b): 2 requests na mesma sessao (roles separados; JSON nativo em files/r6-sess.jsonl)
10-08 12:05:16.665 I/NpuProbe(11469): PROMPT[0]: arquivo proprio (len=1101)
--------- beginning of main
10-08 12:05:16.603 I/NpuProbe(11469): nativeLibraryDir=/data/app/~~k-sqWv1b76V8LmSKmdVxqA==/br.gov.sp.pcsp.npuprobe-9joaf9k9VohDWEFgEww73A==/lib/arm64
10-08 12:05:16.603 I/NpuProbe(11469): runProbe PULADO (p4-auto presente; preinit do tune)
10-08 12:05:16.603 I/NpuProbe(11469): REPORT:
10-08 12:05:16.603 I/NpuProbe(11469): (runProbe PULADO: p4-auto presente; evita init Hexagon pre-tune - R8)
10-08 12:05:16.603 I/NpuProbe(11469): AUTO-GATILHO='smart:sessao'
10-08 12:05:16.603 I/NpuProbe(11469): SMART iniciando rota=sessao com /data/local/tmp/hymt2_app.gguf
10-08 12:05:16.603 I/NpuProbe(11469): SMARTv2 rota='sessao' mutante=(none)
10-08 12:05:16.664 I/NpuProbe(11469): SESSAO(937f96b): 2 requests na mesma sessao (roles separados; JSON nativo em files/r6-sess.jsonl)
10-08 12:05:16.665 I/NpuProbe(11469): PROMPT[0]: arquivo proprio (len=1101)
--------- beginning of main
10-08 12:05:16.603 I/NpuProbe(11469): nativeLibraryDir=/data/app/~~k-sqWv1b76V8LmSKmdVxqA==/br.gov.sp.pcsp.npuprobe-9joaf9k9VohDWEFgEww73A==/lib/arm64
10-08 12:05:16.603 I/NpuProbe(11469): runProbe PULADO (p4-auto presente; preinit do tune)
10-08 12:05:16.603 I/NpuProbe(11469): REPORT:
10-08 12:05:16.603 I/NpuProbe(11469): (runProbe PULADO: p4-auto presente; evita init Hexagon pre-tune - R8)
10-08 12:05:16.603 I/NpuProbe(11469): AUTO-GATILHO='smart:sessao'
10-08 12:05:16.603 I/NpuProbe(11469): SMART iniciando rota=sessao com /data/local/tmp/hymt2_app.gguf
10-08 12:05:16.603 I/NpuProbe(11469): SMARTv2 rota='sessao' mutante=(none)
10-08 12:05:16.664 I/NpuProbe(11469): SESSAO(937f96b): 2 requests na mesma sessao (roles separados; JSON nativo em files/r6-sess.jsonl)
10-08 12:05:16.665 I/NpuProbe(11469): PROMPT[0]: arquivo proprio (len=1101)
10-08 12:06:00.751 I/NpuProbe(19353): nativeLibraryDir=/data/app/~~k-sqWv1b76V8LmSKmdVxqA==/br.gov.sp.pcsp.npuprobe-9joaf9k9VohDWEFgEww73A==/lib/arm64
10-08 12:06:00.751 I/NpuProbe(19353): runProbe PULADO (p4-auto presente; preinit do tune)
10-08 12:06:00.751 I/NpuProbe(19353): REPORT:
10-08 12:06:00.751 I/NpuProbe(19353): (runProbe PULADO: p4-auto presente; evita init Hexagon pre-tune - R8)
10-08 12:06:00.751 I/NpuProbe(19353): AUTO-GATILHO='smart:sessao'
10-08 12:06:00.751 I/NpuProbe(19353): SMART iniciando rota=sessao com /data/local/tmp/hymt2_app.gguf
10-08 12:06:00.751 I/NpuProbe(19353): SMARTv2 rota='sessao' mutante=(none)
10-08 12:06:00.752 I/NpuProbe(19353): TUNE: GGML_HEXAGON_HOSTBUF=0
10-08 12:06:00.809 I/NpuProbe(19353): SESSAO(938a5db): 2 requests na mesma sessao (roles separados; JSON nativo em files/r6-sess.jsonl)
10-08 12:06:00.809 I/NpuProbe(19353): PROMPT[0]: arquivo proprio (len=1101)
--------- beginning of main
10-08 12:06:00.751 I/NpuProbe(19353): nativeLibraryDir=/data/app/~~k-sqWv1b76V8LmSKmdVxqA==/br.gov.sp.pcsp.npuprobe-9joaf9k9VohDWEFgEww73A==/lib/arm64
10-08 12:06:00.751 I/NpuProbe(19353): runProbe PULADO (p4-auto presente; preinit do tune)
10-08 12:06:00.751 I/NpuProbe(19353): REPORT:
10-08 12:06:00.751 I/NpuProbe(19353): (runProbe PULADO: p4-auto presente; evita init Hexagon pre-tune - R8)
10-08 12:06:00.751 I/NpuProbe(19353): AUTO-GATILHO='smart:sessao'
10-08 12:06:00.751 I/NpuProbe(19353): SMART iniciando rota=sessao com /data/local/tmp/hymt2_app.gguf
10-08 12:06:00.751 I/NpuProbe(19353): SMARTv2 rota='sessao' mutante=(none)
10-08 12:06:00.752 I/NpuProbe(19353): TUNE: GGML_HEXAGON_HOSTBUF=0
10-08 12:06:00.809 I/NpuProbe(19353): SESSAO(938a5db): 2 requests na mesma sessao (roles separados; JSON nativo em files/r6-sess.jsonl)
10-08 12:06:00.809 I/NpuProbe(19353): PROMPT[0]: arquivo proprio (len=1101)
--------- beginning of main
10-08 12:06:46.088 I/NpuProbe(26008): nativeLibraryDir=/data/app/~~k-sqWv1b76V8LmSKmdVxqA==/br.gov.sp.pcsp.npuprobe-9joaf9k9VohDWEFgEww73A==/lib/arm64
10-08 12:06:46.088 I/NpuProbe(26008): runProbe PULADO (p4-auto presente; preinit do tune)
10-08 12:06:46.088 I/NpuProbe(26008): REPORT:
10-08 12:06:46.088 I/NpuProbe(26008): (runProbe PULADO: p4-auto presente; evita init Hexagon pre-tune - R8)
10-08 12:06:46.088 I/NpuProbe(26008): AUTO-GATILHO='smart:sessao'
10-08 12:06:46.088 I/NpuProbe(26008): SMART iniciando rota=sessao com /data/local/tmp/hymt2_app.gguf
10-08 12:06:46.088 I/NpuProbe(26008): SMARTv2 rota='sessao' mutante=(none)
10-08 12:06:46.088 I/NpuProbe(26008): TUNE: GGML_HEXAGON_OPSTAGE=2
10-08 12:06:46.160 I/NpuProbe(26008): SESSAO(9395703): 2 requests na mesma sessao (roles separados; JSON nativo em files/r6-sess.jsonl)
10-08 12:06:46.160 I/NpuProbe(26008): PROMPT[0]: arquivo proprio (len=1101)
--------- beginning of main
10-08 12:07:16.086 I/NpuProbe(26008): SESS[0] puro:htp puro: ok=1 pieces=400 prefill=5143.24ms gen=24531.92ms pp1=0.34ms wall=29676.1ms
10-08 12:07:16.086 I/NpuProbe(26008): SESS[0] puro:htp puro texto_len=400 (integral no JSON)
10-08 12:07:16.086 I/NpuProbe(26008): SESS[0] puro:htp lifecycle: load=247ms reset=2.10ms wall=29676.1ms
10-08 12:07:16.086 I/NpuProbe(26008): SESS[0] puro:htp RESULTADO: PURO-EXECUTADO
10-08 12:07:16.086 I/NpuProbe(26008): [ggml] ggml_vulkan: Found 1 Vulkan devices:
10-08 12:07:16.086 I/NpuProbe(26008): [ggml] ggml_vulkan: 0 = Adreno (TM) 840 (Qualcomm Technologies Inc. Adreno Vulkan Driver) | uma: 1 | fp16: 1 | bf16: 0 | fp4: 0 | warp size: 64 | shared memory: 32768 | int dot: 0 | matrix cores: none
10-08 12:07:16.086 I/NpuProbe(26008): [ggml] ggml_opencl: selected platform: 'QUALCOMM Snapdragon(TM)'
10-08 12:07:16.086 I/NpuProbe(26008): [ggml] 
10-08 12:07:16.086 I/NpuProbe(26008): ggml_opencl: device: 'QUALCOMM Adreno(TM) 840 (OpenCL 3.0 Adreno(TM) 840)'
10-08 12:07:16.086 I/NpuProbe(26008): [ggml] ggml_opencl: default device: 'QUALCOMM Adreno(TM) 840 (OpenCL 3.0 Adreno(TM) 840)'
10-08 12:07:16.086 I/NpuProbe(26008): [ggml] ggml-hex: Loading driver libcdsprpc.so
10-08 12:07:16.086 I/NpuProbe(26008): [ggml] ggml-hex: Hexagon backend (experimental) : allocating new registry : ndev 1
10-08 12:07:16.086 I/NpuProbe(26008): [ggml] ggml-hex: Hexagon Arch version v81
10-08 12:07:16.086 I/NpuProbe(26008): [ggml] ggml-hex: HTP0 allocating new session
10-08 12:07:16.086 I/NpuProbe(26008): [ggml] ggml-hex: HTP0 hwinfo: threads 8, hvx 8, hmx 1, vtcm 8 MB
10-08 12:07:16.086 I/NpuProbe(26008): [ggml] ggml-hex: HTP0 new session : session-id 0 domain-id 3 uri file:///libggml-htp-v81.so?htp_iface_skel_handle_invoke&_modver=1.0&_dom=cdsp&_session=0 handle 0xb4000077d5316f40
10-08 12:07:16.086 I/NpuProbe(26008): [ggml] ggml-hex: HTP0 op batching: n-bufs 16 n-tensors 7168 n-ops 1024 vmem 3355443200
10-08 12:07:16.086 I/NpuProbe(26008): PROMPT[1]: arquivo proprio (len=205)
--------- beginning of main
10-08 12:07:34.814 I/NpuProbe(20115): nativeLibraryDir=/data/app/~~k-sqWv1b76V8LmSKmdVxqA==/br.gov.sp.pcsp.npuprobe-9joaf9k9VohDWEFgEww73A==/lib/arm64
10-08 12:07:34.814 I/NpuProbe(20115): runProbe PULADO (p4-auto presente; preinit do tune)
10-08 12:07:34.814 I/NpuProbe(20115): REPORT:
10-08 12:07:34.814 I/NpuProbe(20115): (runProbe PULADO: p4-auto presente; evita init Hexagon pre-tune - R8)
10-08 12:07:34.814 I/NpuProbe(20115): AUTO-GATILHO='smart:sessao'
10-08 12:07:34.816 I/NpuProbe(20115): SMART iniciando rota=sessao com /data/local/tmp/hymt2_app.gguf
10-08 12:07:34.816 I/NpuProbe(20115): SMARTv2 rota='sessao' mutante=(none)
10-08 12:07:34.816 I/NpuProbe(20115): TUNE: GGML_HEXAGON_OPSTAGE=1
10-08 12:07:34.891 I/NpuProbe(20115): SESSAO(93a155d): 2 requests na mesma sessao (roles separados; JSON nativo em files/r6-sess.jsonl)
10-08 12:07:34.891 I/NpuProbe(20115): PROMPT[0]: arquivo proprio (len=1101)
--------- beginning of main
10-08 12:08:18.114 I/NpuProbe(20115): SESS[0] puro:htp puro: ok=1 pieces=400 prefill=6054.37ms gen=36937.10ms pp1=0.63ms wall=42992.4ms
10-08 12:08:18.114 I/NpuProbe(20115): SESS[0] puro:htp puro texto_len=400 (integral no JSON)
10-08 12:08:18.114 I/NpuProbe(20115): SESS[0] puro:htp lifecycle: load=229ms reset=1.87ms wall=42992.4ms
10-08 12:08:18.114 I/NpuProbe(20115): SESS[0] puro:htp RESULTADO: PURO-EXECUTADO
10-08 12:08:18.114 I/NpuProbe(20115): [ggml] ggml_vulkan: Found 1 Vulkan devices:
10-08 12:08:18.114 I/NpuProbe(20115): [ggml] ggml_vulkan: 0 = Adreno (TM) 840 (Qualcomm Technologies Inc. Adreno Vulkan Driver) | uma: 1 | fp16: 1 | bf16: 0 | fp4: 0 | warp size: 64 | shared memory: 32768 | int dot: 0 | matrix cores: none
10-08 12:08:18.114 I/NpuProbe(20115): [ggml] ggml_opencl: selected platform: 'QUALCOMM Snapdragon(TM)'
10-08 12:08:18.114 I/NpuProbe(20115): [ggml] 
10-08 12:08:18.114 I/NpuProbe(20115): ggml_opencl: device: 'QUALCOMM Adreno(TM) 840 (OpenCL 3.0 Adreno(TM) 840)'
10-08 12:08:18.114 I/NpuProbe(20115): [ggml] ggml_opencl: default device: 'QUALCOMM Adreno(TM) 840 (OpenCL 3.0 Adreno(TM) 840)'
10-08 12:08:18.114 I/NpuProbe(20115): [ggml] ggml-hex: Loading driver libcdsprpc.so
10-08 12:08:18.114 I/NpuProbe(20115): [ggml] ggml-hex: Hexagon backend (experimental) : allocating new registry : ndev 1
10-08 12:08:18.114 I/NpuProbe(20115): [ggml] ggml-hex: Hexagon Arch version v81
10-08 12:08:18.114 I/NpuProbe(20115): [ggml] ggml-hex: HTP0 allocating new session
10-08 12:08:18.114 I/NpuProbe(20115): [ggml] ggml-hex: HTP0 hwinfo: threads 8, hvx 8, hmx 1, vtcm 8 MB
10-08 12:08:18.114 I/NpuProbe(20115): [ggml] ggml-hex: HTP0 new session : session-id 0 domain-id 3 uri file:///libggml-htp-v81.so?htp_iface_skel_handle_invoke&_modver=1.0&_dom=cdsp&_session=0 handle 0xb4000077d9acbe40
10-08 12:08:18.114 I/NpuProbe(20115): [ggml] ggml-hex: HTP0 op batching: n-bufs 16 n-tensors 7168 n-ops 1024 vmem 3355443200
10-08 12:08:18.114 I/NpuProbe(20115): PROMPT[1]: arquivo proprio (len=205)
10-08 12:08:22.566 I/NpuProbe(11770): nativeLibraryDir=/data/app/~~k-sqWv1b76V8LmSKmdVxqA==/br.gov.sp.pcsp.npuprobe-9joaf9k9VohDWEFgEww73A==/lib/arm64
10-08 12:08:22.566 I/NpuProbe(11770): runProbe PULADO (p4-auto presente; preinit do tune)
10-08 12:08:22.566 I/NpuProbe(11770): REPORT:
10-08 12:08:22.566 I/NpuProbe(11770): (runProbe PULADO: p4-auto presente; evita init Hexagon pre-tune - R8)
10-08 12:08:22.566 I/NpuProbe(11770): AUTO-GATILHO='smart:sessao'
10-08 12:08:22.566 I/NpuProbe(11770): SMART iniciando rota=sessao com /data/local/tmp/hymt2_app.gguf
10-08 12:08:22.566 I/NpuProbe(11770): SMARTv2 rota='sessao' mutante=(none)
10-08 12:08:22.567 I/NpuProbe(11770): TUNE: GGML_HEXAGON_OPFUSION=0
10-08 12:08:22.660 I/NpuProbe(11770): SESSAO(93acff6): 2 requests na mesma sessao (roles separados; JSON nativo em files/r6-sess.jsonl)
10-08 12:08:22.662 I/NpuProbe(11770): PROMPT[0]: arquivo proprio (len=1101)
--------- beginning of main
10-08 12:08:18.114 I/NpuProbe(20115): SESS[0] puro:htp puro: ok=1 pieces=400 prefill=6054.37ms gen=36937.10ms pp1=0.63ms wall=42992.4ms
10-08 12:08:18.114 I/NpuProbe(20115): SESS[0] puro:htp puro texto_len=400 (integral no JSON)
10-08 12:08:18.114 I/NpuProbe(20115): SESS[0] puro:htp lifecycle: load=229ms reset=1.87ms wall=42992.4ms
10-08 12:08:18.114 I/NpuProbe(20115): SESS[0] puro:htp RESULTADO: PURO-EXECUTADO
10-08 12:08:18.114 I/NpuProbe(20115): [ggml] ggml_vulkan: Found 1 Vulkan devices:
10-08 12:08:18.114 I/NpuProbe(20115): [ggml] ggml_vulkan: 0 = Adreno (TM) 840 (Qualcomm Technologies Inc. Adreno Vulkan Driver) | uma: 1 | fp16: 1 | bf16: 0 | fp4: 0 | warp size: 64 | shared memory: 32768 | int dot: 0 | matrix cores: none
10-08 12:08:18.114 I/NpuProbe(20115): [ggml] ggml_opencl: selected platform: 'QUALCOMM Snapdragon(TM)'
10-08 12:08:18.114 I/NpuProbe(20115): [ggml] 
10-08 12:08:18.114 I/NpuProbe(20115): ggml_opencl: device: 'QUALCOMM Adreno(TM) 840 (OpenCL 3.0 Adreno(TM) 840)'
10-08 12:08:18.114 I/NpuProbe(20115): [ggml] ggml_opencl: default device: 'QUALCOMM Adreno(TM) 840 (OpenCL 3.0 Adreno(TM) 840)'
10-08 12:08:18.114 I/NpuProbe(20115): [ggml] ggml-hex: Loading driver libcdsprpc.so
10-08 12:08:18.114 I/NpuProbe(20115): [ggml] ggml-hex: Hexagon backend (experimental) : allocating new registry : ndev 1
10-08 12:08:18.114 I/NpuProbe(20115): [ggml] ggml-hex: Hexagon Arch version v81
10-08 12:08:18.114 I/NpuProbe(20115): [ggml] ggml-hex: HTP0 allocating new session
10-08 12:08:18.114 I/NpuProbe(20115): [ggml] ggml-hex: HTP0 hwinfo: threads 8, hvx 8, hmx 1, vtcm 8 MB
10-08 12:08:18.114 I/NpuProbe(20115): [ggml] ggml-hex: HTP0 new session : session-id 0 domain-id 3 uri file:///libggml-htp-v81.so?htp_iface_skel_handle_invoke&_modver=1.0&_dom=cdsp&_session=0 handle 0xb4000077d9acbe40
10-08 12:08:18.114 I/NpuProbe(20115): [ggml] ggml-hex: HTP0 op batching: n-bufs 16 n-tensors 7168 n-ops 1024 vmem 3355443200
10-08 12:08:18.114 I/NpuProbe(20115): PROMPT[1]: arquivo proprio (len=205)
10-08 12:08:22.566 I/NpuProbe(11770): nativeLibraryDir=/data/app/~~k-sqWv1b76V8LmSKmdVxqA==/br.gov.sp.pcsp.npuprobe-9joaf9k9VohDWEFgEww73A==/lib/arm64
10-08 12:08:22.566 I/NpuProbe(11770): runProbe PULADO (p4-auto presente; preinit do tune)
10-08 12:08:22.566 I/NpuProbe(11770): REPORT:
10-08 12:08:22.566 I/NpuProbe(11770): (runProbe PULADO: p4-auto presente; evita init Hexagon pre-tune - R8)
10-08 12:08:22.566 I/NpuProbe(11770): AUTO-GATILHO='smart:sessao'
10-08 12:08:22.566 I/NpuProbe(11770): SMART iniciando rota=sessao com /data/local/tmp/hymt2_app.gguf
10-08 12:08:22.566 I/NpuProbe(11770): SMARTv2 rota='sessao' mutante=(none)
10-08 12:08:22.567 I/NpuProbe(11770): TUNE: GGML_HEXAGON_OPFUSION=0
10-08 12:08:22.660 I/NpuProbe(11770): SESSAO(93acff6): 2 requests na mesma sessao (roles separados; JSON nativo em files/r6-sess.jsonl)
10-08 12:08:22.662 I/NpuProbe(11770): PROMPT[0]: arquivo proprio (len=1101)
--------- beginning of main
10-08 12:09:08.028 I/NpuProbe( 6035): nativeLibraryDir=/data/app/~~k-sqWv1b76V8LmSKmdVxqA==/br.gov.sp.pcsp.npuprobe-9joaf9k9VohDWEFgEww73A==/lib/arm64
10-08 12:09:08.028 I/NpuProbe( 6035): runProbe PULADO (p4-auto presente; preinit do tune)
10-08 12:09:08.028 I/NpuProbe( 6035): REPORT:
10-08 12:09:08.028 I/NpuProbe( 6035): (runProbe PULADO: p4-auto presente; evita init Hexagon pre-tune - R8)
10-08 12:09:08.028 I/NpuProbe( 6035): AUTO-GATILHO='smart:sessao'
10-08 12:09:08.028 I/NpuProbe( 6035): SMART iniciando rota=sessao com /data/local/tmp/hymt2_app.gguf
10-08 12:09:08.028 I/NpuProbe( 6035): SMARTv2 rota='sessao' mutante=(none)
10-08 12:09:08.028 I/NpuProbe( 6035): TUNE: GGML_HEXAGON_OPPOLL=1
10-08 12:09:08.093 I/NpuProbe( 6035): SESSAO(93b8170): 2 requests na mesma sessao (roles separados; JSON nativo em files/r6-sess.jsonl)
10-08 12:09:08.093 I/NpuProbe( 6035): PROMPT[0]: arquivo proprio (len=1101)
--------- beginning of main
10-08 12:09:54.223 I/NpuProbe(26004): nativeLibraryDir=/data/app/~~k-sqWv1b76V8LmSKmdVxqA==/br.gov.sp.pcsp.npuprobe-9joaf9k9VohDWEFgEww73A==/lib/arm64
10-08 12:09:54.223 I/NpuProbe(26004): runProbe PULADO (p4-auto presente; preinit do tune)
10-08 12:09:54.223 I/NpuProbe(26004): REPORT:
10-08 12:09:54.223 I/NpuProbe(26004): (runProbe PULADO: p4-auto presente; evita init Hexagon pre-tune - R8)
10-08 12:09:54.223 I/NpuProbe(26004): AUTO-GATILHO='smart:sessao'
10-08 12:09:54.223 I/NpuProbe(26004): SMART iniciando rota=sessao com /data/local/tmp/hymt2_app.gguf
10-08 12:09:54.223 I/NpuProbe(26004): SMARTv2 rota='sessao' mutante=(none)
10-08 12:09:54.224 I/NpuProbe(26004): TUNE: GGML_HEXAGON_ETM=1
10-08 12:09:54.286 I/NpuProbe(26004): SESSAO(93c35e0): 2 requests na mesma sessao (roles separados; JSON nativo em files/r6-sess.jsonl)
10-08 12:09:54.286 I/NpuProbe(26004): PROMPT[0]: arquivo proprio (len=1101)
--------- beginning of main
10-08 12:10:40.383 I/NpuProbe(11517): nativeLibraryDir=/data/app/~~k-sqWv1b76V8LmSKmdVxqA==/br.gov.sp.pcsp.npuprobe-9joaf9k9VohDWEFgEww73A==/lib/arm64
10-08 12:10:40.383 I/NpuProbe(11517): runProbe PULADO (p4-auto presente; preinit do tune)
10-08 12:10:40.383 I/NpuProbe(11517): REPORT:
10-08 12:10:40.383 I/NpuProbe(11517): (runProbe PULADO: p4-auto presente; evita init Hexagon pre-tune - R8)
10-08 12:10:40.383 I/NpuProbe(11517): AUTO-GATILHO='smart:sessao'
10-08 12:10:40.384 I/NpuProbe(11517): SMART iniciando rota=sessao com /data/local/tmp/hymt2_app.gguf
10-08 12:10:40.384 I/NpuProbe(11517): SMARTv2 rota='sessao' mutante=(none)
10-08 12:10:40.385 I/NpuProbe(11517): TUNE: GGML_HEXAGON_FA_SELECT=1
10-08 12:10:40.446 I/NpuProbe(11517): SESSAO(93cea31): 2 requests na mesma sessao (roles separados; JSON nativo em files/r6-sess.jsonl)
10-08 12:10:40.446 I/NpuProbe(11517): PROMPT[0]: arquivo proprio (len=1101)
--------- beginning of main
10-08 12:10:40.383 I/NpuProbe(11517): nativeLibraryDir=/data/app/~~k-sqWv1b76V8LmSKmdVxqA==/br.gov.sp.pcsp.npuprobe-9joaf9k9VohDWEFgEww73A==/lib/arm64
10-08 12:10:40.383 I/NpuProbe(11517): runProbe PULADO (p4-auto presente; preinit do tune)
10-08 12:10:40.383 I/NpuProbe(11517): REPORT:
10-08 12:10:40.383 I/NpuProbe(11517): (runProbe PULADO: p4-auto presente; evita init Hexagon pre-tune - R8)
10-08 12:10:40.383 I/NpuProbe(11517): AUTO-GATILHO='smart:sessao'
10-08 12:10:40.384 I/NpuProbe(11517): SMART iniciando rota=sessao com /data/local/tmp/hymt2_app.gguf
10-08 12:10:40.384 I/NpuProbe(11517): SMARTv2 rota='sessao' mutante=(none)
10-08 12:10:40.385 I/NpuProbe(11517): TUNE: GGML_HEXAGON_FA_SELECT=1
10-08 12:10:40.446 I/NpuProbe(11517): SESSAO(93cea31): 2 requests na mesma sessao (roles separados; JSON nativo em files/r6-sess.jsonl)
10-08 12:10:40.446 I/NpuProbe(11517): PROMPT[0]: arquivo proprio (len=1101)
--------- beginning of main
10-08 12:11:28.177 I/NpuProbe(20186): nativeLibraryDir=/data/app/~~k-sqWv1b76V8LmSKmdVxqA==/br.gov.sp.pcsp.npuprobe-9joaf9k9VohDWEFgEww73A==/lib/arm64
10-08 12:11:28.177 I/NpuProbe(20186): runProbe PULADO (p4-auto presente; preinit do tune)
10-08 12:11:28.177 I/NpuProbe(20186): REPORT:
10-08 12:11:28.177 I/NpuProbe(20186): (runProbe PULADO: p4-auto presente; evita init Hexagon pre-tune - R8)
10-08 12:11:28.177 I/NpuProbe(20186): AUTO-GATILHO='smart:sessao'
10-08 12:11:28.178 I/NpuProbe(20186): SMART iniciando rota=sessao com /data/local/tmp/hymt2_app.gguf
10-08 12:11:28.178 I/NpuProbe(20186): SMARTv2 rota='sessao' mutante=(none)
10-08 12:11:28.178 I/NpuProbe(20186): TUNE: GGML_HEXAGON_MBUF=2048
10-08 12:11:28.243 I/NpuProbe(20186): SESSAO(93da4e6): 2 requests na mesma sessao (roles separados; JSON nativo em files/r6-sess.jsonl)
10-08 12:11:28.244 I/NpuProbe(20186): PROMPT[0]: arquivo proprio (len=1101)
--------- beginning of main
10-08 12:12:07.891 I/NpuProbe(20186): SESS[0] puro:htp puro: ok=1 pieces=305 prefill=5704.53ms gen=33720.24ms pp1=0.50ms wall=39426.3ms
10-08 12:12:07.891 I/NpuProbe(20186): SESS[0] puro:htp puro texto_len=1069 (integral no JSON)
10-08 12:12:07.891 I/NpuProbe(20186): SESS[0] puro:htp lifecycle: load=219ms reset=2.42ms wall=39426.3ms
10-08 12:12:07.891 I/NpuProbe(20186): SESS[0] puro:htp RESULTADO: PURO-EXECUTADO
10-08 12:12:07.891 I/NpuProbe(20186): [ggml] ggml_vulkan: Found 1 Vulkan devices:
10-08 12:12:07.891 I/NpuProbe(20186): [ggml] ggml_vulkan: 0 = Adreno (TM) 840 (Qualcomm Technologies Inc. Adreno Vulkan Driver) | uma: 1 | fp16: 1 | bf16: 0 | fp4: 0 | warp size: 64 | shared memory: 32768 | int dot: 0 | matrix cores: none
10-08 12:12:07.891 I/NpuProbe(20186): [ggml] ggml_opencl: selected platform: 'QUALCOMM Snapdragon(TM)'
10-08 12:12:07.891 I/NpuProbe(20186): [ggml] 
10-08 12:12:07.891 I/NpuProbe(20186): ggml_opencl: device: 'QUALCOMM Adreno(TM) 840 (OpenCL 3.0 Adreno(TM) 840)'
10-08 12:12:07.891 I/NpuProbe(20186): [ggml] ggml_opencl: default device: 'QUALCOMM Adreno(TM) 840 (OpenCL 3.0 Adreno(TM) 840)'
10-08 12:12:07.891 I/NpuProbe(20186): [ggml] ggml-hex: Loading driver libcdsprpc.so
10-08 12:12:07.891 I/NpuProbe(20186): [ggml] ggml-hex: Hexagon backend (experimental) : allocating new registry : ndev 1
10-08 12:12:07.891 I/NpuProbe(20186): [ggml] ggml-hex: Hexagon Arch version v81
10-08 12:12:07.891 I/NpuProbe(20186): [ggml] ggml-hex: HTP0 allocating new session
10-08 12:12:07.891 I/NpuProbe(20186): [ggml] ggml-hex: HTP0 hwinfo: threads 8, hvx 8, hmx 1, vtcm 8 MB
10-08 12:12:07.891 I/NpuProbe(20186): [ggml] ggml-hex: HTP0 new session : session-id 0 domain-id 3 uri file:///libggml-htp-v81.so?htp_iface_skel_handle_invoke&_modver=1.0&_dom=cdsp&_session=0 handle 0xb4000077d53a8e80
10-08 12:12:07.891 I/NpuProbe(20186): [ggml] ggml-hex: HTP0 op batching: n-bufs 16 n-tensors 7168 n-ops 1024 vmem 3355443200
10-08 12:12:07.896 I/NpuProbe(20186): PROMPT[1]: arquivo proprio (len=205)
10-08 12:12:13.310 I/NpuProbe(20186): SESS[1] puro:htp puro: ok=1 pieces=26 prefill=1358.70ms gen=4052.74ms pp1=0.63ms wall=5411.9ms
10-08 12:12:13.310 I/NpuProbe(20186): SESS[1] puro:htp puro texto_len=77 (integral no JSON)
10-08 12:12:13.310 I/NpuProbe(20186): SESS[1] puro:htp lifecycle: load=0ms reset=1.92ms wall=5411.9ms
10-08 12:12:13.310 I/NpuProbe(20186): SESS[1] puro:htp RESULTADO: PURO-EXECUTADO
10-08 12:12:13.425 I/NpuProbe(20186): SESSAO(93da4e6): fim (2 requests)
10-08 12:12:13.425 I/NpuProbe(20186): SMART REPORT:
10-08 12:12:13.425 I/NpuProbe(20186): SMART (sessao)
10-08 12:12:13.425 I/NpuProbe(20186): 
10-08 12:12:13.425 I/NpuProbe(20186): SMARTv2 rota='sessao' mutante=(none)
10-08 12:12:13.425 I/NpuProbe(20186): TUNE: GGML_HEXAGON_MBUF=2048
10-08 12:12:13.425 I/NpuProbe(20186): SESSAO(93da4e6): 2 requests na mesma sessao (roles separados; JSON nativo em files/r6-sess.jsonl)
10-08 12:12:13.425 I/NpuProbe(20186): PROMPT[0]: arquivo proprio (len=1101)
10-08 12:12:13.425 I/NpuProbe(20186): SESS[0] puro:htp puro: ok=1 pieces=305 prefill=5704.53ms gen=33720.24ms pp1=0.50ms wall=39426.3ms
10-08 12:12:13.425 I/NpuProbe(20186): SESS[0] puro:htp puro texto_len=1069 (integral no JSON)
10-08 12:12:13.425 I/NpuProbe(20186): SESS[0] puro:htp lifecycle: load=219ms reset=2.42ms wall=39426.3ms
10-08 12:12:13.425 I/NpuProbe(20186): SESS[0] puro:htp RESULTADO: PURO-EXECUTADO
10-08 12:12:13.425 I/NpuProbe(20186): PROMPT[1]: arquivo proprio (len=205)
10-08 12:12:13.425 I/NpuProbe(20186): SESS[1] puro:htp puro: ok=1 pieces=26 prefill=1358.70ms gen=4052.74ms pp1=0.63ms wall=5411.9ms
10-08 12:12:13.425 I/NpuProbe(20186): SESS[1] puro:htp puro texto_len=77 (integral no JSON)
10-08 12:12:13.425 I/NpuProbe(20186): SESS[1] puro:htp lifecycle: load=0ms reset=1.92ms wall=5411.9ms
10-08 12:12:13.425 I/NpuProbe(20186): SESS[1] puro:htp RESULTADO: PURO-EXECUTADO
10-08 12:12:13.425 I/NpuProbe(20186): SESSAO(93da4e6): fim (2 requests)
--------- beginning of main
10-08 12:12:07.891 I/NpuProbe(20186): SESS[0] puro:htp puro: ok=1 pieces=305 prefill=5704.53ms gen=33720.24ms pp1=0.50ms wall=39426.3ms
10-08 12:12:07.891 I/NpuProbe(20186): SESS[0] puro:htp puro texto_len=1069 (integral no JSON)
10-08 12:12:07.891 I/NpuProbe(20186): SESS[0] puro:htp lifecycle: load=219ms reset=2.42ms wall=39426.3ms
10-08 12:12:07.891 I/NpuProbe(20186): SESS[0] puro:htp RESULTADO: PURO-EXECUTADO
10-08 12:12:07.891 I/NpuProbe(20186): [ggml] ggml_vulkan: Found 1 Vulkan devices:
10-08 12:12:07.891 I/NpuProbe(20186): [ggml] ggml_vulkan: 0 = Adreno (TM) 840 (Qualcomm Technologies Inc. Adreno Vulkan Driver) | uma: 1 | fp16: 1 | bf16: 0 | fp4: 0 | warp size: 64 | shared memory: 32768 | int dot: 0 | matrix cores: none
10-08 12:12:07.891 I/NpuProbe(20186): [ggml] ggml_opencl: selected platform: 'QUALCOMM Snapdragon(TM)'
10-08 12:12:07.891 I/NpuProbe(20186): [ggml] 
10-08 12:12:07.891 I/NpuProbe(20186): ggml_opencl: device: 'QUALCOMM Adreno(TM) 840 (OpenCL 3.0 Adreno(TM) 840)'
10-08 12:12:07.891 I/NpuProbe(20186): [ggml] ggml_opencl: default device: 'QUALCOMM Adreno(TM) 840 (OpenCL 3.0 Adreno(TM) 840)'
10-08 12:12:07.891 I/NpuProbe(20186): [ggml] ggml-hex: Loading driver libcdsprpc.so
10-08 12:12:07.891 I/NpuProbe(20186): [ggml] ggml-hex: Hexagon backend (experimental) : allocating new registry : ndev 1
10-08 12:12:07.891 I/NpuProbe(20186): [ggml] ggml-hex: Hexagon Arch version v81
10-08 12:12:07.891 I/NpuProbe(20186): [ggml] ggml-hex: HTP0 allocating new session
10-08 12:12:07.891 I/NpuProbe(20186): [ggml] ggml-hex: HTP0 hwinfo: threads 8, hvx 8, hmx 1, vtcm 8 MB
10-08 12:12:07.891 I/NpuProbe(20186): [ggml] ggml-hex: HTP0 new session : session-id 0 domain-id 3 uri file:///libggml-htp-v81.so?htp_iface_skel_handle_invoke&_modver=1.0&_dom=cdsp&_session=0 handle 0xb4000077d53a8e80
10-08 12:12:07.891 I/NpuProbe(20186): [ggml] ggml-hex: HTP0 op batching: n-bufs 16 n-tensors 7168 n-ops 1024 vmem 3355443200
10-08 12:12:07.896 I/NpuProbe(20186): PROMPT[1]: arquivo proprio (len=205)
10-08 12:12:13.310 I/NpuProbe(20186): SESS[1] puro:htp puro: ok=1 pieces=26 prefill=1358.70ms gen=4052.74ms pp1=0.63ms wall=5411.9ms
10-08 12:12:13.310 I/NpuProbe(20186): SESS[1] puro:htp puro texto_len=77 (integral no JSON)
10-08 12:12:13.310 I/NpuProbe(20186): SESS[1] puro:htp lifecycle: load=0ms reset=1.92ms wall=5411.9ms
10-08 12:12:13.310 I/NpuProbe(20186): SESS[1] puro:htp RESULTADO: PURO-EXECUTADO
10-08 12:12:13.425 I/NpuProbe(20186): SESSAO(93da4e6): fim (2 requests)
10-08 12:12:13.425 I/NpuProbe(20186): SMART REPORT:
10-08 12:12:13.425 I/NpuProbe(20186): SMART (sessao)
10-08 12:12:13.425 I/NpuProbe(20186): 
10-08 12:12:13.425 I/NpuProbe(20186): SMARTv2 rota='sessao' mutante=(none)
10-08 12:12:13.425 I/NpuProbe(20186): TUNE: GGML_HEXAGON_MBUF=2048
10-08 12:12:13.425 I/NpuProbe(20186): SESSAO(93da4e6): 2 requests na mesma sessao (roles separados; JSON nativo em files/r6-sess.jsonl)
10-08 12:12:13.425 I/NpuProbe(20186): PROMPT[0]: arquivo proprio (len=1101)
10-08 12:12:13.425 I/NpuProbe(20186): SESS[0] puro:htp puro: ok=1 pieces=305 prefill=5704.53ms gen=33720.24ms pp1=0.50ms wall=39426.3ms
10-08 12:12:13.425 I/NpuProbe(20186): SESS[0] puro:htp puro texto_len=1069 (integral no JSON)
10-08 12:12:13.425 I/NpuProbe(20186): SESS[0] puro:htp lifecycle: load=219ms reset=2.42ms wall=39426.3ms
10-08 12:12:13.425 I/NpuProbe(20186): SESS[0] puro:htp RESULTADO: PURO-EXECUTADO
10-08 12:12:13.425 I/NpuProbe(20186): PROMPT[1]: arquivo proprio (len=205)
10-08 12:12:13.425 I/NpuProbe(20186): SESS[1] puro:htp puro: ok=1 pieces=26 prefill=1358.70ms gen=4052.74ms pp1=0.63ms wall=5411.9ms
10-08 12:12:13.425 I/NpuProbe(20186): SESS[1] puro:htp puro texto_len=77 (integral no JSON)
10-08 12:12:13.425 I/NpuProbe(20186): SESS[1] puro:htp lifecycle: load=0ms reset=1.92ms wall=5411.9ms
10-08 12:12:13.425 I/NpuProbe(20186): SESS[1] puro:htp RESULTADO: PURO-EXECUTADO
10-08 12:12:13.425 I/NpuProbe(20186): SESSAO(93da4e6): fim (2 requests)
--------- beginning of main
10-08 12:14:38.436 I/NpuProbe( 1040): nativeLibraryDir=/data/app/~~k-sqWv1b76V8LmSKmdVxqA==/br.gov.sp.pcsp.npuprobe-9joaf9k9VohDWEFgEww73A==/lib/arm64
10-08 12:14:38.436 I/NpuProbe( 1040): runProbe PULADO (p4-auto presente; preinit do tune)
10-08 12:14:38.436 I/NpuProbe( 1040): REPORT:
10-08 12:14:38.436 I/NpuProbe( 1040): (runProbe PULADO: p4-auto presente; evita init Hexagon pre-tune - R8)
10-08 12:14:38.436 I/NpuProbe( 1040): AUTO-GATILHO='smart:sessao'
10-08 12:14:38.436 I/NpuProbe( 1040): SMART iniciando rota=sessao com /data/local/tmp/hymt2_app.gguf
10-08 12:14:38.436 I/NpuProbe( 1040): SMARTv2 rota='sessao' mutante=(none)
10-08 12:14:38.514 I/NpuProbe( 1040): SESSAO(9408c25): 2 requests na mesma sessao (roles separados; JSON nativo em files/r6-sess.jsonl)
10-08 12:14:38.516 I/NpuProbe( 1040): PROMPT[0]: arquivo proprio (len=1101)
--------- beginning of main
10-08 12:14:38.436 I/NpuProbe( 1040): nativeLibraryDir=/data/app/~~k-sqWv1b76V8LmSKmdVxqA==/br.gov.sp.pcsp.npuprobe-9joaf9k9VohDWEFgEww73A==/lib/arm64
10-08 12:14:38.436 I/NpuProbe( 1040): runProbe PULADO (p4-auto presente; preinit do tune)
10-08 12:14:38.436 I/NpuProbe( 1040): REPORT:
10-08 12:14:38.436 I/NpuProbe( 1040): (runProbe PULADO: p4-auto presente; evita init Hexagon pre-tune - R8)
10-08 12:14:38.436 I/NpuProbe( 1040): AUTO-GATILHO='smart:sessao'
10-08 12:14:38.436 I/NpuProbe( 1040): SMART iniciando rota=sessao com /data/local/tmp/hymt2_app.gguf
10-08 12:14:38.436 I/NpuProbe( 1040): SMARTv2 rota='sessao' mutante=(none)
10-08 12:14:38.514 I/NpuProbe( 1040): SESSAO(9408c25): 2 requests na mesma sessao (roles separados; JSON nativo em files/r6-sess.jsonl)
10-08 12:14:38.516 I/NpuProbe( 1040): PROMPT[0]: arquivo proprio (len=1101)
--------- beginning of main
10-08 12:14:38.436 I/NpuProbe( 1040): nativeLibraryDir=/data/app/~~k-sqWv1b76V8LmSKmdVxqA==/br.gov.sp.pcsp.npuprobe-9joaf9k9VohDWEFgEww73A==/lib/arm64
10-08 12:14:38.436 I/NpuProbe( 1040): runProbe PULADO (p4-auto presente; preinit do tune)
10-08 12:14:38.436 I/NpuProbe( 1040): REPORT:
10-08 12:14:38.436 I/NpuProbe( 1040): (runProbe PULADO: p4-auto presente; evita init Hexagon pre-tune - R8)
10-08 12:14:38.436 I/NpuProbe( 1040): AUTO-GATILHO='smart:sessao'
10-08 12:14:38.436 I/NpuProbe( 1040): SMART iniciando rota=sessao com /data/local/tmp/hymt2_app.gguf
10-08 12:14:38.436 I/NpuProbe( 1040): SMARTv2 rota='sessao' mutante=(none)
10-08 12:14:38.514 I/NpuProbe( 1040): SESSAO(9408c25): 2 requests na mesma sessao (roles separados; JSON nativo em files/r6-sess.jsonl)
10-08 12:14:38.516 I/NpuProbe( 1040): PROMPT[0]: arquivo proprio (len=1101)
10-08 12:15:27.764 I/NpuProbe( 1040): SESS[0] puro:htp puro: ok=1 pieces=305 prefill=6458.04ms gen=42552.57ms pp1=0.64ms wall=49011.6ms
10-08 12:15:27.765 I/NpuProbe( 1040): SESS[0] puro:htp puro texto_len=1069 (integral no JSON)
10-08 12:15:27.765 I/NpuProbe( 1040): SESS[0] puro:htp lifecycle: load=235ms reset=2.20ms wall=49011.6ms
10-08 12:15:27.765 I/NpuProbe( 1040): SESS[0] puro:htp RESULTADO: PURO-EXECUTADO
10-08 12:15:27.765 I/NpuProbe( 1040): [ggml] ggml_vulkan: Found 1 Vulkan devices:
10-08 12:15:27.765 I/NpuProbe( 1040): [ggml] ggml_vulkan: 0 = Adreno (TM) 840 (Qualcomm Technologies Inc. Adreno Vulkan Driver) | uma: 1 | fp16: 1 | bf16: 0 | fp4: 0 | warp size: 64 | shared memory: 32768 | int dot: 0 | matrix cores: none
10-08 12:15:27.765 I/NpuProbe( 1040): [ggml] ggml_opencl: selected platform: 'QUALCOMM Snapdragon(TM)'
10-08 12:15:27.765 I/NpuProbe( 1040): [ggml] 
10-08 12:15:27.765 I/NpuProbe( 1040): ggml_opencl: device: 'QUALCOMM Adreno(TM) 840 (OpenCL 3.0 Adreno(TM) 840)'
10-08 12:15:27.765 I/NpuProbe( 1040): [ggml] ggml_opencl: default device: 'QUALCOMM Adreno(TM) 840 (OpenCL 3.0 Adreno(TM) 840)'
10-08 12:15:27.765 I/NpuProbe( 1040): [ggml] ggml-hex: Loading driver libcdsprpc.so
10-08 12:15:27.765 I/NpuProbe( 1040): [ggml] ggml-hex: Hexagon backend (experimental) : allocating new registry : ndev 1
10-08 12:15:27.765 I/NpuProbe( 1040): [ggml] ggml-hex: Hexagon Arch version v81
10-08 12:15:27.765 I/NpuProbe( 1040): [ggml] ggml-hex: HTP0 allocating new session
10-08 12:15:27.765 I/NpuProbe( 1040): [ggml] ggml-hex: HTP0 hwinfo: threads 8, hvx 8, hmx 1, vtcm 8 MB
10-08 12:15:27.765 I/NpuProbe( 1040): [ggml] ggml-hex: HTP0 new session : session-id 0 domain-id 3 uri file:///libggml-htp-v81.so?htp_iface_skel_handle_invoke&_modver=1.0&_dom=cdsp&_session=0 handle 0xb4000077cffad980
10-08 12:15:27.765 I/NpuProbe( 1040): [ggml] ggml-hex: HTP0 op batching: n-bufs 16 n-tensors 7168 n-ops 1024 vmem 3355443200
10-08 12:15:27.765 I/NpuProbe( 1040): PROMPT[1]: arquivo proprio (len=205)
10-08 12:15:32.864 I/NpuProbe( 1040): SESS[1] puro:htp puro: ok=1 pieces=26 prefill=1390.98ms gen=3705.80ms pp1=0.64ms wall=5097.2ms
10-08 12:15:32.865 I/NpuProbe( 1040): SESS[1] puro:htp puro texto_len=77 (integral no JSON)
10-08 12:15:32.865 I/NpuProbe( 1040): SESS[1] puro:htp lifecycle: load=0ms reset=2.16ms wall=5097.2ms
10-08 12:15:32.865 I/NpuProbe( 1040): SESS[1] puro:htp RESULTADO: PURO-EXECUTADO
10-08 12:15:32.952 I/NpuProbe( 1040): SESSAO(9408c25): fim (2 requests)
10-08 12:15:32.953 I/NpuProbe( 1040): SMART REPORT:
10-08 12:15:32.953 I/NpuProbe( 1040): SMART (sessao)
10-08 12:15:32.953 I/NpuProbe( 1040): 
10-08 12:15:32.953 I/NpuProbe( 1040): SMARTv2 rota='sessao' mutante=(none)
10-08 12:15:32.953 I/NpuProbe( 1040): SESSAO(9408c25): 2 requests na mesma sessao (roles separados; JSON nativo em files/r6-sess.jsonl)
10-08 12:15:32.953 I/NpuProbe( 1040): PROMPT[0]: arquivo proprio (len=1101)
10-08 12:15:32.953 I/NpuProbe( 1040): SESS[0] puro:htp puro: ok=1 pieces=305 prefill=6458.04ms gen=42552.57ms pp1=0.64ms wall=49011.6ms
10-08 12:15:32.953 I/NpuProbe( 1040): SESS[0] puro:htp puro texto_len=1069 (integral no JSON)
10-08 12:15:32.953 I/NpuProbe( 1040): SESS[0] puro:htp lifecycle: load=235ms reset=2.20ms wall=49011.6ms
10-08 12:15:32.953 I/NpuProbe( 1040): SESS[0] puro:htp RESULTADO: PURO-EXECUTADO
10-08 12:15:32.953 I/NpuProbe( 1040): PROMPT[1]: arquivo proprio (len=205)
10-08 12:15:32.953 I/NpuProbe( 1040): SESS[1] puro:htp puro: ok=1 pieces=26 prefill=1390.98ms gen=3705.80ms pp1=0.64ms wall=5097.2ms
10-08 12:15:32.953 I/NpuProbe( 1040): SESS[1] puro:htp puro texto_len=77 (integral no JSON)
10-08 12:15:32.953 I/NpuProbe( 1040): SESS[1] puro:htp lifecycle: load=0ms reset=2.16ms wall=5097.2ms
10-08 12:15:32.953 I/NpuProbe( 1040): SESS[1] puro:htp RESULTADO: PURO-EXECUTADO
10-08 12:15:32.953 I/NpuProbe( 1040): SESSAO(9408c25): fim (2 requests)
10-08 12:15:40.353 I/NpuProbe( 1765): nativeLibraryDir=/data/app/~~k-sqWv1b76V8LmSKmdVxqA==/br.gov.sp.pcsp.npuprobe-9joaf9k9VohDWEFgEww73A==/lib/arm64
10-08 12:15:40.353 I/NpuProbe( 1765): runProbe PULADO (p4-auto presente; preinit do tune)
10-08 12:15:40.353 I/NpuProbe( 1765): REPORT:
10-08 12:15:40.353 I/NpuProbe( 1765): (runProbe PULADO: p4-auto presente; evita init Hexagon pre-tune - R8)
10-08 12:15:40.353 I/NpuProbe( 1765): AUTO-GATILHO='smart:sessao'
10-08 12:15:40.353 I/NpuProbe( 1765): SMART iniciando rota=sessao com /data/local/tmp/hymt2_app.gguf
10-08 12:15:40.353 I/NpuProbe( 1765): SMARTv2 rota='sessao' mutante=(none)
10-08 12:15:40.354 I/NpuProbe( 1765): TUNE: GGML_HEXAGON_HOSTBUF=0
10-08 12:15:40.416 I/NpuProbe( 1765): SESSAO(9417df2): 2 requests na mesma sessao (roles separados; JSON nativo em files/r6-sess.jsonl)
10-08 12:15:40.416 I/NpuProbe( 1765): PROMPT[0]: arquivo proprio (len=1101)
--------- beginning of main
10-08 12:15:27.764 I/NpuProbe( 1040): SESS[0] puro:htp puro: ok=1 pieces=305 prefill=6458.04ms gen=42552.57ms pp1=0.64ms wall=49011.6ms
10-08 12:15:27.765 I/NpuProbe( 1040): SESS[0] puro:htp puro texto_len=1069 (integral no JSON)
10-08 12:15:27.765 I/NpuProbe( 1040): SESS[0] puro:htp lifecycle: load=235ms reset=2.20ms wall=49011.6ms
10-08 12:15:27.765 I/NpuProbe( 1040): SESS[0] puro:htp RESULTADO: PURO-EXECUTADO
10-08 12:15:27.765 I/NpuProbe( 1040): [ggml] ggml_vulkan: Found 1 Vulkan devices:
10-08 12:15:27.765 I/NpuProbe( 1040): [ggml] ggml_vulkan: 0 = Adreno (TM) 840 (Qualcomm Technologies Inc. Adreno Vulkan Driver) | uma: 1 | fp16: 1 | bf16: 0 | fp4: 0 | warp size: 64 | shared memory: 32768 | int dot: 0 | matrix cores: none
10-08 12:15:27.765 I/NpuProbe( 1040): [ggml] ggml_opencl: selected platform: 'QUALCOMM Snapdragon(TM)'
10-08 12:15:27.765 I/NpuProbe( 1040): [ggml] 
10-08 12:15:27.765 I/NpuProbe( 1040): ggml_opencl: device: 'QUALCOMM Adreno(TM) 840 (OpenCL 3.0 Adreno(TM) 840)'
10-08 12:15:27.765 I/NpuProbe( 1040): [ggml] ggml_opencl: default device: 'QUALCOMM Adreno(TM) 840 (OpenCL 3.0 Adreno(TM) 840)'
10-08 12:15:27.765 I/NpuProbe( 1040): [ggml] ggml-hex: Loading driver libcdsprpc.so
10-08 12:15:27.765 I/NpuProbe( 1040): [ggml] ggml-hex: Hexagon backend (experimental) : allocating new registry : ndev 1
10-08 12:15:27.765 I/NpuProbe( 1040): [ggml] ggml-hex: Hexagon Arch version v81
10-08 12:15:27.765 I/NpuProbe( 1040): [ggml] ggml-hex: HTP0 allocating new session
10-08 12:15:27.765 I/NpuProbe( 1040): [ggml] ggml-hex: HTP0 hwinfo: threads 8, hvx 8, hmx 1, vtcm 8 MB
10-08 12:15:27.765 I/NpuProbe( 1040): [ggml] ggml-hex: HTP0 new session : session-id 0 domain-id 3 uri file:///libggml-htp-v81.so?htp_iface_skel_handle_invoke&_modver=1.0&_dom=cdsp&_session=0 handle 0xb4000077cffad980
10-08 12:15:27.765 I/NpuProbe( 1040): [ggml] ggml-hex: HTP0 op batching: n-bufs 16 n-tensors 7168 n-ops 1024 vmem 3355443200
10-08 12:15:27.765 I/NpuProbe( 1040): PROMPT[1]: arquivo proprio (len=205)
10-08 12:15:32.864 I/NpuProbe( 1040): SESS[1] puro:htp puro: ok=1 pieces=26 prefill=1390.98ms gen=3705.80ms pp1=0.64ms wall=5097.2ms
10-08 12:15:32.865 I/NpuProbe( 1040): SESS[1] puro:htp puro texto_len=77 (integral no JSON)
10-08 12:15:32.865 I/NpuProbe( 1040): SESS[1] puro:htp lifecycle: load=0ms reset=2.16ms wall=5097.2ms
10-08 12:15:32.865 I/NpuProbe( 1040): SESS[1] puro:htp RESULTADO: PURO-EXECUTADO
10-08 12:15:32.952 I/NpuProbe( 1040): SESSAO(9408c25): fim (2 requests)
10-08 12:15:32.953 I/NpuProbe( 1040): SMART REPORT:
10-08 12:15:32.953 I/NpuProbe( 1040): SMART (sessao)
10-08 12:15:32.953 I/NpuProbe( 1040): 
10-08 12:15:32.953 I/NpuProbe( 1040): SMARTv2 rota='sessao' mutante=(none)
10-08 12:15:32.953 I/NpuProbe( 1040): SESSAO(9408c25): 2 requests na mesma sessao (roles separados; JSON nativo em files/r6-sess.jsonl)
10-08 12:15:32.953 I/NpuProbe( 1040): PROMPT[0]: arquivo proprio (len=1101)
10-08 12:15:32.953 I/NpuProbe( 1040): SESS[0] puro:htp puro: ok=1 pieces=305 prefill=6458.04ms gen=42552.57ms pp1=0.64ms wall=49011.6ms
10-08 12:15:32.953 I/NpuProbe( 1040): SESS[0] puro:htp puro texto_len=1069 (integral no JSON)
10-08 12:15:32.953 I/NpuProbe( 1040): SESS[0] puro:htp lifecycle: load=235ms reset=2.20ms wall=49011.6ms
10-08 12:15:32.953 I/NpuProbe( 1040): SESS[0] puro:htp RESULTADO: PURO-EXECUTADO
10-08 12:15:32.953 I/NpuProbe( 1040): PROMPT[1]: arquivo proprio (len=205)
10-08 12:15:32.953 I/NpuProbe( 1040): SESS[1] puro:htp puro: ok=1 pieces=26 prefill=1390.98ms gen=3705.80ms pp1=0.64ms wall=5097.2ms
10-08 12:15:32.953 I/NpuProbe( 1040): SESS[1] puro:htp puro texto_len=77 (integral no JSON)
10-08 12:15:32.953 I/NpuProbe( 1040): SESS[1] puro:htp lifecycle: load=0ms reset=2.16ms wall=5097.2ms
10-08 12:15:32.953 I/NpuProbe( 1040): SESS[1] puro:htp RESULTADO: PURO-EXECUTADO
10-08 12:15:32.953 I/NpuProbe( 1040): SESSAO(9408c25): fim (2 requests)
10-08 12:15:40.353 I/NpuProbe( 1765): nativeLibraryDir=/data/app/~~k-sqWv1b76V8LmSKmdVxqA==/br.gov.sp.pcsp.npuprobe-9joaf9k9VohDWEFgEww73A==/lib/arm64
10-08 12:15:40.353 I/NpuProbe( 1765): runProbe PULADO (p4-auto presente; preinit do tune)
10-08 12:15:40.353 I/NpuProbe( 1765): REPORT:
10-08 12:15:40.353 I/NpuProbe( 1765): (runProbe PULADO: p4-auto presente; evita init Hexagon pre-tune - R8)
10-08 12:15:40.353 I/NpuProbe( 1765): AUTO-GATILHO='smart:sessao'
10-08 12:15:40.353 I/NpuProbe( 1765): SMART iniciando rota=sessao com /data/local/tmp/hymt2_app.gguf
10-08 12:15:40.353 I/NpuProbe( 1765): SMARTv2 rota='sessao' mutante=(none)
10-08 12:15:40.354 I/NpuProbe( 1765): TUNE: GGML_HEXAGON_HOSTBUF=0
10-08 12:15:40.416 I/NpuProbe( 1765): SESSAO(9417df2): 2 requests na mesma sessao (roles separados; JSON nativo em files/r6-sess.jsonl)
10-08 12:15:40.416 I/NpuProbe( 1765): PROMPT[0]: arquivo proprio (len=1101)
--------- beginning of main
10-08 12:15:40.353 I/NpuProbe( 1765): nativeLibraryDir=/data/app/~~k-sqWv1b76V8LmSKmdVxqA==/br.gov.sp.pcsp.npuprobe-9joaf9k9VohDWEFgEww73A==/lib/arm64
10-08 12:15:40.353 I/NpuProbe( 1765): runProbe PULADO (p4-auto presente; preinit do tune)
10-08 12:15:40.353 I/NpuProbe( 1765): REPORT:
10-08 12:15:40.353 I/NpuProbe( 1765): (runProbe PULADO: p4-auto presente; evita init Hexagon pre-tune - R8)
10-08 12:15:40.353 I/NpuProbe( 1765): AUTO-GATILHO='smart:sessao'
10-08 12:15:40.353 I/NpuProbe( 1765): SMART iniciando rota=sessao com /data/local/tmp/hymt2_app.gguf
10-08 12:15:40.353 I/NpuProbe( 1765): SMARTv2 rota='sessao' mutante=(none)
10-08 12:15:40.354 I/NpuProbe( 1765): TUNE: GGML_HEXAGON_HOSTBUF=0
10-08 12:15:40.416 I/NpuProbe( 1765): SESSAO(9417df2): 2 requests na mesma sessao (roles separados; JSON nativo em files/r6-sess.jsonl)
10-08 12:15:40.416 I/NpuProbe( 1765): PROMPT[0]: arquivo proprio (len=1101)
10-08 12:16:26.556 I/NpuProbe( 1765): SESS[0] puro:htp puro: ok=1 pieces=305 prefill=6378.51ms gen=39554.32ms pp1=0.66ms wall=45933.8ms
10-08 12:16:26.557 I/NpuProbe( 1765): SESS[0] puro:htp puro texto_len=1069 (integral no JSON)
10-08 12:16:26.557 I/NpuProbe( 1765): SESS[0] puro:htp lifecycle: load=205ms reset=1.92ms wall=45933.8ms
10-08 12:16:26.557 I/NpuProbe( 1765): SESS[0] puro:htp RESULTADO: PURO-EXECUTADO
10-08 12:16:26.557 I/NpuProbe( 1765): [ggml] ggml_vulkan: Found 1 Vulkan devices:
10-08 12:16:26.557 I/NpuProbe( 1765): [ggml] ggml_vulkan: 0 = Adreno (TM) 840 (Qualcomm Technologies Inc. Adreno Vulkan Driver) | uma: 1 | fp16: 1 | bf16: 0 | fp4: 0 | warp size: 64 | shared memory: 32768 | int dot: 0 | matrix cores: none
10-08 12:16:26.557 I/NpuProbe( 1765): [ggml] ggml_opencl: selected platform: 'QUALCOMM Snapdragon(TM)'
10-08 12:16:26.557 I/NpuProbe( 1765): [ggml] 
10-08 12:16:26.557 I/NpuProbe( 1765): ggml_opencl: device: 'QUALCOMM Adreno(TM) 840 (OpenCL 3.0 Adreno(TM) 840)'
10-08 12:16:26.557 I/NpuProbe( 1765): [ggml] ggml_opencl: default device: 'QUALCOMM Adreno(TM) 840 (OpenCL 3.0 Adreno(TM) 840)'
10-08 12:16:26.557 I/NpuProbe( 1765): [ggml] ggml-hex: Loading driver libcdsprpc.so
10-08 12:16:26.557 I/NpuProbe( 1765): [ggml] ggml-hex: Hexagon backend (experimental) : allocating new registry : ndev 1
10-08 12:16:26.557 I/NpuProbe( 1765): [ggml] ggml-hex: Hexagon Arch version v81
10-08 12:16:26.557 I/NpuProbe( 1765): [ggml] ggml-hex: HTP0 allocating new session
10-08 12:16:26.557 I/NpuProbe( 1765): [ggml] ggml-hex: HTP0 hwinfo: threads 8, hvx 8, hmx 1, vtcm 8 MB
10-08 12:16:26.557 I/NpuProbe( 1765): [ggml] ggml-hex: HTP0 new session : session-id 0 domain-id 3 uri file:///libggml-htp-v81.so?htp_iface_skel_handle_invoke&_modver=1.0&_dom=cdsp&_session=0 handle 0xb4000076d807af40
10-08 12:16:26.557 I/NpuProbe( 1765): [ggml] ggml-hex: HTP0 op batching: n-bufs 16 n-tensors 7168 n-ops 1024 vmem 3355443200
10-08 12:16:26.557 I/NpuProbe( 1765): PROMPT[1]: arquivo proprio (len=205)
10-08 12:16:30.761 I/NpuProbe( 1765): SESS[1] puro:htp puro: ok=1 pieces=26 prefill=1156.64ms gen=3045.20ms pp1=0.60ms wall=4202.2ms
10-08 12:16:30.761 I/NpuProbe( 1765): SESS[1] puro:htp puro texto_len=77 (integral no JSON)
10-08 12:16:30.761 I/NpuProbe( 1765): SESS[1] puro:htp lifecycle: load=0ms reset=1.89ms wall=4202.2ms
10-08 12:16:30.761 I/NpuProbe( 1765): SESS[1] puro:htp RESULTADO: PURO-EXECUTADO
10-08 12:16:30.843 I/NpuProbe( 1765): SESSAO(9417df2): fim (2 requests)
10-08 12:16:30.843 I/NpuProbe( 1765): SMART REPORT:
10-08 12:16:30.843 I/NpuProbe( 1765): SMART (sessao)
10-08 12:16:30.843 I/NpuProbe( 1765): 
10-08 12:16:30.843 I/NpuProbe( 1765): SMARTv2 rota='sessao' mutante=(none)
10-08 12:16:30.843 I/NpuProbe( 1765): TUNE: GGML_HEXAGON_HOSTBUF=0
10-08 12:16:30.843 I/NpuProbe( 1765): SESSAO(9417df2): 2 requests na mesma sessao (roles separados; JSON nativo em files/r6-sess.jsonl)
10-08 12:16:30.843 I/NpuProbe( 1765): PROMPT[0]: arquivo proprio (len=1101)
10-08 12:16:30.843 I/NpuProbe( 1765): SESS[0] puro:htp puro: ok=1 pieces=305 prefill=6378.51ms gen=39554.32ms pp1=0.66ms wall=45933.8ms
10-08 12:16:30.843 I/NpuProbe( 1765): SESS[0] puro:htp puro texto_len=1069 (integral no JSON)
10-08 12:16:30.843 I/NpuProbe( 1765): SESS[0] puro:htp lifecycle: load=205ms reset=1.92ms wall=45933.8ms
10-08 12:16:30.843 I/NpuProbe( 1765): SESS[0] puro:htp RESULTADO: PURO-EXECUTADO
10-08 12:16:30.843 I/NpuProbe( 1765): PROMPT[1]: arquivo proprio (len=205)
10-08 12:16:30.843 I/NpuProbe( 1765): SESS[1] puro:htp puro: ok=1 pieces=26 prefill=1156.64ms gen=3045.20ms pp1=0.60ms wall=4202.2ms
10-08 12:16:30.843 I/NpuProbe( 1765): SESS[1] puro:htp puro texto_len=77 (integral no JSON)
10-08 12:16:30.843 I/NpuProbe( 1765): SESS[1] puro:htp lifecycle: load=0ms reset=1.89ms wall=4202.2ms
10-08 12:16:30.843 I/NpuProbe( 1765): SESS[1] puro:htp RESULTADO: PURO-EXECUTADO
10-08 12:16:30.843 I/NpuProbe( 1765): SESSAO(9417df2): fim (2 requests)
--------- beginning of main
10-08 12:16:26.556 I/NpuProbe( 1765): SESS[0] puro:htp puro: ok=1 pieces=305 prefill=6378.51ms gen=39554.32ms pp1=0.66ms wall=45933.8ms
10-08 12:16:26.557 I/NpuProbe( 1765): SESS[0] puro:htp puro texto_len=1069 (integral no JSON)
10-08 12:16:26.557 I/NpuProbe( 1765): SESS[0] puro:htp lifecycle: load=205ms reset=1.92ms wall=45933.8ms
10-08 12:16:26.557 I/NpuProbe( 1765): SESS[0] puro:htp RESULTADO: PURO-EXECUTADO
10-08 12:16:26.557 I/NpuProbe( 1765): [ggml] ggml_vulkan: Found 1 Vulkan devices:
10-08 12:16:26.557 I/NpuProbe( 1765): [ggml] ggml_vulkan: 0 = Adreno (TM) 840 (Qualcomm Technologies Inc. Adreno Vulkan Driver) | uma: 1 | fp16: 1 | bf16: 0 | fp4: 0 | warp size: 64 | shared memory: 32768 | int dot: 0 | matrix cores: none
10-08 12:16:26.557 I/NpuProbe( 1765): [ggml] ggml_opencl: selected platform: 'QUALCOMM Snapdragon(TM)'
10-08 12:16:26.557 I/NpuProbe( 1765): [ggml] 
10-08 12:16:26.557 I/NpuProbe( 1765): ggml_opencl: device: 'QUALCOMM Adreno(TM) 840 (OpenCL 3.0 Adreno(TM) 840)'
10-08 12:16:26.557 I/NpuProbe( 1765): [ggml] ggml_opencl: default device: 'QUALCOMM Adreno(TM) 840 (OpenCL 3.0 Adreno(TM) 840)'
10-08 12:16:26.557 I/NpuProbe( 1765): [ggml] ggml-hex: Loading driver libcdsprpc.so
10-08 12:16:26.557 I/NpuProbe( 1765): [ggml] ggml-hex: Hexagon backend (experimental) : allocating new registry : ndev 1
10-08 12:16:26.557 I/NpuProbe( 1765): [ggml] ggml-hex: Hexagon Arch version v81
10-08 12:16:26.557 I/NpuProbe( 1765): [ggml] ggml-hex: HTP0 allocating new session
10-08 12:16:26.557 I/NpuProbe( 1765): [ggml] ggml-hex: HTP0 hwinfo: threads 8, hvx 8, hmx 1, vtcm 8 MB
10-08 12:16:26.557 I/NpuProbe( 1765): [ggml] ggml-hex: HTP0 new session : session-id 0 domain-id 3 uri file:///libggml-htp-v81.so?htp_iface_skel_handle_invoke&_modver=1.0&_dom=cdsp&_session=0 handle 0xb4000076d807af40
10-08 12:16:26.557 I/NpuProbe( 1765): [ggml] ggml-hex: HTP0 op batching: n-bufs 16 n-tensors 7168 n-ops 1024 vmem 3355443200
10-08 12:16:26.557 I/NpuProbe( 1765): PROMPT[1]: arquivo proprio (len=205)
10-08 12:16:30.761 I/NpuProbe( 1765): SESS[1] puro:htp puro: ok=1 pieces=26 prefill=1156.64ms gen=3045.20ms pp1=0.60ms wall=4202.2ms
10-08 12:16:30.761 I/NpuProbe( 1765): SESS[1] puro:htp puro texto_len=77 (integral no JSON)
10-08 12:16:30.761 I/NpuProbe( 1765): SESS[1] puro:htp lifecycle: load=0ms reset=1.89ms wall=4202.2ms
10-08 12:16:30.761 I/NpuProbe( 1765): SESS[1] puro:htp RESULTADO: PURO-EXECUTADO
10-08 12:16:30.843 I/NpuProbe( 1765): SESSAO(9417df2): fim (2 requests)
10-08 12:16:30.843 I/NpuProbe( 1765): SMART REPORT:
10-08 12:16:30.843 I/NpuProbe( 1765): SMART (sessao)
10-08 12:16:30.843 I/NpuProbe( 1765): 
10-08 12:16:30.843 I/NpuProbe( 1765): SMARTv2 rota='sessao' mutante=(none)
10-08 12:16:30.843 I/NpuProbe( 1765): TUNE: GGML_HEXAGON_HOSTBUF=0
10-08 12:16:30.843 I/NpuProbe( 1765): SESSAO(9417df2): 2 requests na mesma sessao (roles separados; JSON nativo em files/r6-sess.jsonl)
10-08 12:16:30.843 I/NpuProbe( 1765): PROMPT[0]: arquivo proprio (len=1101)
10-08 12:16:30.843 I/NpuProbe( 1765): SESS[0] puro:htp puro: ok=1 pieces=305 prefill=6378.51ms gen=39554.32ms pp1=0.66ms wall=45933.8ms
10-08 12:16:30.843 I/NpuProbe( 1765): SESS[0] puro:htp puro texto_len=1069 (integral no JSON)
10-08 12:16:30.843 I/NpuProbe( 1765): SESS[0] puro:htp lifecycle: load=205ms reset=1.92ms wall=45933.8ms
10-08 12:16:30.843 I/NpuProbe( 1765): SESS[0] puro:htp RESULTADO: PURO-EXECUTADO
10-08 12:16:30.843 I/NpuProbe( 1765): PROMPT[1]: arquivo proprio (len=205)
10-08 12:16:30.843 I/NpuProbe( 1765): SESS[1] puro:htp puro: ok=1 pieces=26 prefill=1156.64ms gen=3045.20ms pp1=0.60ms wall=4202.2ms
10-08 12:16:30.843 I/NpuProbe( 1765): SESS[1] puro:htp puro texto_len=77 (integral no JSON)
10-08 12:16:30.843 I/NpuProbe( 1765): SESS[1] puro:htp lifecycle: load=0ms reset=1.89ms wall=4202.2ms
10-08 12:16:30.843 I/NpuProbe( 1765): SESS[1] puro:htp RESULTADO: PURO-EXECUTADO
10-08 12:16:30.843 I/NpuProbe( 1765): SESSAO(9417df2): fim (2 requests)
10-08 12:16:40.350 I/NpuProbe( 3060): nativeLibraryDir=/data/app/~~k-sqWv1b76V8LmSKmdVxqA==/br.gov.sp.pcsp.npuprobe-9joaf9k9VohDWEFgEww73A==/lib/arm64
10-08 12:16:40.350 I/NpuProbe( 3060): runProbe PULADO (p4-auto presente; preinit do tune)
10-08 12:16:40.350 I/NpuProbe( 3060): REPORT:
10-08 12:16:40.350 I/NpuProbe( 3060): (runProbe PULADO: p4-auto presente; evita init Hexagon pre-tune - R8)
10-08 12:16:40.350 I/NpuProbe( 3060): AUTO-GATILHO='smart:sessao'
10-08 12:16:40.350 I/NpuProbe( 3060): SMART iniciando rota=sessao com /data/local/tmp/hymt2_app.gguf
10-08 12:16:40.350 I/NpuProbe( 3060): SMARTv2 rota='sessao' mutante=(none)
10-08 12:16:40.350 I/NpuProbe( 3060): TUNE: GGML_HEXAGON_OPSTAGE=2
10-08 12:16:40.408 I/NpuProbe( 3060): SESSAO(942684b): 2 requests na mesma sessao (roles separados; JSON nativo em files/r6-sess.jsonl)
10-08 12:16:40.408 I/NpuProbe( 3060): PROMPT[0]: arquivo proprio (len=1101)
--------- beginning of main
10-08 12:16:40.350 I/NpuProbe( 3060): nativeLibraryDir=/data/app/~~k-sqWv1b76V8LmSKmdVxqA==/br.gov.sp.pcsp.npuprobe-9joaf9k9VohDWEFgEww73A==/lib/arm64
10-08 12:16:40.350 I/NpuProbe( 3060): runProbe PULADO (p4-auto presente; preinit do tune)
10-08 12:16:40.350 I/NpuProbe( 3060): REPORT:
10-08 12:16:40.350 I/NpuProbe( 3060): (runProbe PULADO: p4-auto presente; evita init Hexagon pre-tune - R8)
10-08 12:16:40.350 I/NpuProbe( 3060): AUTO-GATILHO='smart:sessao'
10-08 12:16:40.350 I/NpuProbe( 3060): SMART iniciando rota=sessao com /data/local/tmp/hymt2_app.gguf
10-08 12:16:40.350 I/NpuProbe( 3060): SMARTv2 rota='sessao' mutante=(none)
10-08 12:16:40.350 I/NpuProbe( 3060): TUNE: GGML_HEXAGON_OPSTAGE=2
10-08 12:16:40.408 I/NpuProbe( 3060): SESSAO(942684b): 2 requests na mesma sessao (roles separados; JSON nativo em files/r6-sess.jsonl)
10-08 12:16:40.408 I/NpuProbe( 3060): PROMPT[0]: arquivo proprio (len=1101)
10-08 12:17:23.146 I/NpuProbe( 3060): SESS[0] puro:htp puro: ok=1 pieces=400 prefill=5982.00ms gen=36550.88ms pp1=0.62ms wall=42534.6ms
10-08 12:17:23.146 I/NpuProbe( 3060): SESS[0] puro:htp puro texto_len=400 (integral no JSON)
10-08 12:17:23.146 I/NpuProbe( 3060): SESS[0] puro:htp lifecycle: load=200ms reset=2.63ms wall=42534.6ms
10-08 12:17:23.146 I/NpuProbe( 3060): SESS[0] puro:htp RESULTADO: PURO-EXECUTADO
10-08 12:17:23.146 I/NpuProbe( 3060): [ggml] ggml_vulkan: Found 1 Vulkan devices:
10-08 12:17:23.146 I/NpuProbe( 3060): [ggml] ggml_vulkan: 0 = Adreno (TM) 840 (Qualcomm Technologies Inc. Adreno Vulkan Driver) | uma: 1 | fp16: 1 | bf16: 0 | fp4: 0 | warp size: 64 | shared memory: 32768 | int dot: 0 | matrix cores: none
10-08 12:17:23.146 I/NpuProbe( 3060): [ggml] ggml_opencl: selected platform: 'QUALCOMM Snapdragon(TM)'
10-08 12:17:23.146 I/NpuProbe( 3060): [ggml] 
10-08 12:17:23.146 I/NpuProbe( 3060): ggml_opencl: device: 'QUALCOMM Adreno(TM) 840 (OpenCL 3.0 Adreno(TM) 840)'
10-08 12:17:23.146 I/NpuProbe( 3060): [ggml] ggml_opencl: default device: 'QUALCOMM Adreno(TM) 840 (OpenCL 3.0 Adreno(TM) 840)'
10-08 12:17:23.146 I/NpuProbe( 3060): [ggml] ggml-hex: Loading driver libcdsprpc.so
10-08 12:17:23.146 I/NpuProbe( 3060): [ggml] ggml-hex: Hexagon backend (experimental) : allocating new registry : ndev 1
10-08 12:17:23.146 I/NpuProbe( 3060): [ggml] ggml-hex: Hexagon Arch version v81
10-08 12:17:23.146 I/NpuProbe( 3060): [ggml] ggml-hex: HTP0 allocating new session
10-08 12:17:23.146 I/NpuProbe( 3060): [ggml] ggml-hex: HTP0 hwinfo: threads 8, hvx 8, hmx 1, vtcm 8 MB
10-08 12:17:23.146 I/NpuProbe( 3060): [ggml] ggml-hex: HTP0 new session : session-id 0 domain-id 3 uri file:///libggml-htp-v81.so?htp_iface_skel_handle_invoke&_modver=1.0&_dom=cdsp&_session=0 handle 0xb4000077d5305600
10-08 12:17:23.146 I/NpuProbe( 3060): [ggml] ggml-hex: HTP0 op batching: n-bufs 16 n-tensors 7168 n-ops 1024 vmem 3355443200
10-08 12:17:23.146 I/NpuProbe( 3060): PROMPT[1]: arquivo proprio (len=205)
--------- beginning of main
10-08 12:16:40.350 I/NpuProbe( 3060): nativeLibraryDir=/data/app/~~k-sqWv1b76V8LmSKmdVxqA==/br.gov.sp.pcsp.npuprobe-9joaf9k9VohDWEFgEww73A==/lib/arm64
10-08 12:16:40.350 I/NpuProbe( 3060): runProbe PULADO (p4-auto presente; preinit do tune)
10-08 12:16:40.350 I/NpuProbe( 3060): REPORT:
10-08 12:16:40.350 I/NpuProbe( 3060): (runProbe PULADO: p4-auto presente; evita init Hexagon pre-tune - R8)
10-08 12:16:40.350 I/NpuProbe( 3060): AUTO-GATILHO='smart:sessao'
10-08 12:16:40.350 I/NpuProbe( 3060): SMART iniciando rota=sessao com /data/local/tmp/hymt2_app.gguf
10-08 12:16:40.350 I/NpuProbe( 3060): SMARTv2 rota='sessao' mutante=(none)
10-08 12:16:40.350 I/NpuProbe( 3060): TUNE: GGML_HEXAGON_OPSTAGE=2
10-08 12:16:40.408 I/NpuProbe( 3060): SESSAO(942684b): 2 requests na mesma sessao (roles separados; JSON nativo em files/r6-sess.jsonl)
10-08 12:16:40.408 I/NpuProbe( 3060): PROMPT[0]: arquivo proprio (len=1101)
10-08 12:17:23.146 I/NpuProbe( 3060): SESS[0] puro:htp puro: ok=1 pieces=400 prefill=5982.00ms gen=36550.88ms pp1=0.62ms wall=42534.6ms
10-08 12:17:23.146 I/NpuProbe( 3060): SESS[0] puro:htp puro texto_len=400 (integral no JSON)
10-08 12:17:23.146 I/NpuProbe( 3060): SESS[0] puro:htp lifecycle: load=200ms reset=2.63ms wall=42534.6ms
10-08 12:17:23.146 I/NpuProbe( 3060): SESS[0] puro:htp RESULTADO: PURO-EXECUTADO
10-08 12:17:23.146 I/NpuProbe( 3060): [ggml] ggml_vulkan: Found 1 Vulkan devices:
10-08 12:17:23.146 I/NpuProbe( 3060): [ggml] ggml_vulkan: 0 = Adreno (TM) 840 (Qualcomm Technologies Inc. Adreno Vulkan Driver) | uma: 1 | fp16: 1 | bf16: 0 | fp4: 0 | warp size: 64 | shared memory: 32768 | int dot: 0 | matrix cores: none
10-08 12:17:23.146 I/NpuProbe( 3060): [ggml] ggml_opencl: selected platform: 'QUALCOMM Snapdragon(TM)'
10-08 12:17:23.146 I/NpuProbe( 3060): [ggml] 
10-08 12:17:23.146 I/NpuProbe( 3060): ggml_opencl: device: 'QUALCOMM Adreno(TM) 840 (OpenCL 3.0 Adreno(TM) 840)'
10-08 12:17:23.146 I/NpuProbe( 3060): [ggml] ggml_opencl: default device: 'QUALCOMM Adreno(TM) 840 (OpenCL 3.0 Adreno(TM) 840)'
10-08 12:17:23.146 I/NpuProbe( 3060): [ggml] ggml-hex: Loading driver libcdsprpc.so
10-08 12:17:23.146 I/NpuProbe( 3060): [ggml] ggml-hex: Hexagon backend (experimental) : allocating new registry : ndev 1
10-08 12:17:23.146 I/NpuProbe( 3060): [ggml] ggml-hex: Hexagon Arch version v81
10-08 12:17:23.146 I/NpuProbe( 3060): [ggml] ggml-hex: HTP0 allocating new session
10-08 12:17:23.146 I/NpuProbe( 3060): [ggml] ggml-hex: HTP0 hwinfo: threads 8, hvx 8, hmx 1, vtcm 8 MB
10-08 12:17:23.146 I/NpuProbe( 3060): [ggml] ggml-hex: HTP0 new session : session-id 0 domain-id 3 uri file:///libggml-htp-v81.so?htp_iface_skel_handle_invoke&_modver=1.0&_dom=cdsp&_session=0 handle 0xb4000077d5305600
10-08 12:17:23.146 I/NpuProbe( 3060): [ggml] ggml-hex: HTP0 op batching: n-bufs 16 n-tensors 7168 n-ops 1024 vmem 3355443200
10-08 12:17:23.146 I/NpuProbe( 3060): PROMPT[1]: arquivo proprio (len=205)
10-08 12:17:39.519 I/NpuProbe(13652): nativeLibraryDir=/data/app/~~k-sqWv1b76V8LmSKmdVxqA==/br.gov.sp.pcsp.npuprobe-9joaf9k9VohDWEFgEww73A==/lib/arm64
10-08 12:17:39.519 I/NpuProbe(13652): runProbe PULADO (p4-auto presente; preinit do tune)
10-08 12:17:39.519 I/NpuProbe(13652): REPORT:
10-08 12:17:39.519 I/NpuProbe(13652): (runProbe PULADO: p4-auto presente; evita init Hexagon pre-tune - R8)
10-08 12:17:39.520 I/NpuProbe(13652): AUTO-GATILHO='smart:sessao'
10-08 12:17:39.520 I/NpuProbe(13652): SMART iniciando rota=sessao com /data/local/tmp/hymt2_app.gguf
10-08 12:17:39.520 I/NpuProbe(13652): SMARTv2 rota='sessao' mutante=(none)
10-08 12:17:39.578 I/NpuProbe(13652): SESSAO(9434f6d): 2 requests na mesma sessao (roles separados; JSON nativo em files/r6-sess.jsonl)
10-08 12:17:39.579 I/NpuProbe(13652): PROMPT[0]: arquivo proprio (len=1101)
--------- beginning of main
10-08 12:17:39.519 I/NpuProbe(13652): nativeLibraryDir=/data/app/~~k-sqWv1b76V8LmSKmdVxqA==/br.gov.sp.pcsp.npuprobe-9joaf9k9VohDWEFgEww73A==/lib/arm64
10-08 12:17:39.519 I/NpuProbe(13652): runProbe PULADO (p4-auto presente; preinit do tune)
10-08 12:17:39.519 I/NpuProbe(13652): REPORT:
10-08 12:17:39.519 I/NpuProbe(13652): (runProbe PULADO: p4-auto presente; evita init Hexagon pre-tune - R8)
10-08 12:17:39.520 I/NpuProbe(13652): AUTO-GATILHO='smart:sessao'
10-08 12:17:39.520 I/NpuProbe(13652): SMART iniciando rota=sessao com /data/local/tmp/hymt2_app.gguf
10-08 12:17:39.520 I/NpuProbe(13652): SMARTv2 rota='sessao' mutante=(none)
10-08 12:17:39.578 I/NpuProbe(13652): SESSAO(9434f6d): 2 requests na mesma sessao (roles separados; JSON nativo em files/r6-sess.jsonl)
10-08 12:17:39.579 I/NpuProbe(13652): PROMPT[0]: arquivo proprio (len=1101)
10-08 12:18:22.498 I/NpuProbe(13652): SESS[0] puro:htp puro: ok=1 pieces=305 prefill=6383.89ms gen=36333.81ms pp1=0.66ms wall=42718.7ms
10-08 12:18:22.498 I/NpuProbe(13652): SESS[0] puro:htp puro texto_len=1069 (integral no JSON)
10-08 12:18:22.498 I/NpuProbe(13652): SESS[0] puro:htp lifecycle: load=198ms reset=2.12ms wall=42718.7ms
10-08 12:18:22.498 I/NpuProbe(13652): SESS[0] puro:htp RESULTADO: PURO-EXECUTADO
10-08 12:18:22.498 I/NpuProbe(13652): [ggml] ggml_vulkan: Found 1 Vulkan devices:
10-08 12:18:22.498 I/NpuProbe(13652): [ggml] ggml_vulkan: 0 = Adreno (TM) 840 (Qualcomm Technologies Inc. Adreno Vulkan Driver) | uma: 1 | fp16: 1 | bf16: 0 | fp4: 0 | warp size: 64 | shared memory: 32768 | int dot: 0 | matrix cores: none
10-08 12:18:22.498 I/NpuProbe(13652): [ggml] ggml_opencl: selected platform: 'QUALCOMM Snapdragon(TM)'
10-08 12:18:22.498 I/NpuProbe(13652): [ggml] 
10-08 12:18:22.498 I/NpuProbe(13652): ggml_opencl: device: 'QUALCOMM Adreno(TM) 840 (OpenCL 3.0 Adreno(TM) 840)'
10-08 12:18:22.498 I/NpuProbe(13652): [ggml] ggml_opencl: default device: 'QUALCOMM Adreno(TM) 840 (OpenCL 3.0 Adreno(TM) 840)'
10-08 12:18:22.498 I/NpuProbe(13652): [ggml] ggml-hex: Loading driver libcdsprpc.so
10-08 12:18:22.498 I/NpuProbe(13652): [ggml] ggml-hex: Hexagon backend (experimental) : allocating new registry : ndev 1
10-08 12:18:22.498 I/NpuProbe(13652): [ggml] ggml-hex: Hexagon Arch version v81
10-08 12:18:22.498 I/NpuProbe(13652): [ggml] ggml-hex: HTP0 allocating new session
10-08 12:18:22.498 I/NpuProbe(13652): [ggml] ggml-hex: HTP0 hwinfo: threads 8, hvx 8, hmx 1, vtcm 8 MB
10-08 12:18:22.498 I/NpuProbe(13652): [ggml] ggml-hex: HTP0 new session : session-id 0 domain-id 3 uri file:///libggml-htp-v81.so?htp_iface_skel_handle_invoke&_modver=1.0&_dom=cdsp&_session=0 handle 0xb4000077d9aa8f00
10-08 12:18:22.498 I/NpuProbe(13652): [ggml] ggml-hex: HTP0 op batching: n-bufs 16 n-tensors 7168 n-ops 1024 vmem 3355443200
10-08 12:18:22.498 I/NpuProbe(13652): PROMPT[1]: arquivo proprio (len=205)
10-08 12:18:26.748 I/NpuProbe(13652): SESS[1] puro:htp puro: ok=1 pieces=26 prefill=1168.21ms gen=3079.12ms pp1=0.60ms wall=4247.8ms
10-08 12:18:26.748 I/NpuProbe(13652): SESS[1] puro:htp puro texto_len=77 (integral no JSON)
10-08 12:18:26.748 I/NpuProbe(13652): SESS[1] puro:htp lifecycle: load=0ms reset=2.15ms wall=4247.8ms
10-08 12:18:26.748 I/NpuProbe(13652): SESS[1] puro:htp RESULTADO: PURO-EXECUTADO
10-08 12:18:26.823 I/NpuProbe(13652): SESSAO(9434f6d): fim (2 requests)
10-08 12:18:26.823 I/NpuProbe(13652): SMART REPORT:
10-08 12:18:26.823 I/NpuProbe(13652): SMART (sessao)
10-08 12:18:26.823 I/NpuProbe(13652): 
10-08 12:18:26.823 I/NpuProbe(13652): SMARTv2 rota='sessao' mutante=(none)
10-08 12:18:26.823 I/NpuProbe(13652): SESSAO(9434f6d): 2 requests na mesma sessao (roles separados; JSON nativo em files/r6-sess.jsonl)
10-08 12:18:26.823 I/NpuProbe(13652): PROMPT[0]: arquivo proprio (len=1101)
10-08 12:18:26.823 I/NpuProbe(13652): SESS[0] puro:htp puro: ok=1 pieces=305 prefill=6383.89ms gen=36333.81ms pp1=0.66ms wall=42718.7ms
10-08 12:18:26.823 I/NpuProbe(13652): SESS[0] puro:htp puro texto_len=1069 (integral no JSON)
10-08 12:18:26.823 I/NpuProbe(13652): SESS[0] puro:htp lifecycle: load=198ms reset=2.12ms wall=42718.7ms
10-08 12:18:26.823 I/NpuProbe(13652): SESS[0] puro:htp RESULTADO: PURO-EXECUTADO
10-08 12:18:26.823 I/NpuProbe(13652): PROMPT[1]: arquivo proprio (len=205)
10-08 12:18:26.823 I/NpuProbe(13652): SESS[1] puro:htp puro: ok=1 pieces=26 prefill=1168.21ms gen=3079.12ms pp1=0.60ms wall=4247.8ms
10-08 12:18:26.823 I/NpuProbe(13652): SESS[1] puro:htp puro texto_len=77 (integral no JSON)
10-08 12:18:26.823 I/NpuProbe(13652): SESS[1] puro:htp lifecycle: load=0ms reset=2.15ms wall=4247.8ms
10-08 12:18:26.823 I/NpuProbe(13652): SESS[1] puro:htp RESULTADO: PURO-EXECUTADO
10-08 12:18:26.823 I/NpuProbe(13652): SESSAO(9434f6d): fim (2 requests)
--------- beginning of main
10-08 12:17:39.519 I/NpuProbe(13652): nativeLibraryDir=/data/app/~~k-sqWv1b76V8LmSKmdVxqA==/br.gov.sp.pcsp.npuprobe-9joaf9k9VohDWEFgEww73A==/lib/arm64
10-08 12:17:39.519 I/NpuProbe(13652): runProbe PULADO (p4-auto presente; preinit do tune)
10-08 12:17:39.519 I/NpuProbe(13652): REPORT:
10-08 12:17:39.519 I/NpuProbe(13652): (runProbe PULADO: p4-auto presente; evita init Hexagon pre-tune - R8)
10-08 12:17:39.520 I/NpuProbe(13652): AUTO-GATILHO='smart:sessao'
10-08 12:17:39.520 I/NpuProbe(13652): SMART iniciando rota=sessao com /data/local/tmp/hymt2_app.gguf
10-08 12:17:39.520 I/NpuProbe(13652): SMARTv2 rota='sessao' mutante=(none)
10-08 12:17:39.578 I/NpuProbe(13652): SESSAO(9434f6d): 2 requests na mesma sessao (roles separados; JSON nativo em files/r6-sess.jsonl)
10-08 12:17:39.579 I/NpuProbe(13652): PROMPT[0]: arquivo proprio (len=1101)
10-08 12:18:22.498 I/NpuProbe(13652): SESS[0] puro:htp puro: ok=1 pieces=305 prefill=6383.89ms gen=36333.81ms pp1=0.66ms wall=42718.7ms
10-08 12:18:22.498 I/NpuProbe(13652): SESS[0] puro:htp puro texto_len=1069 (integral no JSON)
10-08 12:18:22.498 I/NpuProbe(13652): SESS[0] puro:htp lifecycle: load=198ms reset=2.12ms wall=42718.7ms
10-08 12:18:22.498 I/NpuProbe(13652): SESS[0] puro:htp RESULTADO: PURO-EXECUTADO
10-08 12:18:22.498 I/NpuProbe(13652): [ggml] ggml_vulkan: Found 1 Vulkan devices:
10-08 12:18:22.498 I/NpuProbe(13652): [ggml] ggml_vulkan: 0 = Adreno (TM) 840 (Qualcomm Technologies Inc. Adreno Vulkan Driver) | uma: 1 | fp16: 1 | bf16: 0 | fp4: 0 | warp size: 64 | shared memory: 32768 | int dot: 0 | matrix cores: none
10-08 12:18:22.498 I/NpuProbe(13652): [ggml] ggml_opencl: selected platform: 'QUALCOMM Snapdragon(TM)'
10-08 12:18:22.498 I/NpuProbe(13652): [ggml] 
10-08 12:18:22.498 I/NpuProbe(13652): ggml_opencl: device: 'QUALCOMM Adreno(TM) 840 (OpenCL 3.0 Adreno(TM) 840)'
10-08 12:18:22.498 I/NpuProbe(13652): [ggml] ggml_opencl: default device: 'QUALCOMM Adreno(TM) 840 (OpenCL 3.0 Adreno(TM) 840)'
10-08 12:18:22.498 I/NpuProbe(13652): [ggml] ggml-hex: Loading driver libcdsprpc.so
10-08 12:18:22.498 I/NpuProbe(13652): [ggml] ggml-hex: Hexagon backend (experimental) : allocating new registry : ndev 1
10-08 12:18:22.498 I/NpuProbe(13652): [ggml] ggml-hex: Hexagon Arch version v81
10-08 12:18:22.498 I/NpuProbe(13652): [ggml] ggml-hex: HTP0 allocating new session
10-08 12:18:22.498 I/NpuProbe(13652): [ggml] ggml-hex: HTP0 hwinfo: threads 8, hvx 8, hmx 1, vtcm 8 MB
10-08 12:18:22.498 I/NpuProbe(13652): [ggml] ggml-hex: HTP0 new session : session-id 0 domain-id 3 uri file:///libggml-htp-v81.so?htp_iface_skel_handle_invoke&_modver=1.0&_dom=cdsp&_session=0 handle 0xb4000077d9aa8f00
10-08 12:18:22.498 I/NpuProbe(13652): [ggml] ggml-hex: HTP0 op batching: n-bufs 16 n-tensors 7168 n-ops 1024 vmem 3355443200
10-08 12:18:22.498 I/NpuProbe(13652): PROMPT[1]: arquivo proprio (len=205)
10-08 12:18:26.748 I/NpuProbe(13652): SESS[1] puro:htp puro: ok=1 pieces=26 prefill=1168.21ms gen=3079.12ms pp1=0.60ms wall=4247.8ms
10-08 12:18:26.748 I/NpuProbe(13652): SESS[1] puro:htp puro texto_len=77 (integral no JSON)
10-08 12:18:26.748 I/NpuProbe(13652): SESS[1] puro:htp lifecycle: load=0ms reset=2.15ms wall=4247.8ms
10-08 12:18:26.748 I/NpuProbe(13652): SESS[1] puro:htp RESULTADO: PURO-EXECUTADO
10-08 12:18:26.823 I/NpuProbe(13652): SESSAO(9434f6d): fim (2 requests)
10-08 12:18:26.823 I/NpuProbe(13652): SMART REPORT:
10-08 12:18:26.823 I/NpuProbe(13652): SMART (sessao)
10-08 12:18:26.823 I/NpuProbe(13652): 
10-08 12:18:26.823 I/NpuProbe(13652): SMARTv2 rota='sessao' mutante=(none)
10-08 12:18:26.823 I/NpuProbe(13652): SESSAO(9434f6d): 2 requests na mesma sessao (roles separados; JSON nativo em files/r6-sess.jsonl)
10-08 12:18:26.823 I/NpuProbe(13652): PROMPT[0]: arquivo proprio (len=1101)
10-08 12:18:26.823 I/NpuProbe(13652): SESS[0] puro:htp puro: ok=1 pieces=305 prefill=6383.89ms gen=36333.81ms pp1=0.66ms wall=42718.7ms
10-08 12:18:26.823 I/NpuProbe(13652): SESS[0] puro:htp puro texto_len=1069 (integral no JSON)
10-08 12:18:26.823 I/NpuProbe(13652): SESS[0] puro:htp lifecycle: load=198ms reset=2.12ms wall=42718.7ms
10-08 12:18:26.823 I/NpuProbe(13652): SESS[0] puro:htp RESULTADO: PURO-EXECUTADO
10-08 12:18:26.823 I/NpuProbe(13652): PROMPT[1]: arquivo proprio (len=205)
10-08 12:18:26.823 I/NpuProbe(13652): SESS[1] puro:htp puro: ok=1 pieces=26 prefill=1168.21ms gen=3079.12ms pp1=0.60ms wall=4247.8ms
10-08 12:18:26.823 I/NpuProbe(13652): SESS[1] puro:htp puro texto_len=77 (integral no JSON)
10-08 12:18:26.823 I/NpuProbe(13652): SESS[1] puro:htp lifecycle: load=0ms reset=2.15ms wall=4247.8ms
10-08 12:18:26.823 I/NpuProbe(13652): SESS[1] puro:htp RESULTADO: PURO-EXECUTADO
10-08 12:18:26.823 I/NpuProbe(13652): SESSAO(9434f6d): fim (2 requests)
--------- beginning of main
10-08 12:18:22.498 I/NpuProbe(13652): SESS[0] puro:htp puro: ok=1 pieces=305 prefill=6383.89ms gen=36333.81ms pp1=0.66ms wall=42718.7ms
10-08 12:18:22.498 I/NpuProbe(13652): SESS[0] puro:htp puro texto_len=1069 (integral no JSON)
10-08 12:18:22.498 I/NpuProbe(13652): SESS[0] puro:htp lifecycle: load=198ms reset=2.12ms wall=42718.7ms
10-08 12:18:22.498 I/NpuProbe(13652): SESS[0] puro:htp RESULTADO: PURO-EXECUTADO
10-08 12:18:22.498 I/NpuProbe(13652): [ggml] ggml_vulkan: Found 1 Vulkan devices:
10-08 12:18:22.498 I/NpuProbe(13652): [ggml] ggml_vulkan: 0 = Adreno (TM) 840 (Qualcomm Technologies Inc. Adreno Vulkan Driver) | uma: 1 | fp16: 1 | bf16: 0 | fp4: 0 | warp size: 64 | shared memory: 32768 | int dot: 0 | matrix cores: none
10-08 12:18:22.498 I/NpuProbe(13652): [ggml] ggml_opencl: selected platform: 'QUALCOMM Snapdragon(TM)'
10-08 12:18:22.498 I/NpuProbe(13652): [ggml] 
10-08 12:18:22.498 I/NpuProbe(13652): ggml_opencl: device: 'QUALCOMM Adreno(TM) 840 (OpenCL 3.0 Adreno(TM) 840)'
10-08 12:18:22.498 I/NpuProbe(13652): [ggml] ggml_opencl: default device: 'QUALCOMM Adreno(TM) 840 (OpenCL 3.0 Adreno(TM) 840)'
10-08 12:18:22.498 I/NpuProbe(13652): [ggml] ggml-hex: Loading driver libcdsprpc.so
10-08 12:18:22.498 I/NpuProbe(13652): [ggml] ggml-hex: Hexagon backend (experimental) : allocating new registry : ndev 1
10-08 12:18:22.498 I/NpuProbe(13652): [ggml] ggml-hex: Hexagon Arch version v81
10-08 12:18:22.498 I/NpuProbe(13652): [ggml] ggml-hex: HTP0 allocating new session
10-08 12:18:22.498 I/NpuProbe(13652): [ggml] ggml-hex: HTP0 hwinfo: threads 8, hvx 8, hmx 1, vtcm 8 MB
10-08 12:18:22.498 I/NpuProbe(13652): [ggml] ggml-hex: HTP0 new session : session-id 0 domain-id 3 uri file:///libggml-htp-v81.so?htp_iface_skel_handle_invoke&_modver=1.0&_dom=cdsp&_session=0 handle 0xb4000077d9aa8f00
10-08 12:18:22.498 I/NpuProbe(13652): [ggml] ggml-hex: HTP0 op batching: n-bufs 16 n-tensors 7168 n-ops 1024 vmem 3355443200
10-08 12:18:22.498 I/NpuProbe(13652): PROMPT[1]: arquivo proprio (len=205)
10-08 12:18:26.748 I/NpuProbe(13652): SESS[1] puro:htp puro: ok=1 pieces=26 prefill=1168.21ms gen=3079.12ms pp1=0.60ms wall=4247.8ms
10-08 12:18:26.748 I/NpuProbe(13652): SESS[1] puro:htp puro texto_len=77 (integral no JSON)
10-08 12:18:26.748 I/NpuProbe(13652): SESS[1] puro:htp lifecycle: load=0ms reset=2.15ms wall=4247.8ms
10-08 12:18:26.748 I/NpuProbe(13652): SESS[1] puro:htp RESULTADO: PURO-EXECUTADO
10-08 12:18:26.823 I/NpuProbe(13652): SESSAO(9434f6d): fim (2 requests)
10-08 12:18:26.823 I/NpuProbe(13652): SMART REPORT:
10-08 12:18:26.823 I/NpuProbe(13652): SMART (sessao)
10-08 12:18:26.823 I/NpuProbe(13652): 
10-08 12:18:26.823 I/NpuProbe(13652): SMARTv2 rota='sessao' mutante=(none)
10-08 12:18:26.823 I/NpuProbe(13652): SESSAO(9434f6d): 2 requests na mesma sessao (roles separados; JSON nativo em files/r6-sess.jsonl)
10-08 12:18:26.823 I/NpuProbe(13652): PROMPT[0]: arquivo proprio (len=1101)
10-08 12:18:26.823 I/NpuProbe(13652): SESS[0] puro:htp puro: ok=1 pieces=305 prefill=6383.89ms gen=36333.81ms pp1=0.66ms wall=42718.7ms
10-08 12:18:26.823 I/NpuProbe(13652): SESS[0] puro:htp puro texto_len=1069 (integral no JSON)
10-08 12:18:26.823 I/NpuProbe(13652): SESS[0] puro:htp lifecycle: load=198ms reset=2.12ms wall=42718.7ms
10-08 12:18:26.823 I/NpuProbe(13652): SESS[0] puro:htp RESULTADO: PURO-EXECUTADO
10-08 12:18:26.823 I/NpuProbe(13652): PROMPT[1]: arquivo proprio (len=205)
10-08 12:18:26.823 I/NpuProbe(13652): SESS[1] puro:htp puro: ok=1 pieces=26 prefill=1168.21ms gen=3079.12ms pp1=0.60ms wall=4247.8ms
10-08 12:18:26.823 I/NpuProbe(13652): SESS[1] puro:htp puro texto_len=77 (integral no JSON)
10-08 12:18:26.823 I/NpuProbe(13652): SESS[1] puro:htp lifecycle: load=0ms reset=2.15ms wall=4247.8ms
10-08 12:18:26.823 I/NpuProbe(13652): SESS[1] puro:htp RESULTADO: PURO-EXECUTADO
10-08 12:18:26.823 I/NpuProbe(13652): SESSAO(9434f6d): fim (2 requests)
