--------- beginning of main
10-07 16:14:43.208 I/NpuProbe( 9567): load(origem)=1510ms
10-07 16:14:43.240 I/NpuProbe( 9567): ctxs prontos (cold_total=4529ms)
10-07 16:14:43.921 I/NpuProbe( 9567): A1: ok=1 cap=0 tok1=33 amostrados(s/d)=9/8 emitidos=8 consumidos=8
10-07 16:14:43.921 I/NpuProbe( 9567): A1 tempos: prefill=94.70ms export=0.70ms import=20.69ms gen=511.36ms pp1=53.42ms
10-07 16:14:43.921 I/NpuProbe( 9567): A1 espelho: passos=8 iguais=8 div_pos=-1
10-07 16:14:43.921 I/NpuProbe( 9567): A1 texto: Bom dia, como você está?
10-07 16:14:43.934 I/NpuProbe( 9567): reset: pos cmp (origem=5 destino=-1) -> NAO VAZIO (falha)
10-07 16:14:43.934 I/NpuProbe( 9567): RESULTADO: SMART-FALHA (reset)
10-07 16:14:44.051 I/NpuProbe( 9567): SMART REPORT:
10-07 16:14:44.051 I/NpuProbe( 9567): SMART (opencl)
10-07 16:14:44.051 I/NpuProbe( 9567): 
10-07 16:14:44.051 I/NpuProbe( 9567): SMARTv2 rota='opencl' mutante=smart_reset_bad
10-07 16:14:44.051 I/NpuProbe( 9567): MODO PONTE: origem=htp | destino=opencl (GPUOpenCL)
10-07 16:14:44.051 I/NpuProbe( 9567): load(destino)=2960ms
10-07 16:14:44.051 I/NpuProbe( 9567): load(origem)=1510ms
10-07 16:14:44.051 I/NpuProbe( 9567): ctxs prontos (cold_total=4529ms)
10-07 16:14:44.051 I/NpuProbe( 9567): A1: ok=1 cap=0 tok1=33 amostrados(s/d)=9/8 emitidos=8 consumidos=8
10-07 16:14:44.051 I/NpuProbe( 9567): A1 tempos: prefill=94.70ms export=0.70ms import=20.69ms gen=511.36ms pp1=53.42ms
10-07 16:14:44.051 I/NpuProbe( 9567): A1 espelho: passos=8 iguais=8 div_pos=-1
10-07 16:14:44.051 I/NpuProbe( 9567): A1 texto: Bom dia, como você está?
10-07 16:14:44.051 I/NpuProbe( 9567): reset: pos cmp (origem=5 destino=-1) -> NAO VAZIO (falha)
10-07 16:14:44.051 I/NpuProbe( 9567): RESULTADO: SMART-FALHA (reset)
10-07 16:15:25.478 I/NpuProbe(10926): nativeLibraryDir=/data/app/~~3UkmhFXWWX7ubLoQQFx0uw==/br.gov.sp.pcsp.npuprobe-89k-OHcdIKmGw75W7th9bw==/lib/arm64
10-07 16:15:25.478 I/NpuProbe(10926): libdir=/data/app/~~3UkmhFXWWX7ubLoQQFx0uw==/br.gov.sp.pcsp.npuprobe-89k-OHcdIKmGw75W7th9bw==/lib/arm64
10-07 16:15:25.478 I/NpuProbe(10926): build=llama.cpp-upstream-pkg (v11-libs) + probe R4
10-07 16:15:25.478 I/NpuProbe(10926): controle-sistema (liblog.so)=OK
10-07 16:15:25.478 I/NpuProbe(10926): negativo-fake (libnaoexiste_xyz.so)=FALHOU err=dlopen failed: library "libnaoexiste_xyz.so" not found
10-07 16:15:25.479 I/NpuProbe(10926): cdsprpc-nome (libcdsprpc.so)=OK
10-07 16:15:25.479 I/NpuProbe(10926): cdsprpc-abs (/vendor/lib64/libcdsprpc.so)=OK
10-07 16:15:25.479 I/NpuProbe(10926): ADSP_LIBRARY_PATH=libdir (setenv)
10-07 16:15:25.480 I/NpuProbe(10926): [ggml] ggml_vulkan: Found 1 Vulkan devices:
10-07 16:15:25.481 I/NpuProbe(10926): [ggml] ggml_vulkan: 0 = Adreno (TM) 840 (Qualcomm Technologies Inc. Adreno Vulkan Driver) | uma: 1 | fp16: 1 | bf16: 0 | fp4: 0 | warp size: 64 | shared memory: 32768 | int dot: 0 | matrix cores: none
10-07 16:15:25.486 I/NpuProbe(10926): [ggml] ggml_opencl: selected platform: 'QUALCOMM Snapdragon(TM)'
10-07 16:15:25.487 I/NpuProbe(10926): [ggml] 
10-07 16:15:25.487 I/NpuProbe(10926): ggml_opencl: device: 'QUALCOMM Adreno(TM) 840 (OpenCL 3.0 Adreno(TM) 840)'
10-07 16:15:25.487 I/NpuProbe(10926): [ggml] ggml_opencl: default device: 'QUALCOMM Adreno(TM) 840 (OpenCL 3.0 Adreno(TM) 840)'
10-07 16:15:25.487 I/NpuProbe(10926): [ggml] ggml-hex: Loading driver libcdsprpc.so
10-07 16:15:25.488 I/NpuProbe(10926): [ggml] ggml-hex: FASTRPC_GET_DOMAINS query failed (0x14), using static CDSP domains
10-07 16:15:25.488 I/NpuProbe(10926): [ggml] ggml-hex: Hexagon backend (experimental) : allocating new registry : ndev 1
10-07 16:15:25.488 I/NpuProbe(10926): [ggml] ggml-hex: Hexagon Arch version v81, DMA64 enabled
10-07 16:15:25.488 I/NpuProbe(10926): [ggml] ggml-hex: device 0: HTP0 (phys=0, virt=0, domain=cdsp:3)
10-07 16:15:25.489 I/NpuProbe(10926): load_all_from_path=9ms
10-07 16:15:25.489 I/NpuProbe(10926): [ggml] load_backend: failed to find ggml_backend_init in /data/app/~~3UkmhFXWWX7ubLoQQFx0uw==/br.gov.sp.pcsp.npuprobe-89k-OHcdIKmGw75W7th9bw==/lib/arm64/libggml-hexagon.so
10-07 16:15:25.489 I/NpuProbe(10926): load(hexagon direto)=FALHOU em 0ms
10-07 16:15:25.489 I/NpuProbe(10926): devices=4
10-07 16:15:25.489 I/NpuProbe(10926):   dev[0] Vulkan0 (Adreno (TM) 840)
10-07 16:15:25.489 I/NpuProbe(10926):   dev[1] GPUOpenCL (QUALCOMM Adreno(TM) 840)
10-07 16:15:25.489 I/NpuProbe(10926):   dev[2] HTP0 (Hexagon)
10-07 16:15:25.489 I/NpuProbe(10926):   dev[3] CPU (CPU)
10-07 16:15:25.489 I/NpuProbe(10926): [ggml] ggml-hex: HTP0 allocating new session : domain 3 phys-idx 0 virt-idx 0
10-07 16:15:25.521 I/NpuProbe(10926): [ggml] ggml-hex: HTP0 hwinfo: threads 8, hvx 8, hmx 1, vtcm 8 MB
10-07 16:15:25.521 I/NpuProbe(10926): [ggml] ggml-hex: HTP0 new session : session-id 0 domain-id 3 uri file:///libggml-htp-v81.so?htp_iface_skel_handle_invoke&_modver=1.0&_dom=cdsp&_session=0 handle 0xb4000077d4b69c40
10-07 16:15:25.527 I/NpuProbe(10926): [ggml] ggml-hex: HTP0 op batching: n-bufs 16 n-tensors 8192 n-ops 1280 vmem 3311845376
10-07 16:15:25.530 I/NpuProbe(10926): dev_init(HTP0)=41ms -> SESSAO ABERTA
10-07 16:15:25.531 I/NpuProbe(10926): graph_compute(MUL_MAT 64x64)=0.8ms status=0
10-07 16:15:25.531 I/NpuProbe(10926): c[0]=128.000000 (esperado 128.0)
10-07 16:15:25.531 I/NpuProbe(10926): RESULTADO: APP-UID OK: sessao HTP + op executado com resultado correto
10-07 16:15:25.532 I/NpuProbe(10926): REPORT:
10-07 16:15:25.532 I/NpuProbe(10926): libdir=/data/app/~~3UkmhFXWWX7ubLoQQFx0uw==/br.gov.sp.pcsp.npuprobe-89k-OHcdIKmGw75W7th9bw==/lib/arm64
10-07 16:15:25.532 I/NpuProbe(10926): build=llama.cpp-upstream-pkg (v11-libs) + probe R4
10-07 16:15:25.532 I/NpuProbe(10926): controle-sistema (liblog.so)=OK
10-07 16:15:25.532 I/NpuProbe(10926): negativo-fake (libnaoexiste_xyz.so)=FALHOU err=dlopen failed: library "libnaoexiste_xyz.so" not found
10-07 16:15:25.532 I/NpuProbe(10926): cdsprpc-nome (libcdsprpc.so)=OK
10-07 16:15:25.532 I/NpuProbe(10926): cdsprpc-abs (/vendor/lib64/libcdsprpc.so)=OK
10-07 16:15:25.532 I/NpuProbe(10926): ADSP_LIBRARY_PATH=libdir (setenv)
10-07 16:15:25.532 I/NpuProbe(10926): load_all_from_path=9ms
10-07 16:15:25.532 I/NpuProbe(10926): load(hexagon direto)=FALHOU em 0ms
10-07 16:15:25.532 I/NpuProbe(10926): devices=4
10-07 16:15:25.532 I/NpuProbe(10926):   dev[0] Vulkan0 (Adreno (TM) 840)
10-07 16:15:25.532 I/NpuProbe(10926):   dev[1] GPUOpenCL (QUALCOMM Adreno(TM) 840)
10-07 16:15:25.532 I/NpuProbe(10926):   dev[2] HTP0 (Hexagon)
10-07 16:15:25.532 I/NpuProbe(10926):   dev[3] CPU (CPU)
10-07 16:15:25.532 I/NpuProbe(10926): dev_init(HTP0)=41ms -> SESSAO ABERTA
10-07 16:15:25.532 I/NpuProbe(10926): graph_compute(MUL_MAT 64x64)=0.8ms status=0
10-07 16:15:25.532 I/NpuProbe(10926): c[0]=128.000000 (esperado 128.0)
10-07 16:15:25.532 I/NpuProbe(10926): RESULTADO: APP-UID OK: sessao HTP + op executado com resultado correto
10-07 16:15:25.532 I/NpuProbe(10926): AUTO-GATILHO='smart:xyz'
10-07 16:15:25.533 I/NpuProbe(10926): SMART iniciando rota=xyz com /data/local/tmp/hymt2_app.gguf
10-07 16:15:25.533 I/NpuProbe(10926): SMARTv2 rota='xyz' mutante=(none)
10-07 16:15:25.533 I/NpuProbe(10926): RESULTADO: SMART-FALHA (destino 'xyz' indisponivel) — erro explicito, sem fallback
10-07 16:15:25.534 I/NpuProbe(10926): SMART REPORT:
10-07 16:15:25.534 I/NpuProbe(10926): SMART (xyz)
10-07 16:15:25.534 I/NpuProbe(10926): 
10-07 16:15:25.534 I/NpuProbe(10926): SMARTv2 rota='xyz' mutante=(none)
10-07 16:15:25.534 I/NpuProbe(10926): RESULTADO: SMART-FALHA (destino 'xyz' indisponivel) — erro explicito, sem fallback
10-07 16:16:04.988 I/NpuProbe(11799): nativeLibraryDir=/data/app/~~3UkmhFXWWX7ubLoQQFx0uw==/br.gov.sp.pcsp.npuprobe-89k-OHcdIKmGw75W7th9bw==/lib/arm64
10-07 16:16:04.988 I/NpuProbe(11799): libdir=/data/app/~~3UkmhFXWWX7ubLoQQFx0uw==/br.gov.sp.pcsp.npuprobe-89k-OHcdIKmGw75W7th9bw==/lib/arm64
10-07 16:16:04.988 I/NpuProbe(11799): build=llama.cpp-upstream-pkg (v11-libs) + probe R4
10-07 16:16:04.988 I/NpuProbe(11799): controle-sistema (liblog.so)=OK
10-07 16:16:04.988 I/NpuProbe(11799): negativo-fake (libnaoexiste_xyz.so)=FALHOU err=dlopen failed: library "libnaoexiste_xyz.so" not found
10-07 16:16:04.989 I/NpuProbe(11799): cdsprpc-nome (libcdsprpc.so)=OK
10-07 16:16:04.990 I/NpuProbe(11799): cdsprpc-abs (/vendor/lib64/libcdsprpc.so)=OK
10-07 16:16:04.990 I/NpuProbe(11799): ADSP_LIBRARY_PATH=libdir (setenv)
10-07 16:16:04.991 I/NpuProbe(11799): [ggml] ggml_vulkan: Found 1 Vulkan devices:
10-07 16:16:04.991 I/NpuProbe(11799): [ggml] ggml_vulkan: 0 = Adreno (TM) 840 (Qualcomm Technologies Inc. Adreno Vulkan Driver) | uma: 1 | fp16: 1 | bf16: 0 | fp4: 0 | warp size: 64 | shared memory: 32768 | int dot: 0 | matrix cores: none
10-07 16:16:04.996 I/NpuProbe(11799): [ggml] ggml_opencl: selected platform: 'QUALCOMM Snapdragon(TM)'
10-07 16:16:04.997 I/NpuProbe(11799): [ggml] 
10-07 16:16:04.997 I/NpuProbe(11799): ggml_opencl: device: 'QUALCOMM Adreno(TM) 840 (OpenCL 3.0 Adreno(TM) 840)'
10-07 16:16:04.997 I/NpuProbe(11799): [ggml] ggml_opencl: default device: 'QUALCOMM Adreno(TM) 840 (OpenCL 3.0 Adreno(TM) 840)'
10-07 16:16:04.997 I/NpuProbe(11799): [ggml] ggml-hex: Loading driver libcdsprpc.so
10-07 16:16:04.999 I/NpuProbe(11799): [ggml] ggml-hex: FASTRPC_GET_DOMAINS query failed (0x14), using static CDSP domains
10-07 16:16:04.999 I/NpuProbe(11799): [ggml] ggml-hex: Hexagon backend (experimental) : allocating new registry : ndev 1
10-07 16:16:04.999 I/NpuProbe(11799): [ggml] ggml-hex: Hexagon Arch version v81, DMA64 enabled
10-07 16:16:04.999 I/NpuProbe(11799): [ggml] ggml-hex: device 0: HTP0 (phys=0, virt=0, domain=cdsp:3)
10-07 16:16:05.000 I/NpuProbe(11799): load_all_from_path=10ms
10-07 16:16:05.000 I/NpuProbe(11799): [ggml] load_backend: failed to find ggml_backend_init in /data/app/~~3UkmhFXWWX7ubLoQQFx0uw==/br.gov.sp.pcsp.npuprobe-89k-OHcdIKmGw75W7th9bw==/lib/arm64/libggml-hexagon.so
10-07 16:16:05.000 I/NpuProbe(11799): load(hexagon direto)=FALHOU em 0ms
10-07 16:16:05.000 I/NpuProbe(11799): devices=4
10-07 16:16:05.000 I/NpuProbe(11799):   dev[0] Vulkan0 (Adreno (TM) 840)
10-07 16:16:05.000 I/NpuProbe(11799):   dev[1] GPUOpenCL (QUALCOMM Adreno(TM) 840)
10-07 16:16:05.000 I/NpuProbe(11799):   dev[2] HTP0 (Hexagon)
10-07 16:16:05.000 I/NpuProbe(11799):   dev[3] CPU (CPU)
10-07 16:16:05.000 I/NpuProbe(11799): [ggml] ggml-hex: HTP0 allocating new session : domain 3 phys-idx 0 virt-idx 0
10-07 16:16:05.030 I/NpuProbe(11799): [ggml] ggml-hex: HTP0 hwinfo: threads 8, hvx 8, hmx 1, vtcm 8 MB
10-07 16:16:05.031 I/NpuProbe(11799): [ggml] ggml-hex: HTP0 new session : session-id 0 domain-id 3 uri file:///libggml-htp-v81.so?htp_iface_skel_handle_invoke&_modver=1.0&_dom=cdsp&_session=0 handle 0xb4000077d52fb940
10-07 16:16:05.036 I/NpuProbe(11799): [ggml] ggml-hex: HTP0 op batching: n-bufs 16 n-tensors 8192 n-ops 1280 vmem 3311845376
10-07 16:16:05.039 I/NpuProbe(11799): dev_init(HTP0)=40ms -> SESSAO ABERTA
10-07 16:16:05.040 I/NpuProbe(11799): graph_compute(MUL_MAT 64x64)=0.8ms status=0
10-07 16:16:05.040 I/NpuProbe(11799): c[0]=128.000000 (esperado 128.0)
10-07 16:16:05.040 I/NpuProbe(11799): RESULTADO: APP-UID OK: sessao HTP + op executado com resultado correto
10-07 16:16:05.041 I/NpuProbe(11799): REPORT:
10-07 16:16:05.041 I/NpuProbe(11799): libdir=/data/app/~~3UkmhFXWWX7ubLoQQFx0uw==/br.gov.sp.pcsp.npuprobe-89k-OHcdIKmGw75W7th9bw==/lib/arm64
10-07 16:16:05.041 I/NpuProbe(11799): build=llama.cpp-upstream-pkg (v11-libs) + probe R4
10-07 16:16:05.041 I/NpuProbe(11799): controle-sistema (liblog.so)=OK
10-07 16:16:05.041 I/NpuProbe(11799): negativo-fake (libnaoexiste_xyz.so)=FALHOU err=dlopen failed: library "libnaoexiste_xyz.so" not found
10-07 16:16:05.041 I/NpuProbe(11799): cdsprpc-nome (libcdsprpc.so)=OK
10-07 16:16:05.041 I/NpuProbe(11799): cdsprpc-abs (/vendor/lib64/libcdsprpc.so)=OK
10-07 16:16:05.041 I/NpuProbe(11799): ADSP_LIBRARY_PATH=libdir (setenv)
10-07 16:16:05.041 I/NpuProbe(11799): load_all_from_path=10ms
10-07 16:16:05.041 I/NpuProbe(11799): load(hexagon direto)=FALHOU em 0ms
10-07 16:16:05.041 I/NpuProbe(11799): devices=4
10-07 16:16:05.041 I/NpuProbe(11799):   dev[0] Vulkan0 (Adreno (TM) 840)
10-07 16:16:05.041 I/NpuProbe(11799):   dev[1] GPUOpenCL (QUALCOMM Adreno(TM) 840)
10-07 16:16:05.041 I/NpuProbe(11799):   dev[2] HTP0 (Hexagon)
10-07 16:16:05.041 I/NpuProbe(11799):   dev[3] CPU (CPU)
10-07 16:16:05.041 I/NpuProbe(11799): dev_init(HTP0)=40ms -> SESSAO ABERTA
10-07 16:16:05.041 I/NpuProbe(11799): graph_compute(MUL_MAT 64x64)=0.8ms status=0
10-07 16:16:05.041 I/NpuProbe(11799): c[0]=128.000000 (esperado 128.0)
10-07 16:16:05.041 I/NpuProbe(11799): RESULTADO: APP-UID OK: sessao HTP + op executado com resultado correto
10-07 16:16:05.041 I/NpuProbe(11799): AUTO-GATILHO='smart:foo:opencl'
10-07 16:16:05.041 I/NpuProbe(11799): SMART iniciando rota=foo:opencl com /data/local/tmp/hymt2_app.gguf
10-07 16:16:05.041 I/NpuProbe(11799): SMARTv2 rota='foo:opencl' mutante=(none)
10-07 16:16:05.042 I/NpuProbe(11799): RESULTADO: SMART-FALHA (origem 'foo' indisponivel)
10-07 16:16:05.042 I/NpuProbe(11799): SMART REPORT:
10-07 16:16:05.042 I/NpuProbe(11799): SMART (foo:opencl)
10-07 16:16:05.042 I/NpuProbe(11799): 
10-07 16:16:05.042 I/NpuProbe(11799): SMARTv2 rota='foo:opencl' mutante=(none)
10-07 16:16:05.042 I/NpuProbe(11799): RESULTADO: SMART-FALHA (origem 'foo' indisponivel)
10-07 16:16:48.105 I/NpuProbe(12546): nativeLibraryDir=/data/app/~~3UkmhFXWWX7ubLoQQFx0uw==/br.gov.sp.pcsp.npuprobe-89k-OHcdIKmGw75W7th9bw==/lib/arm64
10-07 16:16:48.114 I/NpuProbe(12546): libdir=/data/app/~~3UkmhFXWWX7ubLoQQFx0uw==/br.gov.sp.pcsp.npuprobe-89k-OHcdIKmGw75W7th9bw==/lib/arm64
10-07 16:16:48.114 I/NpuProbe(12546): build=llama.cpp-upstream-pkg (v11-libs) + probe R4
10-07 16:16:48.114 I/NpuProbe(12546): controle-sistema (liblog.so)=OK
10-07 16:16:48.114 I/NpuProbe(12546): negativo-fake (libnaoexiste_xyz.so)=FALHOU err=dlopen failed: library "libnaoexiste_xyz.so" not found
10-07 16:16:48.115 I/NpuProbe(12546): cdsprpc-nome (libcdsprpc.so)=OK
10-07 16:16:48.116 I/NpuProbe(12546): cdsprpc-abs (/vendor/lib64/libcdsprpc.so)=OK
10-07 16:16:48.116 I/NpuProbe(12546): ADSP_LIBRARY_PATH=libdir (setenv)
10-07 16:16:48.117 I/NpuProbe(12546): [ggml] ggml_vulkan: Found 1 Vulkan devices:
10-07 16:16:48.118 I/NpuProbe(12546): [ggml] ggml_vulkan: 0 = Adreno (TM) 840 (Qualcomm Technologies Inc. Adreno Vulkan Driver) | uma: 1 | fp16: 1 | bf16: 0 | fp4: 0 | warp size: 64 | shared memory: 32768 | int dot: 0 | matrix cores: none
10-07 16:16:48.123 I/NpuProbe(12546): [ggml] ggml_opencl: selected platform: 'QUALCOMM Snapdragon(TM)'
10-07 16:16:48.123 I/NpuProbe(12546): [ggml] 
10-07 16:16:48.123 I/NpuProbe(12546): ggml_opencl: device: 'QUALCOMM Adreno(TM) 840 (OpenCL 3.0 Adreno(TM) 840)'
10-07 16:16:48.123 I/NpuProbe(12546): [ggml] ggml_opencl: default device: 'QUALCOMM Adreno(TM) 840 (OpenCL 3.0 Adreno(TM) 840)'
10-07 16:16:48.123 I/NpuProbe(12546): [ggml] ggml-hex: Loading driver libcdsprpc.so
10-07 16:16:48.125 I/NpuProbe(12546): [ggml] ggml-hex: FASTRPC_GET_DOMAINS query failed (0x14), using static CDSP domains
10-07 16:16:48.125 I/NpuProbe(12546): [ggml] ggml-hex: Hexagon backend (experimental) : allocating new registry : ndev 1
10-07 16:16:48.125 I/NpuProbe(12546): [ggml] ggml-hex: Hexagon Arch version v81, DMA64 enabled
10-07 16:16:48.125 I/NpuProbe(12546): [ggml] ggml-hex: device 0: HTP0 (phys=0, virt=0, domain=cdsp:3)
10-07 16:16:48.126 I/NpuProbe(12546): load_all_from_path=9ms
10-07 16:16:48.126 I/NpuProbe(12546): [ggml] load_backend: failed to find ggml_backend_init in /data/app/~~3UkmhFXWWX7ubLoQQFx0uw==/br.gov.sp.pcsp.npuprobe-89k-OHcdIKmGw75W7th9bw==/lib/arm64/libggml-hexagon.so
10-07 16:16:48.126 I/NpuProbe(12546): load(hexagon direto)=FALHOU em 0ms
10-07 16:16:48.126 I/NpuProbe(12546): devices=4
10-07 16:16:48.126 I/NpuProbe(12546):   dev[0] Vulkan0 (Adreno (TM) 840)
10-07 16:16:48.126 I/NpuProbe(12546):   dev[1] GPUOpenCL (QUALCOMM Adreno(TM) 840)
10-07 16:16:48.126 I/NpuProbe(12546):   dev[2] HTP0 (Hexagon)
10-07 16:16:48.126 I/NpuProbe(12546):   dev[3] CPU (CPU)
10-07 16:16:48.126 I/NpuProbe(12546): [ggml] ggml-hex: HTP0 allocating new session : domain 3 phys-idx 0 virt-idx 0
10-07 16:16:48.157 I/NpuProbe(12546): [ggml] ggml-hex: HTP0 hwinfo: threads 8, hvx 8, hmx 1, vtcm 8 MB
10-07 16:16:48.158 I/NpuProbe(12546): [ggml] ggml-hex: HTP0 new session : session-id 0 domain-id 3 uri file:///libggml-htp-v81.so?htp_iface_skel_handle_invoke&_modver=1.0&_dom=cdsp&_session=0 handle 0xb4000077cffae000
10-07 16:16:48.164 I/NpuProbe(12546): [ggml] ggml-hex: HTP0 op batching: n-bufs 16 n-tensors 8192 n-ops 1280 vmem 3311845376
10-07 16:16:48.167 I/NpuProbe(12546): dev_init(HTP0)=41ms -> SESSAO ABERTA
10-07 16:16:48.168 I/NpuProbe(12546): graph_compute(MUL_MAT 64x64)=0.8ms status=0
10-07 16:16:48.168 I/NpuProbe(12546): c[0]=128.000000 (esperado 128.0)
10-07 16:16:48.168 I/NpuProbe(12546): RESULTADO: APP-UID OK: sessao HTP + op executado com resultado correto
10-07 16:16:48.169 I/NpuProbe(12546): REPORT:
10-07 16:16:48.169 I/NpuProbe(12546): libdir=/data/app/~~3UkmhFXWWX7ubLoQQFx0uw==/br.gov.sp.pcsp.npuprobe-89k-OHcdIKmGw75W7th9bw==/lib/arm64
10-07 16:16:48.169 I/NpuProbe(12546): build=llama.cpp-upstream-pkg (v11-libs) + probe R4
10-07 16:16:48.169 I/NpuProbe(12546): controle-sistema (liblog.so)=OK
10-07 16:16:48.169 I/NpuProbe(12546): negativo-fake (libnaoexiste_xyz.so)=FALHOU err=dlopen failed: library "libnaoexiste_xyz.so" not found
10-07 16:16:48.169 I/NpuProbe(12546): cdsprpc-nome (libcdsprpc.so)=OK
10-07 16:16:48.169 I/NpuProbe(12546): cdsprpc-abs (/vendor/lib64/libcdsprpc.so)=OK
10-07 16:16:48.169 I/NpuProbe(12546): ADSP_LIBRARY_PATH=libdir (setenv)
10-07 16:16:48.169 I/NpuProbe(12546): load_all_from_path=9ms
10-07 16:16:48.169 I/NpuProbe(12546): load(hexagon direto)=FALHOU em 0ms
10-07 16:16:48.169 I/NpuProbe(12546): devices=4
10-07 16:16:48.169 I/NpuProbe(12546):   dev[0] Vulkan0 (Adreno (TM) 840)
10-07 16:16:48.169 I/NpuProbe(12546):   dev[1] GPUOpenCL (QUALCOMM Adreno(TM) 840)
10-07 16:16:48.169 I/NpuProbe(12546):   dev[2] HTP0 (Hexagon)
10-07 16:16:48.169 I/NpuProbe(12546):   dev[3] CPU (CPU)
10-07 16:16:48.169 I/NpuProbe(12546): dev_init(HTP0)=41ms -> SESSAO ABERTA
10-07 16:16:48.169 I/NpuProbe(12546): graph_compute(MUL_MAT 64x64)=0.8ms status=0
10-07 16:16:48.169 I/NpuProbe(12546): c[0]=128.000000 (esperado 128.0)
10-07 16:16:48.169 I/NpuProbe(12546): RESULTADO: APP-UID OK: sessao HTP + op executado com resultado correto
10-07 16:16:48.169 I/NpuProbe(12546): AUTO-GATILHO='smart:opencl:bar'
10-07 16:16:48.169 I/NpuProbe(12546): SMART iniciando rota=opencl:bar com /data/local/tmp/hymt2_app.gguf
10-07 16:16:48.169 I/NpuProbe(12546): SMARTv2 rota='opencl:bar' mutante=(none)
10-07 16:16:48.170 I/NpuProbe(12546): RESULTADO: SMART-FALHA (destino 'bar' indisponivel) — erro explicito, sem fallback
10-07 16:16:48.170 I/NpuProbe(12546): SMART REPORT:
10-07 16:16:48.170 I/NpuProbe(12546): SMART (opencl:bar)
10-07 16:16:48.170 I/NpuProbe(12546): 
10-07 16:16:48.170 I/NpuProbe(12546): SMARTv2 rota='opencl:bar' mutante=(none)
10-07 16:16:48.170 I/NpuProbe(12546): RESULTADO: SMART-FALHA (destino 'bar' indisponivel) — erro explicito, sem fallback
10-07 16:18:50.296 I/NpuProbe(12986): nativeLibraryDir=/data/app/~~3UkmhFXWWX7ubLoQQFx0uw==/br.gov.sp.pcsp.npuprobe-89k-OHcdIKmGw75W7th9bw==/lib/arm64
10-07 16:18:50.296 I/NpuProbe(12986): libdir=/data/app/~~3UkmhFXWWX7ubLoQQFx0uw==/br.gov.sp.pcsp.npuprobe-89k-OHcdIKmGw75W7th9bw==/lib/arm64
10-07 16:18:50.296 I/NpuProbe(12986): build=llama.cpp-upstream-pkg (v11-libs) + probe R4
10-07 16:18:50.297 I/NpuProbe(12986): controle-sistema (liblog.so)=OK
10-07 16:18:50.297 I/NpuProbe(12986): negativo-fake (libnaoexiste_xyz.so)=FALHOU err=dlopen failed: library "libnaoexiste_xyz.so" not found
10-07 16:18:50.297 I/NpuProbe(12986): cdsprpc-nome (libcdsprpc.so)=OK
10-07 16:18:50.298 I/NpuProbe(12986): cdsprpc-abs (/vendor/lib64/libcdsprpc.so)=OK
10-07 16:18:50.298 I/NpuProbe(12986): ADSP_LIBRARY_PATH=libdir (setenv)
10-07 16:18:50.299 I/NpuProbe(12986): [ggml] ggml_vulkan: Found 1 Vulkan devices:
10-07 16:18:50.299 I/NpuProbe(12986): [ggml] ggml_vulkan: 0 = Adreno (TM) 840 (Qualcomm Technologies Inc. Adreno Vulkan Driver) | uma: 1 | fp16: 1 | bf16: 0 | fp4: 0 | warp size: 64 | shared memory: 32768 | int dot: 0 | matrix cores: none
10-07 16:18:50.305 I/NpuProbe(12986): [ggml] ggml_opencl: selected platform: 'QUALCOMM Snapdragon(TM)'
10-07 16:18:50.305 I/NpuProbe(12986): [ggml] 
10-07 16:18:50.305 I/NpuProbe(12986): ggml_opencl: device: 'QUALCOMM Adreno(TM) 840 (OpenCL 3.0 Adreno(TM) 840)'
10-07 16:18:50.305 I/NpuProbe(12986): [ggml] ggml_opencl: default device: 'QUALCOMM Adreno(TM) 840 (OpenCL 3.0 Adreno(TM) 840)'
10-07 16:18:50.305 I/NpuProbe(12986): [ggml] ggml-hex: Loading driver libcdsprpc.so
10-07 16:18:50.306 I/NpuProbe(12986): [ggml] ggml-hex: FASTRPC_GET_DOMAINS query failed (0x14), using static CDSP domains
10-07 16:18:50.306 I/NpuProbe(12986): [ggml] ggml-hex: Hexagon backend (experimental) : allocating new registry : ndev 1
10-07 16:18:50.306 I/NpuProbe(12986): [ggml] ggml-hex: Hexagon Arch version v81, DMA64 enabled
10-07 16:18:50.306 I/NpuProbe(12986): [ggml] ggml-hex: device 0: HTP0 (phys=0, virt=0, domain=cdsp:3)
10-07 16:18:50.307 I/NpuProbe(12986): load_all_from_path=9ms
10-07 16:18:50.307 I/NpuProbe(12986): [ggml] load_backend: failed to find ggml_backend_init in /data/app/~~3UkmhFXWWX7ubLoQQFx0uw==/br.gov.sp.pcsp.npuprobe-89k-OHcdIKmGw75W7th9bw==/lib/arm64/libggml-hexagon.so
10-07 16:18:50.307 I/NpuProbe(12986): load(hexagon direto)=FALHOU em 0ms
10-07 16:18:50.307 I/NpuProbe(12986): devices=4
10-07 16:18:50.307 I/NpuProbe(12986):   dev[0] Vulkan0 (Adreno (TM) 840)
10-07 16:18:50.307 I/NpuProbe(12986):   dev[1] GPUOpenCL (QUALCOMM Adreno(TM) 840)
10-07 16:18:50.307 I/NpuProbe(12986):   dev[2] HTP0 (Hexagon)
10-07 16:18:50.307 I/NpuProbe(12986):   dev[3] CPU (CPU)
10-07 16:18:50.307 I/NpuProbe(12986): [ggml] ggml-hex: HTP0 allocating new session : domain 3 phys-idx 0 virt-idx 0
10-07 16:18:50.338 I/NpuProbe(12986): [ggml] ggml-hex: HTP0 hwinfo: threads 8, hvx 8, hmx 1, vtcm 8 MB
10-07 16:18:50.338 I/NpuProbe(12986): [ggml] ggml-hex: HTP0 new session : session-id 0 domain-id 3 uri file:///libggml-htp-v81.so?htp_iface_skel_handle_invoke&_modver=1.0&_dom=cdsp&_session=0 handle 0xb4000077d5213880
10-07 16:18:50.344 I/NpuProbe(12986): [ggml] ggml-hex: HTP0 op batching: n-bufs 16 n-tensors 8192 n-ops 1280 vmem 3311845376
10-07 16:18:50.347 I/NpuProbe(12986): dev_init(HTP0)=40ms -> SESSAO ABERTA
10-07 16:18:50.348 I/NpuProbe(12986): graph_compute(MUL_MAT 64x64)=0.8ms status=0
10-07 16:18:50.348 I/NpuProbe(12986): c[0]=128.000000 (esperado 128.0)
10-07 16:18:50.348 I/NpuProbe(12986): RESULTADO: APP-UID OK: sessao HTP + op executado com resultado correto
10-07 16:18:50.349 I/NpuProbe(12986): REPORT:
10-07 16:18:50.349 I/NpuProbe(12986): libdir=/data/app/~~3UkmhFXWWX7ubLoQQFx0uw==/br.gov.sp.pcsp.npuprobe-89k-OHcdIKmGw75W7th9bw==/lib/arm64
10-07 16:18:50.349 I/NpuProbe(12986): build=llama.cpp-upstream-pkg (v11-libs) + probe R4
10-07 16:18:50.349 I/NpuProbe(12986): controle-sistema (liblog.so)=OK
10-07 16:18:50.349 I/NpuProbe(12986): negativo-fake (libnaoexiste_xyz.so)=FALHOU err=dlopen failed: library "libnaoexiste_xyz.so" not found
10-07 16:18:50.349 I/NpuProbe(12986): cdsprpc-nome (libcdsprpc.so)=OK
10-07 16:18:50.349 I/NpuProbe(12986): cdsprpc-abs (/vendor/lib64/libcdsprpc.so)=OK
10-07 16:18:50.349 I/NpuProbe(12986): ADSP_LIBRARY_PATH=libdir (setenv)
10-07 16:18:50.349 I/NpuProbe(12986): load_all_from_path=9ms
10-07 16:18:50.349 I/NpuProbe(12986): load(hexagon direto)=FALHOU em 0ms
10-07 16:18:50.349 I/NpuProbe(12986): devices=4
10-07 16:18:50.349 I/NpuProbe(12986):   dev[0] Vulkan0 (Adreno (TM) 840)
10-07 16:18:50.349 I/NpuProbe(12986):   dev[1] GPUOpenCL (QUALCOMM Adreno(TM) 840)
10-07 16:18:50.349 I/NpuProbe(12986):   dev[2] HTP0 (Hexagon)
10-07 16:18:50.349 I/NpuProbe(12986):   dev[3] CPU (CPU)
10-07 16:18:50.349 I/NpuProbe(12986): dev_init(HTP0)=40ms -> SESSAO ABERTA
10-07 16:18:50.349 I/NpuProbe(12986): graph_compute(MUL_MAT 64x64)=0.8ms status=0
10-07 16:18:50.349 I/NpuProbe(12986): c[0]=128.000000 (esperado 128.0)
10-07 16:18:50.349 I/NpuProbe(12986): RESULTADO: APP-UID OK: sessao HTP + op executado com resultado correto
10-07 16:18:50.349 I/NpuProbe(12986): AUTO-GATILHO='smart:opencl'
10-07 16:18:50.349 I/NpuProbe(12986): SMART iniciando rota=opencl com /data/local/tmp/hymt2_app.gguf
10-07 16:18:50.349 I/NpuProbe(12986): SMARTv2 rota='opencl' mutante=smart_ponte_omitida
10-07 16:18:50.350 I/NpuProbe(12986): MODO PONTE: origem=htp | destino=opencl (GPUOpenCL)
10-07 16:18:53.180 I/NpuProbe(12986): load(destino)=2830ms
10-07 16:18:53.180 I/NpuProbe(12986): [ggml] ggml_opencl: OpenCL device: QUALCOMM Adreno(TM) 840
10-07 16:18:53.180 I/NpuProbe(12986): [ggml] ggml_opencl: OpenCL driver: OpenCL 3.0 QUALCOMM build: 0842.41 Compiler E031.50.19.27
10-07 16:18:53.180 I/NpuProbe(12986): [ggml] ggml_opencl: vector subgroup broadcast support: true
10-07 16:18:53.180 I/NpuProbe(12986): [ggml] ggml_opencl: subgroup shuffle support: true
10-07 16:18:53.180 I/NpuProbe(12986): [ggml] ggml_opencl: device FP16 support: true
10-07 16:18:53.180 I/NpuProbe(12986): [ggml] ggml_opencl: khr dot product support: true
10-07 16:18:53.180 I/NpuProbe(12986): [ggml] ggml_opencl: mem base addr align: 128
10-07 16:18:53.180 I/NpuProbe(12986): [ggml] ggml_opencl: global mem size: 7555 MB
10-07 16:18:53.180 I/NpuProbe(12986): [ggml] ggml_opencl: max mem alloc size: 2048 MB
10-07 16:18:53.180 I/NpuProbe(12986): [ggml] ggml_opencl: device max image buffer size (pixels): 2147483648
10-07 16:18:53.180 I/NpuProbe(12986): [ggml] ggml_opencl: device max image2d size: 16384 x 16384
10-07 16:18:53.180 I/NpuProbe(12986): [ggml] ggml_opencl: device max workgroup size: 1024
10-07 16:18:53.180 I/NpuProbe(12986): [ggml] ggml_opencl: SVM coarse grain buffer support: true
10-07 16:18:53.180 I/NpuProbe(12986): [ggml] ggml_opencl: SVM fine grain buffer support: true
10-07 16:18:53.180 I/NpuProbe(12986): [ggml] ggml_opencl: SVM fine grain system support: false
10-07 16:18:53.180 I/NpuProbe(12986): [ggml] ggml_opencl: SVM atomics support: true
10-07 16:18:53.180 I/NpuProbe(12986): [ggml] ggml_opencl: cl_qcom_subgroup_shuffle support: true
10-07 16:18:53.180 I/NpuProbe(12986): [ggml] ggml_opencl: flattening quantized weights representation as struct of arrays (GGML_OPENCL_SOA_Q)
10-07 16:18:53.180 I/NpuProbe(12986): [ggml] ggml_opencl: using kernels optimized for Adreno (GGML_OPENCL_USE_ADRENO_KERNELS)
10-07 16:18:53.180 I/NpuProbe(12986): [ggml] ggml_opencl: Adreno xmem F16xF32 GEMM enabled (temporary weight prepack)
10-07 16:18:54.780 I/NpuProbe(12986): load(origem)=1569ms
10-07 16:18:54.823 I/NpuProbe(12986): ctxs prontos (cold_total=4474ms)
10-07 16:18:54.937 I/NpuProbe(12986): A1: ok=0 cap=0 tok1=33 amostrados(s/d)=1/0 emitidos=0 consumidos=0
10-07 16:18:54.937 I/NpuProbe(12986): A1 tempos: prefill=90.62ms export=0.69ms import=0.00ms gen=0.00ms pp1=-1.00ms
10-07 16:18:54.937 I/NpuProbe(12986): A1 espelho: passos=0 iguais=0 div_pos=-1
10-07 16:18:54.937 I/NpuProbe(12986): A1 texto: 
10-07 16:18:54.937 I/NpuProbe(12986): RESULTADO: SMART-FALHA (A1: ponte_tok1_emissoes!=1)
10-07 16:18:54.997 I/NpuProbe(12986): SMART REPORT:
10-07 16:18:54.997 I/NpuProbe(12986): SMART (opencl)
10-07 16:18:54.997 I/NpuProbe(12986): 
10-07 16:18:54.997 I/NpuProbe(12986): SMARTv2 rota='opencl' mutante=smart_ponte_omitida
10-07 16:18:54.997 I/NpuProbe(12986): MODO PONTE: origem=htp | destino=opencl (GPUOpenCL)
10-07 16:18:54.997 I/NpuProbe(12986): load(destino)=2830ms
10-07 16:18:54.997 I/NpuProbe(12986): load(origem)=1569ms
10-07 16:18:54.997 I/NpuProbe(12986): ctxs prontos (cold_total=4474ms)
10-07 16:18:54.997 I/NpuProbe(12986): A1: ok=0 cap=0 tok1=33 amostrados(s/d)=1/0 emitidos=0 consumidos=0
10-07 16:18:54.997 I/NpuProbe(12986): A1 tempos: prefill=90.62ms export=0.69ms import=0.00ms gen=0.00ms pp1=-1.00ms
10-07 16:18:54.997 I/NpuProbe(12986): A1 espelho: passos=0 iguais=0 div_pos=-1
10-07 16:18:54.997 I/NpuProbe(12986): A1 texto: 
10-07 16:18:54.997 I/NpuProbe(12986): RESULTADO: SMART-FALHA (A1: ponte_tok1_emissoes!=1)
10-07 16:19:40.373 I/NpuProbe(13525): nativeLibraryDir=/data/app/~~3UkmhFXWWX7ubLoQQFx0uw==/br.gov.sp.pcsp.npuprobe-89k-OHcdIKmGw75W7th9bw==/lib/arm64
10-07 16:19:40.373 I/NpuProbe(13525): libdir=/data/app/~~3UkmhFXWWX7ubLoQQFx0uw==/br.gov.sp.pcsp.npuprobe-89k-OHcdIKmGw75W7th9bw==/lib/arm64
10-07 16:19:40.373 I/NpuProbe(13525): build=llama.cpp-upstream-pkg (v11-libs) + probe R4
10-07 16:19:40.373 I/NpuProbe(13525): controle-sistema (liblog.so)=OK
10-07 16:19:40.373 I/NpuProbe(13525): negativo-fake (libnaoexiste_xyz.so)=FALHOU err=dlopen failed: library "libnaoexiste_xyz.so" not found
10-07 16:19:40.374 I/NpuProbe(13525): cdsprpc-nome (libcdsprpc.so)=OK
10-07 16:19:40.375 I/NpuProbe(13525): cdsprpc-abs (/vendor/lib64/libcdsprpc.so)=OK
10-07 16:19:40.375 I/NpuProbe(13525): ADSP_LIBRARY_PATH=libdir (setenv)
10-07 16:19:40.376 I/NpuProbe(13525): [ggml] ggml_vulkan: Found 1 Vulkan devices:
10-07 16:19:40.377 I/NpuProbe(13525): [ggml] ggml_vulkan: 0 = Adreno (TM) 840 (Qualcomm Technologies Inc. Adreno Vulkan Driver) | uma: 1 | fp16: 1 | bf16: 0 | fp4: 0 | warp size: 64 | shared memory: 32768 | int dot: 0 | matrix cores: none
10-07 16:19:40.384 I/NpuProbe(13525): [ggml] ggml_opencl: selected platform: 'QUALCOMM Snapdragon(TM)'
10-07 16:19:40.385 I/NpuProbe(13525): [ggml] 
10-07 16:19:40.385 I/NpuProbe(13525): ggml_opencl: device: 'QUALCOMM Adreno(TM) 840 (OpenCL 3.0 Adreno(TM) 840)'
10-07 16:19:40.385 I/NpuProbe(13525): [ggml] ggml_opencl: default device: 'QUALCOMM Adreno(TM) 840 (OpenCL 3.0 Adreno(TM) 840)'
10-07 16:19:40.385 I/NpuProbe(13525): [ggml] ggml-hex: Loading driver libcdsprpc.so
10-07 16:19:40.386 I/NpuProbe(13525): [ggml] ggml-hex: FASTRPC_GET_DOMAINS query failed (0x14), using static CDSP domains
10-07 16:19:40.386 I/NpuProbe(13525): [ggml] ggml-hex: Hexagon backend (experimental) : allocating new registry : ndev 1
10-07 16:19:40.386 I/NpuProbe(13525): [ggml] ggml-hex: Hexagon Arch version v81, DMA64 enabled
10-07 16:19:40.386 I/NpuProbe(13525): [ggml] ggml-hex: device 0: HTP0 (phys=0, virt=0, domain=cdsp:3)
10-07 16:19:40.387 I/NpuProbe(13525): load_all_from_path=12ms
10-07 16:19:40.387 I/NpuProbe(13525): [ggml] load_backend: failed to find ggml_backend_init in /data/app/~~3UkmhFXWWX7ubLoQQFx0uw==/br.gov.sp.pcsp.npuprobe-89k-OHcdIKmGw75W7th9bw==/lib/arm64/libggml-hexagon.so
10-07 16:19:40.387 I/NpuProbe(13525): load(hexagon direto)=FALHOU em 0ms
10-07 16:19:40.387 I/NpuProbe(13525): devices=4
10-07 16:19:40.387 I/NpuProbe(13525):   dev[0] Vulkan0 (Adreno (TM) 840)
10-07 16:19:40.387 I/NpuProbe(13525):   dev[1] GPUOpenCL (QUALCOMM Adreno(TM) 840)
10-07 16:19:40.387 I/NpuProbe(13525):   dev[2] HTP0 (Hexagon)
10-07 16:19:40.387 I/NpuProbe(13525):   dev[3] CPU (CPU)
10-07 16:19:40.387 I/NpuProbe(13525): [ggml] ggml-hex: HTP0 allocating new session : domain 3 phys-idx 0 virt-idx 0
10-07 16:19:40.419 I/NpuProbe(13525): [ggml] ggml-hex: HTP0 hwinfo: threads 8, hvx 8, hmx 1, vtcm 8 MB
10-07 16:19:40.419 I/NpuProbe(13525): [ggml] ggml-hex: HTP0 new session : session-id 0 domain-id 3 uri file:///libggml-htp-v81.so?htp_iface_skel_handle_invoke&_modver=1.0&_dom=cdsp&_session=0 handle 0xb4000077cfe21000
10-07 16:19:40.424 I/NpuProbe(13525): [ggml] ggml-hex: HTP0 op batching: n-bufs 16 n-tensors 8192 n-ops 1280 vmem 3311845376
10-07 16:19:40.428 I/NpuProbe(13525): dev_init(HTP0)=40ms -> SESSAO ABERTA
10-07 16:19:40.429 I/NpuProbe(13525): graph_compute(MUL_MAT 64x64)=0.8ms status=0
10-07 16:19:40.429 I/NpuProbe(13525): c[0]=128.000000 (esperado 128.0)
10-07 16:19:40.429 I/NpuProbe(13525): RESULTADO: APP-UID OK: sessao HTP + op executado com resultado correto
10-07 16:19:40.429 I/NpuProbe(13525): REPORT:
10-07 16:19:40.429 I/NpuProbe(13525): libdir=/data/app/~~3UkmhFXWWX7ubLoQQFx0uw==/br.gov.sp.pcsp.npuprobe-89k-OHcdIKmGw75W7th9bw==/lib/arm64
10-07 16:19:40.429 I/NpuProbe(13525): build=llama.cpp-upstream-pkg (v11-libs) + probe R4
10-07 16:19:40.429 I/NpuProbe(13525): controle-sistema (liblog.so)=OK
10-07 16:19:40.429 I/NpuProbe(13525): negativo-fake (libnaoexiste_xyz.so)=FALHOU err=dlopen failed: library "libnaoexiste_xyz.so" not found
10-07 16:19:40.429 I/NpuProbe(13525): cdsprpc-nome (libcdsprpc.so)=OK
10-07 16:19:40.429 I/NpuProbe(13525): cdsprpc-abs (/vendor/lib64/libcdsprpc.so)=OK
10-07 16:19:40.429 I/NpuProbe(13525): ADSP_LIBRARY_PATH=libdir (setenv)
10-07 16:19:40.429 I/NpuProbe(13525): load_all_from_path=12ms
10-07 16:19:40.429 I/NpuProbe(13525): load(hexagon direto)=FALHOU em 0ms
10-07 16:19:40.429 I/NpuProbe(13525): devices=4
10-07 16:19:40.429 I/NpuProbe(13525):   dev[0] Vulkan0 (Adreno (TM) 840)
10-07 16:19:40.429 I/NpuProbe(13525):   dev[1] GPUOpenCL (QUALCOMM Adreno(TM) 840)
10-07 16:19:40.429 I/NpuProbe(13525):   dev[2] HTP0 (Hexagon)
10-07 16:19:40.429 I/NpuProbe(13525):   dev[3] CPU (CPU)
10-07 16:19:40.429 I/NpuProbe(13525): dev_init(HTP0)=40ms -> SESSAO ABERTA
10-07 16:19:40.429 I/NpuProbe(13525): graph_compute(MUL_MAT 64x64)=0.8ms status=0
10-07 16:19:40.429 I/NpuProbe(13525): c[0]=128.000000 (esperado 128.0)
10-07 16:19:40.429 I/NpuProbe(13525): RESULTADO: APP-UID OK: sessao HTP + op executado com resultado correto
10-07 16:19:40.429 I/NpuProbe(13525): AUTO-GATILHO='smart:opencl'
10-07 16:19:40.430 I/NpuProbe(13525): SMART iniciando rota=opencl com /data/local/tmp/hymt2_app.gguf
10-07 16:19:40.430 I/NpuProbe(13525): SMARTv2 rota='opencl' mutante=smart_ponte_dup
10-07 16:19:40.431 I/NpuProbe(13525): MODO PONTE: origem=htp | destino=opencl (GPUOpenCL)
10-07 16:19:43.224 I/NpuProbe(13525): load(destino)=2793ms
10-07 16:19:43.224 I/NpuProbe(13525): [ggml] ggml_opencl: OpenCL device: QUALCOMM Adreno(TM) 840
10-07 16:19:43.224 I/NpuProbe(13525): [ggml] ggml_opencl: OpenCL driver: OpenCL 3.0 QUALCOMM build: 0842.41 Compiler E031.50.19.27
10-07 16:19:43.224 I/NpuProbe(13525): [ggml] ggml_opencl: vector subgroup broadcast support: true
10-07 16:19:43.224 I/NpuProbe(13525): [ggml] ggml_opencl: subgroup shuffle support: true
10-07 16:19:43.224 I/NpuProbe(13525): [ggml] ggml_opencl: device FP16 support: true
10-07 16:19:43.224 I/NpuProbe(13525): [ggml] ggml_opencl: khr dot product support: true
10-07 16:19:43.224 I/NpuProbe(13525): [ggml] ggml_opencl: mem base addr align: 128
10-07 16:19:43.224 I/NpuProbe(13525): [ggml] ggml_opencl: global mem size: 7555 MB
10-07 16:19:43.224 I/NpuProbe(13525): [ggml] ggml_opencl: max mem alloc size: 2048 MB
10-07 16:19:43.224 I/NpuProbe(13525): [ggml] ggml_opencl: device max image buffer size (pixels): 2147483648
10-07 16:19:43.224 I/NpuProbe(13525): [ggml] ggml_opencl: device max image2d size: 16384 x 16384
10-07 16:19:43.224 I/NpuProbe(13525): [ggml] ggml_opencl: device max workgroup size: 1024
10-07 16:19:43.224 I/NpuProbe(13525): [ggml] ggml_opencl: SVM coarse grain buffer support: true
10-07 16:19:43.224 I/NpuProbe(13525): [ggml] ggml_opencl: SVM fine grain buffer support: true
10-07 16:19:43.224 I/NpuProbe(13525): [ggml] ggml_opencl: SVM fine grain system support: false
10-07 16:19:43.224 I/NpuProbe(13525): [ggml] ggml_opencl: SVM atomics support: true
10-07 16:19:43.224 I/NpuProbe(13525): [ggml] ggml_opencl: cl_qcom_subgroup_shuffle support: true
10-07 16:19:43.224 I/NpuProbe(13525): [ggml] ggml_opencl: flattening quantized weights representation as struct of arrays (GGML_OPENCL_SOA_Q)
10-07 16:19:43.224 I/NpuProbe(13525): [ggml] ggml_opencl: using kernels optimized for Adreno (GGML_OPENCL_USE_ADRENO_KERNELS)
10-07 16:19:43.224 I/NpuProbe(13525): [ggml] ggml_opencl: Adreno xmem F16xF32 GEMM enabled (temporary weight prepack)
10-07 16:19:44.794 I/NpuProbe(13525): load(origem)=1544ms
10-07 16:19:44.833 I/NpuProbe(13525): ctxs prontos (cold_total=4403ms)
10-07 16:19:44.947 I/NpuProbe(13525): A1: ok=0 cap=0 tok1=33 amostrados(s/d)=1/0 emitidos=0 consumidos=0
10-07 16:19:44.947 I/NpuProbe(13525): A1 tempos: prefill=93.99ms export=0.61ms import=0.00ms gen=0.00ms pp1=-1.00ms
10-07 16:19:44.947 I/NpuProbe(13525): A1 espelho: passos=0 iguais=0 div_pos=-1
10-07 16:19:44.947 I/NpuProbe(13525): A1 texto: BB
10-07 16:19:44.947 I/NpuProbe(13525): RESULTADO: SMART-FALHA (A1: ponte_tok1_emissoes!=1)
10-07 16:19:45.003 I/NpuProbe(13525): SMART REPORT:
10-07 16:19:45.003 I/NpuProbe(13525): SMART (opencl)
10-07 16:19:45.003 I/NpuProbe(13525): 
10-07 16:19:45.003 I/NpuProbe(13525): SMARTv2 rota='opencl' mutante=smart_ponte_dup
10-07 16:19:45.003 I/NpuProbe(13525): MODO PONTE: origem=htp | destino=opencl (GPUOpenCL)
10-07 16:19:45.003 I/NpuProbe(13525): load(destino)=2793ms
10-07 16:19:45.003 I/NpuProbe(13525): load(origem)=1544ms
10-07 16:19:45.003 I/NpuProbe(13525): ctxs prontos (cold_total=4403ms)
10-07 16:19:45.003 I/NpuProbe(13525): A1: ok=0 cap=0 tok1=33 amostrados(s/d)=1/0 emitidos=0 consumidos=0
10-07 16:19:45.003 I/NpuProbe(13525): A1 tempos: prefill=93.99ms export=0.61ms import=0.00ms gen=0.00ms pp1=-1.00ms
10-07 16:19:45.003 I/NpuProbe(13525): A1 espelho: passos=0 iguais=0 div_pos=-1
10-07 16:19:45.003 I/NpuProbe(13525): A1 texto: BB
10-07 16:19:45.003 I/NpuProbe(13525): RESULTADO: SMART-FALHA (A1: ponte_tok1_emissoes!=1)
10-07 16:20:29.976 I/NpuProbe(14541): nativeLibraryDir=/data/app/~~3UkmhFXWWX7ubLoQQFx0uw==/br.gov.sp.pcsp.npuprobe-89k-OHcdIKmGw75W7th9bw==/lib/arm64
10-07 16:20:29.976 I/NpuProbe(14541): libdir=/data/app/~~3UkmhFXWWX7ubLoQQFx0uw==/br.gov.sp.pcsp.npuprobe-89k-OHcdIKmGw75W7th9bw==/lib/arm64
10-07 16:20:29.976 I/NpuProbe(14541): build=llama.cpp-upstream-pkg (v11-libs) + probe R4
10-07 16:20:29.976 I/NpuProbe(14541): controle-sistema (liblog.so)=OK
10-07 16:20:29.976 I/NpuProbe(14541): negativo-fake (libnaoexiste_xyz.so)=FALHOU err=dlopen failed: library "libnaoexiste_xyz.so" not found
10-07 16:20:29.977 I/NpuProbe(14541): cdsprpc-nome (libcdsprpc.so)=OK
10-07 16:20:29.977 I/NpuProbe(14541): cdsprpc-abs (/vendor/lib64/libcdsprpc.so)=OK
10-07 16:20:29.977 I/NpuProbe(14541): ADSP_LIBRARY_PATH=libdir (setenv)
10-07 16:20:29.978 I/NpuProbe(14541): [ggml] ggml_vulkan: Found 1 Vulkan devices:
10-07 16:20:29.979 I/NpuProbe(14541): [ggml] ggml_vulkan: 0 = Adreno (TM) 840 (Qualcomm Technologies Inc. Adreno Vulkan Driver) | uma: 1 | fp16: 1 | bf16: 0 | fp4: 0 | warp size: 64 | shared memory: 32768 | int dot: 0 | matrix cores: none
10-07 16:20:29.987 I/NpuProbe(14541): [ggml] ggml_opencl: selected platform: 'QUALCOMM Snapdragon(TM)'
10-07 16:20:29.987 I/NpuProbe(14541): [ggml] 
10-07 16:20:29.987 I/NpuProbe(14541): ggml_opencl: device: 'QUALCOMM Adreno(TM) 840 (OpenCL 3.0 Adreno(TM) 840)'
10-07 16:20:29.987 I/NpuProbe(14541): [ggml] ggml_opencl: default device: 'QUALCOMM Adreno(TM) 840 (OpenCL 3.0 Adreno(TM) 840)'
10-07 16:20:29.987 I/NpuProbe(14541): [ggml] ggml-hex: Loading driver libcdsprpc.so
10-07 16:20:29.988 I/NpuProbe(14541): [ggml] ggml-hex: FASTRPC_GET_DOMAINS query failed (0x14), using static CDSP domains
10-07 16:20:29.988 I/NpuProbe(14541): [ggml] ggml-hex: Hexagon backend (experimental) : allocating new registry : ndev 1
10-07 16:20:29.988 I/NpuProbe(14541): [ggml] ggml-hex: Hexagon Arch version v81, DMA64 enabled
10-07 16:20:29.988 I/NpuProbe(14541): [ggml] ggml-hex: device 0: HTP0 (phys=0, virt=0, domain=cdsp:3)
10-07 16:20:29.989 I/NpuProbe(14541): load_all_from_path=12ms
10-07 16:20:29.989 I/NpuProbe(14541): [ggml] load_backend: failed to find ggml_backend_init in /data/app/~~3UkmhFXWWX7ubLoQQFx0uw==/br.gov.sp.pcsp.npuprobe-89k-OHcdIKmGw75W7th9bw==/lib/arm64/libggml-hexagon.so
10-07 16:20:29.989 I/NpuProbe(14541): load(hexagon direto)=FALHOU em 0ms
10-07 16:20:29.989 I/NpuProbe(14541): devices=4
10-07 16:20:29.989 I/NpuProbe(14541):   dev[0] Vulkan0 (Adreno (TM) 840)
10-07 16:20:29.989 I/NpuProbe(14541):   dev[1] GPUOpenCL (QUALCOMM Adreno(TM) 840)
10-07 16:20:29.989 I/NpuProbe(14541):   dev[2] HTP0 (Hexagon)
10-07 16:20:29.989 I/NpuProbe(14541):   dev[3] CPU (CPU)
10-07 16:20:29.989 I/NpuProbe(14541): [ggml] ggml-hex: HTP0 allocating new session : domain 3 phys-idx 0 virt-idx 0
10-07 16:20:30.022 I/NpuProbe(14541): [ggml] ggml-hex: HTP0 hwinfo: threads 8, hvx 8, hmx 1, vtcm 8 MB
10-07 16:20:30.022 I/NpuProbe(14541): [ggml] ggml-hex: HTP0 new session : session-id 0 domain-id 3 uri file:///libggml-htp-v81.so?htp_iface_skel_handle_invoke&_modver=1.0&_dom=cdsp&_session=0 handle 0xb4000077cffac080
10-07 16:20:30.027 I/NpuProbe(14541): [ggml] ggml-hex: HTP0 op batching: n-bufs 16 n-tensors 8192 n-ops 1280 vmem 3311845376
10-07 16:20:30.031 I/NpuProbe(14541): dev_init(HTP0)=42ms -> SESSAO ABERTA
10-07 16:20:30.032 I/NpuProbe(14541): graph_compute(MUL_MAT 64x64)=0.8ms status=0
10-07 16:20:30.032 I/NpuProbe(14541): c[0]=128.000000 (esperado 128.0)
10-07 16:20:30.032 I/NpuProbe(14541): RESULTADO: APP-UID OK: sessao HTP + op executado com resultado correto
10-07 16:20:30.033 I/NpuProbe(14541): REPORT:
10-07 16:20:30.033 I/NpuProbe(14541): libdir=/data/app/~~3UkmhFXWWX7ubLoQQFx0uw==/br.gov.sp.pcsp.npuprobe-89k-OHcdIKmGw75W7th9bw==/lib/arm64
10-07 16:20:30.033 I/NpuProbe(14541): build=llama.cpp-upstream-pkg (v11-libs) + probe R4
10-07 16:20:30.033 I/NpuProbe(14541): controle-sistema (liblog.so)=OK
10-07 16:20:30.033 I/NpuProbe(14541): negativo-fake (libnaoexiste_xyz.so)=FALHOU err=dlopen failed: library "libnaoexiste_xyz.so" not found
10-07 16:20:30.033 I/NpuProbe(14541): cdsprpc-nome (libcdsprpc.so)=OK
10-07 16:20:30.033 I/NpuProbe(14541): cdsprpc-abs (/vendor/lib64/libcdsprpc.so)=OK
10-07 16:20:30.033 I/NpuProbe(14541): ADSP_LIBRARY_PATH=libdir (setenv)
10-07 16:20:30.033 I/NpuProbe(14541): load_all_from_path=12ms
10-07 16:20:30.033 I/NpuProbe(14541): load(hexagon direto)=FALHOU em 0ms
10-07 16:20:30.033 I/NpuProbe(14541): devices=4
10-07 16:20:30.033 I/NpuProbe(14541):   dev[0] Vulkan0 (Adreno (TM) 840)
10-07 16:20:30.033 I/NpuProbe(14541):   dev[1] GPUOpenCL (QUALCOMM Adreno(TM) 840)
10-07 16:20:30.033 I/NpuProbe(14541):   dev[2] HTP0 (Hexagon)
10-07 16:20:30.033 I/NpuProbe(14541):   dev[3] CPU (CPU)
10-07 16:20:30.033 I/NpuProbe(14541): dev_init(HTP0)=42ms -> SESSAO ABERTA
10-07 16:20:30.033 I/NpuProbe(14541): graph_compute(MUL_MAT 64x64)=0.8ms status=0
10-07 16:20:30.033 I/NpuProbe(14541): c[0]=128.000000 (esperado 128.0)
10-07 16:20:30.033 I/NpuProbe(14541): RESULTADO: APP-UID OK: sessao HTP + op executado com resultado correto
10-07 16:20:30.033 I/NpuProbe(14541): AUTO-GATILHO='smart:opencl'
10-07 16:20:30.033 I/NpuProbe(14541): SMART iniciando rota=opencl com /data/local/tmp/hymt2_app.gguf
10-07 16:20:30.033 I/NpuProbe(14541): SMARTv2 rota='opencl' mutante=smart_cap
10-07 16:20:30.034 I/NpuProbe(14541): MODO PONTE: origem=htp | destino=opencl (GPUOpenCL)
10-07 16:20:32.814 I/NpuProbe(14541): load(destino)=2780ms
10-07 16:20:32.814 I/NpuProbe(14541): [ggml] ggml_opencl: OpenCL device: QUALCOMM Adreno(TM) 840
10-07 16:20:32.814 I/NpuProbe(14541): [ggml] ggml_opencl: OpenCL driver: OpenCL 3.0 QUALCOMM build: 0842.41 Compiler E031.50.19.27
10-07 16:20:32.814 I/NpuProbe(14541): [ggml] ggml_opencl: vector subgroup broadcast support: true
10-07 16:20:32.814 I/NpuProbe(14541): [ggml] ggml_opencl: subgroup shuffle support: true
10-07 16:20:32.814 I/NpuProbe(14541): [ggml] ggml_opencl: device FP16 support: true
10-07 16:20:32.814 I/NpuProbe(14541): [ggml] ggml_opencl: khr dot product support: true
10-07 16:20:32.814 I/NpuProbe(14541): [ggml] ggml_opencl: mem base addr align: 128
10-07 16:20:32.814 I/NpuProbe(14541): [ggml] ggml_opencl: global mem size: 7555 MB
10-07 16:20:32.814 I/NpuProbe(14541): [ggml] ggml_opencl: max mem alloc size: 2048 MB
10-07 16:20:32.814 I/NpuProbe(14541): [ggml] ggml_opencl: device max image buffer size (pixels): 2147483648
10-07 16:20:32.814 I/NpuProbe(14541): [ggml] ggml_opencl: device max image2d size: 16384 x 16384
10-07 16:20:32.814 I/NpuProbe(14541): [ggml] ggml_opencl: device max workgroup size: 1024
10-07 16:20:32.814 I/NpuProbe(14541): [ggml] ggml_opencl: SVM coarse grain buffer support: true
10-07 16:20:32.814 I/NpuProbe(14541): [ggml] ggml_opencl: SVM fine grain buffer support: true
10-07 16:20:32.814 I/NpuProbe(14541): [ggml] ggml_opencl: SVM fine grain system support: false
10-07 16:20:32.814 I/NpuProbe(14541): [ggml] ggml_opencl: SVM atomics support: true
10-07 16:20:32.814 I/NpuProbe(14541): [ggml] ggml_opencl: cl_qcom_subgroup_shuffle support: true
10-07 16:20:32.814 I/NpuProbe(14541): [ggml] ggml_opencl: flattening quantized weights representation as struct of arrays (GGML_OPENCL_SOA_Q)
10-07 16:20:32.814 I/NpuProbe(14541): [ggml] ggml_opencl: using kernels optimized for Adreno (GGML_OPENCL_USE_ADRENO_KERNELS)
10-07 16:20:32.814 I/NpuProbe(14541): [ggml] ggml_opencl: Adreno xmem F16xF32 GEMM enabled (temporary weight prepack)
10-07 16:20:34.380 I/NpuProbe(14541): load(origem)=1545ms
10-07 16:20:34.402 I/NpuProbe(14541): ctxs prontos (cold_total=4369ms)
10-07 16:20:35.053 I/NpuProbe(14541): A1: ok=1 cap=1 tok1=33 amostrados(s/d)=9/8 emitidos=8 consumidos=8
10-07 16:20:35.053 I/NpuProbe(14541): A1 tempos: prefill=95.32ms export=0.56ms import=18.82ms gen=487.40ms pp1=54.45ms
10-07 16:20:35.053 I/NpuProbe(14541): A1 espelho: passos=8 iguais=8 div_pos=-1
10-07 16:20:35.053 I/NpuProbe(14541): A1 texto: Bom dia, como você está?
10-07 16:20:35.065 I/NpuProbe(14541): reset: pos cmp (origem=-1 destino=-1) -> VAZIO ok
10-07 16:20:35.947 I/NpuProbe(14541): A2: ok=1 texto igual ao A1: SIM
10-07 16:20:35.947 I/NpuProbe(14541): RESULTADO: SMART-PARCIAL (cap atingido; A-B-A igual)
10-07 16:20:36.028 I/NpuProbe(14541): SMART REPORT:
10-07 16:20:36.028 I/NpuProbe(14541): SMART (opencl)
10-07 16:20:36.028 I/NpuProbe(14541): 
10-07 16:20:36.028 I/NpuProbe(14541): SMARTv2 rota='opencl' mutante=smart_cap
10-07 16:20:36.028 I/NpuProbe(14541): MODO PONTE: origem=htp | destino=opencl (GPUOpenCL)
10-07 16:20:36.028 I/NpuProbe(14541): load(destino)=2780ms
10-07 16:20:36.028 I/NpuProbe(14541): load(origem)=1545ms
10-07 16:20:36.028 I/NpuProbe(14541): ctxs prontos (cold_total=4369ms)
10-07 16:20:36.028 I/NpuProbe(14541): A1: ok=1 cap=1 tok1=33 amostrados(s/d)=9/8 emitidos=8 consumidos=8
10-07 16:20:36.028 I/NpuProbe(14541): A1 tempos: prefill=95.32ms export=0.56ms import=18.82ms gen=487.40ms pp1=54.45ms
10-07 16:20:36.028 I/NpuProbe(14541): A1 espelho: passos=8 iguais=8 div_pos=-1
10-07 16:20:36.028 I/NpuProbe(14541): A1 texto: Bom dia, como você está?
10-07 16:20:36.028 I/NpuProbe(14541): reset: pos cmp (origem=-1 destino=-1) -> VAZIO ok
10-07 16:20:36.028 I/NpuProbe(14541): A2: ok=1 texto igual ao A1: SIM
10-07 16:20:36.028 I/NpuProbe(14541): RESULTADO: SMART-PARCIAL (cap atingido; A-B-A igual)
10-07 16:26:08.886 I/NpuProbe(15019): nativeLibraryDir=/data/app/~~3UkmhFXWWX7ubLoQQFx0uw==/br.gov.sp.pcsp.npuprobe-89k-OHcdIKmGw75W7th9bw==/lib/arm64
10-07 16:26:08.886 I/NpuProbe(15019): libdir=/data/app/~~3UkmhFXWWX7ubLoQQFx0uw==/br.gov.sp.pcsp.npuprobe-89k-OHcdIKmGw75W7th9bw==/lib/arm64
10-07 16:26:08.886 I/NpuProbe(15019): build=llama.cpp-upstream-pkg (v11-libs) + probe R4
10-07 16:26:08.886 I/NpuProbe(15019): controle-sistema (liblog.so)=OK
10-07 16:26:08.886 I/NpuProbe(15019): negativo-fake (libnaoexiste_xyz.so)=FALHOU err=dlopen failed: library "libnaoexiste_xyz.so" not found
10-07 16:26:08.887 I/NpuProbe(15019): cdsprpc-nome (libcdsprpc.so)=OK
10-07 16:26:08.888 I/NpuProbe(15019): cdsprpc-abs (/vendor/lib64/libcdsprpc.so)=OK
10-07 16:26:08.888 I/NpuProbe(15019): ADSP_LIBRARY_PATH=libdir (setenv)
10-07 16:26:08.889 I/NpuProbe(15019): [ggml] ggml_vulkan: Found 1 Vulkan devices:
10-07 16:26:08.889 I/NpuProbe(15019): [ggml] ggml_vulkan: 0 = Adreno (TM) 840 (Qualcomm Technologies Inc. Adreno Vulkan Driver) | uma: 1 | fp16: 1 | bf16: 0 | fp4: 0 | warp size: 64 | shared memory: 32768 | int dot: 0 | matrix cores: none
10-07 16:26:08.895 I/NpuProbe(15019): [ggml] ggml_opencl: selected platform: 'QUALCOMM Snapdragon(TM)'
10-07 16:26:08.895 I/NpuProbe(15019): [ggml] 
10-07 16:26:08.895 I/NpuProbe(15019): ggml_opencl: device: 'QUALCOMM Adreno(TM) 840 (OpenCL 3.0 Adreno(TM) 840)'
10-07 16:26:08.896 I/NpuProbe(15019): [ggml] ggml_opencl: default device: 'QUALCOMM Adreno(TM) 840 (OpenCL 3.0 Adreno(TM) 840)'
10-07 16:26:08.896 I/NpuProbe(15019): [ggml] ggml-hex: Loading driver libcdsprpc.so
10-07 16:26:08.899 I/NpuProbe(15019): [ggml] ggml-hex: FASTRPC_GET_DOMAINS query failed (0x14), using static CDSP domains
10-07 16:26:08.899 I/NpuProbe(15019): [ggml] ggml-hex: Hexagon backend (experimental) : allocating new registry : ndev 1
10-07 16:26:08.899 I/NpuProbe(15019): [ggml] ggml-hex: Hexagon Arch version v81, DMA64 enabled
10-07 16:26:08.899 I/NpuProbe(15019): [ggml] ggml-hex: device 0: HTP0 (phys=0, virt=0, domain=cdsp:3)
10-07 16:26:08.901 I/NpuProbe(15019): load_all_from_path=13ms
10-07 16:26:08.901 I/NpuProbe(15019): [ggml] load_backend: failed to find ggml_backend_init in /data/app/~~3UkmhFXWWX7ubLoQQFx0uw==/br.gov.sp.pcsp.npuprobe-89k-OHcdIKmGw75W7th9bw==/lib/arm64/libggml-hexagon.so
10-07 16:26:08.901 I/NpuProbe(15019): load(hexagon direto)=FALHOU em 0ms
10-07 16:26:08.901 I/NpuProbe(15019): devices=4
10-07 16:26:08.901 I/NpuProbe(15019):   dev[0] Vulkan0 (Adreno (TM) 840)
10-07 16:26:08.901 I/NpuProbe(15019):   dev[1] GPUOpenCL (QUALCOMM Adreno(TM) 840)
10-07 16:26:08.901 I/NpuProbe(15019):   dev[2] HTP0 (Hexagon)
10-07 16:26:08.901 I/NpuProbe(15019):   dev[3] CPU (CPU)
10-07 16:26:08.901 I/NpuProbe(15019): [ggml] ggml-hex: HTP0 allocating new session : domain 3 phys-idx 0 virt-idx 0
10-07 16:26:08.935 I/NpuProbe(15019): [ggml] ggml-hex: HTP0 hwinfo: threads 8, hvx 8, hmx 1, vtcm 8 MB
10-07 16:26:08.936 I/NpuProbe(15019): [ggml] ggml-hex: HTP0 new session : session-id 0 domain-id 3 uri file:///libggml-htp-v81.so?htp_iface_skel_handle_invoke&_modver=1.0&_dom=cdsp&_session=0 handle 0xb4000077d530db00
10-07 16:26:08.941 I/NpuProbe(15019): [ggml] ggml-hex: HTP0 op batching: n-bufs 16 n-tensors 8192 n-ops 1280 vmem 3311845376
10-07 16:26:08.945 I/NpuProbe(15019): dev_init(HTP0)=44ms -> SESSAO ABERTA
10-07 16:26:08.946 I/NpuProbe(15019): graph_compute(MUL_MAT 64x64)=0.9ms status=0
10-07 16:26:08.946 I/NpuProbe(15019): c[0]=128.000000 (esperado 128.0)
10-07 16:26:08.946 I/NpuProbe(15019): RESULTADO: APP-UID OK: sessao HTP + op executado com resultado correto
10-07 16:26:08.947 I/NpuProbe(15019): REPORT:
10-07 16:26:08.947 I/NpuProbe(15019): libdir=/data/app/~~3UkmhFXWWX7ubLoQQFx0uw==/br.gov.sp.pcsp.npuprobe-89k-OHcdIKmGw75W7th9bw==/lib/arm64
10-07 16:26:08.947 I/NpuProbe(15019): build=llama.cpp-upstream-pkg (v11-libs) + probe R4
10-07 16:26:08.947 I/NpuProbe(15019): controle-sistema (liblog.so)=OK
10-07 16:26:08.947 I/NpuProbe(15019): negativo-fake (libnaoexiste_xyz.so)=FALHOU err=dlopen failed: library "libnaoexiste_xyz.so" not found
10-07 16:26:08.947 I/NpuProbe(15019): cdsprpc-nome (libcdsprpc.so)=OK
10-07 16:26:08.947 I/NpuProbe(15019): cdsprpc-abs (/vendor/lib64/libcdsprpc.so)=OK
10-07 16:26:08.947 I/NpuProbe(15019): ADSP_LIBRARY_PATH=libdir (setenv)
10-07 16:26:08.947 I/NpuProbe(15019): load_all_from_path=13ms
10-07 16:26:08.947 I/NpuProbe(15019): load(hexagon direto)=FALHOU em 0ms
10-07 16:26:08.947 I/NpuProbe(15019): devices=4
10-07 16:26:08.947 I/NpuProbe(15019):   dev[0] Vulkan0 (Adreno (TM) 840)
10-07 16:26:08.947 I/NpuProbe(15019):   dev[1] GPUOpenCL (QUALCOMM Adreno(TM) 840)
10-07 16:26:08.947 I/NpuProbe(15019):   dev[2] HTP0 (Hexagon)
10-07 16:26:08.947 I/NpuProbe(15019):   dev[3] CPU (CPU)
10-07 16:26:08.947 I/NpuProbe(15019): dev_init(HTP0)=44ms -> SESSAO ABERTA
10-07 16:26:08.947 I/NpuProbe(15019): graph_compute(MUL_MAT 64x64)=0.9ms status=0
10-07 16:26:08.947 I/NpuProbe(15019): c[0]=128.000000 (esperado 128.0)
10-07 16:26:08.947 I/NpuProbe(15019): RESULTADO: APP-UID OK: sessao HTP + op executado com resultado correto
10-07 16:26:08.948 I/NpuProbe(15019): AUTO-GATILHO='puro:vulkan'
10-07 16:27:03.535 I/NpuProbe(15538): nativeLibraryDir=/data/app/~~3UkmhFXWWX7ubLoQQFx0uw==/br.gov.sp.pcsp.npuprobe-89k-OHcdIKmGw75W7th9bw==/lib/arm64
10-07 16:27:03.535 I/NpuProbe(15538): libdir=/data/app/~~3UkmhFXWWX7ubLoQQFx0uw==/br.gov.sp.pcsp.npuprobe-89k-OHcdIKmGw75W7th9bw==/lib/arm64
10-07 16:27:03.535 I/NpuProbe(15538): build=llama.cpp-upstream-pkg (v11-libs) + probe R4
10-07 16:27:03.535 I/NpuProbe(15538): controle-sistema (liblog.so)=OK
10-07 16:27:03.535 I/NpuProbe(15538): negativo-fake (libnaoexiste_xyz.so)=FALHOU err=dlopen failed: library "libnaoexiste_xyz.so" not found
10-07 16:27:03.536 I/NpuProbe(15538): cdsprpc-nome (libcdsprpc.so)=OK
10-07 16:27:03.536 I/NpuProbe(15538): cdsprpc-abs (/vendor/lib64/libcdsprpc.so)=OK
10-07 16:27:03.537 I/NpuProbe(15538): ADSP_LIBRARY_PATH=libdir (setenv)
10-07 16:27:03.538 I/NpuProbe(15538): [ggml] ggml_vulkan: Found 1 Vulkan devices:
10-07 16:27:03.538 I/NpuProbe(15538): [ggml] ggml_vulkan: 0 = Adreno (TM) 840 (Qualcomm Technologies Inc. Adreno Vulkan Driver) | uma: 1 | fp16: 1 | bf16: 0 | fp4: 0 | warp size: 64 | shared memory: 32768 | int dot: 0 | matrix cores: none
10-07 16:27:03.543 I/NpuProbe(15538): [ggml] ggml_opencl: selected platform: 'QUALCOMM Snapdragon(TM)'
10-07 16:27:03.543 I/NpuProbe(15538): [ggml] 
10-07 16:27:03.543 I/NpuProbe(15538): ggml_opencl: device: 'QUALCOMM Adreno(TM) 840 (OpenCL 3.0 Adreno(TM) 840)'
10-07 16:27:03.543 I/NpuProbe(15538): [ggml] ggml_opencl: default device: 'QUALCOMM Adreno(TM) 840 (OpenCL 3.0 Adreno(TM) 840)'
10-07 16:27:03.543 I/NpuProbe(15538): [ggml] ggml-hex: Loading driver libcdsprpc.so
10-07 16:27:03.545 I/NpuProbe(15538): [ggml] ggml-hex: FASTRPC_GET_DOMAINS query failed (0x14), using static CDSP domains
10-07 16:27:03.545 I/NpuProbe(15538): [ggml] ggml-hex: Hexagon backend (experimental) : allocating new registry : ndev 1
10-07 16:27:03.545 I/NpuProbe(15538): [ggml] ggml-hex: Hexagon Arch version v81, DMA64 enabled
10-07 16:27:03.545 I/NpuProbe(15538): [ggml] ggml-hex: device 0: HTP0 (phys=0, virt=0, domain=cdsp:3)
10-07 16:27:03.546 I/NpuProbe(15538): load_all_from_path=9ms
10-07 16:27:03.546 I/NpuProbe(15538): [ggml] load_backend: failed to find ggml_backend_init in /data/app/~~3UkmhFXWWX7ubLoQQFx0uw==/br.gov.sp.pcsp.npuprobe-89k-OHcdIKmGw75W7th9bw==/lib/arm64/libggml-hexagon.so
10-07 16:27:03.546 I/NpuProbe(15538): load(hexagon direto)=FALHOU em 0ms
10-07 16:27:03.546 I/NpuProbe(15538): devices=4
10-07 16:27:03.546 I/NpuProbe(15538):   dev[0] Vulkan0 (Adreno (TM) 840)
10-07 16:27:03.546 I/NpuProbe(15538):   dev[1] GPUOpenCL (QUALCOMM Adreno(TM) 840)
10-07 16:27:03.546 I/NpuProbe(15538):   dev[2] HTP0 (Hexagon)
10-07 16:27:03.546 I/NpuProbe(15538):   dev[3] CPU (CPU)
10-07 16:27:03.546 I/NpuProbe(15538): [ggml] ggml-hex: HTP0 allocating new session : domain 3 phys-idx 0 virt-idx 0
10-07 16:27:03.577 I/NpuProbe(15538): [ggml] ggml-hex: HTP0 hwinfo: threads 8, hvx 8, hmx 1, vtcm 8 MB
10-07 16:27:03.578 I/NpuProbe(15538): [ggml] ggml-hex: HTP0 new session : session-id 0 domain-id 3 uri file:///libggml-htp-v81.so?htp_iface_skel_handle_invoke&_modver=1.0&_dom=cdsp&_session=0 handle 0xb4000077c5fba600
10-07 16:27:03.582 I/NpuProbe(15538): [ggml] ggml-hex: HTP0 op batching: n-bufs 16 n-tensors 8192 n-ops 1280 vmem 3311845376
10-07 16:27:03.586 I/NpuProbe(15538): dev_init(HTP0)=40ms -> SESSAO ABERTA
10-07 16:27:03.587 I/NpuProbe(15538): graph_compute(MUL_MAT 64x64)=0.8ms status=0
10-07 16:27:03.587 I/NpuProbe(15538): c[0]=128.000000 (esperado 128.0)
10-07 16:27:03.587 I/NpuProbe(15538): RESULTADO: APP-UID OK: sessao HTP + op executado com resultado correto
10-07 16:27:03.588 I/NpuProbe(15538): REPORT:
10-07 16:27:03.588 I/NpuProbe(15538): libdir=/data/app/~~3UkmhFXWWX7ubLoQQFx0uw==/br.gov.sp.pcsp.npuprobe-89k-OHcdIKmGw75W7th9bw==/lib/arm64
10-07 16:27:03.588 I/NpuProbe(15538): build=llama.cpp-upstream-pkg (v11-libs) + probe R4
10-07 16:27:03.588 I/NpuProbe(15538): controle-sistema (liblog.so)=OK
10-07 16:27:03.588 I/NpuProbe(15538): negativo-fake (libnaoexiste_xyz.so)=FALHOU err=dlopen failed: library "libnaoexiste_xyz.so" not found
10-07 16:27:03.588 I/NpuProbe(15538): cdsprpc-nome (libcdsprpc.so)=OK
10-07 16:27:03.588 I/NpuProbe(15538): cdsprpc-abs (/vendor/lib64/libcdsprpc.so)=OK
10-07 16:27:03.588 I/NpuProbe(15538): ADSP_LIBRARY_PATH=libdir (setenv)
10-07 16:27:03.588 I/NpuProbe(15538): load_all_from_path=9ms
10-07 16:27:03.588 I/NpuProbe(15538): load(hexagon direto)=FALHOU em 0ms
10-07 16:27:03.588 I/NpuProbe(15538): devices=4
10-07 16:27:03.588 I/NpuProbe(15538):   dev[0] Vulkan0 (Adreno (TM) 840)
10-07 16:27:03.588 I/NpuProbe(15538):   dev[1] GPUOpenCL (QUALCOMM Adreno(TM) 840)
10-07 16:27:03.588 I/NpuProbe(15538):   dev[2] HTP0 (Hexagon)
10-07 16:27:03.588 I/NpuProbe(15538):   dev[3] CPU (CPU)
10-07 16:27:03.588 I/NpuProbe(15538): dev_init(HTP0)=40ms -> SESSAO ABERTA
10-07 16:27:03.588 I/NpuProbe(15538): graph_compute(MUL_MAT 64x64)=0.8ms status=0
10-07 16:27:03.588 I/NpuProbe(15538): c[0]=128.000000 (esperado 128.0)
10-07 16:27:03.588 I/NpuProbe(15538): RESULTADO: APP-UID OK: sessao HTP + op executado com resultado correto
10-07 16:27:03.588 I/NpuProbe(15538): AUTO-GATILHO='vulkan:vulkan'
10-07 16:27:58.391 I/NpuProbe(23410): nativeLibraryDir=/data/app/~~3UkmhFXWWX7ubLoQQFx0uw==/br.gov.sp.pcsp.npuprobe-89k-OHcdIKmGw75W7th9bw==/lib/arm64
10-07 16:27:58.391 I/NpuProbe(23410): libdir=/data/app/~~3UkmhFXWWX7ubLoQQFx0uw==/br.gov.sp.pcsp.npuprobe-89k-OHcdIKmGw75W7th9bw==/lib/arm64
10-07 16:27:58.391 I/NpuProbe(23410): build=llama.cpp-upstream-pkg (v11-libs) + probe R4
10-07 16:27:58.391 I/NpuProbe(23410): controle-sistema (liblog.so)=OK
10-07 16:27:58.391 I/NpuProbe(23410): negativo-fake (libnaoexiste_xyz.so)=FALHOU err=dlopen failed: library "libnaoexiste_xyz.so" not found
10-07 16:27:58.392 I/NpuProbe(23410): cdsprpc-nome (libcdsprpc.so)=OK
10-07 16:27:58.392 I/NpuProbe(23410): cdsprpc-abs (/vendor/lib64/libcdsprpc.so)=OK
10-07 16:27:58.392 I/NpuProbe(23410): ADSP_LIBRARY_PATH=libdir (setenv)
10-07 16:27:58.393 I/NpuProbe(23410): [ggml] ggml_vulkan: Found 1 Vulkan devices:
10-07 16:27:58.393 I/NpuProbe(23410): [ggml] ggml_vulkan: 0 = Adreno (TM) 840 (Qualcomm Technologies Inc. Adreno Vulkan Driver) | uma: 1 | fp16: 1 | bf16: 0 | fp4: 0 | warp size: 64 | shared memory: 32768 | int dot: 0 | matrix cores: none
10-07 16:27:58.398 I/NpuProbe(23410): [ggml] ggml_opencl: selected platform: 'QUALCOMM Snapdragon(TM)'
10-07 16:27:58.399 I/NpuProbe(23410): [ggml] 
10-07 16:27:58.399 I/NpuProbe(23410): ggml_opencl: device: 'QUALCOMM Adreno(TM) 840 (OpenCL 3.0 Adreno(TM) 840)'
10-07 16:27:58.399 I/NpuProbe(23410): [ggml] ggml_opencl: default device: 'QUALCOMM Adreno(TM) 840 (OpenCL 3.0 Adreno(TM) 840)'
10-07 16:27:58.399 I/NpuProbe(23410): [ggml] ggml-hex: Loading driver libcdsprpc.so
10-07 16:27:58.400 I/NpuProbe(23410): [ggml] ggml-hex: FASTRPC_GET_DOMAINS query failed (0x14), using static CDSP domains
10-07 16:27:58.400 I/NpuProbe(23410): [ggml] ggml-hex: Hexagon backend (experimental) : allocating new registry : ndev 1
10-07 16:27:58.400 I/NpuProbe(23410): [ggml] ggml-hex: Hexagon Arch version v81, DMA64 enabled
10-07 16:27:58.400 I/NpuProbe(23410): [ggml] ggml-hex: device 0: HTP0 (phys=0, virt=0, domain=cdsp:3)
10-07 16:27:58.401 I/NpuProbe(23410): load_all_from_path=9ms
10-07 16:27:58.401 I/NpuProbe(23410): [ggml] load_backend: failed to find ggml_backend_init in /data/app/~~3UkmhFXWWX7ubLoQQFx0uw==/br.gov.sp.pcsp.npuprobe-89k-OHcdIKmGw75W7th9bw==/lib/arm64/libggml-hexagon.so
10-07 16:27:58.401 I/NpuProbe(23410): load(hexagon direto)=FALHOU em 0ms
10-07 16:27:58.401 I/NpuProbe(23410): devices=4
10-07 16:27:58.401 I/NpuProbe(23410):   dev[0] Vulkan0 (Adreno (TM) 840)
10-07 16:27:58.401 I/NpuProbe(23410):   dev[1] GPUOpenCL (QUALCOMM Adreno(TM) 840)
10-07 16:27:58.401 I/NpuProbe(23410):   dev[2] HTP0 (Hexagon)
10-07 16:27:58.401 I/NpuProbe(23410):   dev[3] CPU (CPU)
10-07 16:27:58.401 I/NpuProbe(23410): [ggml] ggml-hex: HTP0 allocating new session : domain 3 phys-idx 0 virt-idx 0
10-07 16:27:58.433 I/NpuProbe(23410): [ggml] ggml-hex: HTP0 hwinfo: threads 8, hvx 8, hmx 1, vtcm 8 MB
10-07 16:27:58.433 I/NpuProbe(23410): [ggml] ggml-hex: HTP0 new session : session-id 0 domain-id 3 uri file:///libggml-htp-v81.so?htp_iface_skel_handle_invoke&_modver=1.0&_dom=cdsp&_session=0 handle 0xb400007780a0d880
10-07 16:27:58.437 I/NpuProbe(23410): [ggml] ggml-hex: HTP0 op batching: n-bufs 16 n-tensors 8192 n-ops 1280 vmem 3311845376
10-07 16:27:58.441 I/NpuProbe(23410): dev_init(HTP0)=40ms -> SESSAO ABERTA
10-07 16:27:58.442 I/NpuProbe(23410): graph_compute(MUL_MAT 64x64)=0.8ms status=0
10-07 16:27:58.442 I/NpuProbe(23410): c[0]=128.000000 (esperado 128.0)
10-07 16:27:58.442 I/NpuProbe(23410): RESULTADO: APP-UID OK: sessao HTP + op executado com resultado correto
10-07 16:27:58.442 I/NpuProbe(23410): REPORT:
10-07 16:27:58.442 I/NpuProbe(23410): libdir=/data/app/~~3UkmhFXWWX7ubLoQQFx0uw==/br.gov.sp.pcsp.npuprobe-89k-OHcdIKmGw75W7th9bw==/lib/arm64
10-07 16:27:58.442 I/NpuProbe(23410): build=llama.cpp-upstream-pkg (v11-libs) + probe R4
10-07 16:27:58.442 I/NpuProbe(23410): controle-sistema (liblog.so)=OK
10-07 16:27:58.442 I/NpuProbe(23410): negativo-fake (libnaoexiste_xyz.so)=FALHOU err=dlopen failed: library "libnaoexiste_xyz.so" not found
10-07 16:27:58.442 I/NpuProbe(23410): cdsprpc-nome (libcdsprpc.so)=OK
10-07 16:27:58.442 I/NpuProbe(23410): cdsprpc-abs (/vendor/lib64/libcdsprpc.so)=OK
10-07 16:27:58.442 I/NpuProbe(23410): ADSP_LIBRARY_PATH=libdir (setenv)
10-07 16:27:58.442 I/NpuProbe(23410): load_all_from_path=9ms
10-07 16:27:58.442 I/NpuProbe(23410): load(hexagon direto)=FALHOU em 0ms
10-07 16:27:58.442 I/NpuProbe(23410): devices=4
10-07 16:27:58.442 I/NpuProbe(23410):   dev[0] Vulkan0 (Adreno (TM) 840)
10-07 16:27:58.442 I/NpuProbe(23410):   dev[1] GPUOpenCL (QUALCOMM Adreno(TM) 840)
10-07 16:27:58.442 I/NpuProbe(23410):   dev[2] HTP0 (Hexagon)
10-07 16:27:58.442 I/NpuProbe(23410):   dev[3] CPU (CPU)
10-07 16:27:58.442 I/NpuProbe(23410): dev_init(HTP0)=40ms -> SESSAO ABERTA
10-07 16:27:58.442 I/NpuProbe(23410): graph_compute(MUL_MAT 64x64)=0.8ms status=0
10-07 16:27:58.442 I/NpuProbe(23410): c[0]=128.000000 (esperado 128.0)
10-07 16:27:58.442 I/NpuProbe(23410): RESULTADO: APP-UID OK: sessao HTP + op executado com resultado correto
10-07 16:27:58.443 I/NpuProbe(23410): AUTO-GATILHO='cpu:vulkan'
10-07 16:28:53.599 I/NpuProbe(24156): nativeLibraryDir=/data/app/~~3UkmhFXWWX7ubLoQQFx0uw==/br.gov.sp.pcsp.npuprobe-89k-OHcdIKmGw75W7th9bw==/lib/arm64
10-07 16:28:53.599 I/NpuProbe(24156): libdir=/data/app/~~3UkmhFXWWX7ubLoQQFx0uw==/br.gov.sp.pcsp.npuprobe-89k-OHcdIKmGw75W7th9bw==/lib/arm64
10-07 16:28:53.599 I/NpuProbe(24156): build=llama.cpp-upstream-pkg (v11-libs) + probe R4
10-07 16:28:53.599 I/NpuProbe(24156): controle-sistema (liblog.so)=OK
10-07 16:28:53.599 I/NpuProbe(24156): negativo-fake (libnaoexiste_xyz.so)=FALHOU err=dlopen failed: library "libnaoexiste_xyz.so" not found
10-07 16:28:53.599 I/NpuProbe(24156): cdsprpc-nome (libcdsprpc.so)=OK
10-07 16:28:53.600 I/NpuProbe(24156): cdsprpc-abs (/vendor/lib64/libcdsprpc.so)=OK
10-07 16:28:53.600 I/NpuProbe(24156): ADSP_LIBRARY_PATH=libdir (setenv)
10-07 16:28:53.601 I/NpuProbe(24156): [ggml] ggml_vulkan: Found 1 Vulkan devices:
10-07 16:28:53.601 I/NpuProbe(24156): [ggml] ggml_vulkan: 0 = Adreno (TM) 840 (Qualcomm Technologies Inc. Adreno Vulkan Driver) | uma: 1 | fp16: 1 | bf16: 0 | fp4: 0 | warp size: 64 | shared memory: 32768 | int dot: 0 | matrix cores: none
10-07 16:28:53.606 I/NpuProbe(24156): [ggml] ggml_opencl: selected platform: 'QUALCOMM Snapdragon(TM)'
10-07 16:28:53.607 I/NpuProbe(24156): [ggml] 
10-07 16:28:53.607 I/NpuProbe(24156): ggml_opencl: device: 'QUALCOMM Adreno(TM) 840 (OpenCL 3.0 Adreno(TM) 840)'
10-07 16:28:53.607 I/NpuProbe(24156): [ggml] ggml_opencl: default device: 'QUALCOMM Adreno(TM) 840 (OpenCL 3.0 Adreno(TM) 840)'
10-07 16:28:53.607 I/NpuProbe(24156): [ggml] ggml-hex: Loading driver libcdsprpc.so
10-07 16:28:53.608 I/NpuProbe(24156): [ggml] ggml-hex: FASTRPC_GET_DOMAINS query failed (0x14), using static CDSP domains
10-07 16:28:53.608 I/NpuProbe(24156): [ggml] ggml-hex: Hexagon backend (experimental) : allocating new registry : ndev 1
10-07 16:28:53.608 I/NpuProbe(24156): [ggml] ggml-hex: Hexagon Arch version v81, DMA64 enabled
10-07 16:28:53.608 I/NpuProbe(24156): [ggml] ggml-hex: device 0: HTP0 (phys=0, virt=0, domain=cdsp:3)
10-07 16:28:53.609 I/NpuProbe(24156): load_all_from_path=9ms
10-07 16:28:53.609 I/NpuProbe(24156): [ggml] load_backend: failed to find ggml_backend_init in /data/app/~~3UkmhFXWWX7ubLoQQFx0uw==/br.gov.sp.pcsp.npuprobe-89k-OHcdIKmGw75W7th9bw==/lib/arm64/libggml-hexagon.so
10-07 16:28:53.610 I/NpuProbe(24156): load(hexagon direto)=FALHOU em 0ms
10-07 16:28:53.610 I/NpuProbe(24156): devices=4
10-07 16:28:53.610 I/NpuProbe(24156):   dev[0] Vulkan0 (Adreno (TM) 840)
10-07 16:28:53.610 I/NpuProbe(24156):   dev[1] GPUOpenCL (QUALCOMM Adreno(TM) 840)
10-07 16:28:53.610 I/NpuProbe(24156):   dev[2] HTP0 (Hexagon)
10-07 16:28:53.610 I/NpuProbe(24156):   dev[3] CPU (CPU)
10-07 16:28:53.610 I/NpuProbe(24156): [ggml] ggml-hex: HTP0 allocating new session : domain 3 phys-idx 0 virt-idx 0
10-07 16:28:53.642 I/NpuProbe(24156): [ggml] ggml-hex: HTP0 hwinfo: threads 8, hvx 8, hmx 1, vtcm 8 MB
10-07 16:28:53.642 I/NpuProbe(24156): [ggml] ggml-hex: HTP0 new session : session-id 0 domain-id 3 uri file:///libggml-htp-v81.so?htp_iface_skel_handle_invoke&_modver=1.0&_dom=cdsp&_session=0 handle 0xb4000077d5285480
10-07 16:28:53.646 I/NpuProbe(24156): [ggml] ggml-hex: HTP0 op batching: n-bufs 16 n-tensors 8192 n-ops 1280 vmem 3311845376
10-07 16:28:53.650 I/NpuProbe(24156): dev_init(HTP0)=40ms -> SESSAO ABERTA
10-07 16:28:53.651 I/NpuProbe(24156): graph_compute(MUL_MAT 64x64)=0.8ms status=0
10-07 16:28:53.651 I/NpuProbe(24156): c[0]=128.000000 (esperado 128.0)
10-07 16:28:53.651 I/NpuProbe(24156): RESULTADO: APP-UID OK: sessao HTP + op executado com resultado correto
10-07 16:28:53.652 I/NpuProbe(24156): REPORT:
10-07 16:28:53.652 I/NpuProbe(24156): libdir=/data/app/~~3UkmhFXWWX7ubLoQQFx0uw==/br.gov.sp.pcsp.npuprobe-89k-OHcdIKmGw75W7th9bw==/lib/arm64
10-07 16:28:53.652 I/NpuProbe(24156): build=llama.cpp-upstream-pkg (v11-libs) + probe R4
10-07 16:28:53.652 I/NpuProbe(24156): controle-sistema (liblog.so)=OK
10-07 16:28:53.652 I/NpuProbe(24156): negativo-fake (libnaoexiste_xyz.so)=FALHOU err=dlopen failed: library "libnaoexiste_xyz.so" not found
10-07 16:28:53.652 I/NpuProbe(24156): cdsprpc-nome (libcdsprpc.so)=OK
10-07 16:28:53.652 I/NpuProbe(24156): cdsprpc-abs (/vendor/lib64/libcdsprpc.so)=OK
10-07 16:28:53.652 I/NpuProbe(24156): ADSP_LIBRARY_PATH=libdir (setenv)
10-07 16:28:53.652 I/NpuProbe(24156): load_all_from_path=9ms
10-07 16:28:53.652 I/NpuProbe(24156): load(hexagon direto)=FALHOU em 0ms
10-07 16:28:53.652 I/NpuProbe(24156): devices=4
10-07 16:28:53.652 I/NpuProbe(24156):   dev[0] Vulkan0 (Adreno (TM) 840)
10-07 16:28:53.652 I/NpuProbe(24156):   dev[1] GPUOpenCL (QUALCOMM Adreno(TM) 840)
10-07 16:28:53.652 I/NpuProbe(24156):   dev[2] HTP0 (Hexagon)
10-07 16:28:53.652 I/NpuProbe(24156):   dev[3] CPU (CPU)
10-07 16:28:53.652 I/NpuProbe(24156): dev_init(HTP0)=40ms -> SESSAO ABERTA
10-07 16:28:53.652 I/NpuProbe(24156): graph_compute(MUL_MAT 64x64)=0.8ms status=0
10-07 16:28:53.652 I/NpuProbe(24156): c[0]=128.000000 (esperado 128.0)
10-07 16:28:53.652 I/NpuProbe(24156): RESULTADO: APP-UID OK: sessao HTP + op executado com resultado correto
10-07 16:28:53.652 I/NpuProbe(24156): AUTO-GATILHO='htp:cpu'
10-07 16:29:48.278 I/NpuProbe(24520): nativeLibraryDir=/data/app/~~3UkmhFXWWX7ubLoQQFx0uw==/br.gov.sp.pcsp.npuprobe-89k-OHcdIKmGw75W7th9bw==/lib/arm64
10-07 16:29:48.278 I/NpuProbe(24520): libdir=/data/app/~~3UkmhFXWWX7ubLoQQFx0uw==/br.gov.sp.pcsp.npuprobe-89k-OHcdIKmGw75W7th9bw==/lib/arm64
10-07 16:29:48.278 I/NpuProbe(24520): build=llama.cpp-upstream-pkg (v11-libs) + probe R4
10-07 16:29:48.278 I/NpuProbe(24520): controle-sistema (liblog.so)=OK
10-07 16:29:48.278 I/NpuProbe(24520): negativo-fake (libnaoexiste_xyz.so)=FALHOU err=dlopen failed: library "libnaoexiste_xyz.so" not found
10-07 16:29:48.279 I/NpuProbe(24520): cdsprpc-nome (libcdsprpc.so)=OK
10-07 16:29:48.280 I/NpuProbe(24520): cdsprpc-abs (/vendor/lib64/libcdsprpc.so)=OK
10-07 16:29:48.280 I/NpuProbe(24520): ADSP_LIBRARY_PATH=libdir (setenv)
10-07 16:29:48.281 I/NpuProbe(24520): [ggml] ggml_vulkan: Found 1 Vulkan devices:
10-07 16:29:48.281 I/NpuProbe(24520): [ggml] ggml_vulkan: 0 = Adreno (TM) 840 (Qualcomm Technologies Inc. Adreno Vulkan Driver) | uma: 1 | fp16: 1 | bf16: 0 | fp4: 0 | warp size: 64 | shared memory: 32768 | int dot: 0 | matrix cores: none
10-07 16:29:48.286 I/NpuProbe(24520): [ggml] ggml_opencl: selected platform: 'QUALCOMM Snapdragon(TM)'
10-07 16:29:48.287 I/NpuProbe(24520): [ggml] 
10-07 16:29:48.287 I/NpuProbe(24520): ggml_opencl: device: 'QUALCOMM Adreno(TM) 840 (OpenCL 3.0 Adreno(TM) 840)'
10-07 16:29:48.287 I/NpuProbe(24520): [ggml] ggml_opencl: default device: 'QUALCOMM Adreno(TM) 840 (OpenCL 3.0 Adreno(TM) 840)'
10-07 16:29:48.287 I/NpuProbe(24520): [ggml] ggml-hex: Loading driver libcdsprpc.so
10-07 16:29:48.288 I/NpuProbe(24520): [ggml] ggml-hex: FASTRPC_GET_DOMAINS query failed (0x14), using static CDSP domains
10-07 16:29:48.288 I/NpuProbe(24520): [ggml] ggml-hex: Hexagon backend (experimental) : allocating new registry : ndev 1
10-07 16:29:48.288 I/NpuProbe(24520): [ggml] ggml-hex: Hexagon Arch version v81, DMA64 enabled
10-07 16:29:48.288 I/NpuProbe(24520): [ggml] ggml-hex: device 0: HTP0 (phys=0, virt=0, domain=cdsp:3)
10-07 16:29:48.289 I/NpuProbe(24520): load_all_from_path=9ms
10-07 16:29:48.289 I/NpuProbe(24520): [ggml] load_backend: failed to find ggml_backend_init in /data/app/~~3UkmhFXWWX7ubLoQQFx0uw==/br.gov.sp.pcsp.npuprobe-89k-OHcdIKmGw75W7th9bw==/lib/arm64/libggml-hexagon.so
10-07 16:29:48.289 I/NpuProbe(24520): load(hexagon direto)=FALHOU em 0ms
10-07 16:29:48.289 I/NpuProbe(24520): devices=4
10-07 16:29:48.289 I/NpuProbe(24520):   dev[0] Vulkan0 (Adreno (TM) 840)
10-07 16:29:48.289 I/NpuProbe(24520):   dev[1] GPUOpenCL (QUALCOMM Adreno(TM) 840)
10-07 16:29:48.289 I/NpuProbe(24520):   dev[2] HTP0 (Hexagon)
10-07 16:29:48.289 I/NpuProbe(24520):   dev[3] CPU (CPU)
10-07 16:29:48.289 I/NpuProbe(24520): [ggml] ggml-hex: HTP0 allocating new session : domain 3 phys-idx 0 virt-idx 0
10-07 16:29:48.321 I/NpuProbe(24520): [ggml] ggml-hex: HTP0 hwinfo: threads 8, hvx 8, hmx 1, vtcm 8 MB
10-07 16:29:48.321 I/NpuProbe(24520): [ggml] ggml-hex: HTP0 new session : session-id 0 domain-id 3 uri file:///libggml-htp-v81.so?htp_iface_skel_handle_invoke&_modver=1.0&_dom=cdsp&_session=0 handle 0xb4000077cffae4c0
10-07 16:29:48.325 I/NpuProbe(24520): [ggml] ggml-hex: HTP0 op batching: n-bufs 16 n-tensors 8192 n-ops 1280 vmem 3311845376
10-07 16:29:48.329 I/NpuProbe(24520): dev_init(HTP0)=40ms -> SESSAO ABERTA
10-07 16:29:48.330 I/NpuProbe(24520): graph_compute(MUL_MAT 64x64)=0.9ms status=0
10-07 16:29:48.330 I/NpuProbe(24520): c[0]=128.000000 (esperado 128.0)
10-07 16:29:48.330 I/NpuProbe(24520): RESULTADO: APP-UID OK: sessao HTP + op executado com resultado correto
10-07 16:29:48.331 I/NpuProbe(24520): REPORT:
10-07 16:29:48.331 I/NpuProbe(24520): libdir=/data/app/~~3UkmhFXWWX7ubLoQQFx0uw==/br.gov.sp.pcsp.npuprobe-89k-OHcdIKmGw75W7th9bw==/lib/arm64
10-07 16:29:48.331 I/NpuProbe(24520): build=llama.cpp-upstream-pkg (v11-libs) + probe R4
10-07 16:29:48.331 I/NpuProbe(24520): controle-sistema (liblog.so)=OK
10-07 16:29:48.331 I/NpuProbe(24520): negativo-fake (libnaoexiste_xyz.so)=FALHOU err=dlopen failed: library "libnaoexiste_xyz.so" not found
10-07 16:29:48.331 I/NpuProbe(24520): cdsprpc-nome (libcdsprpc.so)=OK
10-07 16:29:48.331 I/NpuProbe(24520): cdsprpc-abs (/vendor/lib64/libcdsprpc.so)=OK
10-07 16:29:48.331 I/NpuProbe(24520): ADSP_LIBRARY_PATH=libdir (setenv)
10-07 16:29:48.331 I/NpuProbe(24520): load_all_from_path=9ms
10-07 16:29:48.331 I/NpuProbe(24520): load(hexagon direto)=FALHOU em 0ms
10-07 16:29:48.331 I/NpuProbe(24520): devices=4
10-07 16:29:48.331 I/NpuProbe(24520):   dev[0] Vulkan0 (Adreno (TM) 840)
10-07 16:29:48.331 I/NpuProbe(24520):   dev[1] GPUOpenCL (QUALCOMM Adreno(TM) 840)
10-07 16:29:48.331 I/NpuProbe(24520):   dev[2] HTP0 (Hexagon)
10-07 16:29:48.331 I/NpuProbe(24520):   dev[3] CPU (CPU)
10-07 16:29:48.331 I/NpuProbe(24520): dev_init(HTP0)=40ms -> SESSAO ABERTA
10-07 16:29:48.331 I/NpuProbe(24520): graph_compute(MUL_MAT 64x64)=0.9ms status=0
10-07 16:29:48.331 I/NpuProbe(24520): c[0]=128.000000 (esperado 128.0)
10-07 16:29:48.331 I/NpuProbe(24520): RESULTADO: APP-UID OK: sessao HTP + op executado com resultado correto
10-07 16:29:48.331 I/NpuProbe(24520): AUTO-GATILHO='vulkan:cpu'
10-07 16:30:47.164 I/NpuProbe(25151): nativeLibraryDir=/data/app/~~3UkmhFXWWX7ubLoQQFx0uw==/br.gov.sp.pcsp.npuprobe-89k-OHcdIKmGw75W7th9bw==/lib/arm64
10-07 16:30:47.164 I/NpuProbe(25151): libdir=/data/app/~~3UkmhFXWWX7ubLoQQFx0uw==/br.gov.sp.pcsp.npuprobe-89k-OHcdIKmGw75W7th9bw==/lib/arm64
10-07 16:30:47.164 I/NpuProbe(25151): build=llama.cpp-upstream-pkg (v11-libs) + probe R4
10-07 16:30:47.164 I/NpuProbe(25151): controle-sistema (liblog.so)=OK
10-07 16:30:47.164 I/NpuProbe(25151): negativo-fake (libnaoexiste_xyz.so)=FALHOU err=dlopen failed: library "libnaoexiste_xyz.so" not found
10-07 16:30:47.165 I/NpuProbe(25151): cdsprpc-nome (libcdsprpc.so)=OK
10-07 16:30:47.166 I/NpuProbe(25151): cdsprpc-abs (/vendor/lib64/libcdsprpc.so)=OK
10-07 16:30:47.166 I/NpuProbe(25151): ADSP_LIBRARY_PATH=libdir (setenv)
10-07 16:30:47.167 I/NpuProbe(25151): [ggml] ggml_vulkan: Found 1 Vulkan devices:
10-07 16:30:47.167 I/NpuProbe(25151): [ggml] ggml_vulkan: 0 = Adreno (TM) 840 (Qualcomm Technologies Inc. Adreno Vulkan Driver) | uma: 1 | fp16: 1 | bf16: 0 | fp4: 0 | warp size: 64 | shared memory: 32768 | int dot: 0 | matrix cores: none
10-07 16:30:47.172 I/NpuProbe(25151): [ggml] ggml_opencl: selected platform: 'QUALCOMM Snapdragon(TM)'
10-07 16:30:47.172 I/NpuProbe(25151): [ggml] 
10-07 16:30:47.172 I/NpuProbe(25151): ggml_opencl: device: 'QUALCOMM Adreno(TM) 840 (OpenCL 3.0 Adreno(TM) 840)'
10-07 16:30:47.172 I/NpuProbe(25151): [ggml] ggml_opencl: default device: 'QUALCOMM Adreno(TM) 840 (OpenCL 3.0 Adreno(TM) 840)'
10-07 16:30:47.172 I/NpuProbe(25151): [ggml] ggml-hex: Loading driver libcdsprpc.so
10-07 16:30:47.174 I/NpuProbe(25151): [ggml] ggml-hex: FASTRPC_GET_DOMAINS query failed (0x14), using static CDSP domains
10-07 16:30:47.174 I/NpuProbe(25151): [ggml] ggml-hex: Hexagon backend (experimental) : allocating new registry : ndev 1
10-07 16:30:47.174 I/NpuProbe(25151): [ggml] ggml-hex: Hexagon Arch version v81, DMA64 enabled
10-07 16:30:47.174 I/NpuProbe(25151): [ggml] ggml-hex: device 0: HTP0 (phys=0, virt=0, domain=cdsp:3)
10-07 16:30:47.175 I/NpuProbe(25151): load_all_from_path=9ms
10-07 16:30:47.175 I/NpuProbe(25151): [ggml] load_backend: failed to find ggml_backend_init in /data/app/~~3UkmhFXWWX7ubLoQQFx0uw==/br.gov.sp.pcsp.npuprobe-89k-OHcdIKmGw75W7th9bw==/lib/arm64/libggml-hexagon.so
10-07 16:30:47.175 I/NpuProbe(25151): load(hexagon direto)=FALHOU em 0ms
10-07 16:30:47.175 I/NpuProbe(25151): devices=4
10-07 16:30:47.175 I/NpuProbe(25151):   dev[0] Vulkan0 (Adreno (TM) 840)
10-07 16:30:47.175 I/NpuProbe(25151):   dev[1] GPUOpenCL (QUALCOMM Adreno(TM) 840)
10-07 16:30:47.175 I/NpuProbe(25151):   dev[2] HTP0 (Hexagon)
10-07 16:30:47.175 I/NpuProbe(25151):   dev[3] CPU (CPU)
10-07 16:30:47.175 I/NpuProbe(25151): [ggml] ggml-hex: HTP0 allocating new session : domain 3 phys-idx 0 virt-idx 0
10-07 16:30:47.206 I/NpuProbe(25151): [ggml] ggml-hex: HTP0 hwinfo: threads 8, hvx 8, hmx 1, vtcm 8 MB
10-07 16:30:47.206 I/NpuProbe(25151): [ggml] ggml-hex: HTP0 new session : session-id 0 domain-id 3 uri file:///libggml-htp-v81.so?htp_iface_skel_handle_invoke&_modver=1.0&_dom=cdsp&_session=0 handle 0xb4000077cff61ec0
10-07 16:30:47.212 I/NpuProbe(25151): [ggml] ggml-hex: HTP0 op batching: n-bufs 16 n-tensors 8192 n-ops 1280 vmem 3311845376
10-07 16:30:47.216 I/NpuProbe(25151): dev_init(HTP0)=41ms -> SESSAO ABERTA
10-07 16:30:47.217 I/NpuProbe(25151): graph_compute(MUL_MAT 64x64)=0.9ms status=0
10-07 16:30:47.217 I/NpuProbe(25151): c[0]=128.000000 (esperado 128.0)
10-07 16:30:47.217 I/NpuProbe(25151): RESULTADO: APP-UID OK: sessao HTP + op executado com resultado correto
10-07 16:30:47.218 I/NpuProbe(25151): REPORT:
10-07 16:30:47.218 I/NpuProbe(25151): libdir=/data/app/~~3UkmhFXWWX7ubLoQQFx0uw==/br.gov.sp.pcsp.npuprobe-89k-OHcdIKmGw75W7th9bw==/lib/arm64
10-07 16:30:47.218 I/NpuProbe(25151): build=llama.cpp-upstream-pkg (v11-libs) + probe R4
10-07 16:30:47.218 I/NpuProbe(25151): controle-sistema (liblog.so)=OK
10-07 16:30:47.218 I/NpuProbe(25151): negativo-fake (libnaoexiste_xyz.so)=FALHOU err=dlopen failed: library "libnaoexiste_xyz.so" not found
10-07 16:30:47.218 I/NpuProbe(25151): cdsprpc-nome (libcdsprpc.so)=OK
10-07 16:30:47.218 I/NpuProbe(25151): cdsprpc-abs (/vendor/lib64/libcdsprpc.so)=OK
10-07 16:30:47.218 I/NpuProbe(25151): ADSP_LIBRARY_PATH=libdir (setenv)
10-07 16:30:47.218 I/NpuProbe(25151): load_all_from_path=9ms
10-07 16:30:47.218 I/NpuProbe(25151): load(hexagon direto)=FALHOU em 0ms
10-07 16:30:47.218 I/NpuProbe(25151): devices=4
10-07 16:30:47.218 I/NpuProbe(25151):   dev[0] Vulkan0 (Adreno (TM) 840)
10-07 16:30:47.218 I/NpuProbe(25151):   dev[1] GPUOpenCL (QUALCOMM Adreno(TM) 840)
10-07 16:30:47.218 I/NpuProbe(25151):   dev[2] HTP0 (Hexagon)
10-07 16:30:47.218 I/NpuProbe(25151):   dev[3] CPU (CPU)
10-07 16:30:47.218 I/NpuProbe(25151): dev_init(HTP0)=41ms -> SESSAO ABERTA
10-07 16:30:47.218 I/NpuProbe(25151): graph_compute(MUL_MAT 64x64)=0.9ms status=0
10-07 16:30:47.218 I/NpuProbe(25151): c[0]=128.000000 (esperado 128.0)
10-07 16:30:47.218 I/NpuProbe(25151): RESULTADO: APP-UID OK: sessao HTP + op executado com resultado correto
10-07 16:30:47.218 I/NpuProbe(25151): AUTO-GATILHO='puro:opencl'
10-07 16:31:42.485 I/NpuProbe(25704): nativeLibraryDir=/data/app/~~3UkmhFXWWX7ubLoQQFx0uw==/br.gov.sp.pcsp.npuprobe-89k-OHcdIKmGw75W7th9bw==/lib/arm64
10-07 16:31:42.485 I/NpuProbe(25704): libdir=/data/app/~~3UkmhFXWWX7ubLoQQFx0uw==/br.gov.sp.pcsp.npuprobe-89k-OHcdIKmGw75W7th9bw==/lib/arm64
10-07 16:31:42.485 I/NpuProbe(25704): build=llama.cpp-upstream-pkg (v11-libs) + probe R4
10-07 16:31:42.485 I/NpuProbe(25704): controle-sistema (liblog.so)=OK
10-07 16:31:42.485 I/NpuProbe(25704): negativo-fake (libnaoexiste_xyz.so)=FALHOU err=dlopen failed: library "libnaoexiste_xyz.so" not found
10-07 16:31:42.486 I/NpuProbe(25704): cdsprpc-nome (libcdsprpc.so)=OK
10-07 16:31:42.486 I/NpuProbe(25704): cdsprpc-abs (/vendor/lib64/libcdsprpc.so)=OK
10-07 16:31:42.487 I/NpuProbe(25704): ADSP_LIBRARY_PATH=libdir (setenv)
10-07 16:31:42.488 I/NpuProbe(25704): [ggml] ggml_vulkan: Found 1 Vulkan devices:
10-07 16:31:42.488 I/NpuProbe(25704): [ggml] ggml_vulkan: 0 = Adreno (TM) 840 (Qualcomm Technologies Inc. Adreno Vulkan Driver) | uma: 1 | fp16: 1 | bf16: 0 | fp4: 0 | warp size: 64 | shared memory: 32768 | int dot: 0 | matrix cores: none
10-07 16:31:42.492 I/NpuProbe(25704): [ggml] ggml_opencl: selected platform: 'QUALCOMM Snapdragon(TM)'
10-07 16:31:42.493 I/NpuProbe(25704): [ggml] 
10-07 16:31:42.493 I/NpuProbe(25704): ggml_opencl: device: 'QUALCOMM Adreno(TM) 840 (OpenCL 3.0 Adreno(TM) 840)'
10-07 16:31:42.493 I/NpuProbe(25704): [ggml] ggml_opencl: default device: 'QUALCOMM Adreno(TM) 840 (OpenCL 3.0 Adreno(TM) 840)'
10-07 16:31:42.493 I/NpuProbe(25704): [ggml] ggml-hex: Loading driver libcdsprpc.so
10-07 16:31:42.496 I/NpuProbe(25704): [ggml] ggml-hex: FASTRPC_GET_DOMAINS query failed (0x14), using static CDSP domains
10-07 16:31:42.496 I/NpuProbe(25704): [ggml] ggml-hex: Hexagon backend (experimental) : allocating new registry : ndev 1
10-07 16:31:42.496 I/NpuProbe(25704): [ggml] ggml-hex: Hexagon Arch version v81, DMA64 enabled
10-07 16:31:42.496 I/NpuProbe(25704): [ggml] ggml-hex: device 0: HTP0 (phys=0, virt=0, domain=cdsp:3)
10-07 16:31:42.497 I/NpuProbe(25704): load_all_from_path=11ms
10-07 16:31:42.497 I/NpuProbe(25704): [ggml] load_backend: failed to find ggml_backend_init in /data/app/~~3UkmhFXWWX7ubLoQQFx0uw==/br.gov.sp.pcsp.npuprobe-89k-OHcdIKmGw75W7th9bw==/lib/arm64/libggml-hexagon.so
10-07 16:31:42.497 I/NpuProbe(25704): load(hexagon direto)=FALHOU em 0ms
10-07 16:31:42.497 I/NpuProbe(25704): devices=4
10-07 16:31:42.497 I/NpuProbe(25704):   dev[0] Vulkan0 (Adreno (TM) 840)
10-07 16:31:42.497 I/NpuProbe(25704):   dev[1] GPUOpenCL (QUALCOMM Adreno(TM) 840)
10-07 16:31:42.497 I/NpuProbe(25704):   dev[2] HTP0 (Hexagon)
10-07 16:31:42.497 I/NpuProbe(25704):   dev[3] CPU (CPU)
10-07 16:31:42.497 I/NpuProbe(25704): [ggml] ggml-hex: HTP0 allocating new session : domain 3 phys-idx 0 virt-idx 0
10-07 16:31:42.529 I/NpuProbe(25704): [ggml] ggml-hex: HTP0 hwinfo: threads 8, hvx 8, hmx 1, vtcm 8 MB
10-07 16:31:42.529 I/NpuProbe(25704): [ggml] ggml-hex: HTP0 new session : session-id 0 domain-id 3 uri file:///libggml-htp-v81.so?htp_iface_skel_handle_invoke&_modver=1.0&_dom=cdsp&_session=0 handle 0xb4000077d4b52bc0
10-07 16:31:42.533 I/NpuProbe(25704): [ggml] ggml-hex: HTP0 op batching: n-bufs 16 n-tensors 8192 n-ops 1280 vmem 3311845376
10-07 16:31:42.537 I/NpuProbe(25704): dev_init(HTP0)=40ms -> SESSAO ABERTA
10-07 16:31:42.539 I/NpuProbe(25704): graph_compute(MUL_MAT 64x64)=1.0ms status=0
10-07 16:31:42.539 I/NpuProbe(25704): c[0]=128.000000 (esperado 128.0)
10-07 16:31:42.539 I/NpuProbe(25704): RESULTADO: APP-UID OK: sessao HTP + op executado com resultado correto
10-07 16:31:42.539 I/NpuProbe(25704): REPORT:
10-07 16:31:42.539 I/NpuProbe(25704): libdir=/data/app/~~3UkmhFXWWX7ubLoQQFx0uw==/br.gov.sp.pcsp.npuprobe-89k-OHcdIKmGw75W7th9bw==/lib/arm64
10-07 16:31:42.539 I/NpuProbe(25704): build=llama.cpp-upstream-pkg (v11-libs) + probe R4
10-07 16:31:42.539 I/NpuProbe(25704): controle-sistema (liblog.so)=OK
10-07 16:31:42.539 I/NpuProbe(25704): negativo-fake (libnaoexiste_xyz.so)=FALHOU err=dlopen failed: library "libnaoexiste_xyz.so" not found
10-07 16:31:42.539 I/NpuProbe(25704): cdsprpc-nome (libcdsprpc.so)=OK
10-07 16:31:42.539 I/NpuProbe(25704): cdsprpc-abs (/vendor/lib64/libcdsprpc.so)=OK
10-07 16:31:42.539 I/NpuProbe(25704): ADSP_LIBRARY_PATH=libdir (setenv)
10-07 16:31:42.539 I/NpuProbe(25704): load_all_from_path=11ms
10-07 16:31:42.539 I/NpuProbe(25704): load(hexagon direto)=FALHOU em 0ms
10-07 16:31:42.539 I/NpuProbe(25704): devices=4
10-07 16:31:42.539 I/NpuProbe(25704):   dev[0] Vulkan0 (Adreno (TM) 840)
10-07 16:31:42.539 I/NpuProbe(25704):   dev[1] GPUOpenCL (QUALCOMM Adreno(TM) 840)
10-07 16:31:42.539 I/NpuProbe(25704):   dev[2] HTP0 (Hexagon)
10-07 16:31:42.539 I/NpuProbe(25704):   dev[3] CPU (CPU)
10-07 16:31:42.539 I/NpuProbe(25704): dev_init(HTP0)=40ms -> SESSAO ABERTA
10-07 16:31:42.539 I/NpuProbe(25704): graph_compute(MUL_MAT 64x64)=1.0ms status=0
10-07 16:31:42.539 I/NpuProbe(25704): c[0]=128.000000 (esperado 128.0)
10-07 16:31:42.539 I/NpuProbe(25704): RESULTADO: APP-UID OK: sessao HTP + op executado com resultado correto
10-07 16:31:42.540 I/NpuProbe(25704): AUTO-GATILHO='opencl'
10-07 16:33:31.311 I/NpuProbe(26183): nativeLibraryDir=/data/app/~~3UkmhFXWWX7ubLoQQFx0uw==/br.gov.sp.pcsp.npuprobe-89k-OHcdIKmGw75W7th9bw==/lib/arm64
10-07 16:33:31.311 I/NpuProbe(26183): libdir=/data/app/~~3UkmhFXWWX7ubLoQQFx0uw==/br.gov.sp.pcsp.npuprobe-89k-OHcdIKmGw75W7th9bw==/lib/arm64
10-07 16:33:31.311 I/NpuProbe(26183): build=llama.cpp-upstream-pkg (v11-libs) + probe R4
10-07 16:33:31.311 I/NpuProbe(26183): controle-sistema (liblog.so)=OK
10-07 16:33:31.311 I/NpuProbe(26183): negativo-fake (libnaoexiste_xyz.so)=FALHOU err=dlopen failed: library "libnaoexiste_xyz.so" not found
10-07 16:33:31.312 I/NpuProbe(26183): cdsprpc-nome (libcdsprpc.so)=OK
10-07 16:33:31.313 I/NpuProbe(26183): cdsprpc-abs (/vendor/lib64/libcdsprpc.so)=OK
10-07 16:33:31.313 I/NpuProbe(26183): ADSP_LIBRARY_PATH=libdir (setenv)
10-07 16:33:31.314 I/NpuProbe(26183): [ggml] ggml_vulkan: Found 1 Vulkan devices:
10-07 16:33:31.314 I/NpuProbe(26183): [ggml] ggml_vulkan: 0 = Adreno (TM) 840 (Qualcomm Technologies Inc. Adreno Vulkan Driver) | uma: 1 | fp16: 1 | bf16: 0 | fp4: 0 | warp size: 64 | shared memory: 32768 | int dot: 0 | matrix cores: none
10-07 16:33:31.319 I/NpuProbe(26183): [ggml] ggml_opencl: selected platform: 'QUALCOMM Snapdragon(TM)'
10-07 16:33:31.320 I/NpuProbe(26183): [ggml] 
10-07 16:33:31.320 I/NpuProbe(26183): ggml_opencl: device: 'QUALCOMM Adreno(TM) 840 (OpenCL 3.0 Adreno(TM) 840)'
10-07 16:33:31.320 I/NpuProbe(26183): [ggml] ggml_opencl: default device: 'QUALCOMM Adreno(TM) 840 (OpenCL 3.0 Adreno(TM) 840)'
10-07 16:33:31.320 I/NpuProbe(26183): [ggml] ggml-hex: Loading driver libcdsprpc.so
10-07 16:33:31.321 I/NpuProbe(26183): [ggml] ggml-hex: FASTRPC_GET_DOMAINS query failed (0x14), using static CDSP domains
10-07 16:33:31.321 I/NpuProbe(26183): [ggml] ggml-hex: Hexagon backend (experimental) : allocating new registry : ndev 1
10-07 16:33:31.321 I/NpuProbe(26183): [ggml] ggml-hex: Hexagon Arch version v81, DMA64 enabled
10-07 16:33:31.321 I/NpuProbe(26183): [ggml] ggml-hex: device 0: HTP0 (phys=0, virt=0, domain=cdsp:3)
10-07 16:33:31.322 I/NpuProbe(26183): load_all_from_path=9ms
10-07 16:33:31.322 I/NpuProbe(26183): [ggml] load_backend: failed to find ggml_backend_init in /data/app/~~3UkmhFXWWX7ubLoQQFx0uw==/br.gov.sp.pcsp.npuprobe-89k-OHcdIKmGw75W7th9bw==/lib/arm64/libggml-hexagon.so
10-07 16:33:31.322 I/NpuProbe(26183): load(hexagon direto)=FALHOU em 0ms
10-07 16:33:31.322 I/NpuProbe(26183): devices=4
10-07 16:33:31.322 I/NpuProbe(26183):   dev[0] Vulkan0 (Adreno (TM) 840)
10-07 16:33:31.322 I/NpuProbe(26183):   dev[1] GPUOpenCL (QUALCOMM Adreno(TM) 840)
10-07 16:33:31.322 I/NpuProbe(26183):   dev[2] HTP0 (Hexagon)
10-07 16:33:31.322 I/NpuProbe(26183):   dev[3] CPU (CPU)
10-07 16:33:31.322 I/NpuProbe(26183): [ggml] ggml-hex: HTP0 allocating new session : domain 3 phys-idx 0 virt-idx 0
10-07 16:33:31.354 I/NpuProbe(26183): [ggml] ggml-hex: HTP0 hwinfo: threads 8, hvx 8, hmx 1, vtcm 8 MB
10-07 16:33:31.354 I/NpuProbe(26183): [ggml] ggml-hex: HTP0 new session : session-id 0 domain-id 3 uri file:///libggml-htp-v81.so?htp_iface_skel_handle_invoke&_modver=1.0&_dom=cdsp&_session=0 handle 0xb4000077c5fcd000
10-07 16:33:31.361 I/NpuProbe(26183): [ggml] ggml-hex: HTP0 op batching: n-bufs 16 n-tensors 8192 n-ops 1280 vmem 3311845376
10-07 16:33:31.365 I/NpuProbe(26183): dev_init(HTP0)=43ms -> SESSAO ABERTA
10-07 16:33:31.366 I/NpuProbe(26183): graph_compute(MUL_MAT 64x64)=0.8ms status=0
10-07 16:33:31.366 I/NpuProbe(26183): c[0]=128.000000 (esperado 128.0)
10-07 16:33:31.366 I/NpuProbe(26183): RESULTADO: APP-UID OK: sessao HTP + op executado com resultado correto
10-07 16:33:31.367 I/NpuProbe(26183): REPORT:
10-07 16:33:31.367 I/NpuProbe(26183): libdir=/data/app/~~3UkmhFXWWX7ubLoQQFx0uw==/br.gov.sp.pcsp.npuprobe-89k-OHcdIKmGw75W7th9bw==/lib/arm64
10-07 16:33:31.367 I/NpuProbe(26183): build=llama.cpp-upstream-pkg (v11-libs) + probe R4
10-07 16:33:31.367 I/NpuProbe(26183): controle-sistema (liblog.so)=OK
10-07 16:33:31.367 I/NpuProbe(26183): negativo-fake (libnaoexiste_xyz.so)=FALHOU err=dlopen failed: library "libnaoexiste_xyz.so" not found
10-07 16:33:31.367 I/NpuProbe(26183): cdsprpc-nome (libcdsprpc.so)=OK
10-07 16:33:31.367 I/NpuProbe(26183): cdsprpc-abs (/vendor/lib64/libcdsprpc.so)=OK
10-07 16:33:31.367 I/NpuProbe(26183): ADSP_LIBRARY_PATH=libdir (setenv)
10-07 16:33:31.367 I/NpuProbe(26183): load_all_from_path=9ms
10-07 16:33:31.367 I/NpuProbe(26183): load(hexagon direto)=FALHOU em 0ms
10-07 16:33:31.367 I/NpuProbe(26183): devices=4
10-07 16:33:31.367 I/NpuProbe(26183):   dev[0] Vulkan0 (Adreno (TM) 840)
10-07 16:33:31.367 I/NpuProbe(26183):   dev[1] GPUOpenCL (QUALCOMM Adreno(TM) 840)
10-07 16:33:31.367 I/NpuProbe(26183):   dev[2] HTP0 (Hexagon)
10-07 16:33:31.367 I/NpuProbe(26183):   dev[3] CPU (CPU)
10-07 16:33:31.367 I/NpuProbe(26183): dev_init(HTP0)=43ms -> SESSAO ABERTA
10-07 16:33:31.367 I/NpuProbe(26183): graph_compute(MUL_MAT 64x64)=0.8ms status=0
10-07 16:33:31.367 I/NpuProbe(26183): c[0]=128.000000 (esperado 128.0)
10-07 16:33:31.367 I/NpuProbe(26183): RESULTADO: APP-UID OK: sessao HTP + op executado com resultado correto
10-07 16:33:31.367 I/NpuProbe(26183): AUTO-GATILHO='smart:puro:vulkan'
10-07 16:33:31.367 I/NpuProbe(26183): SMART iniciando rota=puro:vulkan com /data/local/tmp/hymt2_app.gguf
10-07 16:33:31.367 I/NpuProbe(26183): SMARTv2 rota='puro:vulkan' mutante=(none)
10-07 16:33:31.368 I/NpuProbe(26183): MODO PURO: origem=(nenhuma) | destino=vulkan (Vulkan0)
10-07 16:33:32.388 I/NpuProbe(26183): load(destino)=1020ms
10-07 16:33:35.208 I/NpuProbe(26183): puro: ok=1 pieces=48 prefill=789.62ms gen=1867.24ms pp1=569.71ms
10-07 16:33:35.208 I/NpuProbe(26183): puro texto:  sorry sorry sorry sorry sorry sorry sorry sorry sorry sorry sorry sorry sorry sorry sorry sorry sorry sorry sorry sorry sorry sorry sorry you""""""""""""""""""""، sorry sorry sorry
10-07 16:33:35.208 I/NpuProbe(26183): RESULTADO: SMART-ACEITO (puro vulkan; baseline de numerica)
10-07 16:33:35.296 I/NpuProbe(26183): SMART REPORT:
10-07 16:33:35.296 I/NpuProbe(26183): SMART (puro:vulkan)
10-07 16:33:35.296 I/NpuProbe(26183): 
10-07 16:33:35.296 I/NpuProbe(26183): SMARTv2 rota='puro:vulkan' mutante=(none)
10-07 16:33:35.296 I/NpuProbe(26183): MODO PURO: origem=(nenhuma) | destino=vulkan (Vulkan0)
10-07 16:33:35.296 I/NpuProbe(26183): load(destino)=1020ms
10-07 16:33:35.296 I/NpuProbe(26183): puro: ok=1 pieces=48 prefill=789.62ms gen=1867.24ms pp1=569.71ms
10-07 16:33:35.296 I/NpuProbe(26183): puro texto:  sorry sorry sorry sorry sorry sorry sorry sorry sorry sorry sorry sorry sorry sorry sorry sorry sorry sorry sorry sorry sorry sorry sorry you""""""""""""""""""""، sorry sorry sorry
10-07 16:33:35.296 I/NpuProbe(26183): RESULTADO: SMART-ACEITO (puro vulkan; baseline de numerica)
10-07 16:34:24.514 I/NpuProbe(26592): nativeLibraryDir=/data/app/~~3UkmhFXWWX7ubLoQQFx0uw==/br.gov.sp.pcsp.npuprobe-89k-OHcdIKmGw75W7th9bw==/lib/arm64
10-07 16:34:24.514 I/NpuProbe(26592): libdir=/data/app/~~3UkmhFXWWX7ubLoQQFx0uw==/br.gov.sp.pcsp.npuprobe-89k-OHcdIKmGw75W7th9bw==/lib/arm64
10-07 16:34:24.514 I/NpuProbe(26592): build=llama.cpp-upstream-pkg (v11-libs) + probe R4
10-07 16:34:24.514 I/NpuProbe(26592): controle-sistema (liblog.so)=OK
10-07 16:34:24.514 I/NpuProbe(26592): negativo-fake (libnaoexiste_xyz.so)=FALHOU err=dlopen failed: library "libnaoexiste_xyz.so" not found
10-07 16:34:24.517 I/NpuProbe(26592): cdsprpc-nome (libcdsprpc.so)=OK
10-07 16:34:24.518 I/NpuProbe(26592): cdsprpc-abs (/vendor/lib64/libcdsprpc.so)=OK
10-07 16:34:24.518 I/NpuProbe(26592): ADSP_LIBRARY_PATH=libdir (setenv)
10-07 16:34:24.519 I/NpuProbe(26592): [ggml] ggml_vulkan: Found 1 Vulkan devices:
10-07 16:34:24.520 I/NpuProbe(26592): [ggml] ggml_vulkan: 0 = Adreno (TM) 840 (Qualcomm Technologies Inc. Adreno Vulkan Driver) | uma: 1 | fp16: 1 | bf16: 0 | fp4: 0 | warp size: 64 | shared memory: 32768 | int dot: 0 | matrix cores: none
10-07 16:34:24.526 I/NpuProbe(26592): [ggml] ggml_opencl: selected platform: 'QUALCOMM Snapdragon(TM)'
10-07 16:34:24.526 I/NpuProbe(26592): [ggml] 
10-07 16:34:24.526 I/NpuProbe(26592): ggml_opencl: device: 'QUALCOMM Adreno(TM) 840 (OpenCL 3.0 Adreno(TM) 840)'
10-07 16:34:24.526 I/NpuProbe(26592): [ggml] ggml_opencl: default device: 'QUALCOMM Adreno(TM) 840 (OpenCL 3.0 Adreno(TM) 840)'
10-07 16:34:24.526 I/NpuProbe(26592): [ggml] ggml-hex: Loading driver libcdsprpc.so
10-07 16:34:24.528 I/NpuProbe(26592): [ggml] ggml-hex: FASTRPC_GET_DOMAINS query failed (0x14), using static CDSP domains
10-07 16:34:24.528 I/NpuProbe(26592): [ggml] ggml-hex: Hexagon backend (experimental) : allocating new registry : ndev 1
10-07 16:34:24.528 I/NpuProbe(26592): [ggml] ggml-hex: Hexagon Arch version v81, DMA64 enabled
10-07 16:34:24.528 I/NpuProbe(26592): [ggml] ggml-hex: device 0: HTP0 (phys=0, virt=0, domain=cdsp:3)
10-07 16:34:24.529 I/NpuProbe(26592): load_all_from_path=11ms
10-07 16:34:24.529 I/NpuProbe(26592): [ggml] load_backend: failed to find ggml_backend_init in /data/app/~~3UkmhFXWWX7ubLoQQFx0uw==/br.gov.sp.pcsp.npuprobe-89k-OHcdIKmGw75W7th9bw==/lib/arm64/libggml-hexagon.so
10-07 16:34:24.529 I/NpuProbe(26592): load(hexagon direto)=FALHOU em 0ms
10-07 16:34:24.529 I/NpuProbe(26592): devices=4
10-07 16:34:24.529 I/NpuProbe(26592):   dev[0] Vulkan0 (Adreno (TM) 840)
10-07 16:34:24.529 I/NpuProbe(26592):   dev[1] GPUOpenCL (QUALCOMM Adreno(TM) 840)
10-07 16:34:24.529 I/NpuProbe(26592):   dev[2] HTP0 (Hexagon)
10-07 16:34:24.529 I/NpuProbe(26592):   dev[3] CPU (CPU)
10-07 16:34:24.529 I/NpuProbe(26592): [ggml] ggml-hex: HTP0 allocating new session : domain 3 phys-idx 0 virt-idx 0
10-07 16:34:24.561 I/NpuProbe(26592): [ggml] ggml-hex: HTP0 hwinfo: threads 8, hvx 8, hmx 1, vtcm 8 MB
10-07 16:34:24.561 I/NpuProbe(26592): [ggml] ggml-hex: HTP0 new session : session-id 0 domain-id 3 uri file:///libggml-htp-v81.so?htp_iface_skel_handle_invoke&_modver=1.0&_dom=cdsp&_session=0 handle 0xb4000077d52a7e00
10-07 16:34:24.566 I/NpuProbe(26592): [ggml] ggml-hex: HTP0 op batching: n-bufs 16 n-tensors 8192 n-ops 1280 vmem 3311845376
10-07 16:34:24.570 I/NpuProbe(26592): dev_init(HTP0)=42ms -> SESSAO ABERTA
10-07 16:34:24.571 I/NpuProbe(26592): graph_compute(MUL_MAT 64x64)=0.9ms status=0
10-07 16:34:24.571 I/NpuProbe(26592): c[0]=128.000000 (esperado 128.0)
10-07 16:34:24.571 I/NpuProbe(26592): RESULTADO: APP-UID OK: sessao HTP + op executado com resultado correto
10-07 16:34:24.572 I/NpuProbe(26592): REPORT:
10-07 16:34:24.572 I/NpuProbe(26592): libdir=/data/app/~~3UkmhFXWWX7ubLoQQFx0uw==/br.gov.sp.pcsp.npuprobe-89k-OHcdIKmGw75W7th9bw==/lib/arm64
10-07 16:34:24.572 I/NpuProbe(26592): build=llama.cpp-upstream-pkg (v11-libs) + probe R4
10-07 16:34:24.572 I/NpuProbe(26592): controle-sistema (liblog.so)=OK
10-07 16:34:24.572 I/NpuProbe(26592): negativo-fake (libnaoexiste_xyz.so)=FALHOU err=dlopen failed: library "libnaoexiste_xyz.so" not found
10-07 16:34:24.572 I/NpuProbe(26592): cdsprpc-nome (libcdsprpc.so)=OK
10-07 16:34:24.572 I/NpuProbe(26592): cdsprpc-abs (/vendor/lib64/libcdsprpc.so)=OK
10-07 16:34:24.572 I/NpuProbe(26592): ADSP_LIBRARY_PATH=libdir (setenv)
10-07 16:34:24.572 I/NpuProbe(26592): load_all_from_path=11ms
10-07 16:34:24.572 I/NpuProbe(26592): load(hexagon direto)=FALHOU em 0ms
10-07 16:34:24.572 I/NpuProbe(26592): devices=4
10-07 16:34:24.572 I/NpuProbe(26592):   dev[0] Vulkan0 (Adreno (TM) 840)
10-07 16:34:24.572 I/NpuProbe(26592):   dev[1] GPUOpenCL (QUALCOMM Adreno(TM) 840)
10-07 16:34:24.572 I/NpuProbe(26592):   dev[2] HTP0 (Hexagon)
10-07 16:34:24.572 I/NpuProbe(26592):   dev[3] CPU (CPU)
10-07 16:34:24.572 I/NpuProbe(26592): dev_init(HTP0)=42ms -> SESSAO ABERTA
10-07 16:34:24.572 I/NpuProbe(26592): graph_compute(MUL_MAT 64x64)=0.9ms status=0
10-07 16:34:24.572 I/NpuProbe(26592): c[0]=128.000000 (esperado 128.0)
10-07 16:34:24.572 I/NpuProbe(26592): RESULTADO: APP-UID OK: sessao HTP + op executado com resultado correto
10-07 16:34:24.572 I/NpuProbe(26592): AUTO-GATILHO='smart:vulkan:vulkan'
10-07 16:34:24.573 I/NpuProbe(26592): SMART iniciando rota=vulkan:vulkan com /data/local/tmp/hymt2_app.gguf
10-07 16:34:24.573 I/NpuProbe(26592): SMARTv2 rota='vulkan:vulkan' mutante=(none)
10-07 16:34:24.574 I/NpuProbe(26592): MODO PONTE: origem=vulkan | destino=vulkan (Vulkan0)
10-07 16:34:26.202 I/NpuProbe(26592): load(origem)=869ms
10-07 16:34:26.309 I/NpuProbe(26592): ctxs prontos (cold_total=1737ms)
10-07 16:34:32.300 I/NpuProbe(26592): A1: ok=1 cap=1 tok1=29605 amostrados(s/d)=49/48 emitidos=49 consumidos=48
10-07 16:34:32.300 I/NpuProbe(26592): A1 tempos: prefill=835.51ms export=2471.00ms import=4.54ms gen=2625.25ms pp1=100.06ms
10-07 16:34:32.300 I/NpuProbe(26592): A1 espelho: passos=48 iguais=48 div_pos=-1
10-07 16:34:32.300 I/NpuProbe(26592): A1 texto:  sorry sorry sorry sorry sorry sorry sorry sorry sorry sorry sorry sorry sorry sorry sorry sorry sorry sorry sorry sorry sorry sorry sorry you"""""""""""""""""""�等与 sorry sorry sorry sorry
10-07 16:34:32.305 I/NpuProbe(26592): reset: pos cmp (origem=-1 destino=-1) -> VAZIO ok
10-07 16:34:39.701 I/NpuProbe(26592): A2: ok=1 texto igual ao A1: NAO
10-07 16:34:39.701 I/NpuProbe(26592): RESULTADO: SMART-PARCIAL (cap atingido; A-B-A diferente)
10-07 16:35:19.755 I/NpuProbe(27521): nativeLibraryDir=/data/app/~~3UkmhFXWWX7ubLoQQFx0uw==/br.gov.sp.pcsp.npuprobe-89k-OHcdIKmGw75W7th9bw==/lib/arm64
10-07 16:35:19.755 I/NpuProbe(27521): libdir=/data/app/~~3UkmhFXWWX7ubLoQQFx0uw==/br.gov.sp.pcsp.npuprobe-89k-OHcdIKmGw75W7th9bw==/lib/arm64
10-07 16:35:19.755 I/NpuProbe(27521): build=llama.cpp-upstream-pkg (v11-libs) + probe R4
10-07 16:35:19.755 I/NpuProbe(27521): controle-sistema (liblog.so)=OK
10-07 16:35:19.755 I/NpuProbe(27521): negativo-fake (libnaoexiste_xyz.so)=FALHOU err=dlopen failed: library "libnaoexiste_xyz.so" not found
10-07 16:35:19.756 I/NpuProbe(27521): cdsprpc-nome (libcdsprpc.so)=OK
10-07 16:35:19.756 I/NpuProbe(27521): cdsprpc-abs (/vendor/lib64/libcdsprpc.so)=OK
10-07 16:35:19.757 I/NpuProbe(27521): ADSP_LIBRARY_PATH=libdir (setenv)
10-07 16:35:19.758 I/NpuProbe(27521): [ggml] ggml_vulkan: Found 1 Vulkan devices:
10-07 16:35:19.758 I/NpuProbe(27521): [ggml] ggml_vulkan: 0 = Adreno (TM) 840 (Qualcomm Technologies Inc. Adreno Vulkan Driver) | uma: 1 | fp16: 1 | bf16: 0 | fp4: 0 | warp size: 64 | shared memory: 32768 | int dot: 0 | matrix cores: none
10-07 16:35:19.765 I/NpuProbe(27521): [ggml] ggml_opencl: selected platform: 'QUALCOMM Snapdragon(TM)'
10-07 16:35:19.766 I/NpuProbe(27521): [ggml] 
10-07 16:35:19.766 I/NpuProbe(27521): ggml_opencl: device: 'QUALCOMM Adreno(TM) 840 (OpenCL 3.0 Adreno(TM) 840)'
10-07 16:35:19.766 I/NpuProbe(27521): [ggml] ggml_opencl: default device: 'QUALCOMM Adreno(TM) 840 (OpenCL 3.0 Adreno(TM) 840)'
10-07 16:35:19.766 I/NpuProbe(27521): [ggml] ggml-hex: Loading driver libcdsprpc.so
10-07 16:35:19.768 I/NpuProbe(27521): [ggml] ggml-hex: FASTRPC_GET_DOMAINS query failed (0x14), using static CDSP domains
10-07 16:35:19.768 I/NpuProbe(27521): [ggml] ggml-hex: Hexagon backend (experimental) : allocating new registry : ndev 1
10-07 16:35:19.768 I/NpuProbe(27521): [ggml] ggml-hex: Hexagon Arch version v81, DMA64 enabled
10-07 16:35:19.768 I/NpuProbe(27521): [ggml] ggml-hex: device 0: HTP0 (phys=0, virt=0, domain=cdsp:3)
10-07 16:35:19.769 I/NpuProbe(27521): load_all_from_path=12ms
10-07 16:35:19.769 I/NpuProbe(27521): [ggml] load_backend: failed to find ggml_backend_init in /data/app/~~3UkmhFXWWX7ubLoQQFx0uw==/br.gov.sp.pcsp.npuprobe-89k-OHcdIKmGw75W7th9bw==/lib/arm64/libggml-hexagon.so
10-07 16:35:19.769 I/NpuProbe(27521): load(hexagon direto)=FALHOU em 0ms
10-07 16:35:19.769 I/NpuProbe(27521): devices=4
10-07 16:35:19.769 I/NpuProbe(27521):   dev[0] Vulkan0 (Adreno (TM) 840)
10-07 16:35:19.769 I/NpuProbe(27521):   dev[1] GPUOpenCL (QUALCOMM Adreno(TM) 840)
10-07 16:35:19.769 I/NpuProbe(27521):   dev[2] HTP0 (Hexagon)
10-07 16:35:19.769 I/NpuProbe(27521):   dev[3] CPU (CPU)
10-07 16:35:19.769 I/NpuProbe(27521): [ggml] ggml-hex: HTP0 allocating new session : domain 3 phys-idx 0 virt-idx 0
10-07 16:35:19.801 I/NpuProbe(27521): [ggml] ggml-hex: HTP0 hwinfo: threads 8, hvx 8, hmx 1, vtcm 8 MB
10-07 16:35:19.802 I/NpuProbe(27521): [ggml] ggml-hex: HTP0 new session : session-id 0 domain-id 3 uri file:///libggml-htp-v81.so?htp_iface_skel_handle_invoke&_modver=1.0&_dom=cdsp&_session=0 handle 0xb4000077cffad000
10-07 16:35:19.806 I/NpuProbe(27521): [ggml] ggml-hex: HTP0 op batching: n-bufs 16 n-tensors 8192 n-ops 1280 vmem 3311845376
10-07 16:35:19.809 I/NpuProbe(27521): dev_init(HTP0)=41ms -> SESSAO ABERTA
10-07 16:35:19.811 I/NpuProbe(27521): graph_compute(MUL_MAT 64x64)=0.9ms status=0
10-07 16:35:19.811 I/NpuProbe(27521): c[0]=128.000000 (esperado 128.0)
10-07 16:35:19.811 I/NpuProbe(27521): RESULTADO: APP-UID OK: sessao HTP + op executado com resultado correto
10-07 16:35:19.811 I/NpuProbe(27521): REPORT:
10-07 16:35:19.811 I/NpuProbe(27521): libdir=/data/app/~~3UkmhFXWWX7ubLoQQFx0uw==/br.gov.sp.pcsp.npuprobe-89k-OHcdIKmGw75W7th9bw==/lib/arm64
10-07 16:35:19.811 I/NpuProbe(27521): build=llama.cpp-upstream-pkg (v11-libs) + probe R4
10-07 16:35:19.811 I/NpuProbe(27521): controle-sistema (liblog.so)=OK
10-07 16:35:19.811 I/NpuProbe(27521): negativo-fake (libnaoexiste_xyz.so)=FALHOU err=dlopen failed: library "libnaoexiste_xyz.so" not found
10-07 16:35:19.811 I/NpuProbe(27521): cdsprpc-nome (libcdsprpc.so)=OK
10-07 16:35:19.811 I/NpuProbe(27521): cdsprpc-abs (/vendor/lib64/libcdsprpc.so)=OK
10-07 16:35:19.811 I/NpuProbe(27521): ADSP_LIBRARY_PATH=libdir (setenv)
10-07 16:35:19.811 I/NpuProbe(27521): load_all_from_path=12ms
10-07 16:35:19.811 I/NpuProbe(27521): load(hexagon direto)=FALHOU em 0ms
10-07 16:35:19.811 I/NpuProbe(27521): devices=4
10-07 16:35:19.811 I/NpuProbe(27521):   dev[0] Vulkan0 (Adreno (TM) 840)
10-07 16:35:19.811 I/NpuProbe(27521):   dev[1] GPUOpenCL (QUALCOMM Adreno(TM) 840)
10-07 16:35:19.811 I/NpuProbe(27521):   dev[2] HTP0 (Hexagon)
10-07 16:35:19.811 I/NpuProbe(27521):   dev[3] CPU (CPU)
10-07 16:35:19.811 I/NpuProbe(27521): dev_init(HTP0)=41ms -> SESSAO ABERTA
10-07 16:35:19.811 I/NpuProbe(27521): graph_compute(MUL_MAT 64x64)=0.9ms status=0
10-07 16:35:19.811 I/NpuProbe(27521): c[0]=128.000000 (esperado 128.0)
10-07 16:35:19.811 I/NpuProbe(27521): RESULTADO: APP-UID OK: sessao HTP + op executado com resultado correto
10-07 16:35:19.812 I/NpuProbe(27521): AUTO-GATILHO='smart:cpu:vulkan'
10-07 16:35:19.812 I/NpuProbe(27521): SMART iniciando rota=cpu:vulkan com /data/local/tmp/hymt2_app.gguf
10-07 16:35:19.812 I/NpuProbe(27521): SMARTv2 rota='cpu:vulkan' mutante=(none)
10-07 16:35:19.813 I/NpuProbe(27521): MODO PONTE: origem=cpu | destino=vulkan (Vulkan0)
10-07 16:35:20.693 I/NpuProbe(27521): load(origem)=162ms
10-07 16:35:20.719 I/NpuProbe(27521): ctxs prontos (cold_total=907ms)
10-07 16:35:24.730 I/NpuProbe(27521): A1: ok=1 cap=1 tok1=33 amostrados(s/d)=49/48 emitidos=49 consumidos=48
10-07 16:35:24.730 I/NpuProbe(27521): A1 tempos: prefill=618.57ms export=0.68ms import=3.14ms gen=3368.41ms pp1=492.06ms
10-07 16:35:24.730 I/NpuProbe(27521): A1 espelho: passos=48 iguais=24 div_pos=1
10-07 16:35:24.730 I/NpuProbe(27521): A1 texto: Bear
10-07 16:35:24.730 I/NpuProbe(27521): - 
10-07 16:35:24.730 I/NpuProbe(27521): “Meat
10-07 16:35:24.730 I/NpuProbe(27521): “Hob
10-07 16:35:24.730 I/NpuProbe(27521): “Hob
10-07 16:35:24.730 I/NpuProbe(27521): “Hob
10-07 16:35:24.730 I/NpuProbe(27521): “Hob
10-07 16:35:24.730 I/NpuProbe(27521): “Hob “The"Hob “Hoboh “OwOwOwOwOw
10-07 16:35:24.734 I/NpuProbe(27521): reset: pos cmp (origem=-1 destino=-1) -> VAZIO ok
10-07 16:35:28.335 I/NpuProbe(27521): A2: ok=1 texto igual ao A1: SIM
10-07 16:35:28.335 I/NpuProbe(27521): RESULTADO: SMART-PARCIAL (cap atingido; A-B-A igual)
10-07 16:35:28.405 I/NpuProbe(27521): SMART REPORT:
10-07 16:35:28.405 I/NpuProbe(27521): SMART (cpu:vulkan)
10-07 16:35:28.405 I/NpuProbe(27521): 
10-07 16:35:28.405 I/NpuProbe(27521): SMARTv2 rota='cpu:vulkan' mutante=(none)
10-07 16:35:28.405 I/NpuProbe(27521): MODO PONTE: origem=cpu | destino=vulkan (Vulkan0)
10-07 16:35:28.405 I/NpuProbe(27521): load(destino)=662ms
10-07 16:35:28.405 I/NpuProbe(27521): load(origem)=162ms
10-07 16:35:28.405 I/NpuProbe(27521): ctxs prontos (cold_total=907ms)
10-07 16:35:28.405 I/NpuProbe(27521): A1: ok=1 cap=1 tok1=33 amostrados(s/d)=49/48 emitidos=49 consumidos=48
10-07 16:35:28.405 I/NpuProbe(27521): A1 tempos: prefill=618.57ms export=0.68ms import=3.14ms gen=3368.41ms pp1=492.06ms
10-07 16:35:28.405 I/NpuProbe(27521): A1 espelho: passos=48 iguais=24 div_pos=1
10-07 16:35:28.405 I/NpuProbe(27521): A1 texto: Bear
10-07 16:35:28.405 I/NpuProbe(27521): - 
10-07 16:35:28.405 I/NpuProbe(27521): “Meat
10-07 16:35:28.405 I/NpuProbe(27521): “Hob
10-07 16:35:28.405 I/NpuProbe(27521): “Hob
10-07 16:35:28.405 I/NpuProbe(27521): “Hob
10-07 16:35:28.405 I/NpuProbe(27521): “Hob
10-07 16:35:28.405 I/NpuProbe(27521): “Hob “The"Hob “Hoboh “OwOwOwOwOw
10-07 16:35:28.405 I/NpuProbe(27521): reset: pos cmp (origem=-1 destino=-1) -> VAZIO ok
10-07 16:35:28.405 I/NpuProbe(27521): A2: ok=1 texto igual ao A1: SIM
10-07 16:35:28.405 I/NpuProbe(27521): RESULTADO: SMART-PARCIAL (cap atingido; A-B-A igual)
10-07 16:36:17.258 I/NpuProbe(27990): nativeLibraryDir=/data/app/~~3UkmhFXWWX7ubLoQQFx0uw==/br.gov.sp.pcsp.npuprobe-89k-OHcdIKmGw75W7th9bw==/lib/arm64
10-07 16:36:17.259 I/NpuProbe(27990): libdir=/data/app/~~3UkmhFXWWX7ubLoQQFx0uw==/br.gov.sp.pcsp.npuprobe-89k-OHcdIKmGw75W7th9bw==/lib/arm64
10-07 16:36:17.259 I/NpuProbe(27990): build=llama.cpp-upstream-pkg (v11-libs) + probe R4
10-07 16:36:17.259 I/NpuProbe(27990): controle-sistema (liblog.so)=OK
10-07 16:36:17.260 I/NpuProbe(27990): negativo-fake (libnaoexiste_xyz.so)=FALHOU err=dlopen failed: library "libnaoexiste_xyz.so" not found
10-07 16:36:17.260 I/NpuProbe(27990): cdsprpc-nome (libcdsprpc.so)=OK
10-07 16:36:17.261 I/NpuProbe(27990): cdsprpc-abs (/vendor/lib64/libcdsprpc.so)=OK
10-07 16:36:17.261 I/NpuProbe(27990): ADSP_LIBRARY_PATH=libdir (setenv)
10-07 16:36:17.262 I/NpuProbe(27990): [ggml] ggml_vulkan: Found 1 Vulkan devices:
10-07 16:36:17.263 I/NpuProbe(27990): [ggml] ggml_vulkan: 0 = Adreno (TM) 840 (Qualcomm Technologies Inc. Adreno Vulkan Driver) | uma: 1 | fp16: 1 | bf16: 0 | fp4: 0 | warp size: 64 | shared memory: 32768 | int dot: 0 | matrix cores: none
10-07 16:36:17.268 I/NpuProbe(27990): [ggml] ggml_opencl: selected platform: 'QUALCOMM Snapdragon(TM)'
10-07 16:36:17.268 I/NpuProbe(27990): [ggml] 
10-07 16:36:17.268 I/NpuProbe(27990): ggml_opencl: device: 'QUALCOMM Adreno(TM) 840 (OpenCL 3.0 Adreno(TM) 840)'
10-07 16:36:17.268 I/NpuProbe(27990): [ggml] ggml_opencl: default device: 'QUALCOMM Adreno(TM) 840 (OpenCL 3.0 Adreno(TM) 840)'
10-07 16:36:17.268 I/NpuProbe(27990): [ggml] ggml-hex: Loading driver libcdsprpc.so
10-07 16:36:17.269 I/NpuProbe(27990): [ggml] ggml-hex: FASTRPC_GET_DOMAINS query failed (0x14), using static CDSP domains
10-07 16:36:17.269 I/NpuProbe(27990): [ggml] ggml-hex: Hexagon backend (experimental) : allocating new registry : ndev 1
10-07 16:36:17.269 I/NpuProbe(27990): [ggml] ggml-hex: Hexagon Arch version v81, DMA64 enabled
10-07 16:36:17.269 I/NpuProbe(27990): [ggml] ggml-hex: device 0: HTP0 (phys=0, virt=0, domain=cdsp:3)
10-07 16:36:17.270 I/NpuProbe(27990): load_all_from_path=9ms
10-07 16:36:17.270 I/NpuProbe(27990): [ggml] load_backend: failed to find ggml_backend_init in /data/app/~~3UkmhFXWWX7ubLoQQFx0uw==/br.gov.sp.pcsp.npuprobe-89k-OHcdIKmGw75W7th9bw==/lib/arm64/libggml-hexagon.so
10-07 16:36:17.270 I/NpuProbe(27990): load(hexagon direto)=FALHOU em 0ms
10-07 16:36:17.270 I/NpuProbe(27990): devices=4
10-07 16:36:17.270 I/NpuProbe(27990):   dev[0] Vulkan0 (Adreno (TM) 840)
10-07 16:36:17.270 I/NpuProbe(27990):   dev[1] GPUOpenCL (QUALCOMM Adreno(TM) 840)
10-07 16:36:17.270 I/NpuProbe(27990):   dev[2] HTP0 (Hexagon)
10-07 16:36:17.271 I/NpuProbe(27990):   dev[3] CPU (CPU)
10-07 16:36:17.271 I/NpuProbe(27990): [ggml] ggml-hex: HTP0 allocating new session : domain 3 phys-idx 0 virt-idx 0
10-07 16:36:17.304 I/NpuProbe(27990): [ggml] ggml-hex: HTP0 hwinfo: threads 8, hvx 8, hmx 1, vtcm 8 MB
10-07 16:36:17.304 I/NpuProbe(27990): [ggml] ggml-hex: HTP0 new session : session-id 0 domain-id 3 uri file:///libggml-htp-v81.so?htp_iface_skel_handle_invoke&_modver=1.0&_dom=cdsp&_session=0 handle 0xb4000077c5fc0080
10-07 16:36:17.311 I/NpuProbe(27990): [ggml] ggml-hex: HTP0 op batching: n-bufs 16 n-tensors 8192 n-ops 1280 vmem 3311845376
10-07 16:36:17.314 I/NpuProbe(27990): dev_init(HTP0)=44ms -> SESSAO ABERTA
10-07 16:36:17.316 I/NpuProbe(27990): graph_compute(MUL_MAT 64x64)=0.9ms status=0
10-07 16:36:17.316 I/NpuProbe(27990): c[0]=128.000000 (esperado 128.0)
10-07 16:36:17.316 I/NpuProbe(27990): RESULTADO: APP-UID OK: sessao HTP + op executado com resultado correto
10-07 16:36:17.316 I/NpuProbe(27990): REPORT:
10-07 16:36:17.316 I/NpuProbe(27990): libdir=/data/app/~~3UkmhFXWWX7ubLoQQFx0uw==/br.gov.sp.pcsp.npuprobe-89k-OHcdIKmGw75W7th9bw==/lib/arm64
10-07 16:36:17.316 I/NpuProbe(27990): build=llama.cpp-upstream-pkg (v11-libs) + probe R4
10-07 16:36:17.316 I/NpuProbe(27990): controle-sistema (liblog.so)=OK
10-07 16:36:17.316 I/NpuProbe(27990): negativo-fake (libnaoexiste_xyz.so)=FALHOU err=dlopen failed: library "libnaoexiste_xyz.so" not found
10-07 16:36:17.316 I/NpuProbe(27990): cdsprpc-nome (libcdsprpc.so)=OK
10-07 16:36:17.316 I/NpuProbe(27990): cdsprpc-abs (/vendor/lib64/libcdsprpc.so)=OK
10-07 16:36:17.316 I/NpuProbe(27990): ADSP_LIBRARY_PATH=libdir (setenv)
10-07 16:36:17.316 I/NpuProbe(27990): load_all_from_path=9ms
10-07 16:36:17.316 I/NpuProbe(27990): load(hexagon direto)=FALHOU em 0ms
10-07 16:36:17.316 I/NpuProbe(27990): devices=4
10-07 16:36:17.316 I/NpuProbe(27990):   dev[0] Vulkan0 (Adreno (TM) 840)
10-07 16:36:17.316 I/NpuProbe(27990):   dev[1] GPUOpenCL (QUALCOMM Adreno(TM) 840)
10-07 16:36:17.316 I/NpuProbe(27990):   dev[2] HTP0 (Hexagon)
10-07 16:36:17.316 I/NpuProbe(27990):   dev[3] CPU (CPU)
10-07 16:36:17.316 I/NpuProbe(27990): dev_init(HTP0)=44ms -> SESSAO ABERTA
10-07 16:36:17.316 I/NpuProbe(27990): graph_compute(MUL_MAT 64x64)=0.9ms status=0
10-07 16:36:17.316 I/NpuProbe(27990): c[0]=128.000000 (esperado 128.0)
10-07 16:36:17.316 I/NpuProbe(27990): RESULTADO: APP-UID OK: sessao HTP + op executado com resultado correto
10-07 16:36:17.317 I/NpuProbe(27990): AUTO-GATILHO='smart:htp:cpu'
10-07 16:36:17.317 I/NpuProbe(27990): SMART iniciando rota=htp:cpu com /data/local/tmp/hymt2_app.gguf
10-07 16:36:17.317 I/NpuProbe(27990): SMARTv2 rota='htp:cpu' mutante=(none)
10-07 16:36:17.318 I/NpuProbe(27990): MODO PONTE: origem=htp | destino=cpu (CPU)
10-07 16:36:19.155 I/NpuProbe(27990): load(origem)=1617ms
10-07 16:36:19.199 I/NpuProbe(27990): ctxs prontos (cold_total=1882ms)
10-07 16:36:19.839 I/NpuProbe(27990): A1: ok=1 cap=0 tok1=33 amostrados(s/d)=9/8 emitidos=8 consumidos=8
10-07 16:36:19.839 I/NpuProbe(27990): A1 tempos: prefill=91.29ms export=0.61ms import=2.10ms gen=525.46ms pp1=68.52ms
10-07 16:36:19.839 I/NpuProbe(27990): A1 espelho: passos=8 iguais=8 div_pos=-1
10-07 16:36:19.839 I/NpuProbe(27990): A1 texto: Bom dia, como você está?
10-07 16:36:19.843 I/NpuProbe(27990): reset: pos cmp (origem=-1 destino=-1) -> VAZIO ok
10-07 16:36:20.468 I/NpuProbe(27990): A2: ok=1 texto igual ao A1: SIM
10-07 16:36:20.468 I/NpuProbe(27990): RESULTADO: SMART-ACEITO (htp->cpu; A-B-A integral; espelho 8/8)
10-07 16:36:20.544 I/NpuProbe(27990): SMART REPORT:
10-07 16:36:20.544 I/NpuProbe(27990): SMART (htp:cpu)
10-07 16:36:20.544 I/NpuProbe(27990): 
10-07 16:36:20.544 I/NpuProbe(27990): SMARTv2 rota='htp:cpu' mutante=(none)
10-07 16:36:20.544 I/NpuProbe(27990): MODO PONTE: origem=htp | destino=cpu (CPU)
10-07 16:36:20.544 I/NpuProbe(27990): load(destino)=191ms
10-07 16:36:20.544 I/NpuProbe(27990): load(origem)=1617ms
10-07 16:36:20.544 I/NpuProbe(27990): ctxs prontos (cold_total=1882ms)
10-07 16:36:20.544 I/NpuProbe(27990): A1: ok=1 cap=0 tok1=33 amostrados(s/d)=9/8 emitidos=8 consumidos=8
10-07 16:36:20.544 I/NpuProbe(27990): A1 tempos: prefill=91.29ms export=0.61ms import=2.10ms gen=525.46ms pp1=68.52ms
10-07 16:36:20.544 I/NpuProbe(27990): A1 espelho: passos=8 iguais=8 div_pos=-1
10-07 16:36:20.544 I/NpuProbe(27990): A1 texto: Bom dia, como você está?
10-07 16:36:20.544 I/NpuProbe(27990): reset: pos cmp (origem=-1 destino=-1) -> VAZIO ok
10-07 16:36:20.544 I/NpuProbe(27990): A2: ok=1 texto igual ao A1: SIM
10-07 16:36:20.544 I/NpuProbe(27990): RESULTADO: SMART-ACEITO (htp->cpu; A-B-A integral; espelho 8/8)
10-07 16:37:14.548 I/NpuProbe(28756): nativeLibraryDir=/data/app/~~3UkmhFXWWX7ubLoQQFx0uw==/br.gov.sp.pcsp.npuprobe-89k-OHcdIKmGw75W7th9bw==/lib/arm64
10-07 16:37:14.548 I/NpuProbe(28756): libdir=/data/app/~~3UkmhFXWWX7ubLoQQFx0uw==/br.gov.sp.pcsp.npuprobe-89k-OHcdIKmGw75W7th9bw==/lib/arm64
10-07 16:37:14.548 I/NpuProbe(28756): build=llama.cpp-upstream-pkg (v11-libs) + probe R4
10-07 16:37:14.548 I/NpuProbe(28756): controle-sistema (liblog.so)=OK
10-07 16:37:14.548 I/NpuProbe(28756): negativo-fake (libnaoexiste_xyz.so)=FALHOU err=dlopen failed: library "libnaoexiste_xyz.so" not found
10-07 16:37:14.549 I/NpuProbe(28756): cdsprpc-nome (libcdsprpc.so)=OK
10-07 16:37:14.549 I/NpuProbe(28756): cdsprpc-abs (/vendor/lib64/libcdsprpc.so)=OK
10-07 16:37:14.550 I/NpuProbe(28756): ADSP_LIBRARY_PATH=libdir (setenv)
10-07 16:37:14.551 I/NpuProbe(28756): [ggml] ggml_vulkan: Found 1 Vulkan devices:
10-07 16:37:14.551 I/NpuProbe(28756): [ggml] ggml_vulkan: 0 = Adreno (TM) 840 (Qualcomm Technologies Inc. Adreno Vulkan Driver) | uma: 1 | fp16: 1 | bf16: 0 | fp4: 0 | warp size: 64 | shared memory: 32768 | int dot: 0 | matrix cores: none
10-07 16:37:14.555 I/NpuProbe(28756): [ggml] ggml_opencl: selected platform: 'QUALCOMM Snapdragon(TM)'
10-07 16:37:14.556 I/NpuProbe(28756): [ggml] 
10-07 16:37:14.556 I/NpuProbe(28756): ggml_opencl: device: 'QUALCOMM Adreno(TM) 840 (OpenCL 3.0 Adreno(TM) 840)'
10-07 16:37:14.556 I/NpuProbe(28756): [ggml] ggml_opencl: default device: 'QUALCOMM Adreno(TM) 840 (OpenCL 3.0 Adreno(TM) 840)'
10-07 16:37:14.556 I/NpuProbe(28756): [ggml] ggml-hex: Loading driver libcdsprpc.so
10-07 16:37:14.557 I/NpuProbe(28756): [ggml] ggml-hex: FASTRPC_GET_DOMAINS query failed (0x14), using static CDSP domains
10-07 16:37:14.557 I/NpuProbe(28756): [ggml] ggml-hex: Hexagon backend (experimental) : allocating new registry : ndev 1
10-07 16:37:14.557 I/NpuProbe(28756): [ggml] ggml-hex: Hexagon Arch version v81, DMA64 enabled
10-07 16:37:14.557 I/NpuProbe(28756): [ggml] ggml-hex: device 0: HTP0 (phys=0, virt=0, domain=cdsp:3)
10-07 16:37:14.558 I/NpuProbe(28756): load_all_from_path=8ms
10-07 16:37:14.558 I/NpuProbe(28756): [ggml] load_backend: failed to find ggml_backend_init in /data/app/~~3UkmhFXWWX7ubLoQQFx0uw==/br.gov.sp.pcsp.npuprobe-89k-OHcdIKmGw75W7th9bw==/lib/arm64/libggml-hexagon.so
10-07 16:37:14.558 I/NpuProbe(28756): load(hexagon direto)=FALHOU em 0ms
10-07 16:37:14.558 I/NpuProbe(28756): devices=4
10-07 16:37:14.558 I/NpuProbe(28756):   dev[0] Vulkan0 (Adreno (TM) 840)
10-07 16:37:14.558 I/NpuProbe(28756):   dev[1] GPUOpenCL (QUALCOMM Adreno(TM) 840)
10-07 16:37:14.558 I/NpuProbe(28756):   dev[2] HTP0 (Hexagon)
10-07 16:37:14.558 I/NpuProbe(28756):   dev[3] CPU (CPU)
10-07 16:37:14.558 I/NpuProbe(28756): [ggml] ggml-hex: HTP0 allocating new session : domain 3 phys-idx 0 virt-idx 0
10-07 16:37:14.589 I/NpuProbe(28756): [ggml] ggml-hex: HTP0 hwinfo: threads 8, hvx 8, hmx 1, vtcm 8 MB
10-07 16:37:14.589 I/NpuProbe(28756): [ggml] ggml-hex: HTP0 new session : session-id 0 domain-id 3 uri file:///libggml-htp-v81.so?htp_iface_skel_handle_invoke&_modver=1.0&_dom=cdsp&_session=0 handle 0xb4000077c5ef40c0
10-07 16:37:14.594 I/NpuProbe(28756): [ggml] ggml-hex: HTP0 op batching: n-bufs 16 n-tensors 8192 n-ops 1280 vmem 3311845376
10-07 16:37:14.597 I/NpuProbe(28756): dev_init(HTP0)=39ms -> SESSAO ABERTA
10-07 16:37:14.598 I/NpuProbe(28756): graph_compute(MUL_MAT 64x64)=0.9ms status=0
10-07 16:37:14.598 I/NpuProbe(28756): c[0]=128.000000 (esperado 128.0)
10-07 16:37:14.598 I/NpuProbe(28756): RESULTADO: APP-UID OK: sessao HTP + op executado com resultado correto
10-07 16:37:14.599 I/NpuProbe(28756): REPORT:
10-07 16:37:14.599 I/NpuProbe(28756): libdir=/data/app/~~3UkmhFXWWX7ubLoQQFx0uw==/br.gov.sp.pcsp.npuprobe-89k-OHcdIKmGw75W7th9bw==/lib/arm64
10-07 16:37:14.599 I/NpuProbe(28756): build=llama.cpp-upstream-pkg (v11-libs) + probe R4
10-07 16:37:14.599 I/NpuProbe(28756): controle-sistema (liblog.so)=OK
10-07 16:37:14.599 I/NpuProbe(28756): negativo-fake (libnaoexiste_xyz.so)=FALHOU err=dlopen failed: library "libnaoexiste_xyz.so" not found
10-07 16:37:14.599 I/NpuProbe(28756): cdsprpc-nome (libcdsprpc.so)=OK
10-07 16:37:14.599 I/NpuProbe(28756): cdsprpc-abs (/vendor/lib64/libcdsprpc.so)=OK
10-07 16:37:14.599 I/NpuProbe(28756): ADSP_LIBRARY_PATH=libdir (setenv)
10-07 16:37:14.599 I/NpuProbe(28756): load_all_from_path=8ms
10-07 16:37:14.599 I/NpuProbe(28756): load(hexagon direto)=FALHOU em 0ms
10-07 16:37:14.599 I/NpuProbe(28756): devices=4
10-07 16:37:14.599 I/NpuProbe(28756):   dev[0] Vulkan0 (Adreno (TM) 840)
10-07 16:37:14.599 I/NpuProbe(28756):   dev[1] GPUOpenCL (QUALCOMM Adreno(TM) 840)
10-07 16:37:14.599 I/NpuProbe(28756):   dev[2] HTP0 (Hexagon)
10-07 16:37:14.599 I/NpuProbe(28756):   dev[3] CPU (CPU)
10-07 16:37:14.599 I/NpuProbe(28756): dev_init(HTP0)=39ms -> SESSAO ABERTA
10-07 16:37:14.599 I/NpuProbe(28756): graph_compute(MUL_MAT 64x64)=0.9ms status=0
10-07 16:37:14.599 I/NpuProbe(28756): c[0]=128.000000 (esperado 128.0)
10-07 16:37:14.599 I/NpuProbe(28756): RESULTADO: APP-UID OK: sessao HTP + op executado com resultado correto
10-07 16:37:14.599 I/NpuProbe(28756): AUTO-GATILHO='smart:vulkan:cpu'
10-07 16:37:14.599 I/NpuProbe(28756): SMART iniciando rota=vulkan:cpu com /data/local/tmp/hymt2_app.gguf
10-07 16:37:14.600 I/NpuProbe(28756): SMARTv2 rota='vulkan:cpu' mutante=(none)
10-07 16:37:14.601 I/NpuProbe(28756): MODO PONTE: origem=vulkan | destino=cpu (CPU)
10-07 16:37:24.256 I/NpuProbe(28756): A1: ok=1 cap=1 tok1=29605 amostrados(s/d)=49/48 emitidos=49 consumidos=48
10-07 16:37:24.256 I/NpuProbe(28756): A1 tempos: prefill=775.57ms export=4806.16ms import=9.80ms gen=3282.64ms pp1=110.90ms
10-07 16:37:24.256 I/NpuProbe(28756): A1 espelho: passos=48 iguais=22 div_pos=23
10-07 16:37:24.256 I/NpuProbe(28756): A1 texto:  sorry sorry sorry sorry sorry sorry sorry sorry sorry sorry sorry sorry sorry sorry sorry sorry sorry sorry sorry sorry sorry sorry sorry sorry sorry sorry sorry sorry sorry sorry sorry sorry sorry sorry sorry sorry sorry sorry sorry sorry sorry sorry sorry sorry sorry sorry sorry sorry sorry
10-07 16:37:24.260 I/NpuProbe(28756): reset: pos cmp (origem=-1 destino=-1) -> VAZIO ok
10-07 16:37:34.042 I/NpuProbe(28756): A2: ok=1 texto igual ao A1: SIM
10-07 16:37:34.042 I/NpuProbe(28756): RESULTADO: SMART-PARCIAL (cap atingido; A-B-A igual)
10-07 16:37:34.148 I/NpuProbe(28756): SMART REPORT:
10-07 16:37:34.148 I/NpuProbe(28756): SMART (vulkan:cpu)
10-07 16:37:34.148 I/NpuProbe(28756): 
10-07 16:37:34.148 I/NpuProbe(28756): SMARTv2 rota='vulkan:cpu' mutante=(none)
10-07 16:37:34.148 I/NpuProbe(28756): MODO PONTE: origem=vulkan | destino=cpu (CPU)
10-07 16:37:34.148 I/NpuProbe(28756): load(destino)=179ms
10-07 16:37:34.148 I/NpuProbe(28756): load(origem)=495ms
10-07 16:37:34.148 I/NpuProbe(28756): ctxs prontos (cold_total=760ms)
10-07 16:37:34.148 I/NpuProbe(28756): A1: ok=1 cap=1 tok1=29605 amostrados(s/d)=49/48 emitidos=49 consumidos=48
10-07 16:37:34.148 I/NpuProbe(28756): A1 tempos: prefill=775.57ms export=4806.16ms import=9.80ms gen=3282.64ms pp1=110.90ms
10-07 16:37:34.148 I/NpuProbe(28756): A1 espelho: passos=48 iguais=22 div_pos=23
10-07 16:37:34.148 I/NpuProbe(28756): A1 texto:  sorry sorry sorry sorry sorry sorry sorry sorry sorry sorry sorry sorry sorry sorry sorry sorry sorry sorry sorry sorry sorry sorry sorry sorry sorry sorry sorry sorry sorry sorry sorry sorry sorry sorry sorry sorry sorry sorry sorry sorry sorry sorry sorry sorry sorry sorry sorry sorry sorry
10-07 16:37:34.148 I/NpuProbe(28756): reset: pos cmp (origem=-1 destino=-1) -> VAZIO ok
10-07 16:37:34.148 I/NpuProbe(28756): A2: ok=1 texto igual ao A1: SIM
10-07 16:37:34.148 I/NpuProbe(28756): RESULTADO: SMART-PARCIAL (cap atingido; A-B-A igual)
10-07 16:38:08.334 I/NpuProbe(29705): nativeLibraryDir=/data/app/~~3UkmhFXWWX7ubLoQQFx0uw==/br.gov.sp.pcsp.npuprobe-89k-OHcdIKmGw75W7th9bw==/lib/arm64
10-07 16:38:08.334 I/NpuProbe(29705): libdir=/data/app/~~3UkmhFXWWX7ubLoQQFx0uw==/br.gov.sp.pcsp.npuprobe-89k-OHcdIKmGw75W7th9bw==/lib/arm64
10-07 16:38:08.334 I/NpuProbe(29705): build=llama.cpp-upstream-pkg (v11-libs) + probe R4
10-07 16:38:08.335 I/NpuProbe(29705): controle-sistema (liblog.so)=OK
10-07 16:38:08.335 I/NpuProbe(29705): negativo-fake (libnaoexiste_xyz.so)=FALHOU err=dlopen failed: library "libnaoexiste_xyz.so" not found
10-07 16:38:08.336 I/NpuProbe(29705): cdsprpc-nome (libcdsprpc.so)=OK
10-07 16:38:08.336 I/NpuProbe(29705): cdsprpc-abs (/vendor/lib64/libcdsprpc.so)=OK
10-07 16:38:08.336 I/NpuProbe(29705): ADSP_LIBRARY_PATH=libdir (setenv)
10-07 16:38:08.338 I/NpuProbe(29705): [ggml] ggml_vulkan: Found 1 Vulkan devices:
10-07 16:38:08.338 I/NpuProbe(29705): [ggml] ggml_vulkan: 0 = Adreno (TM) 840 (Qualcomm Technologies Inc. Adreno Vulkan Driver) | uma: 1 | fp16: 1 | bf16: 0 | fp4: 0 | warp size: 64 | shared memory: 32768 | int dot: 0 | matrix cores: none
10-07 16:38:08.343 I/NpuProbe(29705): [ggml] ggml_opencl: selected platform: 'QUALCOMM Snapdragon(TM)'
10-07 16:38:08.343 I/NpuProbe(29705): [ggml] 
10-07 16:38:08.343 I/NpuProbe(29705): ggml_opencl: device: 'QUALCOMM Adreno(TM) 840 (OpenCL 3.0 Adreno(TM) 840)'
10-07 16:38:08.343 I/NpuProbe(29705): [ggml] ggml_opencl: default device: 'QUALCOMM Adreno(TM) 840 (OpenCL 3.0 Adreno(TM) 840)'
10-07 16:38:08.344 I/NpuProbe(29705): [ggml] ggml-hex: Loading driver libcdsprpc.so
10-07 16:38:08.345 I/NpuProbe(29705): [ggml] ggml-hex: FASTRPC_GET_DOMAINS query failed (0x14), using static CDSP domains
10-07 16:38:08.345 I/NpuProbe(29705): [ggml] ggml-hex: Hexagon backend (experimental) : allocating new registry : ndev 1
10-07 16:38:08.345 I/NpuProbe(29705): [ggml] ggml-hex: Hexagon Arch version v81, DMA64 enabled
10-07 16:38:08.345 I/NpuProbe(29705): [ggml] ggml-hex: device 0: HTP0 (phys=0, virt=0, domain=cdsp:3)
10-07 16:38:08.346 I/NpuProbe(29705): load_all_from_path=10ms
10-07 16:38:08.346 I/NpuProbe(29705): [ggml] load_backend: failed to find ggml_backend_init in /data/app/~~3UkmhFXWWX7ubLoQQFx0uw==/br.gov.sp.pcsp.npuprobe-89k-OHcdIKmGw75W7th9bw==/lib/arm64/libggml-hexagon.so
10-07 16:38:08.346 I/NpuProbe(29705): load(hexagon direto)=FALHOU em 0ms
10-07 16:38:08.346 I/NpuProbe(29705): devices=4
10-07 16:38:08.346 I/NpuProbe(29705):   dev[0] Vulkan0 (Adreno (TM) 840)
10-07 16:38:08.346 I/NpuProbe(29705):   dev[1] GPUOpenCL (QUALCOMM Adreno(TM) 840)
10-07 16:38:08.346 I/NpuProbe(29705):   dev[2] HTP0 (Hexagon)
10-07 16:38:08.346 I/NpuProbe(29705):   dev[3] CPU (CPU)
10-07 16:38:08.346 I/NpuProbe(29705): [ggml] ggml-hex: HTP0 allocating new session : domain 3 phys-idx 0 virt-idx 0
10-07 16:38:08.378 I/NpuProbe(29705): [ggml] ggml-hex: HTP0 hwinfo: threads 8, hvx 8, hmx 1, vtcm 8 MB
10-07 16:38:08.378 I/NpuProbe(29705): [ggml] ggml-hex: HTP0 new session : session-id 0 domain-id 3 uri file:///libggml-htp-v81.so?htp_iface_skel_handle_invoke&_modver=1.0&_dom=cdsp&_session=0 handle 0xb4000077c5f870c0
10-07 16:38:08.384 I/NpuProbe(29705): [ggml] ggml-hex: HTP0 op batching: n-bufs 16 n-tensors 8192 n-ops 1280 vmem 3311845376
10-07 16:38:08.387 I/NpuProbe(29705): dev_init(HTP0)=41ms -> SESSAO ABERTA
10-07 16:38:08.388 I/NpuProbe(29705): graph_compute(MUL_MAT 64x64)=0.8ms status=0
10-07 16:38:08.388 I/NpuProbe(29705): c[0]=128.000000 (esperado 128.0)
10-07 16:38:08.388 I/NpuProbe(29705): RESULTADO: APP-UID OK: sessao HTP + op executado com resultado correto
10-07 16:38:08.389 I/NpuProbe(29705): REPORT:
10-07 16:38:08.389 I/NpuProbe(29705): libdir=/data/app/~~3UkmhFXWWX7ubLoQQFx0uw==/br.gov.sp.pcsp.npuprobe-89k-OHcdIKmGw75W7th9bw==/lib/arm64
10-07 16:38:08.389 I/NpuProbe(29705): build=llama.cpp-upstream-pkg (v11-libs) + probe R4
10-07 16:38:08.389 I/NpuProbe(29705): controle-sistema (liblog.so)=OK
10-07 16:38:08.389 I/NpuProbe(29705): negativo-fake (libnaoexiste_xyz.so)=FALHOU err=dlopen failed: library "libnaoexiste_xyz.so" not found
10-07 16:38:08.389 I/NpuProbe(29705): cdsprpc-nome (libcdsprpc.so)=OK
10-07 16:38:08.389 I/NpuProbe(29705): cdsprpc-abs (/vendor/lib64/libcdsprpc.so)=OK
10-07 16:38:08.389 I/NpuProbe(29705): ADSP_LIBRARY_PATH=libdir (setenv)
10-07 16:38:08.389 I/NpuProbe(29705): load_all_from_path=10ms
10-07 16:38:08.389 I/NpuProbe(29705): load(hexagon direto)=FALHOU em 0ms
10-07 16:38:08.389 I/NpuProbe(29705): devices=4
10-07 16:38:08.389 I/NpuProbe(29705):   dev[0] Vulkan0 (Adreno (TM) 840)
10-07 16:38:08.389 I/NpuProbe(29705):   dev[1] GPUOpenCL (QUALCOMM Adreno(TM) 840)
10-07 16:38:08.389 I/NpuProbe(29705):   dev[2] HTP0 (Hexagon)
10-07 16:38:08.389 I/NpuProbe(29705):   dev[3] CPU (CPU)
10-07 16:38:08.389 I/NpuProbe(29705): dev_init(HTP0)=41ms -> SESSAO ABERTA
10-07 16:38:08.389 I/NpuProbe(29705): graph_compute(MUL_MAT 64x64)=0.8ms status=0
10-07 16:38:08.389 I/NpuProbe(29705): c[0]=128.000000 (esperado 128.0)
10-07 16:38:08.389 I/NpuProbe(29705): RESULTADO: APP-UID OK: sessao HTP + op executado com resultado correto
10-07 16:38:08.389 I/NpuProbe(29705): AUTO-GATILHO='smart:puro:opencl'
10-07 16:38:08.390 I/NpuProbe(29705): SMART iniciando rota=puro:opencl com /data/local/tmp/hymt2_app.gguf
10-07 16:38:08.390 I/NpuProbe(29705): SMARTv2 rota='puro:opencl' mutante=(none)
10-07 16:38:08.391 I/NpuProbe(29705): MODO PURO: origem=(nenhuma) | destino=opencl (GPUOpenCL)
10-07 16:38:11.306 I/NpuProbe(29705): load(destino)=2915ms
10-07 16:38:11.306 I/NpuProbe(29705): [ggml] ggml_opencl: OpenCL device: QUALCOMM Adreno(TM) 840
10-07 16:38:11.306 I/NpuProbe(29705): [ggml] ggml_opencl: OpenCL driver: OpenCL 3.0 QUALCOMM build: 0842.41 Compiler E031.50.19.27
10-07 16:38:11.306 I/NpuProbe(29705): [ggml] ggml_opencl: vector subgroup broadcast support: true
10-07 16:38:11.306 I/NpuProbe(29705): [ggml] ggml_opencl: subgroup shuffle support: true
10-07 16:38:11.306 I/NpuProbe(29705): [ggml] ggml_opencl: device FP16 support: true
10-07 16:38:11.306 I/NpuProbe(29705): [ggml] ggml_opencl: khr dot product support: true
10-07 16:38:11.306 I/NpuProbe(29705): [ggml] ggml_opencl: mem base addr align: 128
10-07 16:38:11.306 I/NpuProbe(29705): [ggml] ggml_opencl: global mem size: 7555 MB
10-07 16:38:11.306 I/NpuProbe(29705): [ggml] ggml_opencl: max mem alloc size: 2048 MB
10-07 16:38:11.306 I/NpuProbe(29705): [ggml] ggml_opencl: device max image buffer size (pixels): 2147483648
10-07 16:38:11.306 I/NpuProbe(29705): [ggml] ggml_opencl: device max image2d size: 16384 x 16384
10-07 16:38:11.306 I/NpuProbe(29705): [ggml] ggml_opencl: device max workgroup size: 1024
10-07 16:38:11.306 I/NpuProbe(29705): [ggml] ggml_opencl: SVM coarse grain buffer support: true
10-07 16:38:11.306 I/NpuProbe(29705): [ggml] ggml_opencl: SVM fine grain buffer support: true
10-07 16:38:11.306 I/NpuProbe(29705): [ggml] ggml_opencl: SVM fine grain system support: false
10-07 16:38:11.306 I/NpuProbe(29705): [ggml] ggml_opencl: SVM atomics support: true
10-07 16:38:11.306 I/NpuProbe(29705): [ggml] ggml_opencl: cl_qcom_subgroup_shuffle support: true
10-07 16:38:11.306 I/NpuProbe(29705): [ggml] ggml_opencl: flattening quantized weights representation as struct of arrays (GGML_OPENCL_SOA_Q)
10-07 16:38:11.306 I/NpuProbe(29705): [ggml] ggml_opencl: using kernels optimized for Adreno (GGML_OPENCL_USE_ADRENO_KERNELS)
10-07 16:38:11.306 I/NpuProbe(29705): [ggml] ggml_opencl: Adreno xmem F16xF32 GEMM enabled (temporary weight prepack)
10-07 16:38:11.759 I/NpuProbe(29705): puro: ok=1 pieces=8 prefill=159.47ms gen=266.31ms pp1=0.39ms
10-07 16:38:11.759 I/NpuProbe(29705): puro texto: Bom dia, como você está?
10-07 16:38:11.759 I/NpuProbe(29705): RESULTADO: SMART-ACEITO (puro opencl; baseline de numerica)
10-07 16:38:11.813 I/NpuProbe(29705): SMART REPORT:
10-07 16:38:11.813 I/NpuProbe(29705): SMART (puro:opencl)
10-07 16:38:11.813 I/NpuProbe(29705): 
10-07 16:38:11.813 I/NpuProbe(29705): SMARTv2 rota='puro:opencl' mutante=(none)
10-07 16:38:11.813 I/NpuProbe(29705): MODO PURO: origem=(nenhuma) | destino=opencl (GPUOpenCL)
10-07 16:38:11.813 I/NpuProbe(29705): load(destino)=2915ms
10-07 16:38:11.813 I/NpuProbe(29705): puro: ok=1 pieces=8 prefill=159.47ms gen=266.31ms pp1=0.39ms
10-07 16:38:11.813 I/NpuProbe(29705): puro texto: Bom dia, como você está?
10-07 16:38:11.813 I/NpuProbe(29705): RESULTADO: SMART-ACEITO (puro opencl; baseline de numerica)
10-07 16:39:02.073 I/NpuProbe(30263): nativeLibraryDir=/data/app/~~3UkmhFXWWX7ubLoQQFx0uw==/br.gov.sp.pcsp.npuprobe-89k-OHcdIKmGw75W7th9bw==/lib/arm64
10-07 16:39:02.073 I/NpuProbe(30263): libdir=/data/app/~~3UkmhFXWWX7ubLoQQFx0uw==/br.gov.sp.pcsp.npuprobe-89k-OHcdIKmGw75W7th9bw==/lib/arm64
10-07 16:39:02.073 I/NpuProbe(30263): build=llama.cpp-upstream-pkg (v11-libs) + probe R4
10-07 16:39:02.073 I/NpuProbe(30263): controle-sistema (liblog.so)=OK
10-07 16:39:02.074 I/NpuProbe(30263): negativo-fake (libnaoexiste_xyz.so)=FALHOU err=dlopen failed: library "libnaoexiste_xyz.so" not found
10-07 16:39:02.074 I/NpuProbe(30263): cdsprpc-nome (libcdsprpc.so)=OK
10-07 16:39:02.075 I/NpuProbe(30263): cdsprpc-abs (/vendor/lib64/libcdsprpc.so)=OK
10-07 16:39:02.075 I/NpuProbe(30263): ADSP_LIBRARY_PATH=libdir (setenv)
10-07 16:39:02.076 I/NpuProbe(30263): [ggml] ggml_vulkan: Found 1 Vulkan devices:
10-07 16:39:02.076 I/NpuProbe(30263): [ggml] ggml_vulkan: 0 = Adreno (TM) 840 (Qualcomm Technologies Inc. Adreno Vulkan Driver) | uma: 1 | fp16: 1 | bf16: 0 | fp4: 0 | warp size: 64 | shared memory: 32768 | int dot: 0 | matrix cores: none
10-07 16:39:02.081 I/NpuProbe(30263): [ggml] ggml_opencl: selected platform: 'QUALCOMM Snapdragon(TM)'
10-07 16:39:02.081 I/NpuProbe(30263): [ggml] 
10-07 16:39:02.081 I/NpuProbe(30263): ggml_opencl: device: 'QUALCOMM Adreno(TM) 840 (OpenCL 3.0 Adreno(TM) 840)'
10-07 16:39:02.081 I/NpuProbe(30263): [ggml] ggml_opencl: default device: 'QUALCOMM Adreno(TM) 840 (OpenCL 3.0 Adreno(TM) 840)'
10-07 16:39:02.081 I/NpuProbe(30263): [ggml] ggml-hex: Loading driver libcdsprpc.so
10-07 16:39:02.082 I/NpuProbe(30263): [ggml] ggml-hex: FASTRPC_GET_DOMAINS query failed (0x14), using static CDSP domains
10-07 16:39:02.082 I/NpuProbe(30263): [ggml] ggml-hex: Hexagon backend (experimental) : allocating new registry : ndev 1
10-07 16:39:02.082 I/NpuProbe(30263): [ggml] ggml-hex: Hexagon Arch version v81, DMA64 enabled
10-07 16:39:02.082 I/NpuProbe(30263): [ggml] ggml-hex: device 0: HTP0 (phys=0, virt=0, domain=cdsp:3)
10-07 16:39:02.083 I/NpuProbe(30263): load_all_from_path=8ms
10-07 16:39:02.083 I/NpuProbe(30263): [ggml] load_backend: failed to find ggml_backend_init in /data/app/~~3UkmhFXWWX7ubLoQQFx0uw==/br.gov.sp.pcsp.npuprobe-89k-OHcdIKmGw75W7th9bw==/lib/arm64/libggml-hexagon.so
10-07 16:39:02.083 I/NpuProbe(30263): load(hexagon direto)=FALHOU em 0ms
10-07 16:39:02.083 I/NpuProbe(30263): devices=4
10-07 16:39:02.083 I/NpuProbe(30263):   dev[0] Vulkan0 (Adreno (TM) 840)
10-07 16:39:02.083 I/NpuProbe(30263):   dev[1] GPUOpenCL (QUALCOMM Adreno(TM) 840)
10-07 16:39:02.083 I/NpuProbe(30263):   dev[2] HTP0 (Hexagon)
10-07 16:39:02.083 I/NpuProbe(30263):   dev[3] CPU (CPU)
10-07 16:39:02.083 I/NpuProbe(30263): [ggml] ggml-hex: HTP0 allocating new session : domain 3 phys-idx 0 virt-idx 0
10-07 16:39:02.115 I/NpuProbe(30263): [ggml] ggml-hex: HTP0 hwinfo: threads 8, hvx 8, hmx 1, vtcm 8 MB
10-07 16:39:02.115 I/NpuProbe(30263): [ggml] ggml-hex: HTP0 new session : session-id 0 domain-id 3 uri file:///libggml-htp-v81.so?htp_iface_skel_handle_invoke&_modver=1.0&_dom=cdsp&_session=0 handle 0xb4000077c5fc1bc0
10-07 16:39:02.120 I/NpuProbe(30263): [ggml] ggml-hex: HTP0 op batching: n-bufs 16 n-tensors 8192 n-ops 1280 vmem 3311845376
10-07 16:39:02.124 I/NpuProbe(30263): dev_init(HTP0)=40ms -> SESSAO ABERTA
10-07 16:39:02.125 I/NpuProbe(30263): graph_compute(MUL_MAT 64x64)=0.8ms status=0
10-07 16:39:02.125 I/NpuProbe(30263): c[0]=128.000000 (esperado 128.0)
10-07 16:39:02.125 I/NpuProbe(30263): RESULTADO: APP-UID OK: sessao HTP + op executado com resultado correto
10-07 16:39:02.125 I/NpuProbe(30263): REPORT:
10-07 16:39:02.125 I/NpuProbe(30263): libdir=/data/app/~~3UkmhFXWWX7ubLoQQFx0uw==/br.gov.sp.pcsp.npuprobe-89k-OHcdIKmGw75W7th9bw==/lib/arm64
10-07 16:39:02.125 I/NpuProbe(30263): build=llama.cpp-upstream-pkg (v11-libs) + probe R4
10-07 16:39:02.125 I/NpuProbe(30263): controle-sistema (liblog.so)=OK
10-07 16:39:02.125 I/NpuProbe(30263): negativo-fake (libnaoexiste_xyz.so)=FALHOU err=dlopen failed: library "libnaoexiste_xyz.so" not found
10-07 16:39:02.125 I/NpuProbe(30263): cdsprpc-nome (libcdsprpc.so)=OK
10-07 16:39:02.125 I/NpuProbe(30263): cdsprpc-abs (/vendor/lib64/libcdsprpc.so)=OK
10-07 16:39:02.125 I/NpuProbe(30263): ADSP_LIBRARY_PATH=libdir (setenv)
10-07 16:39:02.125 I/NpuProbe(30263): load_all_from_path=8ms
10-07 16:39:02.125 I/NpuProbe(30263): load(hexagon direto)=FALHOU em 0ms
10-07 16:39:02.125 I/NpuProbe(30263): devices=4
10-07 16:39:02.125 I/NpuProbe(30263):   dev[0] Vulkan0 (Adreno (TM) 840)
10-07 16:39:02.125 I/NpuProbe(30263):   dev[1] GPUOpenCL (QUALCOMM Adreno(TM) 840)
10-07 16:39:02.125 I/NpuProbe(30263):   dev[2] HTP0 (Hexagon)
10-07 16:39:02.125 I/NpuProbe(30263):   dev[3] CPU (CPU)
10-07 16:39:02.125 I/NpuProbe(30263): dev_init(HTP0)=40ms -> SESSAO ABERTA
10-07 16:39:02.125 I/NpuProbe(30263): graph_compute(MUL_MAT 64x64)=0.8ms status=0
10-07 16:39:02.125 I/NpuProbe(30263): c[0]=128.000000 (esperado 128.0)
10-07 16:39:02.125 I/NpuProbe(30263): RESULTADO: APP-UID OK: sessao HTP + op executado com resultado correto
10-07 16:39:02.126 I/NpuProbe(30263): AUTO-GATILHO='smart:opencl'
10-07 16:39:02.126 I/NpuProbe(30263): SMART iniciando rota=opencl com /data/local/tmp/hymt2_app.gguf
10-07 16:39:02.126 I/NpuProbe(30263): SMARTv2 rota='opencl' mutante=(none)
10-07 16:39:02.127 I/NpuProbe(30263): MODO PONTE: origem=htp | destino=opencl (GPUOpenCL)
10-07 16:39:04.787 I/NpuProbe(30263): load(destino)=2660ms
10-07 16:39:04.787 I/NpuProbe(30263): [ggml] ggml_opencl: OpenCL device: QUALCOMM Adreno(TM) 840
10-07 16:39:04.787 I/NpuProbe(30263): [ggml] ggml_opencl: OpenCL driver: OpenCL 3.0 QUALCOMM build: 0842.41 Compiler E031.50.19.27
10-07 16:39:04.787 I/NpuProbe(30263): [ggml] ggml_opencl: vector subgroup broadcast support: true
10-07 16:39:04.787 I/NpuProbe(30263): [ggml] ggml_opencl: subgroup shuffle support: true
10-07 16:39:04.787 I/NpuProbe(30263): [ggml] ggml_opencl: device FP16 support: true
10-07 16:39:04.787 I/NpuProbe(30263): [ggml] ggml_opencl: khr dot product support: true
10-07 16:39:04.787 I/NpuProbe(30263): [ggml] ggml_opencl: mem base addr align: 128
10-07 16:39:04.787 I/NpuProbe(30263): [ggml] ggml_opencl: global mem size: 7555 MB
10-07 16:39:04.787 I/NpuProbe(30263): [ggml] ggml_opencl: max mem alloc size: 2048 MB
10-07 16:39:04.787 I/NpuProbe(30263): [ggml] ggml_opencl: device max image buffer size (pixels): 2147483648
10-07 16:39:04.787 I/NpuProbe(30263): [ggml] ggml_opencl: device max image2d size: 16384 x 16384
10-07 16:39:04.787 I/NpuProbe(30263): [ggml] ggml_opencl: device max workgroup size: 1024
10-07 16:39:04.787 I/NpuProbe(30263): [ggml] ggml_opencl: SVM coarse grain buffer support: true
10-07 16:39:04.787 I/NpuProbe(30263): [ggml] ggml_opencl: SVM fine grain buffer support: true
10-07 16:39:04.787 I/NpuProbe(30263): [ggml] ggml_opencl: SVM fine grain system support: false
10-07 16:39:04.787 I/NpuProbe(30263): [ggml] ggml_opencl: SVM atomics support: true
10-07 16:39:04.787 I/NpuProbe(30263): [ggml] ggml_opencl: cl_qcom_subgroup_shuffle support: true
10-07 16:39:04.787 I/NpuProbe(30263): [ggml] ggml_opencl: flattening quantized weights representation as struct of arrays (GGML_OPENCL_SOA_Q)
10-07 16:39:04.787 I/NpuProbe(30263): [ggml] ggml_opencl: using kernels optimized for Adreno (GGML_OPENCL_USE_ADRENO_KERNELS)
10-07 16:39:04.787 I/NpuProbe(30263): [ggml] ggml_opencl: Adreno xmem F16xF32 GEMM enabled (temporary weight prepack)
10-07 16:39:06.383 I/NpuProbe(30263): load(origem)=1564ms
10-07 16:39:06.423 I/NpuProbe(30263): ctxs prontos (cold_total=4297ms)
10-07 16:39:07.178 I/NpuProbe(30263): A1: ok=1 cap=0 tok1=33 amostrados(s/d)=9/8 emitidos=8 consumidos=8
10-07 16:39:07.178 I/NpuProbe(30263): A1 tempos: prefill=91.25ms export=0.78ms import=21.61ms gen=581.46ms pp1=58.81ms
10-07 16:39:07.178 I/NpuProbe(30263): A1 espelho: passos=8 iguais=8 div_pos=-1
10-07 16:39:07.178 I/NpuProbe(30263): A1 texto: Bom dia, como você está?
10-07 16:39:07.190 I/NpuProbe(30263): reset: pos cmp (origem=-1 destino=-1) -> VAZIO ok
10-07 16:39:08.127 I/NpuProbe(30263): A2: ok=1 texto igual ao A1: SIM
10-07 16:39:08.127 I/NpuProbe(30263): RESULTADO: SMART-ACEITO (htp->opencl; A-B-A integral; espelho 8/8)
10-07 16:39:08.214 I/NpuProbe(30263): SMART REPORT:
10-07 16:39:08.214 I/NpuProbe(30263): SMART (opencl)
10-07 16:39:08.214 I/NpuProbe(30263): 
10-07 16:39:08.214 I/NpuProbe(30263): SMARTv2 rota='opencl' mutante=(none)
10-07 16:39:08.214 I/NpuProbe(30263): MODO PONTE: origem=htp | destino=opencl (GPUOpenCL)
10-07 16:39:08.214 I/NpuProbe(30263): load(destino)=2660ms
10-07 16:39:08.214 I/NpuProbe(30263): load(origem)=1564ms
10-07 16:39:08.214 I/NpuProbe(30263): ctxs prontos (cold_total=4297ms)
10-07 16:39:08.214 I/NpuProbe(30263): A1: ok=1 cap=0 tok1=33 amostrados(s/d)=9/8 emitidos=8 consumidos=8
10-07 16:39:08.214 I/NpuProbe(30263): A1 tempos: prefill=91.25ms export=0.78ms import=21.61ms gen=581.46ms pp1=58.81ms
10-07 16:39:08.214 I/NpuProbe(30263): A1 espelho: passos=8 iguais=8 div_pos=-1
10-07 16:39:08.214 I/NpuProbe(30263): A1 texto: Bom dia, como você está?
10-07 16:39:08.214 I/NpuProbe(30263): reset: pos cmp (origem=-1 destino=-1) -> VAZIO ok
10-07 16:39:08.214 I/NpuProbe(30263): A2: ok=1 texto igual ao A1: SIM
10-07 16:39:08.214 I/NpuProbe(30263): RESULTADO: SMART-ACEITO (htp->opencl; A-B-A integral; espelho 8/8)
10-07 16:42:01.111 I/NpuProbe(31094): nativeLibraryDir=/data/app/~~TZWI8k8uE2G_JmKbGIWAYg==/br.gov.sp.pcsp.npuprobe-850CKHgWfUCOk4lKk5XBZw==/lib/arm64
10-07 16:42:01.111 I/NpuProbe(31094): libdir=/data/app/~~TZWI8k8uE2G_JmKbGIWAYg==/br.gov.sp.pcsp.npuprobe-850CKHgWfUCOk4lKk5XBZw==/lib/arm64
10-07 16:42:01.111 I/NpuProbe(31094): build=llama.cpp-upstream-pkg (v11-libs) + probe R4
10-07 16:42:01.111 I/NpuProbe(31094): controle-sistema (liblog.so)=OK
10-07 16:42:01.111 I/NpuProbe(31094): negativo-fake (libnaoexiste_xyz.so)=FALHOU err=dlopen failed: library "libnaoexiste_xyz.so" not found
10-07 16:42:01.112 I/NpuProbe(31094): cdsprpc-nome (libcdsprpc.so)=OK
10-07 16:42:01.113 I/NpuProbe(31094): cdsprpc-abs (/vendor/lib64/libcdsprpc.so)=OK
10-07 16:42:01.113 I/NpuProbe(31094): ADSP_LIBRARY_PATH=libdir (setenv)
10-07 16:42:01.115 I/NpuProbe(31094): [ggml] ggml_vulkan: Found 1 Vulkan devices:
10-07 16:42:01.115 I/NpuProbe(31094): [ggml] ggml_vulkan: 0 = Adreno (TM) 840 (Qualcomm Technologies Inc. Adreno Vulkan Driver) | uma: 1 | fp16: 1 | bf16: 0 | fp4: 0 | warp size: 64 | shared memory: 32768 | int dot: 0 | matrix cores: none
10-07 16:42:01.120 I/NpuProbe(31094): [ggml] ggml_opencl: selected platform: 'QUALCOMM Snapdragon(TM)'
10-07 16:42:01.120 I/NpuProbe(31094): [ggml] 
10-07 16:42:01.120 I/NpuProbe(31094): ggml_opencl: device: 'QUALCOMM Adreno(TM) 840 (OpenCL 3.0 Adreno(TM) 840)'
10-07 16:42:01.120 I/NpuProbe(31094): [ggml] ggml_opencl: default device: 'QUALCOMM Adreno(TM) 840 (OpenCL 3.0 Adreno(TM) 840)'
10-07 16:42:01.121 I/NpuProbe(31094): [ggml] ggml-hex: Loading driver libcdsprpc.so
10-07 16:42:01.122 I/NpuProbe(31094): [ggml] ggml-hex: Hexagon backend (experimental) : allocating new registry : ndev 1
10-07 16:42:01.122 I/NpuProbe(31094): [ggml] ggml-hex: Hexagon Arch version v81
10-07 16:42:01.122 I/NpuProbe(31094): [ggml] ggml-hex: HTP0 allocating new session
10-07 16:42:01.153 I/NpuProbe(31094): [ggml] ggml-hex: HTP0 hwinfo: threads 8, hvx 8, hmx 1, vtcm 8 MB
10-07 16:42:01.154 I/NpuProbe(31094): [ggml] ggml-hex: HTP0 new session : session-id 0 domain-id 3 uri file:///libggml-htp-v81.so?htp_iface_skel_handle_invoke&_modver=1.0&_dom=cdsp&_session=0 handle 0xb4000077c5fc2640
10-07 16:42:01.157 I/NpuProbe(31094): [ggml] ggml-hex: HTP0 op batching: n-bufs 16 n-tensors 7168 n-ops 1024 vmem 3355443200
10-07 16:42:01.161 I/NpuProbe(31094): load_all_from_path=48ms
10-07 16:42:01.161 I/NpuProbe(31094): [ggml] load_backend: failed to find ggml_backend_init in /data/app/~~TZWI8k8uE2G_JmKbGIWAYg==/br.gov.sp.pcsp.npuprobe-850CKHgWfUCOk4lKk5XBZw==/lib/arm64/libggml-hexagon.so
10-07 16:42:01.161 I/NpuProbe(31094): load(hexagon direto)=FALHOU em 0ms
10-07 16:42:01.161 I/NpuProbe(31094): devices=4
10-07 16:42:01.161 I/NpuProbe(31094):   dev[0] Vulkan0 (Adreno (TM) 840)
10-07 16:42:01.161 I/NpuProbe(31094):   dev[1] GPUOpenCL (QUALCOMM Adreno(TM) 840)
10-07 16:42:01.161 I/NpuProbe(31094):   dev[2] HTP0 (Hexagon)
10-07 16:42:01.161 I/NpuProbe(31094):   dev[3] CPU (CPU)
10-07 16:42:01.161 I/NpuProbe(31094): dev_init(HTP0)=0ms -> SESSAO ABERTA
10-07 16:42:01.162 I/NpuProbe(31094): graph_compute(MUL_MAT 64x64)=0.5ms status=0
10-07 16:42:01.162 I/NpuProbe(31094): c[0]=128.000000 (esperado 128.0)
10-07 16:42:01.162 I/NpuProbe(31094): RESULTADO: APP-UID OK: sessao HTP + op executado com resultado correto
10-07 16:42:01.163 I/NpuProbe(31094): REPORT:
10-07 16:42:01.163 I/NpuProbe(31094): libdir=/data/app/~~TZWI8k8uE2G_JmKbGIWAYg==/br.gov.sp.pcsp.npuprobe-850CKHgWfUCOk4lKk5XBZw==/lib/arm64
10-07 16:42:01.163 I/NpuProbe(31094): build=llama.cpp-upstream-pkg (v11-libs) + probe R4
10-07 16:42:01.163 I/NpuProbe(31094): controle-sistema (liblog.so)=OK
10-07 16:42:01.163 I/NpuProbe(31094): negativo-fake (libnaoexiste_xyz.so)=FALHOU err=dlopen failed: library "libnaoexiste_xyz.so" not found
10-07 16:42:01.163 I/NpuProbe(31094): cdsprpc-nome (libcdsprpc.so)=OK
10-07 16:42:01.163 I/NpuProbe(31094): cdsprpc-abs (/vendor/lib64/libcdsprpc.so)=OK
10-07 16:42:01.163 I/NpuProbe(31094): ADSP_LIBRARY_PATH=libdir (setenv)
10-07 16:42:01.163 I/NpuProbe(31094): load_all_from_path=48ms
10-07 16:42:01.163 I/NpuProbe(31094): load(hexagon direto)=FALHOU em 0ms
10-07 16:42:01.163 I/NpuProbe(31094): devices=4
10-07 16:42:01.163 I/NpuProbe(31094):   dev[0] Vulkan0 (Adreno (TM) 840)
10-07 16:42:01.163 I/NpuProbe(31094):   dev[1] GPUOpenCL (QUALCOMM Adreno(TM) 840)
10-07 16:42:01.163 I/NpuProbe(31094):   dev[2] HTP0 (Hexagon)
10-07 16:42:01.163 I/NpuProbe(31094):   dev[3] CPU (CPU)
10-07 16:42:01.163 I/NpuProbe(31094): dev_init(HTP0)=0ms -> SESSAO ABERTA
10-07 16:42:01.163 I/NpuProbe(31094): graph_compute(MUL_MAT 64x64)=0.5ms status=0
10-07 16:42:01.163 I/NpuProbe(31094): c[0]=128.000000 (esperado 128.0)
10-07 16:42:01.163 I/NpuProbe(31094): RESULTADO: APP-UID OK: sessao HTP + op executado com resultado correto
10-07 16:42:01.163 I/NpuProbe(31094): AUTO-GATILHO='smart:puro:vulkan'
10-07 16:42:01.163 I/NpuProbe(31094): SMART iniciando rota=puro:vulkan com /data/local/tmp/hymt2_app.gguf
10-07 16:42:01.163 I/NpuProbe(31094): SMARTv2 rota='puro:vulkan' mutante=(none)
10-07 16:42:01.164 I/NpuProbe(31094): MODO PURO: origem=(nenhuma) | destino=vulkan (Vulkan0)
10-07 16:42:03.527 I/NpuProbe(31094): puro: ok=1 pieces=8 prefill=642.88ms gen=910.20ms pp1=554.89ms
10-07 16:42:03.527 I/NpuProbe(31094): puro texto: Bom dia, como você está?
10-07 16:42:03.527 I/NpuProbe(31094): RESULTADO: SMART-ACEITO (puro vulkan; baseline de numerica)
10-07 16:42:03.579 I/NpuProbe(31094): SMART REPORT:
10-07 16:42:03.579 I/NpuProbe(31094): SMART (puro:vulkan)
10-07 16:42:03.579 I/NpuProbe(31094): 
10-07 16:42:03.579 I/NpuProbe(31094): SMARTv2 rota='puro:vulkan' mutante=(none)
10-07 16:42:03.579 I/NpuProbe(31094): MODO PURO: origem=(nenhuma) | destino=vulkan (Vulkan0)
10-07 16:42:03.579 I/NpuProbe(31094): load(destino)=751ms
10-07 16:42:03.579 I/NpuProbe(31094): puro: ok=1 pieces=8 prefill=642.88ms gen=910.20ms pp1=554.89ms
10-07 16:42:03.579 I/NpuProbe(31094): puro texto: Bom dia, como você está?
10-07 16:42:03.579 I/NpuProbe(31094): RESULTADO: SMART-ACEITO (puro vulkan; baseline de numerica)
10-07 16:42:55.953 I/NpuProbe(31645): nativeLibraryDir=/data/app/~~TZWI8k8uE2G_JmKbGIWAYg==/br.gov.sp.pcsp.npuprobe-850CKHgWfUCOk4lKk5XBZw==/lib/arm64
10-07 16:42:55.954 I/NpuProbe(31645): libdir=/data/app/~~TZWI8k8uE2G_JmKbGIWAYg==/br.gov.sp.pcsp.npuprobe-850CKHgWfUCOk4lKk5XBZw==/lib/arm64
10-07 16:42:55.954 I/NpuProbe(31645): build=llama.cpp-upstream-pkg (v11-libs) + probe R4
10-07 16:42:55.954 I/NpuProbe(31645): controle-sistema (liblog.so)=OK
10-07 16:42:55.954 I/NpuProbe(31645): negativo-fake (libnaoexiste_xyz.so)=FALHOU err=dlopen failed: library "libnaoexiste_xyz.so" not found
10-07 16:42:55.957 I/NpuProbe(31645): cdsprpc-nome (libcdsprpc.so)=OK
10-07 16:42:55.959 I/NpuProbe(31645): cdsprpc-abs (/vendor/lib64/libcdsprpc.so)=OK
10-07 16:42:55.959 I/NpuProbe(31645): ADSP_LIBRARY_PATH=libdir (setenv)
10-07 16:42:55.960 I/NpuProbe(31645): [ggml] ggml_vulkan: Found 1 Vulkan devices:
10-07 16:42:55.960 I/NpuProbe(31645): [ggml] ggml_vulkan: 0 = Adreno (TM) 840 (Qualcomm Technologies Inc. Adreno Vulkan Driver) | uma: 1 | fp16: 1 | bf16: 0 | fp4: 0 | warp size: 64 | shared memory: 32768 | int dot: 0 | matrix cores: none
10-07 16:42:55.971 I/NpuProbe(31645): [ggml] ggml_opencl: selected platform: 'QUALCOMM Snapdragon(TM)'
10-07 16:42:55.972 I/NpuProbe(31645): [ggml] 
10-07 16:42:55.972 I/NpuProbe(31645): ggml_opencl: device: 'QUALCOMM Adreno(TM) 840 (OpenCL 3.0 Adreno(TM) 840)'
10-07 16:42:55.972 I/NpuProbe(31645): [ggml] ggml_opencl: default device: 'QUALCOMM Adreno(TM) 840 (OpenCL 3.0 Adreno(TM) 840)'
10-07 16:42:55.972 I/NpuProbe(31645): [ggml] ggml-hex: Loading driver libcdsprpc.so
10-07 16:42:55.973 I/NpuProbe(31645): [ggml] ggml-hex: Hexagon backend (experimental) : allocating new registry : ndev 1
10-07 16:42:55.973 I/NpuProbe(31645): [ggml] ggml-hex: Hexagon Arch version v81
10-07 16:42:55.973 I/NpuProbe(31645): [ggml] ggml-hex: HTP0 allocating new session
10-07 16:42:56.003 I/NpuProbe(31645): [ggml] ggml-hex: HTP0 hwinfo: threads 8, hvx 8, hmx 1, vtcm 8 MB
10-07 16:42:56.003 I/NpuProbe(31645): [ggml] ggml-hex: HTP0 new session : session-id 0 domain-id 3 uri file:///libggml-htp-v81.so?htp_iface_skel_handle_invoke&_modver=1.0&_dom=cdsp&_session=0 handle 0xb4000077c5ef7f00
10-07 16:42:56.007 I/NpuProbe(31645): [ggml] ggml-hex: HTP0 op batching: n-bufs 16 n-tensors 7168 n-ops 1024 vmem 3355443200
10-07 16:42:56.013 I/NpuProbe(31645): load_all_from_path=54ms
10-07 16:42:56.013 I/NpuProbe(31645): [ggml] load_backend: failed to find ggml_backend_init in /data/app/~~TZWI8k8uE2G_JmKbGIWAYg==/br.gov.sp.pcsp.npuprobe-850CKHgWfUCOk4lKk5XBZw==/lib/arm64/libggml-hexagon.so
10-07 16:42:56.013 I/NpuProbe(31645): load(hexagon direto)=FALHOU em 0ms
10-07 16:42:56.013 I/NpuProbe(31645): devices=4
10-07 16:42:56.013 I/NpuProbe(31645):   dev[0] Vulkan0 (Adreno (TM) 840)
10-07 16:42:56.013 I/NpuProbe(31645):   dev[1] GPUOpenCL (QUALCOMM Adreno(TM) 840)
10-07 16:42:56.013 I/NpuProbe(31645):   dev[2] HTP0 (Hexagon)
10-07 16:42:56.013 I/NpuProbe(31645):   dev[3] CPU (CPU)
10-07 16:42:56.013 I/NpuProbe(31645): dev_init(HTP0)=0ms -> SESSAO ABERTA
10-07 16:42:56.014 I/NpuProbe(31645): graph_compute(MUL_MAT 64x64)=0.6ms status=0
10-07 16:42:56.014 I/NpuProbe(31645): c[0]=128.000000 (esperado 128.0)
10-07 16:42:56.014 I/NpuProbe(31645): RESULTADO: APP-UID OK: sessao HTP + op executado com resultado correto
10-07 16:42:56.015 I/NpuProbe(31645): REPORT:
10-07 16:42:56.015 I/NpuProbe(31645): libdir=/data/app/~~TZWI8k8uE2G_JmKbGIWAYg==/br.gov.sp.pcsp.npuprobe-850CKHgWfUCOk4lKk5XBZw==/lib/arm64
10-07 16:42:56.015 I/NpuProbe(31645): build=llama.cpp-upstream-pkg (v11-libs) + probe R4
10-07 16:42:56.015 I/NpuProbe(31645): controle-sistema (liblog.so)=OK
10-07 16:42:56.015 I/NpuProbe(31645): negativo-fake (libnaoexiste_xyz.so)=FALHOU err=dlopen failed: library "libnaoexiste_xyz.so" not found
10-07 16:42:56.015 I/NpuProbe(31645): cdsprpc-nome (libcdsprpc.so)=OK
10-07 16:42:56.015 I/NpuProbe(31645): cdsprpc-abs (/vendor/lib64/libcdsprpc.so)=OK
10-07 16:42:56.015 I/NpuProbe(31645): ADSP_LIBRARY_PATH=libdir (setenv)
10-07 16:42:56.015 I/NpuProbe(31645): load_all_from_path=54ms
10-07 16:42:56.015 I/NpuProbe(31645): load(hexagon direto)=FALHOU em 0ms
10-07 16:42:56.015 I/NpuProbe(31645): devices=4
10-07 16:42:56.015 I/NpuProbe(31645):   dev[0] Vulkan0 (Adreno (TM) 840)
10-07 16:42:56.015 I/NpuProbe(31645):   dev[1] GPUOpenCL (QUALCOMM Adreno(TM) 840)
10-07 16:42:56.015 I/NpuProbe(31645):   dev[2] HTP0 (Hexagon)
10-07 16:42:56.015 I/NpuProbe(31645):   dev[3] CPU (CPU)
10-07 16:42:56.015 I/NpuProbe(31645): dev_init(HTP0)=0ms -> SESSAO ABERTA
10-07 16:42:56.015 I/NpuProbe(31645): graph_compute(MUL_MAT 64x64)=0.6ms status=0
10-07 16:42:56.015 I/NpuProbe(31645): c[0]=128.000000 (esperado 128.0)
10-07 16:42:56.015 I/NpuProbe(31645): RESULTADO: APP-UID OK: sessao HTP + op executado com resultado correto
10-07 16:42:56.015 I/NpuProbe(31645): AUTO-GATILHO='smart:vulkan:vulkan'
10-07 16:42:56.016 I/NpuProbe(31645): SMART iniciando rota=vulkan:vulkan com /data/local/tmp/hymt2_app.gguf
10-07 16:42:56.016 I/NpuProbe(31645): SMARTv2 rota='vulkan:vulkan' mutante=(none)
10-07 16:42:56.017 I/NpuProbe(31645): MODO PONTE: origem=vulkan | destino=vulkan (Vulkan0)
10-07 16:42:57.457 I/NpuProbe(31645): load(origem)=755ms
10-07 16:42:57.512 I/NpuProbe(31645): ctxs prontos (cold_total=1496ms)
10-07 16:42:59.306 I/NpuProbe(31645): A1: ok=1 cap=0 tok1=33 amostrados(s/d)=9/8 emitidos=8 consumidos=8
10-07 16:42:59.306 I/NpuProbe(31645): A1 tempos: prefill=632.47ms export=567.41ms import=2.09ms gen=542.69ms pp1=229.25ms
10-07 16:42:59.306 I/NpuProbe(31645): A1 espelho: passos=8 iguais=8 div_pos=-1
10-07 16:42:59.306 I/NpuProbe(31645): A1 texto: Bom dia, como você está?
10-07 16:42:59.310 I/NpuProbe(31645): reset: pos cmp (origem=-1 destino=-1) -> VAZIO ok
10-07 16:43:00.354 I/NpuProbe(31645): A2: ok=1 texto igual ao A1: SIM
10-07 16:43:00.354 I/NpuProbe(31645): RESULTADO: SMART-ACEITO (vulkan->vulkan; A-B-A integral; espelho 8/8)
10-07 16:43:00.476 I/NpuProbe(31645): SMART REPORT:
10-07 16:43:00.476 I/NpuProbe(31645): SMART (vulkan:vulkan)
10-07 16:43:00.476 I/NpuProbe(31645): 
10-07 16:43:00.476 I/NpuProbe(31645): SMARTv2 rota='vulkan:vulkan' mutante=(none)
10-07 16:43:00.476 I/NpuProbe(31645): MODO PONTE: origem=vulkan | destino=vulkan (Vulkan0)
10-07 16:43:00.476 I/NpuProbe(31645): load(destino)=631ms
10-07 16:43:00.476 I/NpuProbe(31645): load(origem)=755ms
10-07 16:43:00.476 I/NpuProbe(31645): ctxs prontos (cold_total=1496ms)
10-07 16:43:00.476 I/NpuProbe(31645): A1: ok=1 cap=0 tok1=33 amostrados(s/d)=9/8 emitidos=8 consumidos=8
10-07 16:43:00.476 I/NpuProbe(31645): A1 tempos: prefill=632.47ms export=567.41ms import=2.09ms gen=542.69ms pp1=229.25ms
10-07 16:43:00.476 I/NpuProbe(31645): A1 espelho: passos=8 iguais=8 div_pos=-1
10-07 16:43:00.476 I/NpuProbe(31645): A1 texto: Bom dia, como você está?
10-07 16:43:00.476 I/NpuProbe(31645): reset: pos cmp (origem=-1 destino=-1) -> VAZIO ok
10-07 16:43:00.476 I/NpuProbe(31645): A2: ok=1 texto igual ao A1: SIM
10-07 16:43:00.476 I/NpuProbe(31645): RESULTADO: SMART-ACEITO (vulkan->vulkan; A-B-A integral; espelho 8/8)
10-07 16:43:50.963 I/NpuProbe( 2931): nativeLibraryDir=/data/app/~~TZWI8k8uE2G_JmKbGIWAYg==/br.gov.sp.pcsp.npuprobe-850CKHgWfUCOk4lKk5XBZw==/lib/arm64
10-07 16:43:50.963 I/NpuProbe( 2931): libdir=/data/app/~~TZWI8k8uE2G_JmKbGIWAYg==/br.gov.sp.pcsp.npuprobe-850CKHgWfUCOk4lKk5XBZw==/lib/arm64
10-07 16:43:50.963 I/NpuProbe( 2931): build=llama.cpp-upstream-pkg (v11-libs) + probe R4
10-07 16:43:50.963 I/NpuProbe( 2931): controle-sistema (liblog.so)=OK
10-07 16:43:50.964 I/NpuProbe( 2931): negativo-fake (libnaoexiste_xyz.so)=FALHOU err=dlopen failed: library "libnaoexiste_xyz.so" not found
10-07 16:43:50.965 I/NpuProbe( 2931): cdsprpc-nome (libcdsprpc.so)=OK
10-07 16:43:50.965 I/NpuProbe( 2931): cdsprpc-abs (/vendor/lib64/libcdsprpc.so)=OK
10-07 16:43:50.965 I/NpuProbe( 2931): ADSP_LIBRARY_PATH=libdir (setenv)
10-07 16:43:50.966 I/NpuProbe( 2931): [ggml] ggml_vulkan: Found 1 Vulkan devices:
10-07 16:43:50.967 I/NpuProbe( 2931): [ggml] ggml_vulkan: 0 = Adreno (TM) 840 (Qualcomm Technologies Inc. Adreno Vulkan Driver) | uma: 1 | fp16: 1 | bf16: 0 | fp4: 0 | warp size: 64 | shared memory: 32768 | int dot: 0 | matrix cores: none
10-07 16:43:50.974 I/NpuProbe( 2931): [ggml] ggml_opencl: selected platform: 'QUALCOMM Snapdragon(TM)'
10-07 16:43:50.974 I/NpuProbe( 2931): [ggml] 
10-07 16:43:50.974 I/NpuProbe( 2931): ggml_opencl: device: 'QUALCOMM Adreno(TM) 840 (OpenCL 3.0 Adreno(TM) 840)'
10-07 16:43:50.974 I/NpuProbe( 2931): [ggml] ggml_opencl: default device: 'QUALCOMM Adreno(TM) 840 (OpenCL 3.0 Adreno(TM) 840)'
10-07 16:43:50.974 I/NpuProbe( 2931): [ggml] ggml-hex: Loading driver libcdsprpc.so
10-07 16:43:50.976 I/NpuProbe( 2931): [ggml] ggml-hex: Hexagon backend (experimental) : allocating new registry : ndev 1
10-07 16:43:50.976 I/NpuProbe( 2931): [ggml] ggml-hex: Hexagon Arch version v81
10-07 16:43:50.976 I/NpuProbe( 2931): [ggml] ggml-hex: HTP0 allocating new session
10-07 16:43:51.008 I/NpuProbe( 2931): [ggml] ggml-hex: HTP0 hwinfo: threads 8, hvx 8, hmx 1, vtcm 8 MB
10-07 16:43:51.008 I/NpuProbe( 2931): [ggml] ggml-hex: HTP0 new session : session-id 0 domain-id 3 uri file:///libggml-htp-v81.so?htp_iface_skel_handle_invoke&_modver=1.0&_dom=cdsp&_session=0 handle 0xb4000077c5fae900
10-07 16:43:51.012 I/NpuProbe( 2931): [ggml] ggml-hex: HTP0 op batching: n-bufs 16 n-tensors 7168 n-ops 1024 vmem 3355443200
10-07 16:43:51.020 I/NpuProbe( 2931): load_all_from_path=55ms
10-07 16:43:51.020 I/NpuProbe( 2931): [ggml] load_backend: failed to find ggml_backend_init in /data/app/~~TZWI8k8uE2G_JmKbGIWAYg==/br.gov.sp.pcsp.npuprobe-850CKHgWfUCOk4lKk5XBZw==/lib/arm64/libggml-hexagon.so
10-07 16:43:51.020 I/NpuProbe( 2931): load(hexagon direto)=FALHOU em 0ms
10-07 16:43:51.020 I/NpuProbe( 2931): devices=4
10-07 16:43:51.020 I/NpuProbe( 2931):   dev[0] Vulkan0 (Adreno (TM) 840)
10-07 16:43:51.020 I/NpuProbe( 2931):   dev[1] GPUOpenCL (QUALCOMM Adreno(TM) 840)
10-07 16:43:51.020 I/NpuProbe( 2931):   dev[2] HTP0 (Hexagon)
10-07 16:43:51.020 I/NpuProbe( 2931):   dev[3] CPU (CPU)
10-07 16:43:51.020 I/NpuProbe( 2931): dev_init(HTP0)=0ms -> SESSAO ABERTA
10-07 16:43:51.024 I/NpuProbe( 2931): graph_compute(MUL_MAT 64x64)=0.5ms status=0
10-07 16:43:51.024 I/NpuProbe( 2931): c[0]=128.000000 (esperado 128.0)
10-07 16:43:51.024 I/NpuProbe( 2931): RESULTADO: APP-UID OK: sessao HTP + op executado com resultado correto
10-07 16:43:51.025 I/NpuProbe( 2931): REPORT:
10-07 16:43:51.025 I/NpuProbe( 2931): libdir=/data/app/~~TZWI8k8uE2G_JmKbGIWAYg==/br.gov.sp.pcsp.npuprobe-850CKHgWfUCOk4lKk5XBZw==/lib/arm64
10-07 16:43:51.025 I/NpuProbe( 2931): build=llama.cpp-upstream-pkg (v11-libs) + probe R4
10-07 16:43:51.025 I/NpuProbe( 2931): controle-sistema (liblog.so)=OK
10-07 16:43:51.025 I/NpuProbe( 2931): negativo-fake (libnaoexiste_xyz.so)=FALHOU err=dlopen failed: library "libnaoexiste_xyz.so" not found
10-07 16:43:51.025 I/NpuProbe( 2931): cdsprpc-nome (libcdsprpc.so)=OK
10-07 16:43:51.025 I/NpuProbe( 2931): cdsprpc-abs (/vendor/lib64/libcdsprpc.so)=OK
10-07 16:43:51.025 I/NpuProbe( 2931): ADSP_LIBRARY_PATH=libdir (setenv)
10-07 16:43:51.025 I/NpuProbe( 2931): load_all_from_path=55ms
10-07 16:43:51.025 I/NpuProbe( 2931): load(hexagon direto)=FALHOU em 0ms
10-07 16:43:51.025 I/NpuProbe( 2931): devices=4
10-07 16:43:51.025 I/NpuProbe( 2931):   dev[0] Vulkan0 (Adreno (TM) 840)
10-07 16:43:51.025 I/NpuProbe( 2931):   dev[1] GPUOpenCL (QUALCOMM Adreno(TM) 840)
10-07 16:43:51.025 I/NpuProbe( 2931):   dev[2] HTP0 (Hexagon)
10-07 16:43:51.025 I/NpuProbe( 2931):   dev[3] CPU (CPU)
10-07 16:43:51.025 I/NpuProbe( 2931): dev_init(HTP0)=0ms -> SESSAO ABERTA
10-07 16:43:51.025 I/NpuProbe( 2931): graph_compute(MUL_MAT 64x64)=0.5ms status=0
10-07 16:43:51.025 I/NpuProbe( 2931): c[0]=128.000000 (esperado 128.0)
10-07 16:43:51.025 I/NpuProbe( 2931): RESULTADO: APP-UID OK: sessao HTP + op executado com resultado correto
10-07 16:43:51.027 I/NpuProbe( 2931): AUTO-GATILHO='smart:cpu:vulkan'
10-07 16:43:51.027 I/NpuProbe( 2931): SMART iniciando rota=cpu:vulkan com /data/local/tmp/hymt2_app.gguf
10-07 16:43:51.027 I/NpuProbe( 2931): SMARTv2 rota='cpu:vulkan' mutante=(none)
10-07 16:43:51.028 I/NpuProbe( 2931): MODO PONTE: origem=cpu | destino=vulkan (Vulkan0)
10-07 16:43:51.873 I/NpuProbe( 2931): load(origem)=146ms
10-07 16:43:51.899 I/NpuProbe( 2931): ctxs prontos (cold_total=872ms)
10-07 16:43:53.370 I/NpuProbe( 2931): A1: ok=1 cap=0 tok1=33 amostrados(s/d)=9/8 emitidos=8 consumidos=8
10-07 16:43:53.370 I/NpuProbe( 2931): A1 tempos: prefill=595.29ms export=0.09ms import=1.90ms gen=853.57ms pp1=459.90ms
10-07 16:43:53.370 I/NpuProbe( 2931): A1 espelho: passos=8 iguais=8 div_pos=-1
10-07 16:43:53.370 I/NpuProbe( 2931): A1 texto: Bom dia, como você está?
10-07 16:43:53.374 I/NpuProbe( 2931): reset: pos cmp (origem=-1 destino=-1) -> VAZIO ok
10-07 16:43:54.437 I/NpuProbe( 2931): A2: ok=1 texto igual ao A1: SIM
10-07 16:43:54.437 I/NpuProbe( 2931): RESULTADO: SMART-ACEITO (cpu->vulkan; A-B-A integral; espelho 8/8)
10-07 16:43:54.525 I/NpuProbe( 2931): SMART REPORT:
10-07 16:43:54.525 I/NpuProbe( 2931): SMART (cpu:vulkan)
10-07 16:43:54.525 I/NpuProbe( 2931): 
10-07 16:43:54.525 I/NpuProbe( 2931): SMARTv2 rota='cpu:vulkan' mutante=(none)
10-07 16:43:54.525 I/NpuProbe( 2931): MODO PONTE: origem=cpu | destino=vulkan (Vulkan0)
10-07 16:43:54.525 I/NpuProbe( 2931): load(destino)=648ms
10-07 16:43:54.525 I/NpuProbe( 2931): load(origem)=146ms
10-07 16:43:54.525 I/NpuProbe( 2931): ctxs prontos (cold_total=872ms)
10-07 16:43:54.525 I/NpuProbe( 2931): A1: ok=1 cap=0 tok1=33 amostrados(s/d)=9/8 emitidos=8 consumidos=8
10-07 16:43:54.525 I/NpuProbe( 2931): A1 tempos: prefill=595.29ms export=0.09ms import=1.90ms gen=853.57ms pp1=459.90ms
10-07 16:43:54.525 I/NpuProbe( 2931): A1 espelho: passos=8 iguais=8 div_pos=-1
10-07 16:43:54.525 I/NpuProbe( 2931): A1 texto: Bom dia, como você está?
10-07 16:43:54.525 I/NpuProbe( 2931): reset: pos cmp (origem=-1 destino=-1) -> VAZIO ok
10-07 16:43:54.525 I/NpuProbe( 2931): A2: ok=1 texto igual ao A1: SIM
10-07 16:43:54.525 I/NpuProbe( 2931): RESULTADO: SMART-ACEITO (cpu->vulkan; A-B-A integral; espelho 8/8)
10-07 16:44:44.254 I/NpuProbe( 3606): nativeLibraryDir=/data/app/~~TZWI8k8uE2G_JmKbGIWAYg==/br.gov.sp.pcsp.npuprobe-850CKHgWfUCOk4lKk5XBZw==/lib/arm64
10-07 16:44:44.254 I/NpuProbe( 3606): libdir=/data/app/~~TZWI8k8uE2G_JmKbGIWAYg==/br.gov.sp.pcsp.npuprobe-850CKHgWfUCOk4lKk5XBZw==/lib/arm64
10-07 16:44:44.254 I/NpuProbe( 3606): build=llama.cpp-upstream-pkg (v11-libs) + probe R4
10-07 16:44:44.254 I/NpuProbe( 3606): controle-sistema (liblog.so)=OK
10-07 16:44:44.255 I/NpuProbe( 3606): negativo-fake (libnaoexiste_xyz.so)=FALHOU err=dlopen failed: library "libnaoexiste_xyz.so" not found
10-07 16:44:44.255 I/NpuProbe( 3606): cdsprpc-nome (libcdsprpc.so)=OK
10-07 16:44:44.256 I/NpuProbe( 3606): cdsprpc-abs (/vendor/lib64/libcdsprpc.so)=OK
10-07 16:44:44.256 I/NpuProbe( 3606): ADSP_LIBRARY_PATH=libdir (setenv)
10-07 16:44:44.258 I/NpuProbe( 3606): [ggml] ggml_vulkan: Found 1 Vulkan devices:
10-07 16:44:44.258 I/NpuProbe( 3606): [ggml] ggml_vulkan: 0 = Adreno (TM) 840 (Qualcomm Technologies Inc. Adreno Vulkan Driver) | uma: 1 | fp16: 1 | bf16: 0 | fp4: 0 | warp size: 64 | shared memory: 32768 | int dot: 0 | matrix cores: none
10-07 16:44:44.263 I/NpuProbe( 3606): [ggml] ggml_opencl: selected platform: 'QUALCOMM Snapdragon(TM)'
10-07 16:44:44.264 I/NpuProbe( 3606): [ggml] 
10-07 16:44:44.264 I/NpuProbe( 3606): ggml_opencl: device: 'QUALCOMM Adreno(TM) 840 (OpenCL 3.0 Adreno(TM) 840)'
10-07 16:44:44.264 I/NpuProbe( 3606): [ggml] ggml_opencl: default device: 'QUALCOMM Adreno(TM) 840 (OpenCL 3.0 Adreno(TM) 840)'
10-07 16:44:44.264 I/NpuProbe( 3606): [ggml] ggml-hex: Loading driver libcdsprpc.so
10-07 16:44:44.266 I/NpuProbe( 3606): [ggml] ggml-hex: Hexagon backend (experimental) : allocating new registry : ndev 1
10-07 16:44:44.266 I/NpuProbe( 3606): [ggml] ggml-hex: Hexagon Arch version v81
10-07 16:44:44.266 I/NpuProbe( 3606): [ggml] ggml-hex: HTP0 allocating new session
10-07 16:44:44.298 I/NpuProbe( 3606): [ggml] ggml-hex: HTP0 hwinfo: threads 8, hvx 8, hmx 1, vtcm 8 MB
10-07 16:44:44.298 I/NpuProbe( 3606): [ggml] ggml-hex: HTP0 new session : session-id 0 domain-id 3 uri file:///libggml-htp-v81.so?htp_iface_skel_handle_invoke&_modver=1.0&_dom=cdsp&_session=0 handle 0xb4000077d52f4200
10-07 16:44:44.302 I/NpuProbe( 3606): [ggml] ggml-hex: HTP0 op batching: n-bufs 16 n-tensors 7168 n-ops 1024 vmem 3355443200
10-07 16:44:44.306 I/NpuProbe( 3606): load_all_from_path=49ms
10-07 16:44:44.306 I/NpuProbe( 3606): [ggml] load_backend: failed to find ggml_backend_init in /data/app/~~TZWI8k8uE2G_JmKbGIWAYg==/br.gov.sp.pcsp.npuprobe-850CKHgWfUCOk4lKk5XBZw==/lib/arm64/libggml-hexagon.so
10-07 16:44:44.306 I/NpuProbe( 3606): load(hexagon direto)=FALHOU em 0ms
10-07 16:44:44.306 I/NpuProbe( 3606): devices=4
10-07 16:44:44.306 I/NpuProbe( 3606):   dev[0] Vulkan0 (Adreno (TM) 840)
10-07 16:44:44.306 I/NpuProbe( 3606):   dev[1] GPUOpenCL (QUALCOMM Adreno(TM) 840)
10-07 16:44:44.306 I/NpuProbe( 3606):   dev[2] HTP0 (Hexagon)
10-07 16:44:44.306 I/NpuProbe( 3606):   dev[3] CPU (CPU)
10-07 16:44:44.306 I/NpuProbe( 3606): dev_init(HTP0)=0ms -> SESSAO ABERTA
10-07 16:44:44.307 I/NpuProbe( 3606): graph_compute(MUL_MAT 64x64)=0.5ms status=0
10-07 16:44:44.307 I/NpuProbe( 3606): c[0]=128.000000 (esperado 128.0)
10-07 16:44:44.307 I/NpuProbe( 3606): RESULTADO: APP-UID OK: sessao HTP + op executado com resultado correto
10-07 16:44:44.307 I/NpuProbe( 3606): REPORT:
10-07 16:44:44.307 I/NpuProbe( 3606): libdir=/data/app/~~TZWI8k8uE2G_JmKbGIWAYg==/br.gov.sp.pcsp.npuprobe-850CKHgWfUCOk4lKk5XBZw==/lib/arm64
10-07 16:44:44.307 I/NpuProbe( 3606): build=llama.cpp-upstream-pkg (v11-libs) + probe R4
10-07 16:44:44.307 I/NpuProbe( 3606): controle-sistema (liblog.so)=OK
10-07 16:44:44.307 I/NpuProbe( 3606): negativo-fake (libnaoexiste_xyz.so)=FALHOU err=dlopen failed: library "libnaoexiste_xyz.so" not found
10-07 16:44:44.307 I/NpuProbe( 3606): cdsprpc-nome (libcdsprpc.so)=OK
10-07 16:44:44.307 I/NpuProbe( 3606): cdsprpc-abs (/vendor/lib64/libcdsprpc.so)=OK
10-07 16:44:44.307 I/NpuProbe( 3606): ADSP_LIBRARY_PATH=libdir (setenv)
10-07 16:44:44.307 I/NpuProbe( 3606): load_all_from_path=49ms
10-07 16:44:44.307 I/NpuProbe( 3606): load(hexagon direto)=FALHOU em 0ms
10-07 16:44:44.307 I/NpuProbe( 3606): devices=4
10-07 16:44:44.307 I/NpuProbe( 3606):   dev[0] Vulkan0 (Adreno (TM) 840)
10-07 16:44:44.307 I/NpuProbe( 3606):   dev[1] GPUOpenCL (QUALCOMM Adreno(TM) 840)
10-07 16:44:44.307 I/NpuProbe( 3606):   dev[2] HTP0 (Hexagon)
10-07 16:44:44.307 I/NpuProbe( 3606):   dev[3] CPU (CPU)
10-07 16:44:44.307 I/NpuProbe( 3606): dev_init(HTP0)=0ms -> SESSAO ABERTA
10-07 16:44:44.307 I/NpuProbe( 3606): graph_compute(MUL_MAT 64x64)=0.5ms status=0
10-07 16:44:44.307 I/NpuProbe( 3606): c[0]=128.000000 (esperado 128.0)
10-07 16:44:44.307 I/NpuProbe( 3606): RESULTADO: APP-UID OK: sessao HTP + op executado com resultado correto
10-07 16:44:44.308 I/NpuProbe( 3606): AUTO-GATILHO='smart:htp:cpu'
10-07 16:44:44.308 I/NpuProbe( 3606): SMART iniciando rota=htp:cpu com /data/local/tmp/hymt2_app.gguf
10-07 16:44:44.308 I/NpuProbe( 3606): SMARTv2 rota='htp:cpu' mutante=(none)
10-07 16:44:44.309 I/NpuProbe( 3606): MODO PONTE: origem=htp | destino=cpu (CPU)
10-07 16:44:46.413 I/NpuProbe( 3606): A1: ok=1 cap=0 tok1=33 amostrados(s/d)=9/8 emitidos=8 consumidos=8
10-07 16:44:46.413 I/NpuProbe( 3606): A1 tempos: prefill=810.10ms export=0.10ms import=1.92ms gen=894.63ms pp1=112.93ms
10-07 16:44:46.413 I/NpuProbe( 3606): A1 espelho: passos=8 iguais=8 div_pos=-1
10-07 16:44:46.413 I/NpuProbe( 3606): A1 texto: Bom dia, como você está?
10-07 16:44:46.417 I/NpuProbe( 3606): reset: pos cmp (origem=-1 destino=-1) -> VAZIO ok
10-07 16:44:48.135 I/NpuProbe( 3606): A2: ok=1 texto igual ao A1: SIM
10-07 16:44:48.135 I/NpuProbe( 3606): RESULTADO: SMART-ACEITO (htp->cpu; A-B-A integral; espelho 8/8)
10-07 16:44:48.230 I/NpuProbe( 3606): SMART REPORT:
10-07 16:44:48.230 I/NpuProbe( 3606): SMART (htp:cpu)
10-07 16:44:48.230 I/NpuProbe( 3606): 
10-07 16:44:48.230 I/NpuProbe( 3606): SMARTv2 rota='htp:cpu' mutante=(none)
10-07 16:44:48.230 I/NpuProbe( 3606): MODO PONTE: origem=htp | destino=cpu (CPU)
10-07 16:44:48.230 I/NpuProbe( 3606): load(destino)=190ms
10-07 16:44:48.230 I/NpuProbe( 3606): load(origem)=142ms
10-07 16:44:48.230 I/NpuProbe( 3606): ctxs prontos (cold_total=378ms)
10-07 16:44:48.230 I/NpuProbe( 3606): A1: ok=1 cap=0 tok1=33 amostrados(s/d)=9/8 emitidos=8 consumidos=8
10-07 16:44:48.230 I/NpuProbe( 3606): A1 tempos: prefill=810.10ms export=0.10ms import=1.92ms gen=894.63ms pp1=112.93ms
10-07 16:44:48.230 I/NpuProbe( 3606): A1 espelho: passos=8 iguais=8 div_pos=-1
10-07 16:44:48.230 I/NpuProbe( 3606): A1 texto: Bom dia, como você está?
10-07 16:44:48.230 I/NpuProbe( 3606): reset: pos cmp (origem=-1 destino=-1) -> VAZIO ok
10-07 16:44:48.230 I/NpuProbe( 3606): A2: ok=1 texto igual ao A1: SIM
10-07 16:44:48.230 I/NpuProbe( 3606): RESULTADO: SMART-ACEITO (htp->cpu; A-B-A integral; espelho 8/8)
10-07 16:45:38.671 I/NpuProbe( 4112): nativeLibraryDir=/data/app/~~TZWI8k8uE2G_JmKbGIWAYg==/br.gov.sp.pcsp.npuprobe-850CKHgWfUCOk4lKk5XBZw==/lib/arm64
10-07 16:45:38.671 I/NpuProbe( 4112): libdir=/data/app/~~TZWI8k8uE2G_JmKbGIWAYg==/br.gov.sp.pcsp.npuprobe-850CKHgWfUCOk4lKk5XBZw==/lib/arm64
10-07 16:45:38.671 I/NpuProbe( 4112): build=llama.cpp-upstream-pkg (v11-libs) + probe R4
10-07 16:45:38.671 I/NpuProbe( 4112): controle-sistema (liblog.so)=OK
10-07 16:45:38.671 I/NpuProbe( 4112): negativo-fake (libnaoexiste_xyz.so)=FALHOU err=dlopen failed: library "libnaoexiste_xyz.so" not found
10-07 16:45:38.672 I/NpuProbe( 4112): cdsprpc-nome (libcdsprpc.so)=OK
10-07 16:45:38.672 I/NpuProbe( 4112): cdsprpc-abs (/vendor/lib64/libcdsprpc.so)=OK
10-07 16:45:38.672 I/NpuProbe( 4112): ADSP_LIBRARY_PATH=libdir (setenv)
10-07 16:45:38.673 I/NpuProbe( 4112): [ggml] ggml_vulkan: Found 1 Vulkan devices:
10-07 16:45:38.674 I/NpuProbe( 4112): [ggml] ggml_vulkan: 0 = Adreno (TM) 840 (Qualcomm Technologies Inc. Adreno Vulkan Driver) | uma: 1 | fp16: 1 | bf16: 0 | fp4: 0 | warp size: 64 | shared memory: 32768 | int dot: 0 | matrix cores: none
10-07 16:45:38.679 I/NpuProbe( 4112): [ggml] ggml_opencl: selected platform: 'QUALCOMM Snapdragon(TM)'
10-07 16:45:38.679 I/NpuProbe( 4112): [ggml] 
10-07 16:45:38.679 I/NpuProbe( 4112): ggml_opencl: device: 'QUALCOMM Adreno(TM) 840 (OpenCL 3.0 Adreno(TM) 840)'
10-07 16:45:38.679 I/NpuProbe( 4112): [ggml] ggml_opencl: default device: 'QUALCOMM Adreno(TM) 840 (OpenCL 3.0 Adreno(TM) 840)'
10-07 16:45:38.679 I/NpuProbe( 4112): [ggml] ggml-hex: Loading driver libcdsprpc.so
10-07 16:45:38.680 I/NpuProbe( 4112): [ggml] ggml-hex: Hexagon backend (experimental) : allocating new registry : ndev 1
10-07 16:45:38.680 I/NpuProbe( 4112): [ggml] ggml-hex: Hexagon Arch version v81
10-07 16:45:38.680 I/NpuProbe( 4112): [ggml] ggml-hex: HTP0 allocating new session
10-07 16:45:38.712 I/NpuProbe( 4112): [ggml] ggml-hex: HTP0 hwinfo: threads 8, hvx 8, hmx 1, vtcm 8 MB
10-07 16:45:38.713 I/NpuProbe( 4112): [ggml] ggml-hex: HTP0 new session : session-id 0 domain-id 3 uri file:///libggml-htp-v81.so?htp_iface_skel_handle_invoke&_modver=1.0&_dom=cdsp&_session=0 handle 0xb4000076dd067340
10-07 16:45:38.716 I/NpuProbe( 4112): [ggml] ggml-hex: HTP0 op batching: n-bufs 16 n-tensors 7168 n-ops 1024 vmem 3355443200
10-07 16:45:38.720 I/NpuProbe( 4112): load_all_from_path=47ms
10-07 16:45:38.720 I/NpuProbe( 4112): [ggml] load_backend: failed to find ggml_backend_init in /data/app/~~TZWI8k8uE2G_JmKbGIWAYg==/br.gov.sp.pcsp.npuprobe-850CKHgWfUCOk4lKk5XBZw==/lib/arm64/libggml-hexagon.so
10-07 16:45:38.720 I/NpuProbe( 4112): load(hexagon direto)=FALHOU em 0ms
10-07 16:45:38.720 I/NpuProbe( 4112): devices=4
10-07 16:45:38.720 I/NpuProbe( 4112):   dev[0] Vulkan0 (Adreno (TM) 840)
10-07 16:45:38.720 I/NpuProbe( 4112):   dev[1] GPUOpenCL (QUALCOMM Adreno(TM) 840)
10-07 16:45:38.720 I/NpuProbe( 4112):   dev[2] HTP0 (Hexagon)
10-07 16:45:38.720 I/NpuProbe( 4112):   dev[3] CPU (CPU)
10-07 16:45:38.720 I/NpuProbe( 4112): dev_init(HTP0)=0ms -> SESSAO ABERTA
10-07 16:45:38.721 I/NpuProbe( 4112): graph_compute(MUL_MAT 64x64)=0.5ms status=0
10-07 16:45:38.721 I/NpuProbe( 4112): c[0]=128.000000 (esperado 128.0)
10-07 16:45:38.721 I/NpuProbe( 4112): RESULTADO: APP-UID OK: sessao HTP + op executado com resultado correto
10-07 16:45:38.721 I/NpuProbe( 4112): REPORT:
10-07 16:45:38.721 I/NpuProbe( 4112): libdir=/data/app/~~TZWI8k8uE2G_JmKbGIWAYg==/br.gov.sp.pcsp.npuprobe-850CKHgWfUCOk4lKk5XBZw==/lib/arm64
10-07 16:45:38.721 I/NpuProbe( 4112): build=llama.cpp-upstream-pkg (v11-libs) + probe R4
10-07 16:45:38.721 I/NpuProbe( 4112): controle-sistema (liblog.so)=OK
10-07 16:45:38.721 I/NpuProbe( 4112): negativo-fake (libnaoexiste_xyz.so)=FALHOU err=dlopen failed: library "libnaoexiste_xyz.so" not found
10-07 16:45:38.721 I/NpuProbe( 4112): cdsprpc-nome (libcdsprpc.so)=OK
10-07 16:45:38.721 I/NpuProbe( 4112): cdsprpc-abs (/vendor/lib64/libcdsprpc.so)=OK
10-07 16:45:38.721 I/NpuProbe( 4112): ADSP_LIBRARY_PATH=libdir (setenv)
10-07 16:45:38.721 I/NpuProbe( 4112): load_all_from_path=47ms
10-07 16:45:38.721 I/NpuProbe( 4112): load(hexagon direto)=FALHOU em 0ms
10-07 16:45:38.721 I/NpuProbe( 4112): devices=4
10-07 16:45:38.721 I/NpuProbe( 4112):   dev[0] Vulkan0 (Adreno (TM) 840)
10-07 16:45:38.721 I/NpuProbe( 4112):   dev[1] GPUOpenCL (QUALCOMM Adreno(TM) 840)
10-07 16:45:38.721 I/NpuProbe( 4112):   dev[2] HTP0 (Hexagon)
10-07 16:45:38.721 I/NpuProbe( 4112):   dev[3] CPU (CPU)
10-07 16:45:38.721 I/NpuProbe( 4112): dev_init(HTP0)=0ms -> SESSAO ABERTA
10-07 16:45:38.721 I/NpuProbe( 4112): graph_compute(MUL_MAT 64x64)=0.5ms status=0
10-07 16:45:38.721 I/NpuProbe( 4112): c[0]=128.000000 (esperado 128.0)
10-07 16:45:38.721 I/NpuProbe( 4112): RESULTADO: APP-UID OK: sessao HTP + op executado com resultado correto
10-07 16:45:38.722 I/NpuProbe( 4112): AUTO-GATILHO='smart:vulkan:cpu'
10-07 16:45:38.722 I/NpuProbe( 4112): SMART iniciando rota=vulkan:cpu com /data/local/tmp/hymt2_app.gguf
10-07 16:45:38.722 I/NpuProbe( 4112): SMARTv2 rota='vulkan:cpu' mutante=(none)
10-07 16:45:38.723 I/NpuProbe( 4112): MODO PONTE: origem=vulkan | destino=cpu (CPU)
10-07 16:45:41.295 I/NpuProbe( 4112): A1: ok=1 cap=0 tok1=33 amostrados(s/d)=9/8 emitidos=8 consumidos=8
10-07 16:45:41.296 I/NpuProbe( 4112): A1 tempos: prefill=622.92ms export=563.12ms import=1.92ms gen=625.03ms pp1=245.15ms
10-07 16:45:41.296 I/NpuProbe( 4112): A1 espelho: passos=8 iguais=8 div_pos=-1
10-07 16:45:41.296 I/NpuProbe( 4112): A1 texto: Bom dia, como você está?
10-07 16:45:41.299 I/NpuProbe( 4112): reset: pos cmp (origem=-1 destino=-1) -> VAZIO ok
10-07 16:45:42.374 I/NpuProbe( 4112): A2: ok=1 texto igual ao A1: SIM
10-07 16:45:42.374 I/NpuProbe( 4112): RESULTADO: SMART-ACEITO (vulkan->cpu; A-B-A integral; espelho 8/8)
10-07 16:45:42.466 I/NpuProbe( 4112): SMART REPORT:
10-07 16:45:42.466 I/NpuProbe( 4112): SMART (vulkan:cpu)
10-07 16:45:42.466 I/NpuProbe( 4112): 
10-07 16:45:42.466 I/NpuProbe( 4112): SMARTv2 rota='vulkan:cpu' mutante=(none)
10-07 16:45:42.466 I/NpuProbe( 4112): MODO PONTE: origem=vulkan | destino=cpu (CPU)
10-07 16:45:42.466 I/NpuProbe( 4112): load(destino)=193ms
10-07 16:45:42.466 I/NpuProbe( 4112): load(origem)=467ms
10-07 16:45:42.466 I/NpuProbe( 4112): ctxs prontos (cold_total=741ms)
10-07 16:45:42.466 I/NpuProbe( 4112): A1: ok=1 cap=0 tok1=33 amostrados(s/d)=9/8 emitidos=8 consumidos=8
10-07 16:45:42.466 I/NpuProbe( 4112): A1 tempos: prefill=622.92ms export=563.12ms import=1.92ms gen=625.03ms pp1=245.15ms
10-07 16:45:42.466 I/NpuProbe( 4112): A1 espelho: passos=8 iguais=8 div_pos=-1
10-07 16:45:42.466 I/NpuProbe( 4112): A1 texto: Bom dia, como você está?
10-07 16:45:42.466 I/NpuProbe( 4112): reset: pos cmp (origem=-1 destino=-1) -> VAZIO ok
10-07 16:45:42.466 I/NpuProbe( 4112): A2: ok=1 texto igual ao A1: SIM
10-07 16:45:42.466 I/NpuProbe( 4112): RESULTADO: SMART-ACEITO (vulkan->cpu; A-B-A integral; espelho 8/8)
10-07 16:46:32.204 I/NpuProbe( 4911): nativeLibraryDir=/data/app/~~TZWI8k8uE2G_JmKbGIWAYg==/br.gov.sp.pcsp.npuprobe-850CKHgWfUCOk4lKk5XBZw==/lib/arm64
10-07 16:46:32.204 I/NpuProbe( 4911): libdir=/data/app/~~TZWI8k8uE2G_JmKbGIWAYg==/br.gov.sp.pcsp.npuprobe-850CKHgWfUCOk4lKk5XBZw==/lib/arm64
10-07 16:46:32.204 I/NpuProbe( 4911): build=llama.cpp-upstream-pkg (v11-libs) + probe R4
10-07 16:46:32.205 I/NpuProbe( 4911): controle-sistema (liblog.so)=OK
10-07 16:46:32.205 I/NpuProbe( 4911): negativo-fake (libnaoexiste_xyz.so)=FALHOU err=dlopen failed: library "libnaoexiste_xyz.so" not found
10-07 16:46:32.205 I/NpuProbe( 4911): cdsprpc-nome (libcdsprpc.so)=OK
10-07 16:46:32.206 I/NpuProbe( 4911): cdsprpc-abs (/vendor/lib64/libcdsprpc.so)=OK
10-07 16:46:32.206 I/NpuProbe( 4911): ADSP_LIBRARY_PATH=libdir (setenv)
10-07 16:46:32.207 I/NpuProbe( 4911): [ggml] ggml_vulkan: Found 1 Vulkan devices:
10-07 16:46:32.207 I/NpuProbe( 4911): [ggml] ggml_vulkan: 0 = Adreno (TM) 840 (Qualcomm Technologies Inc. Adreno Vulkan Driver) | uma: 1 | fp16: 1 | bf16: 0 | fp4: 0 | warp size: 64 | shared memory: 32768 | int dot: 0 | matrix cores: none
10-07 16:46:32.212 I/NpuProbe( 4911): [ggml] ggml_opencl: selected platform: 'QUALCOMM Snapdragon(TM)'
10-07 16:46:32.212 I/NpuProbe( 4911): [ggml] 
10-07 16:46:32.212 I/NpuProbe( 4911): ggml_opencl: device: 'QUALCOMM Adreno(TM) 840 (OpenCL 3.0 Adreno(TM) 840)'
10-07 16:46:32.212 I/NpuProbe( 4911): [ggml] ggml_opencl: default device: 'QUALCOMM Adreno(TM) 840 (OpenCL 3.0 Adreno(TM) 840)'
10-07 16:46:32.212 I/NpuProbe( 4911): [ggml] ggml-hex: Loading driver libcdsprpc.so
10-07 16:46:32.214 I/NpuProbe( 4911): [ggml] ggml-hex: Hexagon backend (experimental) : allocating new registry : ndev 1
10-07 16:46:32.214 I/NpuProbe( 4911): [ggml] ggml-hex: Hexagon Arch version v81
10-07 16:46:32.214 I/NpuProbe( 4911): [ggml] ggml-hex: HTP0 allocating new session
10-07 16:46:32.245 I/NpuProbe( 4911): [ggml] ggml-hex: HTP0 hwinfo: threads 8, hvx 8, hmx 1, vtcm 8 MB
10-07 16:46:32.246 I/NpuProbe( 4911): [ggml] ggml-hex: HTP0 new session : session-id 0 domain-id 3 uri file:///libggml-htp-v81.so?htp_iface_skel_handle_invoke&_modver=1.0&_dom=cdsp&_session=0 handle 0xb4000077d52a3740
10-07 16:46:32.249 I/NpuProbe( 4911): [ggml] ggml-hex: HTP0 op batching: n-bufs 16 n-tensors 7168 n-ops 1024 vmem 3355443200
10-07 16:46:32.254 I/NpuProbe( 4911): load_all_from_path=48ms
10-07 16:46:32.254 I/NpuProbe( 4911): [ggml] load_backend: failed to find ggml_backend_init in /data/app/~~TZWI8k8uE2G_JmKbGIWAYg==/br.gov.sp.pcsp.npuprobe-850CKHgWfUCOk4lKk5XBZw==/lib/arm64/libggml-hexagon.so
10-07 16:46:32.254 I/NpuProbe( 4911): load(hexagon direto)=FALHOU em 0ms
10-07 16:46:32.254 I/NpuProbe( 4911): devices=4
10-07 16:46:32.254 I/NpuProbe( 4911):   dev[0] Vulkan0 (Adreno (TM) 840)
10-07 16:46:32.254 I/NpuProbe( 4911):   dev[1] GPUOpenCL (QUALCOMM Adreno(TM) 840)
10-07 16:46:32.254 I/NpuProbe( 4911):   dev[2] HTP0 (Hexagon)
10-07 16:46:32.254 I/NpuProbe( 4911):   dev[3] CPU (CPU)
10-07 16:46:32.254 I/NpuProbe( 4911): dev_init(HTP0)=0ms -> SESSAO ABERTA
10-07 16:46:32.255 I/NpuProbe( 4911): graph_compute(MUL_MAT 64x64)=0.5ms status=0
10-07 16:46:32.255 I/NpuProbe( 4911): c[0]=128.000000 (esperado 128.0)
10-07 16:46:32.255 I/NpuProbe( 4911): RESULTADO: APP-UID OK: sessao HTP + op executado com resultado correto
10-07 16:46:32.255 I/NpuProbe( 4911): REPORT:
10-07 16:46:32.255 I/NpuProbe( 4911): libdir=/data/app/~~TZWI8k8uE2G_JmKbGIWAYg==/br.gov.sp.pcsp.npuprobe-850CKHgWfUCOk4lKk5XBZw==/lib/arm64
10-07 16:46:32.255 I/NpuProbe( 4911): build=llama.cpp-upstream-pkg (v11-libs) + probe R4
10-07 16:46:32.255 I/NpuProbe( 4911): controle-sistema (liblog.so)=OK
10-07 16:46:32.255 I/NpuProbe( 4911): negativo-fake (libnaoexiste_xyz.so)=FALHOU err=dlopen failed: library "libnaoexiste_xyz.so" not found
10-07 16:46:32.255 I/NpuProbe( 4911): cdsprpc-nome (libcdsprpc.so)=OK
10-07 16:46:32.255 I/NpuProbe( 4911): cdsprpc-abs (/vendor/lib64/libcdsprpc.so)=OK
10-07 16:46:32.255 I/NpuProbe( 4911): ADSP_LIBRARY_PATH=libdir (setenv)
10-07 16:46:32.255 I/NpuProbe( 4911): load_all_from_path=48ms
10-07 16:46:32.255 I/NpuProbe( 4911): load(hexagon direto)=FALHOU em 0ms
10-07 16:46:32.255 I/NpuProbe( 4911): devices=4
10-07 16:46:32.255 I/NpuProbe( 4911):   dev[0] Vulkan0 (Adreno (TM) 840)
10-07 16:46:32.255 I/NpuProbe( 4911):   dev[1] GPUOpenCL (QUALCOMM Adreno(TM) 840)
10-07 16:46:32.255 I/NpuProbe( 4911):   dev[2] HTP0 (Hexagon)
10-07 16:46:32.255 I/NpuProbe( 4911):   dev[3] CPU (CPU)
10-07 16:46:32.255 I/NpuProbe( 4911): dev_init(HTP0)=0ms -> SESSAO ABERTA
10-07 16:46:32.255 I/NpuProbe( 4911): graph_compute(MUL_MAT 64x64)=0.5ms status=0
10-07 16:46:32.255 I/NpuProbe( 4911): c[0]=128.000000 (esperado 128.0)
10-07 16:46:32.255 I/NpuProbe( 4911): RESULTADO: APP-UID OK: sessao HTP + op executado com resultado correto
10-07 16:46:32.256 I/NpuProbe( 4911): AUTO-GATILHO='smart:puro:opencl'
10-07 16:46:32.256 I/NpuProbe( 4911): SMART iniciando rota=puro:opencl com /data/local/tmp/hymt2_app.gguf
10-07 16:46:32.256 I/NpuProbe( 4911): SMARTv2 rota='puro:opencl' mutante=(none)
10-07 16:46:32.257 I/NpuProbe( 4911): MODO PURO: origem=(nenhuma) | destino=opencl (GPUOpenCL)
10-07 16:46:33.133 I/NpuProbe( 4911): [ggml] .
10-07 16:46:33.133 I/NpuProbe( 4911): [ggml] .
10-07 16:46:33.133 I/NpuProbe( 4911): [ggml] .
10-07 16:46:33.134 I/NpuProbe( 4911): [ggml] .
10-07 16:46:33.160 I/NpuProbe( 4911): [ggml] .
10-07 16:46:33.161 I/NpuProbe( 4911): [ggml] .
10-07 16:46:33.161 I/NpuProbe( 4911): [ggml] .
10-07 16:46:33.161 I/NpuProbe( 4911): [ggml] .
10-07 16:46:33.161 I/NpuProbe( 4911): [ggml] .
10-07 16:46:33.161 I/NpuProbe( 4911): [ggml] .
10-07 16:46:33.161 I/NpuProbe( 4911): [ggml] .
10-07 16:46:33.161 I/NpuProbe( 4911): [ggml] .
10-07 16:46:33.162 I/NpuProbe( 4911): [ggml] .
10-07 16:46:33.162 I/NpuProbe( 4911): [ggml] .
10-07 16:46:33.162 I/NpuProbe( 4911): [ggml] .
10-07 16:46:33.162 I/NpuProbe( 4911): [ggml] .
10-07 16:46:33.162 I/NpuProbe( 4911): [ggml] .
10-07 16:46:33.194 I/NpuProbe( 4911): [ggml] .
10-07 16:46:33.195 I/NpuProbe( 4911): [ggml] .
10-07 16:46:33.195 I/NpuProbe( 4911): [ggml] .
10-07 16:46:33.195 I/NpuProbe( 4911): [ggml] .
10-07 16:46:33.195 I/NpuProbe( 4911): [ggml] .
10-07 16:46:33.195 I/NpuProbe( 4911): [ggml] .
10-07 16:46:33.233 I/NpuProbe( 4911): [ggml] .
10-07 16:46:33.267 I/NpuProbe( 4911): [ggml] .
10-07 16:46:33.268 I/NpuProbe( 4911): [ggml] .
10-07 16:46:33.268 I/NpuProbe( 4911): [ggml] .
10-07 16:46:33.268 I/NpuProbe( 4911): [ggml] .
10-07 16:46:33.268 I/NpuProbe( 4911): [ggml] .
10-07 16:46:33.269 I/NpuProbe( 4911): [ggml] .
10-07 16:46:33.269 I/NpuProbe( 4911): [ggml] .
10-07 16:46:33.269 I/NpuProbe( 4911): [ggml] .
10-07 16:46:33.269 I/NpuProbe( 4911): [ggml] .
10-07 16:46:33.269 I/NpuProbe( 4911): [ggml] .
10-07 16:46:33.269 I/NpuProbe( 4911): [ggml] .
10-07 16:46:33.270 I/NpuProbe( 4911): [ggml] .
10-07 16:46:33.270 I/NpuProbe( 4911): [ggml] .
10-07 16:46:33.270 I/NpuProbe( 4911): [ggml] .
10-07 16:46:33.270 I/NpuProbe( 4911): [ggml] .
10-07 16:46:33.270 I/NpuProbe( 4911): [ggml] .
10-07 16:46:33.292 I/NpuProbe( 4911): [ggml] .
10-07 16:46:33.292 I/NpuProbe( 4911): [ggml] .
10-07 16:46:33.292 I/NpuProbe( 4911): [ggml] .
10-07 16:46:33.293 I/NpuProbe( 4911): [ggml] .
10-07 16:46:33.293 I/NpuProbe( 4911): [ggml] .
10-07 16:46:33.293 I/NpuProbe( 4911): [ggml] .
10-07 16:46:33.293 I/NpuProbe( 4911): [ggml] .
10-07 16:46:33.293 I/NpuProbe( 4911): [ggml] .
10-07 16:46:33.293 I/NpuProbe( 4911): [ggml] .
10-07 16:46:33.334 I/NpuProbe( 4911): [ggml] .
10-07 16:46:33.334 I/NpuProbe( 4911): [ggml] .
10-07 16:46:33.376 I/NpuProbe( 4911): [ggml] .
10-07 16:46:33.377 I/NpuProbe( 4911): [ggml] .
10-07 16:46:33.377 I/NpuProbe( 4911): [ggml] .
10-07 16:46:33.377 I/NpuProbe( 4911): [ggml] .
10-07 16:46:33.378 I/NpuProbe( 4911): [ggml] .
10-07 16:46:33.394 I/NpuProbe( 4911): [ggml] .
10-07 16:46:33.395 I/NpuProbe( 4911): [ggml] .
10-07 16:46:33.451 I/NpuProbe( 4911): [ggml] .
10-07 16:46:33.452 I/NpuProbe( 4911): [ggml] .
10-07 16:46:33.452 I/NpuProbe( 4911): [ggml] .
10-07 16:46:33.452 I/NpuProbe( 4911): [ggml] .
10-07 16:46:33.452 I/NpuProbe( 4911): [ggml] .
10-07 16:46:33.452 I/NpuProbe( 4911): [ggml] .
10-07 16:46:33.452 I/NpuProbe( 4911): [ggml] .
10-07 16:46:33.452 I/NpuProbe( 4911): [ggml] .
10-07 16:46:33.452 I/NpuProbe( 4911): [ggml] .
10-07 16:46:33.453 I/NpuProbe( 4911): [ggml] .
10-07 16:46:33.453 I/NpuProbe( 4911): [ggml] .
10-07 16:46:33.453 I/NpuProbe( 4911): [ggml] .
10-07 16:46:33.453 I/NpuProbe( 4911): [ggml] .
10-07 16:46:33.453 I/NpuProbe( 4911): [ggml] .
10-07 16:46:33.453 I/NpuProbe( 4911): [ggml] .
10-07 16:46:33.453 I/NpuProbe( 4911): [ggml] .
10-07 16:46:33.453 I/NpuProbe( 4911): [ggml] .
10-07 16:46:33.453 I/NpuProbe( 4911): [ggml] .
10-07 16:46:33.453 I/NpuProbe( 4911): [ggml] .
10-07 16:46:33.453 I/NpuProbe( 4911): [ggml] .
10-07 16:46:33.453 I/NpuProbe( 4911): [ggml] .
10-07 16:46:33.453 I/NpuProbe( 4911): [ggml] .
10-07 16:46:33.453 I/NpuProbe( 4911): [ggml] .
10-07 16:46:33.453 I/NpuProbe( 4911): [ggml] .
10-07 16:46:33.453 I/NpuProbe( 4911): [ggml] .
10-07 16:46:33.468 I/NpuProbe( 4911): [ggml] .
10-07 16:46:33.469 I/NpuProbe( 4911): [ggml] .
10-07 16:46:33.469 I/NpuProbe( 4911): [ggml] .
10-07 16:46:33.518 I/NpuProbe( 4911): [ggml] .
10-07 16:46:33.568 I/NpuProbe( 4911): [ggml] .
10-07 16:46:33.620 I/NpuProbe( 4911): [ggml] .
10-07 16:46:33.622 I/NpuProbe( 4911): [ggml] .
10-07 16:46:33.625 I/NpuProbe( 4911): [ggml] .
10-07 16:46:33.633 I/NpuProbe( 4911): [ggml] .
10-07 16:46:33.634 I/NpuProbe( 4911): [ggml] .
10-07 16:46:33.634 I/NpuProbe( 4911): [ggml] .
10-07 16:46:33.634 I/NpuProbe( 4911): [ggml] .
10-07 16:46:33.634 I/NpuProbe( 4911): [ggml] .
10-07 16:46:33.635 I/NpuProbe( 4911): [ggml] .
10-07 16:46:33.635 I/NpuProbe( 4911): [ggml] .
10-07 16:46:33.635 I/NpuProbe( 4911): [ggml] .
10-07 16:46:33.635 I/NpuProbe( 4911): [ggml] .
10-07 16:46:33.676 I/NpuProbe( 4911): [ggml] .
10-07 16:46:33.677 I/NpuProbe( 4911): [ggml] .
10-07 16:46:33.677 I/NpuProbe( 4911): [ggml] .
10-07 16:46:33.677 I/NpuProbe( 4911): [ggml] .
10-07 16:46:33.677 I/NpuProbe( 4911): [ggml] .
10-07 16:46:33.677 I/NpuProbe( 4911): [ggml] .
10-07 16:46:33.677 I/NpuProbe( 4911): [ggml] .
10-07 16:46:33.716 I/NpuProbe( 4911): [ggml] .
10-07 16:46:33.717 I/NpuProbe( 4911): [ggml] .
10-07 16:46:33.718 I/NpuProbe( 4911): [ggml] .
10-07 16:46:33.718 I/NpuProbe( 4911): [ggml] .
10-07 16:46:33.718 I/NpuProbe( 4911): [ggml] .
10-07 16:46:33.718 I/NpuProbe( 4911): [ggml] .
10-07 16:46:33.718 I/NpuProbe( 4911): [ggml] .
10-07 16:46:33.718 I/NpuProbe( 4911): [ggml] .
10-07 16:46:33.718 I/NpuProbe( 4911): [ggml] .
10-07 16:46:33.719 I/NpuProbe( 4911): [ggml] .
10-07 16:46:33.719 I/NpuProbe( 4911): [ggml] .
10-07 16:46:33.748 I/NpuProbe( 4911): [ggml] .
10-07 16:46:33.783 I/NpuProbe( 4911): [ggml] .
10-07 16:46:33.787 I/NpuProbe( 4911): [ggml] .
10-07 16:46:33.787 I/NpuProbe( 4911): [ggml] .
10-07 16:46:33.787 I/NpuProbe( 4911): [ggml] .
10-07 16:46:33.787 I/NpuProbe( 4911): [ggml] .
10-07 16:46:33.788 I/NpuProbe( 4911): [ggml] .
10-07 16:46:33.833 I/NpuProbe( 4911): [ggml] .
10-07 16:46:33.834 I/NpuProbe( 4911): [ggml] .
10-07 16:46:33.834 I/NpuProbe( 4911): [ggml] .
10-07 16:46:33.834 I/NpuProbe( 4911): [ggml] .
10-07 16:46:33.834 I/NpuProbe( 4911): [ggml] .
10-07 16:46:33.834 I/NpuProbe( 4911): [ggml] .
10-07 16:46:33.835 I/NpuProbe( 4911): [ggml] .
10-07 16:46:33.835 I/NpuProbe( 4911): [ggml] .
10-07 16:46:33.835 I/NpuProbe( 4911): [ggml] .
10-07 16:46:33.835 I/NpuProbe( 4911): [ggml] .
10-07 16:46:33.835 I/NpuProbe( 4911): [ggml] .
10-07 16:46:33.835 I/NpuProbe( 4911): [ggml] .
10-07 16:46:33.835 I/NpuProbe( 4911): [ggml] .
10-07 16:46:33.835 I/NpuProbe( 4911): [ggml] .
10-07 16:46:33.836 I/NpuProbe( 4911): [ggml] .
10-07 16:46:33.836 I/NpuProbe( 4911): [ggml] .
10-07 16:46:33.836 I/NpuProbe( 4911): [ggml] .
10-07 16:46:33.836 I/NpuProbe( 4911): [ggml] .
10-07 16:46:33.837 I/NpuProbe( 4911): [ggml] .
10-07 16:46:33.837 I/NpuProbe( 4911): [ggml] .
10-07 16:46:33.837 I/NpuProbe( 4911): [ggml] .
10-07 16:46:33.837 I/NpuProbe( 4911): [ggml] .
10-07 16:46:33.837 I/NpuProbe( 4911): [ggml] .
10-07 16:46:33.837 I/NpuProbe( 4911): [ggml] .
10-07 16:46:33.837 I/NpuProbe( 4911): [ggml] .
10-07 16:46:33.837 I/NpuProbe( 4911): [ggml] .
10-07 16:46:33.846 I/NpuProbe( 4911): [ggml] .
10-07 16:46:33.857 I/NpuProbe( 4911): [ggml] .
10-07 16:46:33.912 I/NpuProbe( 4911): [ggml] .
10-07 16:46:33.932 I/NpuProbe( 4911): [ggml] .
10-07 16:46:33.989 I/NpuProbe( 4911): [ggml] .
10-07 16:46:33.991 I/NpuProbe( 4911): [ggml] .
10-07 16:46:33.991 I/NpuProbe( 4911): [ggml] 
10-07 16:46:37.759 I/NpuProbe( 4911): load(destino)=5502ms
10-07 16:46:37.760 I/NpuProbe( 4911): [ggml] ggml_opencl: OpenCL driver: OpenCL 3.0 QUALCOMM build: 0842.41 Compiler E031.50.19.27
10-07 16:46:37.760 I/NpuProbe( 4911): [ggml] ggml_opencl: vector subgroup broadcast support: true
10-07 16:46:37.760 I/NpuProbe( 4911): [ggml] ggml_opencl: subgroup shuffle support: true
10-07 16:46:37.760 I/NpuProbe( 4911): [ggml] ggml_opencl: device FP16 support: true
10-07 16:46:37.760 I/NpuProbe( 4911): [ggml] ggml_opencl: khr dot product support: true
10-07 16:46:37.760 I/NpuProbe( 4911): [ggml] ggml_opencl: mem base addr align: 128
10-07 16:46:37.760 I/NpuProbe( 4911): [ggml] ggml_opencl: global mem size: 7555 MB
10-07 16:46:37.760 I/NpuProbe( 4911): [ggml] ggml_opencl: max mem alloc size: 2048 MB
10-07 16:46:37.760 I/NpuProbe( 4911): [ggml] ggml_opencl: device max image buffer size (pixels): 2147483648
10-07 16:46:37.760 I/NpuProbe( 4911): [ggml] ggml_opencl: device max image2d size: 16384 x 16384
10-07 16:46:37.760 I/NpuProbe( 4911): [ggml] ggml_opencl: device max workgroup size: 1024
10-07 16:46:37.760 I/NpuProbe( 4911): [ggml] ggml_opencl: SVM coarse grain buffer support: true
10-07 16:46:37.760 I/NpuProbe( 4911): [ggml] ggml_opencl: SVM fine grain buffer support: true
10-07 16:46:37.760 I/NpuProbe( 4911): [ggml] ggml_opencl: SVM fine grain system support: false
10-07 16:46:37.760 I/NpuProbe( 4911): [ggml] ggml_opencl: SVM atomics support: true
10-07 16:46:37.760 I/NpuProbe( 4911): [ggml] ggml_opencl: cl_qcom_subgroup_shuffle support: true
10-07 16:46:37.760 I/NpuProbe( 4911): [ggml] ggml_opencl: flattening quantized weights representation as struct of arrays (GGML_OPENCL_SOA_Q)
10-07 16:46:37.760 I/NpuProbe( 4911): [ggml] ggml_opencl: using kernels optimized for Adreno (GGML_OPENCL_USE_ADRENO_KERNELS)
10-07 16:46:37.822 I/NpuProbe( 4911): [ggml] ggml_opencl: lazy-compiling flash_attn prepass for DK=128 DV=128
10-07 16:46:37.822 I/NpuProbe( 4911): [ggml] ggml_opencl: compiling fa prepass f16
10-07 16:46:37.869 I/NpuProbe( 4911): [ggml] ggml_opencl: compiling fa f32_f16
10-07 16:46:38.371 I/NpuProbe( 4911): [ggml] ggml_opencl: flash_attn_f32_f16_q1_vec_mq_split_c8 DK=128 DV=128 per-kernel max 128 < required 256; skipping registration (will fall back)
10-07 16:46:38.371 I/NpuProbe( 4911): [ggml] ggml_opencl: compiling fa f32_f16 MQ_GQA=8
10-07 16:46:38.619 I/NpuProbe( 4911): [ggml] ggml_opencl: flash_attn_f32_f16_q1_vec_mq_split_c8 (g8) DK=128 DV=128 per-kernel max 128 < required 192; skipping registration (will fall back)
10-07 16:46:38.619 I/NpuProbe( 4911): [ggml] ggml_opencl: compiling fa f32_f16 c8 NSG2
10-07 16:46:38.787 I/NpuProbe( 4911): [ggml] ggml_opencl: compiling fa f32_f16 c8 g8 NSG2
10-07 16:46:39.031 I/NpuProbe( 4911): [ggml] ggml_opencl: compiling fa f32_f16 split
10-07 16:46:39.830 I/NpuProbe( 4911): puro: ok=1 pieces=8 prefill=1715.14ms gen=294.72ms pp1=0.09ms
10-07 16:46:39.830 I/NpuProbe( 4911): puro texto: Bom dia, como você está?
10-07 16:46:39.830 I/NpuProbe( 4911): RESULTADO: SMART-ACEITO (puro opencl; baseline de numerica)
10-07 16:46:39.945 I/NpuProbe( 4911): SMART REPORT:
10-07 16:46:39.945 I/NpuProbe( 4911): SMART (puro:opencl)
10-07 16:46:39.945 I/NpuProbe( 4911): 
10-07 16:46:39.945 I/NpuProbe( 4911): SMARTv2 rota='puro:opencl' mutante=(none)
10-07 16:46:39.945 I/NpuProbe( 4911): MODO PURO: origem=(nenhuma) | destino=opencl (GPUOpenCL)
10-07 16:46:39.945 I/NpuProbe( 4911): load(destino)=5502ms
10-07 16:46:39.945 I/NpuProbe( 4911): puro: ok=1 pieces=8 prefill=1715.14ms gen=294.72ms pp1=0.09ms
10-07 16:46:39.945 I/NpuProbe( 4911): puro texto: Bom dia, como você está?
10-07 16:46:39.945 I/NpuProbe( 4911): RESULTADO: SMART-ACEITO (puro opencl; baseline de numerica)
10-07 16:47:30.015 I/NpuProbe(16735): nativeLibraryDir=/data/app/~~TZWI8k8uE2G_JmKbGIWAYg==/br.gov.sp.pcsp.npuprobe-850CKHgWfUCOk4lKk5XBZw==/lib/arm64
10-07 16:47:30.015 I/NpuProbe(16735): libdir=/data/app/~~TZWI8k8uE2G_JmKbGIWAYg==/br.gov.sp.pcsp.npuprobe-850CKHgWfUCOk4lKk5XBZw==/lib/arm64
10-07 16:47:30.015 I/NpuProbe(16735): build=llama.cpp-upstream-pkg (v11-libs) + probe R4
10-07 16:47:30.015 I/NpuProbe(16735): controle-sistema (liblog.so)=OK
10-07 16:47:30.015 I/NpuProbe(16735): negativo-fake (libnaoexiste_xyz.so)=FALHOU err=dlopen failed: library "libnaoexiste_xyz.so" not found
10-07 16:47:30.016 I/NpuProbe(16735): cdsprpc-nome (libcdsprpc.so)=OK
10-07 16:47:30.017 I/NpuProbe(16735): cdsprpc-abs (/vendor/lib64/libcdsprpc.so)=OK
10-07 16:47:30.017 I/NpuProbe(16735): ADSP_LIBRARY_PATH=libdir (setenv)
10-07 16:47:30.018 I/NpuProbe(16735): [ggml] ggml_vulkan: Found 1 Vulkan devices:
10-07 16:47:30.018 I/NpuProbe(16735): [ggml] ggml_vulkan: 0 = Adreno (TM) 840 (Qualcomm Technologies Inc. Adreno Vulkan Driver) | uma: 1 | fp16: 1 | bf16: 0 | fp4: 0 | warp size: 64 | shared memory: 32768 | int dot: 0 | matrix cores: none
10-07 16:47:30.024 I/NpuProbe(16735): [ggml] ggml_opencl: selected platform: 'QUALCOMM Snapdragon(TM)'
10-07 16:47:30.024 I/NpuProbe(16735): [ggml] 
10-07 16:47:30.024 I/NpuProbe(16735): ggml_opencl: device: 'QUALCOMM Adreno(TM) 840 (OpenCL 3.0 Adreno(TM) 840)'
10-07 16:47:30.024 I/NpuProbe(16735): [ggml] ggml_opencl: default device: 'QUALCOMM Adreno(TM) 840 (OpenCL 3.0 Adreno(TM) 840)'
10-07 16:47:30.024 I/NpuProbe(16735): [ggml] ggml-hex: Loading driver libcdsprpc.so
10-07 16:47:30.025 I/NpuProbe(16735): [ggml] ggml-hex: Hexagon backend (experimental) : allocating new registry : ndev 1
10-07 16:47:30.025 I/NpuProbe(16735): [ggml] ggml-hex: Hexagon Arch version v81
10-07 16:47:30.025 I/NpuProbe(16735): [ggml] ggml-hex: HTP0 allocating new session
10-07 16:47:30.057 I/NpuProbe(16735): [ggml] ggml-hex: HTP0 hwinfo: threads 8, hvx 8, hmx 1, vtcm 8 MB
10-07 16:47:30.057 I/NpuProbe(16735): [ggml] ggml-hex: HTP0 new session : session-id 0 domain-id 3 uri file:///libggml-htp-v81.so?htp_iface_skel_handle_invoke&_modver=1.0&_dom=cdsp&_session=0 handle 0xb4000077c5fe5280
10-07 16:47:30.060 I/NpuProbe(16735): [ggml] ggml-hex: HTP0 op batching: n-bufs 16 n-tensors 7168 n-ops 1024 vmem 3355443200
10-07 16:47:30.065 I/NpuProbe(16735): load_all_from_path=48ms
10-07 16:47:30.065 I/NpuProbe(16735): [ggml] load_backend: failed to find ggml_backend_init in /data/app/~~TZWI8k8uE2G_JmKbGIWAYg==/br.gov.sp.pcsp.npuprobe-850CKHgWfUCOk4lKk5XBZw==/lib/arm64/libggml-hexagon.so
10-07 16:47:30.065 I/NpuProbe(16735): load(hexagon direto)=FALHOU em 0ms
10-07 16:47:30.065 I/NpuProbe(16735): devices=4
10-07 16:47:30.065 I/NpuProbe(16735):   dev[0] Vulkan0 (Adreno (TM) 840)
10-07 16:47:30.065 I/NpuProbe(16735):   dev[1] GPUOpenCL (QUALCOMM Adreno(TM) 840)
10-07 16:47:30.065 I/NpuProbe(16735):   dev[2] HTP0 (Hexagon)
10-07 16:47:30.065 I/NpuProbe(16735):   dev[3] CPU (CPU)
10-07 16:47:30.065 I/NpuProbe(16735): dev_init(HTP0)=0ms -> SESSAO ABERTA
10-07 16:47:30.065 I/NpuProbe(16735): graph_compute(MUL_MAT 64x64)=0.5ms status=0
10-07 16:47:30.065 I/NpuProbe(16735): c[0]=128.000000 (esperado 128.0)
10-07 16:47:30.065 I/NpuProbe(16735): RESULTADO: APP-UID OK: sessao HTP + op executado com resultado correto
10-07 16:47:30.066 I/NpuProbe(16735): REPORT:
10-07 16:47:30.066 I/NpuProbe(16735): libdir=/data/app/~~TZWI8k8uE2G_JmKbGIWAYg==/br.gov.sp.pcsp.npuprobe-850CKHgWfUCOk4lKk5XBZw==/lib/arm64
10-07 16:47:30.066 I/NpuProbe(16735): build=llama.cpp-upstream-pkg (v11-libs) + probe R4
10-07 16:47:30.066 I/NpuProbe(16735): controle-sistema (liblog.so)=OK
10-07 16:47:30.066 I/NpuProbe(16735): negativo-fake (libnaoexiste_xyz.so)=FALHOU err=dlopen failed: library "libnaoexiste_xyz.so" not found
10-07 16:47:30.066 I/NpuProbe(16735): cdsprpc-nome (libcdsprpc.so)=OK
10-07 16:47:30.066 I/NpuProbe(16735): cdsprpc-abs (/vendor/lib64/libcdsprpc.so)=OK
10-07 16:47:30.066 I/NpuProbe(16735): ADSP_LIBRARY_PATH=libdir (setenv)
10-07 16:47:30.066 I/NpuProbe(16735): load_all_from_path=48ms
10-07 16:47:30.066 I/NpuProbe(16735): load(hexagon direto)=FALHOU em 0ms
10-07 16:47:30.066 I/NpuProbe(16735): devices=4
10-07 16:47:30.066 I/NpuProbe(16735):   dev[0] Vulkan0 (Adreno (TM) 840)
10-07 16:47:30.066 I/NpuProbe(16735):   dev[1] GPUOpenCL (QUALCOMM Adreno(TM) 840)
10-07 16:47:30.066 I/NpuProbe(16735):   dev[2] HTP0 (Hexagon)
10-07 16:47:30.066 I/NpuProbe(16735):   dev[3] CPU (CPU)
10-07 16:47:30.066 I/NpuProbe(16735): dev_init(HTP0)=0ms -> SESSAO ABERTA
10-07 16:47:30.066 I/NpuProbe(16735): graph_compute(MUL_MAT 64x64)=0.5ms status=0
10-07 16:47:30.066 I/NpuProbe(16735): c[0]=128.000000 (esperado 128.0)
10-07 16:47:30.066 I/NpuProbe(16735): RESULTADO: APP-UID OK: sessao HTP + op executado com resultado correto
10-07 16:47:30.066 I/NpuProbe(16735): AUTO-GATILHO='smart:opencl'
10-07 16:47:30.066 I/NpuProbe(16735): SMART iniciando rota=opencl com /data/local/tmp/hymt2_app.gguf
10-07 16:47:30.066 I/NpuProbe(16735): SMARTv2 rota='opencl' mutante=(none)
10-07 16:47:30.067 I/NpuProbe(16735): MODO PONTE: origem=htp | destino=opencl (GPUOpenCL)
10-07 16:47:32.803 I/NpuProbe(16735): load(destino)=2736ms
10-07 16:47:32.803 I/NpuProbe(16735): [ggml] ggml_opencl: OpenCL driver: OpenCL 3.0 QUALCOMM build: 0842.41 Compiler E031.50.19.27
10-07 16:47:32.803 I/NpuProbe(16735): [ggml] ggml_opencl: vector subgroup broadcast support: true
10-07 16:47:32.803 I/NpuProbe(16735): [ggml] ggml_opencl: subgroup shuffle support: true
10-07 16:47:32.803 I/NpuProbe(16735): [ggml] ggml_opencl: device FP16 support: true
10-07 16:47:32.803 I/NpuProbe(16735): [ggml] ggml_opencl: khr dot product support: true
10-07 16:47:32.803 I/NpuProbe(16735): [ggml] ggml_opencl: mem base addr align: 128
10-07 16:47:32.803 I/NpuProbe(16735): [ggml] ggml_opencl: global mem size: 7555 MB
10-07 16:47:32.803 I/NpuProbe(16735): [ggml] ggml_opencl: max mem alloc size: 2048 MB
10-07 16:47:32.803 I/NpuProbe(16735): [ggml] ggml_opencl: device max image buffer size (pixels): 2147483648
10-07 16:47:32.803 I/NpuProbe(16735): [ggml] ggml_opencl: device max image2d size: 16384 x 16384
10-07 16:47:32.803 I/NpuProbe(16735): [ggml] ggml_opencl: device max workgroup size: 1024
10-07 16:47:32.803 I/NpuProbe(16735): [ggml] ggml_opencl: SVM coarse grain buffer support: true
10-07 16:47:32.803 I/NpuProbe(16735): [ggml] ggml_opencl: SVM fine grain buffer support: true
10-07 16:47:32.803 I/NpuProbe(16735): [ggml] ggml_opencl: SVM fine grain system support: false
10-07 16:47:32.803 I/NpuProbe(16735): [ggml] ggml_opencl: SVM atomics support: true
10-07 16:47:32.803 I/NpuProbe(16735): [ggml] ggml_opencl: cl_qcom_subgroup_shuffle support: true
10-07 16:47:32.803 I/NpuProbe(16735): [ggml] ggml_opencl: flattening quantized weights representation as struct of arrays (GGML_OPENCL_SOA_Q)
10-07 16:47:32.803 I/NpuProbe(16735): [ggml] ggml_opencl: using kernels optimized for Adreno (GGML_OPENCL_USE_ADRENO_KERNELS)
10-07 16:47:33.047 I/NpuProbe(16735): load(origem)=181ms
10-07 16:47:33.062 I/NpuProbe(16735): ctxs prontos (cold_total=2995ms)
10-07 16:47:33.926 I/NpuProbe(16735): [ggml] ggml_opencl: lazy-compiling flash_attn prepass for DK=128 DV=128
10-07 16:47:33.926 I/NpuProbe(16735): [ggml] ggml_opencl: compiling fa prepass f16
10-07 16:47:33.948 I/NpuProbe(16735): [ggml] ggml_opencl: compiling fa f32_f16
10-07 16:47:34.448 I/NpuProbe(16735): [ggml] ggml_opencl: flash_attn_f32_f16_q1_vec_mq_split_c8 DK=128 DV=128 per-kernel max 128 < required 256; skipping registration (will fall back)
10-07 16:47:34.448 I/NpuProbe(16735): [ggml] ggml_opencl: compiling fa f32_f16 MQ_GQA=8
10-07 16:47:34.698 I/NpuProbe(16735): [ggml] ggml_opencl: flash_attn_f32_f16_q1_vec_mq_split_c8 (g8) DK=128 DV=128 per-kernel max 128 < required 192; skipping registration (will fall back)
10-07 16:47:34.698 I/NpuProbe(16735): [ggml] ggml_opencl: compiling fa f32_f16 c8 NSG2
10-07 16:47:34.867 I/NpuProbe(16735): [ggml] ggml_opencl: compiling fa f32_f16 c8 g8 NSG2
10-07 16:47:35.116 I/NpuProbe(16735): [ggml] ggml_opencl: compiling fa f32_f16 split
10-07 16:47:36.643 I/NpuProbe(16735): A1: ok=1 cap=0 tok1=33 amostrados(s/d)=9/8 emitidos=8 consumidos=8
10-07 16:47:36.643 I/NpuProbe(16735): A1 tempos: prefill=843.33ms export=0.10ms import=9.10ms gen=2701.61ms pp1=1683.64ms
10-07 16:47:36.643 I/NpuProbe(16735): A1 espelho: passos=8 iguais=8 div_pos=-1
10-07 16:47:36.643 I/NpuProbe(16735): A1 texto: Bom dia, como você está?
10-07 16:47:36.654 I/NpuProbe(16735): reset: pos cmp (origem=-1 destino=-1) -> VAZIO ok
10-07 16:47:38.637 I/NpuProbe(16735): A2: ok=1 texto igual ao A1: SIM
10-07 16:47:38.637 I/NpuProbe(16735): RESULTADO: SMART-ACEITO (htp->opencl; A-B-A integral; espelho 8/8)
10-07 16:47:38.752 I/NpuProbe(16735): SMART REPORT:
10-07 16:47:38.752 I/NpuProbe(16735): SMART (opencl)
10-07 16:47:38.752 I/NpuProbe(16735): 
10-07 16:47:38.752 I/NpuProbe(16735): SMARTv2 rota='opencl' mutante=(none)
10-07 16:47:38.752 I/NpuProbe(16735): MODO PONTE: origem=htp | destino=opencl (GPUOpenCL)
10-07 16:47:38.752 I/NpuProbe(16735): load(destino)=2736ms
10-07 16:47:38.752 I/NpuProbe(16735): load(origem)=181ms
10-07 16:47:38.752 I/NpuProbe(16735): ctxs prontos (cold_total=2995ms)
10-07 16:47:38.752 I/NpuProbe(16735): A1: ok=1 cap=0 tok1=33 amostrados(s/d)=9/8 emitidos=8 consumidos=8
10-07 16:47:38.752 I/NpuProbe(16735): A1 tempos: prefill=843.33ms export=0.10ms import=9.10ms gen=2701.61ms pp1=1683.64ms
10-07 16:47:38.752 I/NpuProbe(16735): A1 espelho: passos=8 iguais=8 div_pos=-1
10-07 16:47:38.752 I/NpuProbe(16735): A1 texto: Bom dia, como você está?
10-07 16:47:38.752 I/NpuProbe(16735): reset: pos cmp (origem=-1 destino=-1) -> VAZIO ok
10-07 16:47:38.752 I/NpuProbe(16735): A2: ok=1 texto igual ao A1: SIM
10-07 16:47:38.752 I/NpuProbe(16735): RESULTADO: SMART-ACEITO (htp->opencl; A-B-A integral; espelho 8/8)
10-07 16:50:14.781 I/NpuProbe(17757): nativeLibraryDir=/data/app/~~TZWI8k8uE2G_JmKbGIWAYg==/br.gov.sp.pcsp.npuprobe-850CKHgWfUCOk4lKk5XBZw==/lib/arm64
10-07 16:50:14.782 I/NpuProbe(17757): libdir=/data/app/~~TZWI8k8uE2G_JmKbGIWAYg==/br.gov.sp.pcsp.npuprobe-850CKHgWfUCOk4lKk5XBZw==/lib/arm64
10-07 16:50:14.782 I/NpuProbe(17757): build=llama.cpp-upstream-pkg (v11-libs) + probe R4
10-07 16:50:14.782 I/NpuProbe(17757): controle-sistema (liblog.so)=OK
10-07 16:50:14.782 I/NpuProbe(17757): negativo-fake (libnaoexiste_xyz.so)=FALHOU err=dlopen failed: library "libnaoexiste_xyz.so" not found
10-07 16:50:14.783 I/NpuProbe(17757): cdsprpc-nome (libcdsprpc.so)=OK
10-07 16:50:14.784 I/NpuProbe(17757): cdsprpc-abs (/vendor/lib64/libcdsprpc.so)=OK
10-07 16:50:14.784 I/NpuProbe(17757): ADSP_LIBRARY_PATH=libdir (setenv)
10-07 16:50:14.785 I/NpuProbe(17757): [ggml] ggml_vulkan: Found 1 Vulkan devices:
10-07 16:50:14.785 I/NpuProbe(17757): [ggml] ggml_vulkan: 0 = Adreno (TM) 840 (Qualcomm Technologies Inc. Adreno Vulkan Driver) | uma: 1 | fp16: 1 | bf16: 0 | fp4: 0 | warp size: 64 | shared memory: 32768 | int dot: 0 | matrix cores: none
10-07 16:50:14.793 I/NpuProbe(17757): [ggml] ggml_opencl: selected platform: 'QUALCOMM Snapdragon(TM)'
10-07 16:50:14.794 I/NpuProbe(17757): [ggml] 
10-07 16:50:14.794 I/NpuProbe(17757): ggml_opencl: device: 'QUALCOMM Adreno(TM) 840 (OpenCL 3.0 Adreno(TM) 840)'
10-07 16:50:14.794 I/NpuProbe(17757): [ggml] ggml_opencl: default device: 'QUALCOMM Adreno(TM) 840 (OpenCL 3.0 Adreno(TM) 840)'
10-07 16:50:14.794 I/NpuProbe(17757): [ggml] ggml-hex: Loading driver libcdsprpc.so
10-07 16:50:14.795 I/NpuProbe(17757): [ggml] ggml-hex: Hexagon backend (experimental) : allocating new registry : ndev 1
10-07 16:50:14.795 I/NpuProbe(17757): [ggml] ggml-hex: Hexagon Arch version v81
10-07 16:50:14.795 I/NpuProbe(17757): [ggml] ggml-hex: HTP0 allocating new session
10-07 16:50:14.827 I/NpuProbe(17757): [ggml] ggml-hex: HTP0 hwinfo: threads 8, hvx 8, hmx 1, vtcm 8 MB
10-07 16:50:14.827 I/NpuProbe(17757): [ggml] ggml-hex: HTP0 new session : session-id 0 domain-id 3 uri file:///libggml-htp-v81.so?htp_iface_skel_handle_invoke&_modver=1.0&_dom=cdsp&_session=0 handle 0xb4000077d522e340
10-07 16:50:14.831 I/NpuProbe(17757): [ggml] ggml-hex: HTP0 op batching: n-bufs 16 n-tensors 7168 n-ops 1024 vmem 3355443200
10-07 16:50:14.836 I/NpuProbe(17757): load_all_from_path=52ms
10-07 16:50:14.836 I/NpuProbe(17757): [ggml] load_backend: failed to find ggml_backend_init in /data/app/~~TZWI8k8uE2G_JmKbGIWAYg==/br.gov.sp.pcsp.npuprobe-850CKHgWfUCOk4lKk5XBZw==/lib/arm64/libggml-hexagon.so
10-07 16:50:14.836 I/NpuProbe(17757): load(hexagon direto)=FALHOU em 0ms
10-07 16:50:14.836 I/NpuProbe(17757): devices=4
10-07 16:50:14.836 I/NpuProbe(17757):   dev[0] Vulkan0 (Adreno (TM) 840)
10-07 16:50:14.836 I/NpuProbe(17757):   dev[1] GPUOpenCL (QUALCOMM Adreno(TM) 840)
10-07 16:50:14.836 I/NpuProbe(17757):   dev[2] HTP0 (Hexagon)
10-07 16:50:14.836 I/NpuProbe(17757):   dev[3] CPU (CPU)
10-07 16:50:14.836 I/NpuProbe(17757): dev_init(HTP0)=0ms -> SESSAO ABERTA
10-07 16:50:14.838 I/NpuProbe(17757): graph_compute(MUL_MAT 64x64)=1.4ms status=0
10-07 16:50:14.838 I/NpuProbe(17757): c[0]=128.000000 (esperado 128.0)
10-07 16:50:14.838 I/NpuProbe(17757): RESULTADO: APP-UID OK: sessao HTP + op executado com resultado correto
10-07 16:50:14.839 I/NpuProbe(17757): REPORT:
10-07 16:50:14.839 I/NpuProbe(17757): libdir=/data/app/~~TZWI8k8uE2G_JmKbGIWAYg==/br.gov.sp.pcsp.npuprobe-850CKHgWfUCOk4lKk5XBZw==/lib/arm64
10-07 16:50:14.839 I/NpuProbe(17757): build=llama.cpp-upstream-pkg (v11-libs) + probe R4
10-07 16:50:14.839 I/NpuProbe(17757): controle-sistema (liblog.so)=OK
10-07 16:50:14.839 I/NpuProbe(17757): negativo-fake (libnaoexiste_xyz.so)=FALHOU err=dlopen failed: library "libnaoexiste_xyz.so" not found
10-07 16:50:14.839 I/NpuProbe(17757): cdsprpc-nome (libcdsprpc.so)=OK
10-07 16:50:14.839 I/NpuProbe(17757): cdsprpc-abs (/vendor/lib64/libcdsprpc.so)=OK
10-07 16:50:14.839 I/NpuProbe(17757): ADSP_LIBRARY_PATH=libdir (setenv)
10-07 16:50:14.839 I/NpuProbe(17757): load_all_from_path=52ms
10-07 16:50:14.839 I/NpuProbe(17757): load(hexagon direto)=FALHOU em 0ms
10-07 16:50:14.839 I/NpuProbe(17757): devices=4
10-07 16:50:14.839 I/NpuProbe(17757):   dev[0] Vulkan0 (Adreno (TM) 840)
10-07 16:50:14.839 I/NpuProbe(17757):   dev[1] GPUOpenCL (QUALCOMM Adreno(TM) 840)
10-07 16:50:14.839 I/NpuProbe(17757):   dev[2] HTP0 (Hexagon)
10-07 16:50:14.839 I/NpuProbe(17757):   dev[3] CPU (CPU)
10-07 16:50:14.839 I/NpuProbe(17757): dev_init(HTP0)=0ms -> SESSAO ABERTA
10-07 16:50:14.839 I/NpuProbe(17757): graph_compute(MUL_MAT 64x64)=1.4ms status=0
10-07 16:50:14.839 I/NpuProbe(17757): c[0]=128.000000 (esperado 128.0)
10-07 16:50:14.839 I/NpuProbe(17757): RESULTADO: APP-UID OK: sessao HTP + op executado com resultado correto
10-07 16:50:14.839 I/NpuProbe(17757): AUTO-GATILHO='smart:vulkan'
10-07 16:50:14.839 I/NpuProbe(17757): SMART iniciando rota=vulkan com /data/local/tmp/hymt2_app.gguf
10-07 16:50:14.839 I/NpuProbe(17757): SMARTv2 rota='vulkan' mutante=(none)
10-07 16:50:14.840 I/NpuProbe(17757): MODO PONTE: origem=htp | destino=vulkan (Vulkan0)
10-07 16:50:17.990 I/NpuProbe(17757): A1: ok=1 cap=0 tok1=33 amostrados(s/d)=9/8 emitidos=8 consumidos=8
10-07 16:50:17.990 I/NpuProbe(17757): A1 tempos: prefill=797.67ms export=0.28ms import=2.09ms gen=1546.66ms pp1=528.30ms
10-07 16:50:17.990 I/NpuProbe(17757): A1 espelho: passos=8 iguais=8 div_pos=-1
10-07 16:50:17.990 I/NpuProbe(17757): A1 texto: Bom dia, como você está?
10-07 16:50:17.994 I/NpuProbe(17757): reset: pos cmp (origem=-1 destino=-1) -> VAZIO ok
10-07 16:50:19.932 I/NpuProbe(17757): A2: ok=1 texto igual ao A1: SIM
10-07 16:50:19.932 I/NpuProbe(17757): RESULTADO: SMART-ACEITO (htp->vulkan; A-B-A integral; espelho 8/8)
10-07 16:50:20.031 I/NpuProbe(17757): SMART REPORT:
10-07 16:50:20.031 I/NpuProbe(17757): SMART (vulkan)
10-07 16:50:20.031 I/NpuProbe(17757): 
10-07 16:50:20.031 I/NpuProbe(17757): SMARTv2 rota='vulkan' mutante=(none)
10-07 16:50:20.031 I/NpuProbe(17757): MODO PONTE: origem=htp | destino=vulkan (Vulkan0)
10-07 16:50:20.031 I/NpuProbe(17757): load(destino)=563ms
10-07 16:50:20.031 I/NpuProbe(17757): load(origem)=150ms
10-07 16:50:20.031 I/NpuProbe(17757): ctxs prontos (cold_total=779ms)
10-07 16:50:20.031 I/NpuProbe(17757): A1: ok=1 cap=0 tok1=33 amostrados(s/d)=9/8 emitidos=8 consumidos=8
10-07 16:50:20.031 I/NpuProbe(17757): A1 tempos: prefill=797.67ms export=0.28ms import=2.09ms gen=1546.66ms pp1=528.30ms
10-07 16:50:20.031 I/NpuProbe(17757): A1 espelho: passos=8 iguais=8 div_pos=-1
10-07 16:50:20.031 I/NpuProbe(17757): A1 texto: Bom dia, como você está?
10-07 16:50:20.031 I/NpuProbe(17757): reset: pos cmp (origem=-1 destino=-1) -> VAZIO ok
10-07 16:50:20.031 I/NpuProbe(17757): A2: ok=1 texto igual ao A1: SIM
10-07 16:50:20.031 I/NpuProbe(17757): RESULTADO: SMART-ACEITO (htp->vulkan; A-B-A integral; espelho 8/8)
10-07 16:51:48.355 I/NpuProbe(18145): nativeLibraryDir=/data/app/~~TZWI8k8uE2G_JmKbGIWAYg==/br.gov.sp.pcsp.npuprobe-850CKHgWfUCOk4lKk5XBZw==/lib/arm64
10-07 16:51:48.355 I/NpuProbe(18145): libdir=/data/app/~~TZWI8k8uE2G_JmKbGIWAYg==/br.gov.sp.pcsp.npuprobe-850CKHgWfUCOk4lKk5XBZw==/lib/arm64
10-07 16:51:48.355 I/NpuProbe(18145): build=llama.cpp-upstream-pkg (v11-libs) + probe R4
10-07 16:51:48.355 I/NpuProbe(18145): controle-sistema (liblog.so)=OK
10-07 16:51:48.355 I/NpuProbe(18145): negativo-fake (libnaoexiste_xyz.so)=FALHOU err=dlopen failed: library "libnaoexiste_xyz.so" not found
10-07 16:51:48.356 I/NpuProbe(18145): cdsprpc-nome (libcdsprpc.so)=OK
10-07 16:51:48.356 I/NpuProbe(18145): cdsprpc-abs (/vendor/lib64/libcdsprpc.so)=OK
10-07 16:51:48.356 I/NpuProbe(18145): ADSP_LIBRARY_PATH=libdir (setenv)
10-07 16:51:48.357 I/NpuProbe(18145): [ggml] ggml_vulkan: Found 1 Vulkan devices:
10-07 16:51:48.357 I/NpuProbe(18145): [ggml] ggml_vulkan: 0 = Adreno (TM) 840 (Qualcomm Technologies Inc. Adreno Vulkan Driver) | uma: 1 | fp16: 1 | bf16: 0 | fp4: 0 | warp size: 64 | shared memory: 32768 | int dot: 0 | matrix cores: none
10-07 16:51:48.365 I/NpuProbe(18145): [ggml] ggml_opencl: selected platform: 'QUALCOMM Snapdragon(TM)'
10-07 16:51:48.365 I/NpuProbe(18145): [ggml] 
10-07 16:51:48.365 I/NpuProbe(18145): ggml_opencl: device: 'QUALCOMM Adreno(TM) 840 (OpenCL 3.0 Adreno(TM) 840)'
10-07 16:51:48.365 I/NpuProbe(18145): [ggml] ggml_opencl: default device: 'QUALCOMM Adreno(TM) 840 (OpenCL 3.0 Adreno(TM) 840)'
10-07 16:51:48.365 I/NpuProbe(18145): [ggml] ggml-hex: Loading driver libcdsprpc.so
10-07 16:51:48.366 I/NpuProbe(18145): [ggml] ggml-hex: Hexagon backend (experimental) : allocating new registry : ndev 1
10-07 16:51:48.366 I/NpuProbe(18145): [ggml] ggml-hex: Hexagon Arch version v81
10-07 16:51:48.366 I/NpuProbe(18145): [ggml] ggml-hex: HTP0 allocating new session
10-07 16:51:48.397 I/NpuProbe(18145): [ggml] ggml-hex: HTP0 hwinfo: threads 8, hvx 8, hmx 1, vtcm 8 MB
10-07 16:51:48.397 I/NpuProbe(18145): [ggml] ggml-hex: HTP0 new session : session-id 0 domain-id 3 uri file:///libggml-htp-v81.so?htp_iface_skel_handle_invoke&_modver=1.0&_dom=cdsp&_session=0 handle 0xb4000077d53e8540
10-07 16:51:48.400 I/NpuProbe(18145): [ggml] ggml-hex: HTP0 op batching: n-bufs 16 n-tensors 7168 n-ops 1024 vmem 3355443200
10-07 16:51:48.405 I/NpuProbe(18145): load_all_from_path=49ms
10-07 16:51:48.405 I/NpuProbe(18145): [ggml] load_backend: failed to find ggml_backend_init in /data/app/~~TZWI8k8uE2G_JmKbGIWAYg==/br.gov.sp.pcsp.npuprobe-850CKHgWfUCOk4lKk5XBZw==/lib/arm64/libggml-hexagon.so
10-07 16:51:48.405 I/NpuProbe(18145): load(hexagon direto)=FALHOU em 0ms
10-07 16:51:48.405 I/NpuProbe(18145): devices=4
10-07 16:51:48.405 I/NpuProbe(18145):   dev[0] Vulkan0 (Adreno (TM) 840)
10-07 16:51:48.405 I/NpuProbe(18145):   dev[1] GPUOpenCL (QUALCOMM Adreno(TM) 840)
10-07 16:51:48.405 I/NpuProbe(18145):   dev[2] HTP0 (Hexagon)
10-07 16:51:48.405 I/NpuProbe(18145):   dev[3] CPU (CPU)
10-07 16:51:48.405 I/NpuProbe(18145): dev_init(HTP0)=0ms -> SESSAO ABERTA
10-07 16:51:48.408 I/NpuProbe(18145): graph_compute(MUL_MAT 64x64)=0.5ms status=0
10-07 16:51:48.408 I/NpuProbe(18145): c[0]=128.000000 (esperado 128.0)
10-07 16:51:48.408 I/NpuProbe(18145): RESULTADO: APP-UID OK: sessao HTP + op executado com resultado correto
10-07 16:51:48.409 I/NpuProbe(18145): REPORT:
10-07 16:51:48.409 I/NpuProbe(18145): libdir=/data/app/~~TZWI8k8uE2G_JmKbGIWAYg==/br.gov.sp.pcsp.npuprobe-850CKHgWfUCOk4lKk5XBZw==/lib/arm64
10-07 16:51:48.409 I/NpuProbe(18145): build=llama.cpp-upstream-pkg (v11-libs) + probe R4
10-07 16:51:48.409 I/NpuProbe(18145): controle-sistema (liblog.so)=OK
10-07 16:51:48.409 I/NpuProbe(18145): negativo-fake (libnaoexiste_xyz.so)=FALHOU err=dlopen failed: library "libnaoexiste_xyz.so" not found
10-07 16:51:48.409 I/NpuProbe(18145): cdsprpc-nome (libcdsprpc.so)=OK
10-07 16:51:48.409 I/NpuProbe(18145): cdsprpc-abs (/vendor/lib64/libcdsprpc.so)=OK
10-07 16:51:48.409 I/NpuProbe(18145): ADSP_LIBRARY_PATH=libdir (setenv)
10-07 16:51:48.409 I/NpuProbe(18145): load_all_from_path=49ms
10-07 16:51:48.409 I/NpuProbe(18145): load(hexagon direto)=FALHOU em 0ms
10-07 16:51:48.409 I/NpuProbe(18145): devices=4
10-07 16:51:48.409 I/NpuProbe(18145):   dev[0] Vulkan0 (Adreno (TM) 840)
10-07 16:51:48.409 I/NpuProbe(18145):   dev[1] GPUOpenCL (QUALCOMM Adreno(TM) 840)
10-07 16:51:48.409 I/NpuProbe(18145):   dev[2] HTP0 (Hexagon)
10-07 16:51:48.409 I/NpuProbe(18145):   dev[3] CPU (CPU)
10-07 16:51:48.409 I/NpuProbe(18145): dev_init(HTP0)=0ms -> SESSAO ABERTA
10-07 16:51:48.409 I/NpuProbe(18145): graph_compute(MUL_MAT 64x64)=0.5ms status=0
10-07 16:51:48.409 I/NpuProbe(18145): c[0]=128.000000 (esperado 128.0)
10-07 16:51:48.409 I/NpuProbe(18145): RESULTADO: APP-UID OK: sessao HTP + op executado com resultado correto
10-07 16:51:48.410 I/NpuProbe(18145): AUTO-GATILHO='p4:cpu'
10-07 16:51:48.410 I/NpuProbe(18145): P4v2 iniciando rota=cpu com /data/local/tmp/hymt2_app.gguf
10-07 16:51:48.410 I/NpuProbe(18145): P4v2 modelo=/data/local/tmp/hymt2_app.gguf rota=cpu mutante=(none)
10-07 16:51:48.411 I/NpuProbe(18145): device alvo: CPU (CPU)
10-07 16:51:49.516 I/NpuProbe(18145): A1: ok=1 stop=0 pieces=8 decodes=8 prefill=622.87ms gen=259.14ms pp1=0.35ms
10-07 16:51:49.516 I/NpuProbe(18145): A1 texto: Bom dia, como você está?
10-07 16:51:49.518 I/NpuProbe(18145): reset1: pos_max=-1 -> VAZIO ok
10-07 16:51:50.353 I/NpuProbe(18145): B: ok=1 stop=0 pieces=8 texto: O clima está bom hoje.
10-07 16:51:50.355 I/NpuProbe(18145): reset2: pos_max=-1 -> VAZIO ok
10-07 16:51:51.223 I/NpuProbe(18145): A2: ok=1 pieces=8 | A-B-A: A1==A2 (comparacao integral ok)
10-07 16:51:51.223 I/NpuProbe(18145): metricas: pos_prefill_primeiro_piece=0.35ms | requestA1->primeiro_piece=623.22ms | cold_total=2813ms
10-07 16:51:51.223 I/NpuProbe(18145): stop_reasons: A1=0 B=0 A2=0 (0=EOG 1=limite_cap 2=erro)
10-07 16:51:51.223 I/NpuProbe(18145): nota: rota CPU = referencia matched (nao e' evidencia NPU)
10-07 16:51:51.272 I/NpuProbe(18145): RESULTADO: P4v2 SUCESSO (template+A1+reset1+B+reset2+A2 + A-B-A integral)
10-07 16:51:51.272 I/NpuProbe(18145): P4 REPORT:
10-07 16:51:51.272 I/NpuProbe(18145): P4v2 (cpu, /data/local/tmp/hymt2_app.gguf)
10-07 16:51:51.272 I/NpuProbe(18145): 
10-07 16:51:51.272 I/NpuProbe(18145): P4v2 modelo=/data/local/tmp/hymt2_app.gguf rota=cpu mutante=(none)
10-07 16:51:51.272 I/NpuProbe(18145): device alvo: CPU (CPU)
10-07 16:51:51.272 I/NpuProbe(18145): load=193ms
10-07 16:51:51.272 I/NpuProbe(18145): ctx=30ms (cold_total ate aqui=223ms)
10-07 16:51:51.272 I/NpuProbe(18145): template_seam: OK (marcadores hy presentes)
10-07 16:51:51.272 I/NpuProbe(18145): promptA: tokens=31 hash=a5de647b1ff84e74 alvo=Portuguese
10-07 16:51:51.272 I/NpuProbe(18145): A1: ok=1 stop=0 pieces=8 decodes=8 prefill=622.87ms gen=259.14ms pp1=0.35ms
10-07 16:51:51.272 I/NpuProbe(18145): A1 texto: Bom dia, como você está?
10-07 16:51:51.272 I/NpuProbe(18145): reset1: pos_max=-1 -> VAZIO ok
10-07 16:51:51.272 I/NpuProbe(18145): B: ok=1 stop=0 pieces=8 texto: O clima está bom hoje.
10-07 16:51:51.272 I/NpuProbe(18145): reset2: pos_max=-1 -> VAZIO ok
10-07 16:51:51.272 I/NpuProbe(18145): A2: ok=1 pieces=8 | A-B-A: A1==A2 (comparacao integral ok)
10-07 16:51:51.272 I/NpuProbe(18145): metricas: pos_prefill_primeiro_piece=0.35ms | requestA1->primeiro_piece=623.22ms | cold_total=2813ms
10-07 16:51:51.272 I/NpuProbe(18145): stop_reasons: A1=0 B=0 A2=0 (0=EOG 1=limite_cap 2=erro)
10-07 16:51:51.272 I/NpuProbe(18145): nota: rota CPU = referencia matched (nao e' evidencia NPU)
10-07 16:51:51.272 I/NpuProbe(18145): RESULTADO: P4v2 SUCESSO (template+A1+reset1+B+reset2+A2 + A-B-A integral)
10-07 16:52:45.916 I/NpuProbe(28554): nativeLibraryDir=/data/app/~~TZWI8k8uE2G_JmKbGIWAYg==/br.gov.sp.pcsp.npuprobe-850CKHgWfUCOk4lKk5XBZw==/lib/arm64
10-07 16:52:45.916 I/NpuProbe(28554): libdir=/data/app/~~TZWI8k8uE2G_JmKbGIWAYg==/br.gov.sp.pcsp.npuprobe-850CKHgWfUCOk4lKk5XBZw==/lib/arm64
10-07 16:52:45.916 I/NpuProbe(28554): build=llama.cpp-upstream-pkg (v11-libs) + probe R4
10-07 16:52:45.916 I/NpuProbe(28554): controle-sistema (liblog.so)=OK
10-07 16:52:45.916 I/NpuProbe(28554): negativo-fake (libnaoexiste_xyz.so)=FALHOU err=dlopen failed: library "libnaoexiste_xyz.so" not found
10-07 16:52:45.917 I/NpuProbe(28554): cdsprpc-nome (libcdsprpc.so)=OK
10-07 16:52:45.918 I/NpuProbe(28554): cdsprpc-abs (/vendor/lib64/libcdsprpc.so)=OK
10-07 16:52:45.918 I/NpuProbe(28554): ADSP_LIBRARY_PATH=libdir (setenv)
10-07 16:52:45.919 I/NpuProbe(28554): [ggml] ggml_vulkan: Found 1 Vulkan devices:
10-07 16:52:45.919 I/NpuProbe(28554): [ggml] ggml_vulkan: 0 = Adreno (TM) 840 (Qualcomm Technologies Inc. Adreno Vulkan Driver) | uma: 1 | fp16: 1 | bf16: 0 | fp4: 0 | warp size: 64 | shared memory: 32768 | int dot: 0 | matrix cores: none
10-07 16:52:45.925 I/NpuProbe(28554): [ggml] ggml_opencl: selected platform: 'QUALCOMM Snapdragon(TM)'
10-07 16:52:45.925 I/NpuProbe(28554): [ggml] 
10-07 16:52:45.925 I/NpuProbe(28554): ggml_opencl: device: 'QUALCOMM Adreno(TM) 840 (OpenCL 3.0 Adreno(TM) 840)'
10-07 16:52:45.925 I/NpuProbe(28554): [ggml] ggml_opencl: default device: 'QUALCOMM Adreno(TM) 840 (OpenCL 3.0 Adreno(TM) 840)'
10-07 16:52:45.925 I/NpuProbe(28554): [ggml] ggml-hex: Loading driver libcdsprpc.so
10-07 16:52:45.926 I/NpuProbe(28554): [ggml] ggml-hex: Hexagon backend (experimental) : allocating new registry : ndev 1
10-07 16:52:45.926 I/NpuProbe(28554): [ggml] ggml-hex: Hexagon Arch version v81
10-07 16:52:45.926 I/NpuProbe(28554): [ggml] ggml-hex: HTP0 allocating new session
10-07 16:52:45.956 I/NpuProbe(28554): [ggml] ggml-hex: HTP0 hwinfo: threads 8, hvx 8, hmx 1, vtcm 8 MB
10-07 16:52:45.957 I/NpuProbe(28554): [ggml] ggml-hex: HTP0 new session : session-id 0 domain-id 3 uri file:///libggml-htp-v81.so?htp_iface_skel_handle_invoke&_modver=1.0&_dom=cdsp&_session=0 handle 0xb4000077d52cc740
10-07 16:52:45.960 I/NpuProbe(28554): [ggml] ggml-hex: HTP0 op batching: n-bufs 16 n-tensors 7168 n-ops 1024 vmem 3355443200
10-07 16:52:45.965 I/NpuProbe(28554): load_all_from_path=48ms
10-07 16:52:45.965 I/NpuProbe(28554): [ggml] load_backend: failed to find ggml_backend_init in /data/app/~~TZWI8k8uE2G_JmKbGIWAYg==/br.gov.sp.pcsp.npuprobe-850CKHgWfUCOk4lKk5XBZw==/lib/arm64/libggml-hexagon.so
10-07 16:52:45.965 I/NpuProbe(28554): load(hexagon direto)=FALHOU em 0ms
10-07 16:52:45.965 I/NpuProbe(28554): devices=4
10-07 16:52:45.965 I/NpuProbe(28554):   dev[0] Vulkan0 (Adreno (TM) 840)
10-07 16:52:45.965 I/NpuProbe(28554):   dev[1] GPUOpenCL (QUALCOMM Adreno(TM) 840)
10-07 16:52:45.965 I/NpuProbe(28554):   dev[2] HTP0 (Hexagon)
10-07 16:52:45.965 I/NpuProbe(28554):   dev[3] CPU (CPU)
10-07 16:52:45.965 I/NpuProbe(28554): dev_init(HTP0)=0ms -> SESSAO ABERTA
10-07 16:52:45.966 I/NpuProbe(28554): graph_compute(MUL_MAT 64x64)=0.5ms status=0
10-07 16:52:45.966 I/NpuProbe(28554): c[0]=128.000000 (esperado 128.0)
10-07 16:52:45.966 I/NpuProbe(28554): RESULTADO: APP-UID OK: sessao HTP + op executado com resultado correto
10-07 16:52:45.967 I/NpuProbe(28554): REPORT:
10-07 16:52:45.967 I/NpuProbe(28554): libdir=/data/app/~~TZWI8k8uE2G_JmKbGIWAYg==/br.gov.sp.pcsp.npuprobe-850CKHgWfUCOk4lKk5XBZw==/lib/arm64
10-07 16:52:45.967 I/NpuProbe(28554): build=llama.cpp-upstream-pkg (v11-libs) + probe R4
10-07 16:52:45.967 I/NpuProbe(28554): controle-sistema (liblog.so)=OK
10-07 16:52:45.967 I/NpuProbe(28554): negativo-fake (libnaoexiste_xyz.so)=FALHOU err=dlopen failed: library "libnaoexiste_xyz.so" not found
10-07 16:52:45.967 I/NpuProbe(28554): cdsprpc-nome (libcdsprpc.so)=OK
10-07 16:52:45.967 I/NpuProbe(28554): cdsprpc-abs (/vendor/lib64/libcdsprpc.so)=OK
10-07 16:52:45.967 I/NpuProbe(28554): ADSP_LIBRARY_PATH=libdir (setenv)
10-07 16:52:45.967 I/NpuProbe(28554): load_all_from_path=48ms
10-07 16:52:45.967 I/NpuProbe(28554): load(hexagon direto)=FALHOU em 0ms
10-07 16:52:45.967 I/NpuProbe(28554): devices=4
10-07 16:52:45.967 I/NpuProbe(28554):   dev[0] Vulkan0 (Adreno (TM) 840)
10-07 16:52:45.967 I/NpuProbe(28554):   dev[1] GPUOpenCL (QUALCOMM Adreno(TM) 840)
10-07 16:52:45.967 I/NpuProbe(28554):   dev[2] HTP0 (Hexagon)
10-07 16:52:45.967 I/NpuProbe(28554):   dev[3] CPU (CPU)
10-07 16:52:45.967 I/NpuProbe(28554): dev_init(HTP0)=0ms -> SESSAO ABERTA
10-07 16:52:45.967 I/NpuProbe(28554): graph_compute(MUL_MAT 64x64)=0.5ms status=0
10-07 16:52:45.967 I/NpuProbe(28554): c[0]=128.000000 (esperado 128.0)
10-07 16:52:45.967 I/NpuProbe(28554): RESULTADO: APP-UID OK: sessao HTP + op executado com resultado correto
10-07 16:52:45.967 I/NpuProbe(28554): AUTO-GATILHO='smart:puro:htp'
10-07 16:52:45.968 I/NpuProbe(28554): SMART iniciando rota=puro:htp com /data/local/tmp/hymt2_app.gguf
10-07 16:52:45.968 I/NpuProbe(28554): SMARTv2 rota='puro:htp' mutante=(none)
10-07 16:52:45.969 I/NpuProbe(28554): MODO PURO: origem=(nenhuma) | destino=htp (HTP0)
10-07 16:52:47.713 I/NpuProbe(28554): puro: ok=1 pieces=8 prefill=812.95ms gen=711.59ms pp1=0.31ms
10-07 16:52:47.713 I/NpuProbe(28554): puro texto: Bom dia, como você está?
10-07 16:52:47.713 I/NpuProbe(28554): RESULTADO: SMART-ACEITO (puro htp; baseline de numerica)
10-07 16:52:47.770 I/NpuProbe(28554): SMART REPORT:
10-07 16:52:47.770 I/NpuProbe(28554): SMART (puro:htp)
10-07 16:52:47.770 I/NpuProbe(28554): 
10-07 16:52:47.770 I/NpuProbe(28554): SMARTv2 rota='puro:htp' mutante=(none)
10-07 16:52:47.770 I/NpuProbe(28554): MODO PURO: origem=(nenhuma) | destino=htp (HTP0)
10-07 16:52:47.770 I/NpuProbe(28554): load(destino)=187ms
10-07 16:52:47.770 I/NpuProbe(28554): puro: ok=1 pieces=8 prefill=812.95ms gen=711.59ms pp1=0.31ms
10-07 16:52:47.770 I/NpuProbe(28554): puro texto: Bom dia, como você está?
10-07 16:52:47.770 I/NpuProbe(28554): RESULTADO: SMART-ACEITO (puro htp; baseline de numerica)
10-07 16:53:43.419 I/NpuProbe( 6824): nativeLibraryDir=/data/app/~~TZWI8k8uE2G_JmKbGIWAYg==/br.gov.sp.pcsp.npuprobe-850CKHgWfUCOk4lKk5XBZw==/lib/arm64
10-07 16:53:43.419 I/NpuProbe( 6824): libdir=/data/app/~~TZWI8k8uE2G_JmKbGIWAYg==/br.gov.sp.pcsp.npuprobe-850CKHgWfUCOk4lKk5XBZw==/lib/arm64
10-07 16:53:43.419 I/NpuProbe( 6824): build=llama.cpp-upstream-pkg (v11-libs) + probe R4
10-07 16:53:43.419 I/NpuProbe( 6824): controle-sistema (liblog.so)=OK
10-07 16:53:43.419 I/NpuProbe( 6824): negativo-fake (libnaoexiste_xyz.so)=FALHOU err=dlopen failed: library "libnaoexiste_xyz.so" not found
10-07 16:53:43.420 I/NpuProbe( 6824): cdsprpc-nome (libcdsprpc.so)=OK
10-07 16:53:43.421 I/NpuProbe( 6824): cdsprpc-abs (/vendor/lib64/libcdsprpc.so)=OK
10-07 16:53:43.421 I/NpuProbe( 6824): ADSP_LIBRARY_PATH=libdir (setenv)
10-07 16:53:43.422 I/NpuProbe( 6824): [ggml] ggml_vulkan: Found 1 Vulkan devices:
10-07 16:53:43.422 I/NpuProbe( 6824): [ggml] ggml_vulkan: 0 = Adreno (TM) 840 (Qualcomm Technologies Inc. Adreno Vulkan Driver) | uma: 1 | fp16: 1 | bf16: 0 | fp4: 0 | warp size: 64 | shared memory: 32768 | int dot: 0 | matrix cores: none
10-07 16:53:43.427 I/NpuProbe( 6824): [ggml] ggml_opencl: selected platform: 'QUALCOMM Snapdragon(TM)'
10-07 16:53:43.428 I/NpuProbe( 6824): [ggml] 
10-07 16:53:43.428 I/NpuProbe( 6824): ggml_opencl: device: 'QUALCOMM Adreno(TM) 840 (OpenCL 3.0 Adreno(TM) 840)'
10-07 16:53:43.428 I/NpuProbe( 6824): [ggml] ggml_opencl: default device: 'QUALCOMM Adreno(TM) 840 (OpenCL 3.0 Adreno(TM) 840)'
10-07 16:53:43.428 I/NpuProbe( 6824): [ggml] ggml-hex: Loading driver libcdsprpc.so
10-07 16:53:43.429 I/NpuProbe( 6824): [ggml] ggml-hex: Hexagon backend (experimental) : allocating new registry : ndev 1
10-07 16:53:43.429 I/NpuProbe( 6824): [ggml] ggml-hex: Hexagon Arch version v81
10-07 16:53:43.429 I/NpuProbe( 6824): [ggml] ggml-hex: HTP0 allocating new session
10-07 16:53:43.461 I/NpuProbe( 6824): [ggml] ggml-hex: HTP0 hwinfo: threads 8, hvx 8, hmx 1, vtcm 8 MB
10-07 16:53:43.461 I/NpuProbe( 6824): [ggml] ggml-hex: HTP0 new session : session-id 0 domain-id 3 uri file:///libggml-htp-v81.so?htp_iface_skel_handle_invoke&_modver=1.0&_dom=cdsp&_session=0 handle 0xb4000077c5efa200
10-07 16:53:43.464 I/NpuProbe( 6824): [ggml] ggml-hex: HTP0 op batching: n-bufs 16 n-tensors 7168 n-ops 1024 vmem 3355443200
10-07 16:53:43.468 I/NpuProbe( 6824): load_all_from_path=47ms
10-07 16:53:43.468 I/NpuProbe( 6824): [ggml] load_backend: failed to find ggml_backend_init in /data/app/~~TZWI8k8uE2G_JmKbGIWAYg==/br.gov.sp.pcsp.npuprobe-850CKHgWfUCOk4lKk5XBZw==/lib/arm64/libggml-hexagon.so
10-07 16:53:43.468 I/NpuProbe( 6824): load(hexagon direto)=FALHOU em 0ms
10-07 16:53:43.468 I/NpuProbe( 6824): devices=4
10-07 16:53:43.468 I/NpuProbe( 6824):   dev[0] Vulkan0 (Adreno (TM) 840)
10-07 16:53:43.468 I/NpuProbe( 6824):   dev[1] GPUOpenCL (QUALCOMM Adreno(TM) 840)
10-07 16:53:43.468 I/NpuProbe( 6824):   dev[2] HTP0 (Hexagon)
10-07 16:53:43.468 I/NpuProbe( 6824):   dev[3] CPU (CPU)
10-07 16:53:43.468 I/NpuProbe( 6824): dev_init(HTP0)=0ms -> SESSAO ABERTA
10-07 16:53:43.469 I/NpuProbe( 6824): graph_compute(MUL_MAT 64x64)=0.5ms status=0
10-07 16:53:43.469 I/NpuProbe( 6824): c[0]=128.000000 (esperado 128.0)
10-07 16:53:43.469 I/NpuProbe( 6824): RESULTADO: APP-UID OK: sessao HTP + op executado com resultado correto
10-07 16:53:43.470 I/NpuProbe( 6824): REPORT:
10-07 16:53:43.470 I/NpuProbe( 6824): libdir=/data/app/~~TZWI8k8uE2G_JmKbGIWAYg==/br.gov.sp.pcsp.npuprobe-850CKHgWfUCOk4lKk5XBZw==/lib/arm64
10-07 16:53:43.470 I/NpuProbe( 6824): build=llama.cpp-upstream-pkg (v11-libs) + probe R4
10-07 16:53:43.470 I/NpuProbe( 6824): controle-sistema (liblog.so)=OK
10-07 16:53:43.470 I/NpuProbe( 6824): negativo-fake (libnaoexiste_xyz.so)=FALHOU err=dlopen failed: library "libnaoexiste_xyz.so" not found
10-07 16:53:43.470 I/NpuProbe( 6824): cdsprpc-nome (libcdsprpc.so)=OK
10-07 16:53:43.470 I/NpuProbe( 6824): cdsprpc-abs (/vendor/lib64/libcdsprpc.so)=OK
10-07 16:53:43.470 I/NpuProbe( 6824): ADSP_LIBRARY_PATH=libdir (setenv)
10-07 16:53:43.470 I/NpuProbe( 6824): load_all_from_path=47ms
10-07 16:53:43.470 I/NpuProbe( 6824): load(hexagon direto)=FALHOU em 0ms
10-07 16:53:43.470 I/NpuProbe( 6824): devices=4
10-07 16:53:43.470 I/NpuProbe( 6824):   dev[0] Vulkan0 (Adreno (TM) 840)
10-07 16:53:43.470 I/NpuProbe( 6824):   dev[1] GPUOpenCL (QUALCOMM Adreno(TM) 840)
10-07 16:53:43.470 I/NpuProbe( 6824):   dev[2] HTP0 (Hexagon)
10-07 16:53:43.470 I/NpuProbe( 6824):   dev[3] CPU (CPU)
10-07 16:53:43.470 I/NpuProbe( 6824): dev_init(HTP0)=0ms -> SESSAO ABERTA
10-07 16:53:43.470 I/NpuProbe( 6824): graph_compute(MUL_MAT 64x64)=0.5ms status=0
10-07 16:53:43.470 I/NpuProbe( 6824): c[0]=128.000000 (esperado 128.0)
10-07 16:53:43.470 I/NpuProbe( 6824): RESULTADO: APP-UID OK: sessao HTP + op executado com resultado correto
10-07 16:53:43.470 I/NpuProbe( 6824): AUTO-GATILHO='smart:puro:cpu'
10-07 16:53:43.470 I/NpuProbe( 6824): SMART iniciando rota=puro:cpu com /data/local/tmp/hymt2_app.gguf
10-07 16:53:43.470 I/NpuProbe( 6824): SMARTv2 rota='puro:cpu' mutante=(none)
10-07 16:53:43.471 I/NpuProbe( 6824): MODO PURO: origem=(nenhuma) | destino=cpu (CPU)
10-07 16:53:44.566 I/NpuProbe( 6824): puro: ok=1 pieces=8 prefill=622.40ms gen=256.11ms pp1=0.33ms
10-07 16:53:44.566 I/NpuProbe( 6824): puro texto: Bom dia, como você está?
10-07 16:53:44.566 I/NpuProbe( 6824): RESULTADO: SMART-ACEITO (puro cpu; baseline de numerica)
10-07 16:53:44.615 I/NpuProbe( 6824): SMART REPORT:
10-07 16:53:44.615 I/NpuProbe( 6824): SMART (puro:cpu)
10-07 16:53:44.615 I/NpuProbe( 6824): 
10-07 16:53:44.615 I/NpuProbe( 6824): SMARTv2 rota='puro:cpu' mutante=(none)
10-07 16:53:44.615 I/NpuProbe( 6824): MODO PURO: origem=(nenhuma) | destino=cpu (CPU)
10-07 16:53:44.615 I/NpuProbe( 6824): load(destino)=188ms
10-07 16:53:44.615 I/NpuProbe( 6824): puro: ok=1 pieces=8 prefill=622.40ms gen=256.11ms pp1=0.33ms
10-07 16:53:44.615 I/NpuProbe( 6824): puro texto: Bom dia, como você está?
10-07 16:53:44.615 I/NpuProbe( 6824): RESULTADO: SMART-ACEITO (puro cpu; baseline de numerica)
